sample_id,image_path,image_sha256,category_id,object_id,session_id,collector,captured_at,split_name,review_status,data_version,source_dataset,source_id,source_url,original_url,download_url,author,license,license_url,group_id,review_reason,phash,width,height,downloaded_at,source_version
oi-dcdbabe52cb921f4,data/raw/openimages/cup/oi-dcdbabe52cb921f4.jpg,6223dafc10399ff5793ce3c7b70a65a75cf5124a287a264d20c6c2ceca426615,0,,,open-images-official,,train,approved,campus-public-expanded-v1,open_images,dcdbabe52cb921f4,https://www.flickr.com/photos/jenumfamily/5423247351,https://farm5.staticflickr.com/5259/5423247351_47f8da85d8_o.jpg,https://open-images-dataset.s3.amazonaws.com/validation/dcdbabe52cb921f4.jpg,Jeremy Jenum,https://creativecommons.org/licenses/by/2.0/,https://creativecommons.org/licenses/by/2.0/,oi-dcdbabe52cb921f4,Codex visual inspection: one identifiable target within frozen definition,fa42032dfd7c02ad,712,1024,2026-10-07T17:51:07+08:00,Open Images V7 public validation image / V5 human boxable labels
commons-87762212,data/raw/commons/cup/commons-87762212.jpeg,f31de239b8f02b4d3c766d04ad140b0f2204ea857732d498f1deeffe0e4cb43e,0,,,commons-api,,train,approved,campus-public-expanded-v1,wikimedia_commons,87762212,https://commons.wikimedia.org/wiki/File:Bad_Day_Mug_(100032675).jpeg,https://upload.wikimedia.org/wikipedia/commons/8/8c/Bad_Day_Mug_%28100032675%29.jpeg?utm_source=commons.wikimedia.org&utm_campaign=imageinfo&utm_content=original,https://thumb.wikimedia.org/wikipedia/commons/thumb/8/8c/Bad_Day_Mug_%28100032675%29.jpeg/1280px-Bad_Day_Mug_%28100032675%29.jpeg?utm_source=commons.wikimedia.org&utm_campaign=imageinfo&utm_content=thumbnail,Luis Ezcurdia,CC BY-SA 3.0,https://creativecommons.org/licenses/by-sa/3.0,commons-87762212,Codex visual review of contact sheet: one identifiable target within frozen category definition,da9c12cc73664733,1280,851,2026-10-07T15:57:02+08:00,Early collection; original source revision not retained; local downloaded rendition SHA-256=f31de239b8f02b4d3c766d04ad140b0f2204ea857732d498f1deeffe0e4cb43e; download time recovered from original local file mtime
oi-b31c712320a70ed1,data/raw/openimages/cup/oi-b31c712320a70ed1.jpg,da24e8f4248cccbc634055f1ce64fd96ad4ac20a9e2e4dd3dbf61f18634b4c19,0,,,open-images-official,,train,approved,campus-public-expanded-v1,open_images,b31c712320a70ed1,https://www.flickr.com/photos/vintage-aura/11818909833,https://farm2.staticflickr.com/7355/11818909833_9032d93613_o.jpg,https://open-images-dataset.s3.amazonaws.com/validation/b31c712320a70ed1.jpg,Shanaz AL,https://creativecommons.org/licenses/by/2.0/,https://creativecommons.org/licenses/by/2.0/,oi-b31c712320a70ed1,Codex visual inspection: one identifiable target within frozen definition,86861e5ed6f07929,768,768,2026-10-07T17:55:25+08:00,Open Images V7 public validation image / V5 human boxable labels
oi-a0e4f1b5b3a876fd,data/raw/openimages/cup/oi-a0e4f1b5b3a876fd.jpg,e9c2cb2335379b4d4b1d9a8768aa091ce304280302b178529a372f3c2f7481cc,0,,,open-images-official,,train,approved,campus-public-expanded-v1,open_images,a0e4f1b5b3a876fd,https://www.flickr.com/photos/ratha/383416067,https://c6.staticflickr.com/1/128/383416067_587997a7a3_o.jpg,https://open-images-dataset.s3.amazonaws.com/test/a0e4f1b5b3a876fd.jpg,Ratha Grimes,https://creativecommons.org/licenses/by/2.0/,https://creativecommons.org/licenses/by/2.0/,oi-a0e4f1b5b3a876fd,Codex visual inspection: one identifiable physical target within confirmed definition,b2269b86f3384d4b,1024,768,2026-10-07T18:10:27+08:00,Open Images V7 public test image / V5 human boxable labels; one non-depicted box >=25% image area
oi-cd7f62ec61b117b6,data/raw/openimages/cup/oi-cd7f62ec61b117b6.jpg,16454717ebef632b3b4c58e97e2539bc880bad8e4a4ed91f846b23c1cad3bc75,0,,,open-images-official,,train,approved,campus-public-expanded-v1,open_images,cd7f62ec61b117b6,https://www.flickr.com/photos/kaythaney/9445233205,https://farm7.staticflickr.com/2820/9445233205_94fd43921f_o.jpg,https://open-images-dataset.s3.amazonaws.com/validation/cd7f62ec61b117b6.jpg,kaythaney,https://creativecommons.org/licenses/by/2.0/,https://creativecommons.org/licenses/by/2.0/,oi-cd7f62ec61b117b6,Codex visual inspection: one identifiable target within frozen definition,a50a56ab2b42d27f,1024,1024,2026-10-07T17:50:28+08:00,Open Images V7 public validation image / V5 human boxable labels
oi-c347be877115df4b,data/raw/openimages/cup/oi-c347be877115df4b.jpg,57ae05d6276883c90ba43494becbedc5ad8e1a1dba752a7d21d3b6e819ffc4b6,0,,,open-images-official,,train,approved,campus-public-expanded-v1,open_images,c347be877115df4b,https://www.flickr.com/photos/clove_miminari/3464778935,https://c4.staticflickr.com/4/3517/3464778935_4bb323d6c5_o.jpg,https://open-images-dataset.s3.amazonaws.com/test/c347be877115df4b.jpg,mimi nari,https://creativecommons.org/licenses/by/2.0/,https://creativecommons.org/licenses/by/2.0/,oi-c347be877115df4b,Codex visual inspection: one identifiable target within frozen definition,9bf094b46e036b1b,768,1024,2026-10-07T18:04:36+08:00,Open Images V7 public test image / V5 human boxable labels; one non-depicted box >=25% image area
oi-afaf8927dde6af1d,data/raw/openimages/cup/oi-afaf8927dde6af1d.jpg,1a0107902c9f2dea5251b9626360ee8fc6ac3328efbee50c0bbab23e55ef702a,0,,,open-images-official,,train,approved,campus-public-expanded-v1,open_images,afaf8927dde6af1d,https://www.flickr.com/photos/aloha75/9539249566,https://c6.staticflickr.com/3/2868/9539249566_2119a8f950_o.jpg,https://open-images-dataset.s3.amazonaws.com/test/afaf8927dde6af1d.jpg,Sam Howzit,https://creativecommons.org/licenses/by/2.0/,https://creativecommons.org/licenses/by/2.0/,oi-afaf8927dde6af1d,Codex visual inspection: one identifiable physical target within confirmed definition,52b4695385937a6d,683,1024,2026-10-07T18:11:00+08:00,Open Images V7 public test image / V5 human boxable labels; one non-depicted box >=25% image area
oi-7e956a04c4e6f886,data/raw/openimages/cup/oi-7e956a04c4e6f886.jpg,f9c33ee9c50f2b5951af7f99f90cd4c7cfd85b0a9561ec68cfa3b457356440dd,0,,,open-images-official,,train,approved,campus-public-expanded-v1,open_images,7e956a04c4e6f886,https://www.flickr.com/photos/euacreditava/7844082872,https://farm7.staticflickr.com/8285/7844082872_5edbc3b1f9_o.jpg,https://open-images-dataset.s3.amazonaws.com/test/7e956a04c4e6f886.jpg,Cássia Afini,https://creativecommons.org/licenses/by/2.0/,https://creativecommons.org/licenses/by/2.0/,oi-7e956a04c4e6f886,Codex visual inspection: one identifiable physical target within confirmed definition,564d2cacf03e0bd3,1024,1024,2026-10-07T18:08:07+08:00,Open Images V7 public test image / V5 human boxable labels; one non-depicted box >=25% image area
oi-12ae3e29de392848,data/raw/openimages/cup/oi-12ae3e29de392848.jpg,ab401fd639f19758e8855c3a2ab41ba2b48d6acdca140053849057244032ae81,0,,,open-images-official,,train,approved,campus-public-expanded-v1,open_images,12ae3e29de392848,https://www.flickr.com/photos/45696337@N05/19876346010,https://c1.staticflickr.com/1/523/19876346010_502db1fd4b_o.jpg,https://open-images-dataset.s3.amazonaws.com/test/12ae3e29de392848.jpg,Gustavo La Rotta Amaya,https://creativecommons.org/licenses/by/2.0/,https://creativecommons.org/licenses/by/2.0/,oi-12ae3e29de392848,Codex visual inspection: one identifiable target within frozen definition,bcad96466998c935,1024,740,2026-10-07T18:04:03+08:00,Open Images V7 public test image / V5 human boxable labels; one non-depicted box >=25% image area
oi-bff7108553d5ca53,data/raw/openimages/cup/oi-bff7108553d5ca53.jpg,340ba869e7e3753a69d48ef16dec829a096d9883c4a081d93557ad2386ef6087,0,,,open-images-official,,train,approved,campus-public-expanded-v1,open_images,bff7108553d5ca53,https://www.flickr.com/photos/tschiae/8666057433,https://farm4.staticflickr.com/8255/8666057433_62a386804c_o.jpg,https://open-images-dataset.s3.amazonaws.com/test/bff7108553d5ca53.jpg,Markus Grossalber,https://creativecommons.org/licenses/by/2.0/,https://creativecommons.org/licenses/by/2.0/,oi-bff7108553d5ca53,Codex visual inspection: one identifiable physical target within confirmed definition,f336a3e00986e679,1024,972,2026-10-07T18:13:55+08:00,Open Images V7 public test image / V5 human boxable labels; one non-depicted box >=25% image area
oi-f864f023cb5cf02d,data/raw/openimages/cup/oi-f864f023cb5cf02d.jpg,1c64a182b807f1d28560f92e64c02c2d1536eff133c5aae95dfbc055ede65777,0,,,open-images-official,,train,approved,campus-public-expanded-v1,open_images,f864f023cb5cf02d,https://www.flickr.com/photos/bridgmanpottery/156523303,https://c6.staticflickr.com/1/45/156523303_2f6833b4b3_o.jpg,https://open-images-dataset.s3.amazonaws.com/test/f864f023cb5cf02d.jpg,Melissa Bridgman,https://creativecommons.org/licenses/by/2.0/,https://creativecommons.org/licenses/by/2.0/,oi-f864f023cb5cf02d,Codex visual inspection: one identifiable physical target within confirmed definition,b666b6cc9b3c6821,1024,683,2026-10-07T18:05:43+08:00,Open Images V7 public test image / V5 human boxable labels; one non-depicted box >=25% image area
oi-b71a63b9c3a6bde3,data/raw/openimages/cup/oi-b71a63b9c3a6bde3.jpg,7e1e947275e8cf51b448bd2eb370c8b176b32973ab4d8d9daf8401d54c180728,0,,,open-images-official,,train,approved,campus-public-expanded-v1,open_images,b71a63b9c3a6bde3,https://www.flickr.com/photos/124594841@N03/14446402422,https://farm4.staticflickr.com/3851/14446402422_27a4863f03_o.jpg,https://open-images-dataset.s3.amazonaws.com/test/b71a63b9c3a6bde3.jpg,Dominic Melton,https://creativecommons.org/licenses/by/2.0/,https://creativecommons.org/licenses/by/2.0/,oi-b71a63b9c3a6bde3,Codex visual inspection: one identifiable physical target within confirmed definition,688a89d0c7bd672d,1024,681,2026-10-07T18:12:23+08:00,Open Images V7 public test image / V5 human boxable labels; one non-depicted box >=25% image area
commons-18673206,data/raw/commons/cup/commons-18673206.jpg,9694495ca9e9bcf874b9f1d064def279070e6e46411131f92d98def5a78ff589,0,,,commons-api,,train,approved,campus-public-expanded-v1,wikimedia_commons,18673206,https://commons.wikimedia.org/wiki/File:Children%27s_art_about_the_MDGs.JPG,https://upload.wikimedia.org/wikipedia/commons/c/cd/Children%27s_art_about_the_MDGs.JPG?utm_source=commons.wikimedia.org&utm_campaign=imageinfo&utm_content=original,https://thumb.wikimedia.org/wikipedia/commons/thumb/c/cd/Children%27s_art_about_the_MDGs.JPG/1280px-Children%27s_art_about_the_MDGs.JPG?utm_source=commons.wikimedia.org&utm_campaign=imageinfo&utm_content=thumbnail,Development education,CC BY-SA 3.0,https://creativecommons.org/licenses/by-sa/3.0,commons-18673206,Codex visual review of contact sheet: one identifiable target within frozen category definition,027e63024d6fecab,1280,853,2026-10-07T15:59:24+08:00,Early collection; original source revision not retained; local downloaded rendition SHA-256=9694495ca9e9bcf874b9f1d064def279070e6e46411131f92d98def5a78ff589; download time recovered from original local file mtime
commons-18673211,data/raw/commons/cup/commons-18673211.jpg,2b8e839de3f3575334cb3c698ba4210aed4e2f3f521c5e43bd100402a8796c47,0,,,commons-api,,train,approved,campus-public-expanded-v1,wikimedia_commons,18673211,https://commons.wikimedia.org/wiki/File:Children%27s_art_relating_to_the_8th_MDG.JPG,https://upload.wikimedia.org/wikipedia/commons/1/13/Children%27s_art_relating_to_the_8th_MDG.JPG?utm_source=commons.wikimedia.org&utm_campaign=imageinfo&utm_content=original,https://thumb.wikimedia.org/wikipedia/commons/thumb/1/13/Children%27s_art_relating_to_the_8th_MDG.JPG/1280px-Children%27s_art_relating_to_the_8th_MDG.JPG?utm_source=commons.wikimedia.org&utm_campaign=imageinfo&utm_content=thumbnail,Development education,CC BY-SA 3.0,https://creativecommons.org/licenses/by-sa/3.0,commons-18673206,Codex visual review of contact sheet: one identifiable target within frozen category definition,ccac263239e7838f,1280,853,2026-10-07T15:59:25+08:00,Early collection; original source revision not retained; local downloaded rendition SHA-256=2b8e839de3f3575334cb3c698ba4210aed4e2f3f521c5e43bd100402a8796c47; download time recovered from original local file mtime
commons-18673213,data/raw/commons/cup/commons-18673213.jpg,08171632f86f32900d38351a1401d88598cfa8f4403ec1fbfd047097e882a8ef,0,,,commons-api,,train,approved,campus-public-expanded-v1,wikimedia_commons,18673213,https://commons.wikimedia.org/wiki/File:Children%27s_art_relation_to_the_MDGs.JPG,https://upload.wikimedia.org/wikipedia/commons/5/59/Children%27s_art_relation_to_the_MDGs.JPG?utm_source=commons.wikimedia.org&utm_campaign=imageinfo&utm_content=original,https://thumb.wikimedia.org/wikipedia/commons/thumb/5/59/Children%27s_art_relation_to_the_MDGs.JPG/1280px-Children%27s_art_relation_to_the_MDGs.JPG?utm_source=commons.wikimedia.org&utm_campaign=imageinfo&utm_content=thumbnail,Development education,CC BY-SA 3.0,https://creativecommons.org/licenses/by-sa/3.0,commons-18673206,Codex visual review of contact sheet: one identifiable target within frozen category definition,d3f2872f36324b81,1280,853,2026-10-07T15:59:30+08:00,Early collection; original source revision not retained; local downloaded rendition SHA-256=08171632f86f32900d38351a1401d88598cfa8f4403ec1fbfd047097e882a8ef; download time recovered from original local file mtime
oi-ed52f03ad1a8ef84,data/raw/openimages/cup/oi-ed52f03ad1a8ef84.jpg,2105a7b640ee6a2ec41fbf5abfb642ac95d9f4547f420b4c8c0add3a304f274e,0,,,open-images-official,,train,approved,campus-public-expanded-v1,open_images,ed52f03ad1a8ef84,https://www.flickr.com/photos/61192399@N04/10874878613,https://farm5.staticflickr.com/3792/10874878613_90f36db8d1_o.jpg,https://open-images-dataset.s3.amazonaws.com/validation/ed52f03ad1a8ef84.jpg,Katie,https://creativecommons.org/licenses/by/2.0/,https://creativecommons.org/licenses/by/2.0/,oi-ed52f03ad1a8ef84,Codex visual inspection: one identifiable target within frozen definition,29d6a3b2355acc87,758,1024,2026-10-07T17:53:23+08:00,Open Images V7 public validation image / V5 human boxable labels
oi-e12d3e0517297b73,data/raw/openimages/cup/oi-e12d3e0517297b73.jpg,fd5a11a16eff4c3888c1b110fd58cda77648804ad037a16025094659029b786f,0,,,open-images-official,,train,approved,campus-public-expanded-v1,open_images,e12d3e0517297b73,https://www.flickr.com/photos/darioalvarez/13331653244,https://farm4.staticflickr.com/7371/13331653244_bda2f7fba9_o.jpg,https://open-images-dataset.s3.amazonaws.com/validation/e12d3e0517297b73.jpg,Dario Alvarez,https://creativecommons.org/licenses/by/2.0/,https://creativecommons.org/licenses/by/2.0/,oi-e12d3e0517297b73,Codex visual inspection: one identifiable target within frozen definition,d6f4878705787847,1024,1024,2026-10-07T17:46:45+08:00,Open Images V7 public validation image / V5 human boxable labels
oi-e6da0447cf622db3,data/raw/openimages/cup/oi-e6da0447cf622db3.jpg,351e2e1b046b9aea97182d277a6053529d9d8f8694a97c16d2a9e85680a56194,0,,,open-images-official,,train,approved,campus-public-expanded-v1,open_images,e6da0447cf622db3,https://www.flickr.com/photos/wstryder/7388081530,https://farm4.staticflickr.com/7084/7388081530_f39bd8088d_o.jpg,https://open-images-dataset.s3.amazonaws.com/test/e6da0447cf622db3.jpg,Lauri Rantala,https://creativecommons.org/licenses/by/2.0/,https://creativecommons.org/licenses/by/2.0/,oi-e6da0447cf622db3,Codex visual inspection: one identifiable target within frozen definition,e4164836b9ad875b,1024,683,2026-10-07T18:03:49+08:00,Open Images V7 public test image / V5 human boxable labels; one non-depicted box >=25% image area
oi-999bcc0c129d4f79,data/raw/openimages/cup/oi-999bcc0c129d4f79.jpg,b994e922f1baa49bf37aff9af5b0f4bbbcd15f107cd2fc79478e9da846bc428b,0,,,open-images-official,,train,approved,campus-public-expanded-v1,open_images,999bcc0c129d4f79,https://www.flickr.com/photos/dylan20/5713124839,https://c2.staticflickr.com/4/3168/5713124839_1890ec1b84_o.jpg,https://open-images-dataset.s3.amazonaws.com/test/999bcc0c129d4f79.jpg,Dylan Tweney,https://creativecommons.org/licenses/by/2.0/,https://creativecommons.org/licenses/by/2.0/,oi-999bcc0c129d4f79,Codex visual inspection: one identifiable target within frozen definition,adf0b5074676a88b,1024,1024,2026-10-07T18:03:53+08:00,Open Images V7 public test image / V5 human boxable labels; one non-depicted box >=25% image area
commons-37316229,data/raw/commons/cup/commons-37316229.jpg,1a55fc186c427fc8ef131ed6ea5b4279d28666e68ea5067588b2d338b8f11a83,0,,,commons-api,,train,approved,campus-public-expanded-v1,wikimedia_commons,37316229,https://commons.wikimedia.org/wiki/File:Donut_et_caf%C3%A9_avant_la_pause_d%C3%A9j_(5120397540).jpg,https://upload.wikimedia.org/wikipedia/commons/c/c3/Donut_et_caf%C3%A9_avant_la_pause_d%C3%A9j_%285120397540%29.jpg?utm_source=commons.wikimedia.org&utm_campaign=imageinfo&utm_content=original,https://thumb.wikimedia.org/wikipedia/commons/thumb/c/c3/Donut_et_caf%C3%A9_avant_la_pause_d%C3%A9j_%285120397540%29.jpg/1280px-Donut_et_caf%C3%A9_avant_la_pause_d%C3%A9j_%285120397540%29.jpg?utm_source=commons.wikimedia.org&utm_campaign=imageinfo&utm_content=thumbnail,"Guillaume Capron from Issy les Moulineaux, France",CC BY-SA 2.0,https://creativecommons.org/licenses/by-sa/2.0,commons-37316229,Codex visual review of contact sheet: one identifiable target within frozen category definition,66c3d36a2191f879,1280,960,2026-10-07T16:12:42+08:00,Early collection; original source revision not retained; local downloaded rendition SHA-256=1a55fc186c427fc8ef131ed6ea5b4279d28666e68ea5067588b2d338b8f11a83; download time recovered from original local file mtime
oi-e68fdc0e1599c679,data/raw/openimages/cup/oi-e68fdc0e1599c679.jpg,b0c7fdf0d3a91679fb37898d6ff7d25f1860b9532ca26eea96345d454f91c93b,0,,,open-images-official,,train,approved,campus-public-expanded-v1,open_images,e68fdc0e1599c679,https://www.flickr.com/photos/23927132@N05/2367999358,https://c2.staticflickr.com/3/2211/2367999358_6093d200bb_o.jpg,https://open-images-dataset.s3.amazonaws.com/test/e68fdc0e1599c679.jpg,Benjamin Thomas,https://creativecommons.org/licenses/by/2.0/,https://creativecommons.org/licenses/by/2.0/,oi-e68fdc0e1599c679,Codex visual inspection: one identifiable physical target within confirmed definition,c67934631c19c33f,1024,683,2026-10-07T18:09:21+08:00,Open Images V7 public test image / V5 human boxable labels; one non-depicted box >=25% image area
oi-0ea1549299380eec,data/raw/openimages/cup/oi-0ea1549299380eec.jpg,360fbf1601b1824532072a96e882627548c84e5378420d44d1ee3dd74b75dc45,0,,,open-images-official,,train,approved,campus-public-expanded-v1,open_images,0ea1549299380eec,https://www.flickr.com/photos/thesaleswhisperer/8745073815,https://c5.staticflickr.com/9/8116/8745073815_b8d4308464_o.jpg,https://open-images-dataset.s3.amazonaws.com/test/0ea1549299380eec.jpg,Wes Schaeffer,https://creativecommons.org/licenses/by/2.0/,https://creativecommons.org/licenses/by/2.0/,oi-0ea1549299380eec,Codex visual inspection: one identifiable physical target within confirmed definition,271dd14d336334d9,1024,1024,2026-10-07T18:06:58+08:00,Open Images V7 public test image / V5 human boxable labels; one non-depicted box >=25% image area
oi-7331dc00776c06a3,data/raw/openimages/cup/oi-7331dc00776c06a3.jpg,4f5af29d06d80bb1241707f47b3e94ee71873b9a753ae1db64225d2c6a1d8f58,0,,,open-images-official,,train,approved,campus-public-expanded-v1,open_images,7331dc00776c06a3,https://www.flickr.com/photos/jimwolffman/6435711437,https://farm4.staticflickr.com/7022/6435711437_258ee64571_o.jpg,https://open-images-dataset.s3.amazonaws.com/test/7331dc00776c06a3.jpg,Jim Wolff,https://creativecommons.org/licenses/by/2.0/,https://creativecommons.org/licenses/by/2.0/,oi-7331dc00776c06a3,Codex visual inspection: one identifiable physical target within confirmed definition,16f0d1b246d2ba2f,1024,1024,2026-10-07T18:06:42+08:00,Open Images V7 public test image / V5 human boxable labels; one non-depicted box >=25% image area
commons-197215241,data/raw/commons/cup/commons-197215241.jpg,29acb64b13b14cf928029a546cbb9f8651cd99c718d5bfacea73a369659b40b5,0,,,commons-api,,train,approved,campus-public-expanded-v1,wikimedia_commons,197215241,https://commons.wikimedia.org/wiki/File:A_white_mug_sits_on_open_books_beside_a_window.jpg,https://upload.wikimedia.org/wikipedia/commons/d/d9/A_white_mug_sits_on_open_books_beside_a_window.jpg?utm_source=commons.wikimedia.org&utm_campaign=imageinfo&utm_content=original,https://thumb.wikimedia.org/wikipedia/commons/thumb/d/d9/A_white_mug_sits_on_open_books_beside_a_window.jpg/1280px-A_white_mug_sits_on_open_books_beside_a_window.jpg?utm_source=commons.wikimedia.org&utm_campaign=imageinfo&utm_content=thumbnail,Shixart1985,CC BY 2.0,https://creativecommons.org/licenses/by/2.0,commons-197215241,Codex visual review of contact sheet: one identifiable target within frozen category definition,6ae19c6325dcdb03,1280,1917,2026-10-07T15:54:41+08:00,Early collection; original source revision not retained; local downloaded rendition SHA-256=29acb64b13b14cf928029a546cbb9f8651cd99c718d5bfacea73a369659b40b5; download time recovered from original local file mtime
oi-a234b17c1813407c,data/raw/openimages/cup/oi-a234b17c1813407c.jpg,564f94f529a73eb7de44756dc5c22774f15576639ed2a592cee9a0c7296277f9,0,,,open-images-official,,train,approved,campus-public-expanded-v1,open_images,a234b17c1813407c,https://www.flickr.com/photos/clownfish/12580109095,https://c5.staticflickr.com/3/2836/12580109095_4930f09414_o.jpg,https://open-images-dataset.s3.amazonaws.com/validation/a234b17c1813407c.jpg,Mike Spasoff,https://creativecommons.org/licenses/by/2.0/,https://creativecommons.org/licenses/by/2.0/,oi-a234b17c1813407c,Codex visual inspection: one identifiable target within frozen definition,73266b5e89b0b689,768,1024,2026-10-07T17:51:37+08:00,Open Images V7 public validation image / V5 human boxable labels
oi-b322d0102768fb7f,data/raw/openimages/cup/oi-b322d0102768fb7f.jpg,0b9fad48ce8b5d372148f8d99beed94cb30db252b58b36c84e1179284ecc1920,0,,,open-images-official,,train,approved,campus-public-expanded-v1,open_images,b322d0102768fb7f,https://www.flickr.com/photos/visitmelbourne/15047084231,https://c8.staticflickr.com/6/5559/15047084231_2535d803b1_o.jpg,https://open-images-dataset.s3.amazonaws.com/test/b322d0102768fb7f.jpg,Tourism Victoria,https://creativecommons.org/licenses/by/2.0/,https://creativecommons.org/licenses/by/2.0/,oi-b322d0102768fb7f,Codex visual inspection: one identifiable physical target within confirmed definition,e1d94f2c04f2ba59,1024,768,2026-10-07T18:10:55+08:00,Open Images V7 public test image / V5 human boxable labels; one non-depicted box >=25% image area
oi-c1f5cd6f7afd96ab,data/raw/openimages/cup/oi-c1f5cd6f7afd96ab.jpg,ae3bd7b009b7c20372b51b982ab457e03d1d97b4787688e1605b2b38c468dba5,0,,,open-images-official,,train,approved,campus-public-expanded-v1,open_images,c1f5cd6f7afd96ab,https://www.flickr.com/photos/pviojoenchile/3740788418,https://c4.staticflickr.com/3/2480/3740788418_d8d99388cb_o.jpg,https://open-images-dataset.s3.amazonaws.com/test/c1f5cd6f7afd96ab.jpg,Pablo Viojo,https://creativecommons.org/licenses/by/2.0/,https://creativecommons.org/licenses/by/2.0/,oi-c1f5cd6f7afd96ab,Codex visual inspection: one identifiable target within frozen definition,3c2d3c65f80dc2b3,1024,768,2026-10-07T18:04:44+08:00,Open Images V7 public test image / V5 human boxable labels; one non-depicted box >=25% image area
commons-101216081,data/raw/commons/cup/commons-101216081.jpg,4cebeed979634c5d832308b521d0026070429b3b182ae2a15bddbf91f7d49a13,0,,,commons-api,,train,approved,campus-public-expanded-v1,wikimedia_commons,101216081,https://commons.wikimedia.org/wiki/File:2021-02-14_12-37-51_ILCE-7C_DSC02877_DxO_(51014283441).jpg,https://upload.wikimedia.org/wikipedia/commons/1/1e/2021-02-14_12-37-51_ILCE-7C_DSC02877_DxO_%2851014283441%29.jpg?utm_source=commons.wikimedia.org&utm_campaign=imageinfo&utm_content=original,https://thumb.wikimedia.org/wikipedia/commons/thumb/1/1e/2021-02-14_12-37-51_ILCE-7C_DSC02877_DxO_%2851014283441%29.jpg/1280px-2021-02-14_12-37-51_ILCE-7C_DSC02877_DxO_%2851014283441%29.jpg?utm_source=commons.wikimedia.org&utm_campaign=imageinfo&utm_content=thumbnail,"Miguel Discart from Bruxelles, Belgique",CC BY-SA 2.0,https://creativecommons.org/licenses/by-sa/2.0,commons-101216081,Codex visual review of contact sheet: one identifiable target within frozen category definition,1c6039dafe7603a9,1280,1886,2026-10-07T15:47:57+08:00,Early collection; original source revision not retained; local downloaded rendition SHA-256=4cebeed979634c5d832308b521d0026070429b3b182ae2a15bddbf91f7d49a13; download time recovered from original local file mtime
commons-177385086,data/raw/commons/cup/commons-177385086.jpg,8247fd0633ff306b2d243ace21ccddf58bada2cc705ce4c5173a0aa7f26f9ba8,0,,,commons-api,,train,approved,campus-public-expanded-v1,wikimedia_commons,177385086,https://commons.wikimedia.org/wiki/File:Coffee_cup_in_the_morning_%F0%9F%8C%84.jpg,https://upload.wikimedia.org/wikipedia/commons/f/f6/Coffee_cup_in_the_morning_%F0%9F%8C%84.jpg?utm_source=commons.wikimedia.org&utm_campaign=imageinfo&utm_content=original,https://thumb.wikimedia.org/wikipedia/commons/thumb/f/f6/Coffee_cup_in_the_morning_%F0%9F%8C%84.jpg/1280px-Coffee_cup_in_the_morning_%F0%9F%8C%84.jpg?utm_source=commons.wikimedia.org&utm_campaign=imageinfo&utm_content=thumbnail,Jothisettu,CC0,http://creativecommons.org/publicdomain/zero/1.0/deed.en,commons-177385086,Codex visual review of contact sheet: one identifiable target within frozen category definition,fc7035ad421b29c7,1280,1700,2026-10-07T16:10:28+08:00,Early collection; original source revision not retained; local downloaded rendition SHA-256=8247fd0633ff306b2d243ace21ccddf58bada2cc705ce4c5173a0aa7f26f9ba8; download time recovered from original local file mtime
oi-1df6e430c821910b,data/raw/openimages/cup/oi-1df6e430c821910b.jpg,3a3592a2acaf450ff96291c0f6d021ec0ca8d70cd7585cfa06340fdf09410f3c,0,,,open-images-official,,train,approved,campus-public-expanded-v1,open_images,1df6e430c821910b,https://www.flickr.com/photos/pepemartin/8044306354,https://c4.staticflickr.com/9/8442/8044306354_2d571f0fb8_o.jpg,https://open-images-dataset.s3.amazonaws.com/test/1df6e430c821910b.jpg,Pepe Martin (Mário José Martins),https://creativecommons.org/licenses/by/2.0/,https://creativecommons.org/licenses/by/2.0/,oi-1df6e430c821910b,Codex visual inspection: one identifiable target within frozen definition,d22753363bd8cc43,1024,768,2026-10-07T18:03:44+08:00,Open Images V7 public test image / V5 human boxable labels; one non-depicted box >=25% image area
oi-b8ab60e81b8b3ab3,data/raw/openimages/cup/oi-b8ab60e81b8b3ab3.jpg,d911a1ac6a1d4ec530ce1322771bfbb630949c0872230509bb76ee7d0237143d,0,,,open-images-official,,train,approved,campus-public-expanded-v1,open_images,b8ab60e81b8b3ab3,https://www.flickr.com/photos/larryontheprairie/21423612159/,https://farm4.staticflickr.com/5674/21423612159_f950ae67b6_o.jpg,https://open-images-dataset.s3.amazonaws.com/test/b8ab60e81b8b3ab3.jpg,larryontheprairie,https://creativecommons.org/licenses/by/2.0/,https://creativecommons.org/licenses/by/2.0/,oi-b8ab60e81b8b3ab3,Codex visual inspection: one identifiable physical target within confirmed definition,56100febf37e0b03,768,895,2026-10-07T18:09:39+08:00,Open Images V7 public test image / V5 human boxable labels; one non-depicted box >=25% image area
oi-5e7860330b1ce233,data/raw/openimages/cup/oi-5e7860330b1ce233.jpg,85e837dd4cba662e19873b0587ee1733e449f1fe19b46a84a8df412c2c51aaf9,0,,,open-images-official,,train,approved,campus-public-expanded-v1,open_images,5e7860330b1ce233,https://www.flickr.com/photos/scottfeldstein/421413768,https://farm4.staticflickr.com/183/421413768_5527889fb5_o.jpg,https://open-images-dataset.s3.amazonaws.com/validation/5e7860330b1ce233.jpg,scott feldstein,https://creativecommons.org/licenses/by/2.0/,https://creativecommons.org/licenses/by/2.0/,oi-5e7860330b1ce233,Codex visual inspection: one identifiable target within frozen definition,1907d3ac679a1967,1024,681,2026-10-07T17:45:23+08:00,Open Images V7 public validation image / V5 human boxable labels
oi-27e46f5f25ce1d6a,data/raw/openimages/cup/oi-27e46f5f25ce1d6a.jpg,d21b1c3435ad6333b9d3493c07f6134a8b228fa2d8ca330edc80549181aff751,0,,,open-images-official,,train,approved,campus-public-expanded-v1,open_images,27e46f5f25ce1d6a,https://www.flickr.com/photos/ryusuke/473190502,https://c3.staticflickr.com/1/189/473190502_1a74993855_o.jpg,https://open-images-dataset.s3.amazonaws.com/test/27e46f5f25ce1d6a.jpg,Ryusuke,https://creativecommons.org/licenses/by/2.0/,https://creativecommons.org/licenses/by/2.0/,oi-27e46f5f25ce1d6a,Codex visual inspection: one identifiable physical target within confirmed definition,03af0f2cfcd940ad,1024,768,2026-10-07T18:09:25+08:00,Open Images V7 public test image / V5 human boxable labels; one non-depicted box >=25% image area
oi-1e6104d5518cb3f9,data/raw/openimages/cup/oi-1e6104d5518cb3f9.jpg,fea429dafbfca86bc1799aaf7b2c48156ebd37ce8533598eb3b5a398f2efac19,0,,,open-images-official,,train,approved,campus-public-expanded-v1,open_images,1e6104d5518cb3f9,https://www.flickr.com/photos/46695600@N03/6641737061,https://c2.staticflickr.com/8/7169/6641737061_0ea0bbb63c_o.jpg,https://open-images-dataset.s3.amazonaws.com/validation/1e6104d5518cb3f9.jpg,mi),https://creativecommons.org/licenses/by/2.0/,https://creativecommons.org/licenses/by/2.0/,oi-1e6104d5518cb3f9,Codex visual inspection: one identifiable target within frozen definition,2ff52356f09242e3,1024,1024,2026-10-07T17:47:29+08:00,Open Images V7 public validation image / V5 human boxable labels
commons-97134894,data/raw/commons/cup/commons-97134894.jpg,89cb7ce42a410dc627bf4982763fa461bf979ec2c1426b93951f36318e04f770,0,,,commons-api,,train,approved,campus-public-expanded-v1,wikimedia_commons,97134894,https://commons.wikimedia.org/wiki/File:A_mug_with_Ogham_letters_-_Tasse_mit_Ogham-Zeichen.jpg,https://upload.wikimedia.org/wikipedia/commons/4/46/A_mug_with_Ogham_letters_-_Tasse_mit_Ogham-Zeichen.jpg?utm_source=commons.wikimedia.org&utm_campaign=imageinfo&utm_content=original,https://thumb.wikimedia.org/wikipedia/commons/thumb/4/46/A_mug_with_Ogham_letters_-_Tasse_mit_Ogham-Zeichen.jpg/1280px-A_mug_with_Ogham_letters_-_Tasse_mit_Ogham-Zeichen.jpg?utm_source=commons.wikimedia.org&utm_campaign=imageinfo&utm_content=thumbnail,Runologe,CC BY 4.0,https://creativecommons.org/licenses/by/4.0,commons-97134894,Codex visual review of contact sheet: one identifiable target within frozen category definition,4cac2cf4b47a7c83,1280,1423,2026-10-07T15:52:28+08:00,Early collection; original source revision not retained; local downloaded rendition SHA-256=89cb7ce42a410dc627bf4982763fa461bf979ec2c1426b93951f36318e04f770; download time recovered from original local file mtime
commons-120419084,data/raw/commons/cup/commons-120419084.jpg,26f24d9096a304180a5395a8d3d4bc00756a5bf181dbd61cf5e08a4e3ce18487,0,,,commons-api,,train,approved,campus-public-expanded-v1,wikimedia_commons,120419084,https://commons.wikimedia.org/wiki/File:A_mug.jpg,https://upload.wikimedia.org/wikipedia/commons/8/8f/A_mug.jpg?utm_source=commons.wikimedia.org&utm_campaign=imageinfo&utm_content=original,https://thumb.wikimedia.org/wikipedia/commons/thumb/8/8f/A_mug.jpg/1280px-A_mug.jpg?utm_source=commons.wikimedia.org&utm_campaign=imageinfo&utm_content=thumbnail,Taoheedah,CC BY-SA 4.0,https://creativecommons.org/licenses/by-sa/4.0,commons-120419084,Codex visual review of contact sheet: one identifiable target within frozen category definition,73717edc94216863,1280,1707,2026-10-07T15:54:37+08:00,Early collection; original source revision not retained; local downloaded rendition SHA-256=26f24d9096a304180a5395a8d3d4bc00756a5bf181dbd61cf5e08a4e3ce18487; download time recovered from original local file mtime
oi-780a4baa7c50d6e8,data/raw/openimages/cup/oi-780a4baa7c50d6e8.jpg,49361b835e965cdfc0ad9f163ca97c57729fa20b4c87cfed83e507f610e8e21e,0,,,open-images-official,,train,approved,campus-public-expanded-v1,open_images,780a4baa7c50d6e8,https://www.flickr.com/photos/pixel-sallo/16122341715,https://c1.staticflickr.com/9/8595/16122341715_ef086fe339_o.jpg,https://open-images-dataset.s3.amazonaws.com/validation/780a4baa7c50d6e8.jpg,Stefan Salich,https://creativecommons.org/licenses/by/2.0/,https://creativecommons.org/licenses/by/2.0/,oi-780a4baa7c50d6e8,Codex visual inspection: one identifiable target within frozen definition,2798c8632f9c99e3,682,1024,2026-10-07T17:45:21+08:00,Open Images V7 public validation image / V5 human boxable labels
oi-d5bbc03da4938635,data/raw/openimages/cup/oi-d5bbc03da4938635.jpg,d263f66d10bb81126ea25c8f5dbee91f4f3ccb4cc95d3a0e1dd9a44ffb97f247,0,,,open-images-official,,train,approved,campus-public-expanded-v1,open_images,d5bbc03da4938635,https://www.flickr.com/photos/midorisyu/2892843017,https://farm6.staticflickr.com/3250/2892843017_ddf600b7af_o.jpg,https://open-images-dataset.s3.amazonaws.com/test/d5bbc03da4938635.jpg,midorisyu,https://creativecommons.org/licenses/by/2.0/,https://creativecommons.org/licenses/by/2.0/,oi-d5bbc03da4938635,Codex visual inspection: one identifiable physical target within confirmed definition,cc640e6e3333cdc3,1024,768,2026-10-07T18:05:41+08:00,Open Images V7 public test image / V5 human boxable labels; one non-depicted box >=25% image area
oi-4ef03696007ad64f,data/raw/openimages/cup/oi-4ef03696007ad64f.jpg,365d903b56312f0c2efa54f3d36f6f8322296aecabf0b52687c4ed4f43c14ef3,0,,,open-images-official,,train,approved,campus-public-expanded-v1,open_images,4ef03696007ad64f,https://www.flickr.com/photos/pheezy/19770249723,https://c8.staticflickr.com/1/255/19770249723_925bca1d26_o.jpg,https://open-images-dataset.s3.amazonaws.com/test/4ef03696007ad64f.jpg,evan p. cordes,https://creativecommons.org/licenses/by/2.0/,https://creativecommons.org/licenses/by/2.0/,oi-4ef03696007ad64f,Codex visual inspection: one identifiable physical target within confirmed definition,dee63cb4f910e061,1024,1024,2026-10-07T18:13:05+08:00,Open Images V7 public test image / V5 human boxable labels; one non-depicted box >=25% image area
commons-96352216,data/raw/commons/cup/commons-96352216.jpg,21a572c8a6c03c8f8fd765e96c62757ab60a908d7f1a8f03f9156434d1ebff7d,0,,,commons-api,,train,approved,campus-public-expanded-v1,wikimedia_commons,96352216,https://commons.wikimedia.org/wiki/File:Battle_of_the_Nile_Mug.jpg,https://upload.wikimedia.org/wikipedia/commons/8/8e/Battle_of_the_Nile_Mug.jpg?utm_source=commons.wikimedia.org&utm_campaign=imageinfo&utm_content=original,https://thumb.wikimedia.org/wikipedia/commons/thumb/8/8e/Battle_of_the_Nile_Mug.jpg/1280px-Battle_of_the_Nile_Mug.jpg?utm_source=commons.wikimedia.org&utm_campaign=imageinfo&utm_content=thumbnail,Catlemur,CC BY-SA 4.0,https://creativecommons.org/licenses/by-sa/4.0,commons-96352216,Codex visual review of contact sheet: one identifiable target within frozen category definition,2941b64f1da2c97b,1280,1707,2026-10-07T15:57:06+08:00,Early collection; original source revision not retained; local downloaded rendition SHA-256=21a572c8a6c03c8f8fd765e96c62757ab60a908d7f1a8f03f9156434d1ebff7d; download time recovered from original local file mtime
oi-4e719f59d2411d9b,data/raw/openimages/cup/oi-4e719f59d2411d9b.jpg,323e47a3e5d20630603078e7c83b5cb4897e754859911e6ee32198cf97658a1d,0,,,open-images-official,,train,approved,campus-public-expanded-v1,open_images,4e719f59d2411d9b,https://www.flickr.com/photos/woolgenie/16808739051,https://c4.staticflickr.com/9/8660/16808739051_a7338f9155_o.jpg,https://open-images-dataset.s3.amazonaws.com/test/4e719f59d2411d9b.jpg,Heather,https://creativecommons.org/licenses/by/2.0/,https://creativecommons.org/licenses/by/2.0/,oi-4e719f59d2411d9b,Codex visual inspection: one identifiable physical target within confirmed definition,344c4cd0b336c3fd,1024,683,2026-10-07T18:13:11+08:00,Open Images V7 public test image / V5 human boxable labels; one non-depicted box >=25% image area
oi-9e66e9a2bbc72972,data/raw/openimages/cup/oi-9e66e9a2bbc72972.jpg,1b6d4c59d648a9537dc057067551c7d6c9f47ce3784698e429ac66b979da0ef1,0,,,open-images-official,,train,approved,campus-public-expanded-v1,open_images,9e66e9a2bbc72972,https://www.flickr.com/photos/adselwood/3155462396,https://farm3.staticflickr.com/3249/3155462396_b2a2316f20_o.jpg,https://open-images-dataset.s3.amazonaws.com/test/9e66e9a2bbc72972.jpg,Adam Selwood,https://creativecommons.org/licenses/by/2.0/,https://creativecommons.org/licenses/by/2.0/,oi-9e66e9a2bbc72972,Codex visual inspection: one identifiable target within frozen definition,6993cc5b5be1340d,1024,683,2026-10-07T18:04:10+08:00,Open Images V7 public test image / V5 human boxable labels; one non-depicted box >=25% image area
oi-81f1bf204d4edf0b,data/raw/openimages/cup/oi-81f1bf204d4edf0b.jpg,4b7e551b6f3e2617dcc03fe5157d95240ad4999e444e1f4610659cd0818d4cfb,0,,,open-images-official,,train,approved,campus-public-expanded-v1,open_images,81f1bf204d4edf0b,https://www.flickr.com/photos/iruben/4341685688,https://c4.staticflickr.com/5/4058/4341685688_afcde4226d_o.jpg,https://open-images-dataset.s3.amazonaws.com/test/81f1bf204d4edf0b.jpg,iRubén,https://creativecommons.org/licenses/by/2.0/,https://creativecommons.org/licenses/by/2.0/,oi-81f1bf204d4edf0b,Codex visual inspection: one identifiable physical target within confirmed definition,dc976c6c2309b29d,1024,1024,2026-10-07T18:14:05+08:00,Open Images V7 public test image / V5 human boxable labels; one non-depicted box >=25% image area
oi-52072b5c865a4f30,data/raw/openimages/cup/oi-52072b5c865a4f30.jpg,d1f3978e5991f099764426d103e5160db272fba1fe5fc77966835131c2da2dd9,0,,,open-images-official,,train,approved,campus-public-expanded-v1,open_images,52072b5c865a4f30,https://www.flickr.com/photos/m-nicolson/3115946285,https://farm1.staticflickr.com/3140/3115946285_945ebb5d65_o.jpg,https://open-images-dataset.s3.amazonaws.com/validation/52072b5c865a4f30.jpg,Mark Nicolson,https://creativecommons.org/licenses/by/2.0/,https://creativecommons.org/licenses/by/2.0/,oi-52072b5c865a4f30,Codex visual inspection: one identifiable target within frozen definition,56a9914d5bb46cc3,866,768,2026-10-07T17:44:54+08:00,Open Images V7 public validation image / V5 human boxable labels
commons-31914538,data/raw/commons/cup/commons-31914538.jpg,421f12f515f71353087167f05bea85ca94ba1f4baac98236c760a81f3086151c,0,,,commons-api,,train,approved,campus-public-expanded-v1,wikimedia_commons,31914538,"https://commons.wikimedia.org/wiki/File:1842_Preston_Guild_mug,_Harris_Museum_(2).JPG",https://upload.wikimedia.org/wikipedia/commons/7/7e/1842_Preston_Guild_mug%2C_Harris_Museum_%282%29.JPG?utm_source=commons.wikimedia.org&utm_campaign=imageinfo&utm_content=original,https://thumb.wikimedia.org/wikipedia/commons/thumb/7/7e/1842_Preston_Guild_mug%2C_Harris_Museum_%282%29.JPG/1280px-1842_Preston_Guild_mug%2C_Harris_Museum_%282%29.JPG?utm_source=commons.wikimedia.org&utm_campaign=imageinfo&utm_content=thumbnail,Rept0n1x,CC BY-SA 3.0,https://creativecommons.org/licenses/by-sa/3.0,commons-31914538,Codex visual review of contact sheet: one identifiable target within frozen category definition,a5269d5ea65a56a1,1280,1707,2026-10-07T15:47:42+08:00,Early collection; original source revision not retained; local downloaded rendition SHA-256=421f12f515f71353087167f05bea85ca94ba1f4baac98236c760a81f3086151c; download time recovered from original local file mtime
commons-31914539,data/raw/commons/cup/commons-31914539.jpg,c9c836475147564e9d93d56044f6362c7d355d7ecbf2a231f65d5460d90606fe,0,,,commons-api,,train,approved,campus-public-expanded-v1,wikimedia_commons,31914539,"https://commons.wikimedia.org/wiki/File:1842_Preston_Guild_mug,_Harris_Museum_(1).JPG",https://upload.wikimedia.org/wikipedia/commons/1/1a/1842_Preston_Guild_mug%2C_Harris_Museum_%281%29.JPG?utm_source=commons.wikimedia.org&utm_campaign=imageinfo&utm_content=original,https://thumb.wikimedia.org/wikipedia/commons/thumb/1/1a/1842_Preston_Guild_mug%2C_Harris_Museum_%281%29.JPG/1280px-1842_Preston_Guild_mug%2C_Harris_Museum_%281%29.JPG?utm_source=commons.wikimedia.org&utm_campaign=imageinfo&utm_content=thumbnail,Rept0n1x,CC BY-SA 3.0,https://creativecommons.org/licenses/by-sa/3.0,commons-31914538,Codex visual review of contact sheet: one identifiable target within frozen category definition,a1bc4d36a156d6a9,1280,1707,2026-10-07T15:47:44+08:00,Early collection; original source revision not retained; local downloaded rendition SHA-256=c9c836475147564e9d93d56044f6362c7d355d7ecbf2a231f65d5460d90606fe; download time recovered from original local file mtime
oi-f11d5d1588572cd1,data/raw/openimages/cup/oi-f11d5d1588572cd1.jpg,3d235c3c18232074e2abd4c468b7d698595d9fff61c19630d7eaec840d559985,0,,,open-images-official,,train,approved,campus-public-expanded-v1,open_images,f11d5d1588572cd1,https://www.flickr.com/photos/62905337@N02/9169922866,https://farm2.staticflickr.com/7307/9169922866_a7bccb01b6_o.jpg,https://open-images-dataset.s3.amazonaws.com/test/f11d5d1588572cd1.jpg,Siwar Horchani,https://creativecommons.org/licenses/by/2.0/,https://creativecommons.org/licenses/by/2.0/,oi-f11d5d1588572cd1,Codex visual inspection: one identifiable physical target within confirmed definition,646298a05af9787f,1024,958,2026-10-07T18:13:40+08:00,Open Images V7 public test image / V5 human boxable labels; one non-depicted box >=25% image area
oi-731e999acdb6ae99,data/raw/openimages/cup/oi-731e999acdb6ae99.jpg,e3940bc3872504c3ad1632f878be9361e1c773edc784befc1e818236ff18c512,0,,,open-images-official,,train,approved,campus-public-expanded-v1,open_images,731e999acdb6ae99,https://www.flickr.com/photos/43584526@N06/16988704402,https://c2.staticflickr.com/8/7603/16988704402_005096c0a8_o.jpg,https://open-images-dataset.s3.amazonaws.com/test/731e999acdb6ae99.jpg,Mae Catherine Melchor,https://creativecommons.org/licenses/by/2.0/,https://creativecommons.org/licenses/by/2.0/,oi-731e999acdb6ae99,Codex visual inspection: one identifiable physical target within confirmed definition,4e2e25b4f85633c3,1024,1024,2026-10-07T18:07:01+08:00,Open Images V7 public test image / V5 human boxable labels; one non-depicted box >=25% image area
oi-596de74177faef2d,data/raw/openimages/cup/oi-596de74177faef2d.jpg,dc3e75bf3e12d508a8c983ecc3a94490dbaef64787cfc5ff516375ba13d2256e,0,,,open-images-official,,train,approved,campus-public-expanded-v1,open_images,596de74177faef2d,https://www.flickr.com/photos/31403417@N00/5520788613,https://c6.staticflickr.com/6/5020/5520788613_5e684e5ec5_o.jpg,https://open-images-dataset.s3.amazonaws.com/test/596de74177faef2d.jpg,kizzzbeth,https://creativecommons.org/licenses/by/2.0/,https://creativecommons.org/licenses/by/2.0/,oi-596de74177faef2d,Codex visual inspection: one identifiable physical target within confirmed definition,174f8c0e7d390a6d,1024,685,2026-10-07T18:13:16+08:00,Open Images V7 public test image / V5 human boxable labels; one non-depicted box >=25% image area
oi-e0a775234f9c2d01,data/raw/openimages/cup/oi-e0a775234f9c2d01.jpg,79db348481e58f2b20b1c1cfa107ca701472b8cf161debe8e5d7bc2754f55167,0,,,open-images-official,,train,approved,campus-public-expanded-v1,open_images,e0a775234f9c2d01,https://www.flickr.com/photos/jbozanowski/3445399982/,https://farm2.staticflickr.com/3626/3445399982_9e861d3c3e_o.jpg,https://open-images-dataset.s3.amazonaws.com/test/e0a775234f9c2d01.jpg,Kuba Bożanowski,https://creativecommons.org/licenses/by/2.0/,https://creativecommons.org/licenses/by/2.0/,oi-e0a775234f9c2d01,Codex visual inspection: one identifiable physical target within confirmed definition,8ec473f135d0b01f,1024,680,2026-10-07T18:06:36+08:00,Open Images V7 public test image / V5 human boxable labels; one non-depicted box >=25% image area
oi-62fc277894fa3150,data/raw/openimages/cup/oi-62fc277894fa3150.jpg,60b1d1da0d4541977bbc9108384f9220c698b23e95f092c120bdcdcf3eeebf66,0,,,open-images-official,,train,approved,campus-public-expanded-v1,open_images,62fc277894fa3150,https://www.flickr.com/photos/gialiat/7996343796,https://farm1.staticflickr.com/8034/7996343796_a0da837e60_o.jpg,https://open-images-dataset.s3.amazonaws.com/test/62fc277894fa3150.jpg,KATH,https://creativecommons.org/licenses/by/2.0/,https://creativecommons.org/licenses/by/2.0/,oi-62fc277894fa3150,Codex visual inspection: one identifiable physical target within confirmed definition,52d303ab4309bcf7,1024,1024,2026-10-07T18:12:47+08:00,Open Images V7 public test image / V5 human boxable labels; one non-depicted box >=25% image area
oi-8d279daa12ffc691,data/raw/openimages/cup/oi-8d279daa12ffc691.jpg,104703adf3885f8638cdc9a1fd1053af5050b93f45a224fb2fd14e548d0aca0e,0,,,open-images-official,,train,approved,campus-public-expanded-v1,open_images,8d279daa12ffc691,https://www.flickr.com/photos/davidw/1289167157,https://farm2.staticflickr.com/1333/1289167157_23c2c9f2d5_o.jpg,https://open-images-dataset.s3.amazonaws.com/validation/8d279daa12ffc691.jpg,David,https://creativecommons.org/licenses/by/2.0/,https://creativecommons.org/licenses/by/2.0/,oi-8d279daa12ffc691,Codex visual inspection: one identifiable target within frozen definition,415e69f6075edc81,1024,726,2026-10-07T17:47:48+08:00,Open Images V7 public validation image / V5 human boxable labels
oi-d728be97da33a806,data/raw/openimages/cup/oi-d728be97da33a806.jpg,2b55d1468d0dd7fde110085b442720df4920d748992e17ef11d8a00b89161535,0,,,open-images-official,,train,approved,campus-public-expanded-v1,open_images,d728be97da33a806,https://www.flickr.com/photos/35168673@N03/3734983349,https://farm7.staticflickr.com/3418/3734983349_a40b121365_o.jpg,https://open-images-dataset.s3.amazonaws.com/test/d728be97da33a806.jpg,tiffany terry,https://creativecommons.org/licenses/by/2.0/,https://creativecommons.org/licenses/by/2.0/,oi-d728be97da33a806,Codex visual inspection: one identifiable physical target within confirmed definition,68dbb6c8b235c887,1024,768,2026-10-07T18:09:44+08:00,Open Images V7 public test image / V5 human boxable labels; one non-depicted box >=25% image area
oi-2ae5575f39119c7d,data/raw/openimages/cup/oi-2ae5575f39119c7d.jpg,7125edd42606fdd387d897d983aa81146e137ddc1518d6f09824f980b95bcec0,0,,,open-images-official,,train,approved,campus-public-expanded-v1,open_images,2ae5575f39119c7d,https://www.flickr.com/photos/miguelvaca/4102752839,https://c6.staticflickr.com/3/2668/4102752839_2ebf1b9cbd_o.jpg,https://open-images-dataset.s3.amazonaws.com/test/2ae5575f39119c7d.jpg,Miguel Vaca,https://creativecommons.org/licenses/by/2.0/,https://creativecommons.org/licenses/by/2.0/,oi-2ae5575f39119c7d,Codex visual inspection: one identifiable physical target within confirmed definition,63731d8b4c1ba1c7,1024,685,2026-10-07T18:12:03+08:00,Open Images V7 public test image / V5 human boxable labels; one non-depicted box >=25% image area
oi-4dda76f455c64d61,data/raw/openimages/cup/oi-4dda76f455c64d61.jpg,6efecd419022f1d4d62371a8e7677396244a391ea924c995ee148f40bb89af92,0,,,open-images-official,,train,approved,campus-public-expanded-v1,open_images,4dda76f455c64d61,https://www.flickr.com/photos/erix/16525367624,https://farm2.staticflickr.com/8725/16525367624_2e1a784464_o.jpg,https://open-images-dataset.s3.amazonaws.com/test/4dda76f455c64d61.jpg,Erich Ferdinand,https://creativecommons.org/licenses/by/2.0/,https://creativecommons.org/licenses/by/2.0/,oi-4dda76f455c64d61,Codex visual inspection: one identifiable physical target within confirmed definition,62a189e617a351bf,1024,683,2026-10-07T18:08:30+08:00,Open Images V7 public test image / V5 human boxable labels; one non-depicted box >=25% image area
oi-f98bd2fa48070821,data/raw/openimages/cup/oi-f98bd2fa48070821.jpg,981cf257724d1f86eb3783bd8f3fd08d0fb667c6d400a6b00bbb1b0182a944a3,0,,,open-images-official,,train,approved,campus-public-expanded-v1,open_images,f98bd2fa48070821,https://www.flickr.com/photos/allenburt/11334905754,https://farm2.staticflickr.com/5481/11334905754_594afb52b3_o.jpg,https://open-images-dataset.s3.amazonaws.com/validation/f98bd2fa48070821.jpg,Allen Burt,https://creativecommons.org/licenses/by/2.0/,https://creativecommons.org/licenses/by/2.0/,oi-f98bd2fa48070821,Codex visual inspection: one identifiable target within frozen definition,e619826f66b4a659,1024,1024,2026-10-07T17:50:20+08:00,Open Images V7 public validation image / V5 human boxable labels
oi-ce1f66c25b26ac2e,data/raw/openimages/cup/oi-ce1f66c25b26ac2e.jpg,2e3f1592ed8c3f88bc9736b135a7b9df020d19ce8bf7bfee9c34bade38d4144d,0,,,open-images-official,,train,approved,campus-public-expanded-v1,open_images,ce1f66c25b26ac2e,https://www.flickr.com/photos/kalleboo/5953288350,https://c7.staticflickr.com/7/6141/5953288350_48d99c42de_o.jpg,https://open-images-dataset.s3.amazonaws.com/validation/ce1f66c25b26ac2e.jpg,Karl Baron,https://creativecommons.org/licenses/by/2.0/,https://creativecommons.org/licenses/by/2.0/,oi-ce1f66c25b26ac2e,Codex visual inspection: one identifiable target within frozen definition,b72f5e1c80fb01e1,768,1024,2026-10-07T17:49:33+08:00,Open Images V7 public validation image / V5 human boxable labels
oi-17a108a78c12f568,data/raw/openimages/cup/oi-17a108a78c12f568.jpg,c646fbb574b018ba1cb162af56dc9b3e246a29da4405bbec262dd6cf866f425c,0,,,open-images-official,,train,approved,campus-public-expanded-v1,open_images,17a108a78c12f568,https://www.flickr.com/photos/feelingmyage/8234413508,https://c1.staticflickr.com/9/8347/8234413508_e86351690a_o.jpg,https://open-images-dataset.s3.amazonaws.com/test/17a108a78c12f568.jpg,Feeling My Age,https://creativecommons.org/licenses/by/2.0/,https://creativecommons.org/licenses/by/2.0/,oi-17a108a78c12f568,Codex visual inspection: one identifiable physical target within confirmed definition,4d13e88b0d0da3fd,1024,1024,2026-10-07T18:12:40+08:00,Open Images V7 public test image / V5 human boxable labels; one non-depicted box >=25% image area
oi-e52acedd24eeabd9,data/raw/openimages/cup/oi-e52acedd24eeabd9.jpg,b9c2f63cef2dd1d5590e65895144f97ff1f6f677b9f773be9352585043d5c4d3,0,,,open-images-official,,train,approved,campus-public-expanded-v1,open_images,e52acedd24eeabd9,https://www.flickr.com/photos/katefisher/9642512842,https://c2.staticflickr.com/3/2894/9642512842_2c0c4a6e9f_o.jpg,https://open-images-dataset.s3.amazonaws.com/test/e52acedd24eeabd9.jpg,Kate Fisher,https://creativecommons.org/licenses/by/2.0/,https://creativecommons.org/licenses/by/2.0/,oi-e52acedd24eeabd9,Codex visual inspection: one identifiable physical target within confirmed definition,17a2155a9d1153f7,1024,683,2026-10-07T18:13:43+08:00,Open Images V7 public test image / V5 human boxable labels; one non-depicted box >=25% image area
commons-62119136,data/raw/commons/cup/commons-62119136.jpg,e12cc61ef0f2ad40ede4de54a30c40b6c2710b9708af86653db50cefe254c9a1,0,,,commons-api,,train,approved,campus-public-expanded-v1,wikimedia_commons,62119136,https://commons.wikimedia.org/wiki/File:Aliis_Sinisalu_2016-03-03_(Unsplash_5S8G5_N_RpQ).jpg,https://upload.wikimedia.org/wikipedia/commons/c/c6/Aliis_Sinisalu_2016-03-03_%28Unsplash_5S8G5_N_RpQ%29.jpg?utm_source=commons.wikimedia.org&utm_campaign=imageinfo&utm_content=original,https://thumb.wikimedia.org/wikipedia/commons/thumb/c/c6/Aliis_Sinisalu_2016-03-03_%28Unsplash_5S8G5_N_RpQ%29.jpg/1280px-Aliis_Sinisalu_2016-03-03_%28Unsplash_5S8G5_N_RpQ%29.jpg?utm_source=commons.wikimedia.org&utm_campaign=imageinfo&utm_content=thumbnail,Aliis Sinisalu aliissinisalu,CC0,http://creativecommons.org/publicdomain/zero/1.0/deed.en,commons-62119136,Codex visual review of contact sheet: one identifiable target within frozen category definition,38b5a5784adaa707,1280,862,2026-10-07T15:48:08+08:00,Early collection; original source revision not retained; local downloaded rendition SHA-256=e12cc61ef0f2ad40ede4de54a30c40b6c2710b9708af86653db50cefe254c9a1; download time recovered from original local file mtime
oi-a9dbe21059c9bc99,data/raw/openimages/cup/oi-a9dbe21059c9bc99.jpg,91322b8cbc48284def5b81734c5a443db6f8620692a1a05b66150bfdf84102e7,0,,,open-images-official,,train,approved,campus-public-expanded-v1,open_images,a9dbe21059c9bc99,https://www.flickr.com/photos/banumiel/977036574/,https://c2.staticflickr.com/2/1334/977036574_d3d0593f30_o.jpg,https://open-images-dataset.s3.amazonaws.com/test/a9dbe21059c9bc99.jpg,"Banumiel, el cubil",https://creativecommons.org/licenses/by/2.0/,https://creativecommons.org/licenses/by/2.0/,oi-a9dbe21059c9bc99,Codex visual inspection: one identifiable physical target within confirmed definition,66ac2698d079c9e7,1024,826,2026-10-07T18:06:37+08:00,Open Images V7 public test image / V5 human boxable labels; one non-depicted box >=25% image area
oi-ef8ab729f1850d16,data/raw/openimages/cup/oi-ef8ab729f1850d16.jpg,1e8b4e7fb6dcd694cccd33f856cba662615b6b4219dcee172c7a3e1c9011afa5,0,,,open-images-official,,train,approved,campus-public-expanded-v1,open_images,ef8ab729f1850d16,https://www.flickr.com/photos/jeffreyww/6422114111/in/photostream/,https://farm7.staticflickr.com/7013/6422114111_8293c6bcd2_o.jpg,https://open-images-dataset.s3.amazonaws.com/test/ef8ab729f1850d16.jpg,jeffreyw,https://creativecommons.org/licenses/by/2.0/,https://creativecommons.org/licenses/by/2.0/,oi-ef8ab729f1850d16,Codex visual inspection: one identifiable physical target within confirmed definition,e68b96d6867958c1,1024,739,2026-10-07T18:10:43+08:00,Open Images V7 public test image / V5 human boxable labels; one non-depicted box >=25% image area
commons-113794896,data/raw/commons/cup/commons-113794896.jpg,7bfb3d47a859c30ab8bbbe5a1afb313c1ea0410c774128f2407a9d61d544b64c,0,,,commons-api,,train,approved,campus-public-expanded-v1,wikimedia_commons,113794896,https://commons.wikimedia.org/wiki/File:Back_view_of_a_Carr_Workplaces_mug.jpg,https://upload.wikimedia.org/wikipedia/commons/e/e7/Back_view_of_a_Carr_Workplaces_mug.jpg?utm_source=commons.wikimedia.org&utm_campaign=imageinfo&utm_content=original,https://thumb.wikimedia.org/wikipedia/commons/thumb/e/e7/Back_view_of_a_Carr_Workplaces_mug.jpg/1280px-Back_view_of_a_Carr_Workplaces_mug.jpg?utm_source=commons.wikimedia.org&utm_campaign=imageinfo&utm_content=thumbnail,Ser Amantio di Nicolao,CC BY-SA 3.0,https://creativecommons.org/licenses/by-sa/3.0,commons-113794896,Codex visual review of contact sheet: one identifiable target within frozen category definition,e4e5a523495995a7,1280,1707,2026-10-07T15:59:13+08:00,Early collection; original source revision not retained; local downloaded rendition SHA-256=7bfb3d47a859c30ab8bbbe5a1afb313c1ea0410c774128f2407a9d61d544b64c; download time recovered from original local file mtime
oi-20fcb54990387431,data/raw/openimages/cup/oi-20fcb54990387431.jpg,ff0d441d254c2fed00eaa658bf2e661af13a18a85e84c2dc1e4c441afe124f42,0,,,open-images-official,,train,approved,campus-public-expanded-v1,open_images,20fcb54990387431,https://www.flickr.com/photos/bibliothekarin/18460486174,https://farm2.staticflickr.com/296/18460486174_ef9bcb5883_o.jpg,https://open-images-dataset.s3.amazonaws.com/test/20fcb54990387431.jpg,bibliothekarin,https://creativecommons.org/licenses/by/2.0/,https://creativecommons.org/licenses/by/2.0/,oi-20fcb54990387431,Codex visual inspection: one identifiable physical target within confirmed definition,dae4f160d9b60749,1024,1024,2026-10-07T18:09:32+08:00,Open Images V7 public test image / V5 human boxable labels; one non-depicted box >=25% image area
commons-99408689,data/raw/commons/cup/commons-99408689.jpg,0d0a496e07cd20a2dcea60fb812d38115a7f8b7b17af8a3bff23ae9394f9cbd1,0,,,commons-api,,train,approved,campus-public-expanded-v1,wikimedia_commons,99408689,https://commons.wikimedia.org/wiki/File:Caf%C3%A8_al_meu_escriptori.jpg,https://upload.wikimedia.org/wikipedia/commons/0/0c/Caf%C3%A8_al_meu_escriptori.jpg?utm_source=commons.wikimedia.org&utm_campaign=imageinfo&utm_content=original,https://thumb.wikimedia.org/wikipedia/commons/thumb/0/0c/Caf%C3%A8_al_meu_escriptori.jpg/1280px-Caf%C3%A8_al_meu_escriptori.jpg?utm_source=commons.wikimedia.org&utm_campaign=imageinfo&utm_content=thumbnail,Ratosa5,CC BY-SA 4.0,https://creativecommons.org/licenses/by-sa/4.0,commons-99408689,Codex visual review of contact sheet: one identifiable target within frozen category definition,ea0a1fdbc26b5981,1280,1707,2026-10-07T16:01:52+08:00,Early collection; original source revision not retained; local downloaded rendition SHA-256=0d0a496e07cd20a2dcea60fb812d38115a7f8b7b17af8a3bff23ae9394f9cbd1; download time recovered from original local file mtime
commons-180333543,data/raw/commons/cup/commons-180333543.jpg,767ab708d1f1db257b93bc50ec68287a655e4db0bc0a6ddcea770d751fc2d567,0,,,commons-api,,train,approved,campus-public-expanded-v1,wikimedia_commons,180333543,https://commons.wikimedia.org/wiki/File:Coffee_steaming_in_a_mug.jpg,https://upload.wikimedia.org/wikipedia/commons/4/46/Coffee_steaming_in_a_mug.jpg?utm_source=commons.wikimedia.org&utm_campaign=imageinfo&utm_content=original,https://thumb.wikimedia.org/wikipedia/commons/thumb/4/46/Coffee_steaming_in_a_mug.jpg/1280px-Coffee_steaming_in_a_mug.jpg?utm_source=commons.wikimedia.org&utm_campaign=imageinfo&utm_content=thumbnail,PedanticNarrativeController,CC0,http://creativecommons.org/publicdomain/zero/1.0/deed.en,commons-180333543,Codex visual review of contact sheet: one identifiable target within frozen category definition,c03997ed4e4339c3,1280,873,2026-10-07T16:10:31+08:00,Early collection; original source revision not retained; local downloaded rendition SHA-256=767ab708d1f1db257b93bc50ec68287a655e4db0bc0a6ddcea770d751fc2d567; download time recovered from original local file mtime
oi-42894a81eca95732,data/raw/openimages/cup/oi-42894a81eca95732.jpg,a1dd11b2cfdae041a6413324ccfe52d7395152b6288d4ba806aae6fea89e7663,0,,,open-images-official,,train,approved,campus-public-expanded-v1,open_images,42894a81eca95732,https://www.flickr.com/photos/rankingfuuta/4645322024,https://farm3.staticflickr.com/3405/4645322024_58a73d5ce8_o.jpg,https://open-images-dataset.s3.amazonaws.com/validation/42894a81eca95732.jpg,Aaron Stidwell,https://creativecommons.org/licenses/by/2.0/,https://creativecommons.org/licenses/by/2.0/,oi-42894a81eca95732,Codex visual inspection: one identifiable target within frozen definition,7ecfc3b36c0091a3,1024,677,2026-10-07T17:49:51+08:00,Open Images V7 public validation image / V5 human boxable labels
oi-34aebaebe39bfaf0,data/raw/openimages/cup/oi-34aebaebe39bfaf0.jpg,b43cc96718b4edee827705d4bf11859cf044bd3e3e28540cd4233122bd3a3b1d,0,,,open-images-official,,train,approved,campus-public-expanded-v1,open_images,34aebaebe39bfaf0,https://www.flickr.com/photos/carlescv/6429975597,https://farm1.staticflickr.com/7168/6429975597_7da50aca8d_o.jpg,https://open-images-dataset.s3.amazonaws.com/validation/34aebaebe39bfaf0.jpg,Carles Caño Valls,https://creativecommons.org/licenses/by/2.0/,https://creativecommons.org/licenses/by/2.0/,oi-34aebaebe39bfaf0,Codex visual inspection: one identifiable target within frozen definition,540d2c6592f32d5f,1024,1024,2026-10-07T17:50:54+08:00,Open Images V7 public validation image / V5 human boxable labels
oi-c88aa18f9fffa58d,data/raw/openimages/cup/oi-c88aa18f9fffa58d.jpg,01c24b76f8f6156a6571c0c5b9766042b4291c40829378663e0702340ed2f71b,0,,,open-images-official,,train,approved,campus-public-expanded-v1,open_images,c88aa18f9fffa58d,https://www.flickr.com/photos/wapster/8296913114,https://c6.staticflickr.com/9/8356/8296913114_7cdb966f2c_o.jpg,https://open-images-dataset.s3.amazonaws.com/validation/c88aa18f9fffa58d.jpg,Wapster,https://creativecommons.org/licenses/by/2.0/,https://creativecommons.org/licenses/by/2.0/,oi-c88aa18f9fffa58d,Codex visual inspection: one identifiable target within frozen definition,b46c5c1cea6e49c3,768,768,2026-10-07T17:53:00+08:00,Open Images V7 public validation image / V5 human boxable labels
commons-147245454,data/raw/commons/cup/commons-147245454.jpg,737d645e5d1a48e1f35c5ef4d1bb564134bf9b7641b33d1b61f71f4f6d99e8c4,0,,,commons-api,,train,approved,campus-public-expanded-v1,wikimedia_commons,147245454,https://commons.wikimedia.org/wiki/File:3coins%E3%81%AE%E3%83%9E%E3%82%B0%E3%82%AB%E3%83%83%E3%83%97_-_1.jpg,https://upload.wikimedia.org/wikipedia/commons/6/6f/3coins%E3%81%AE%E3%83%9E%E3%82%B0%E3%82%AB%E3%83%83%E3%83%97_-_1.jpg?utm_source=commons.wikimedia.org&utm_campaign=imageinfo&utm_content=original,https://thumb.wikimedia.org/wikipedia/commons/thumb/6/6f/3coins%E3%81%AE%E3%83%9E%E3%82%B0%E3%82%AB%E3%83%83%E3%83%97_-_1.jpg/1280px-3coins%E3%81%AE%E3%83%9E%E3%82%B0%E3%82%AB%E3%83%83%E3%83%97_-_1.jpg?utm_source=commons.wikimedia.org&utm_campaign=imageinfo&utm_content=thumbnail,Kyu3a,CC BY-SA 4.0,https://creativecommons.org/licenses/by-sa/4.0,commons-147245454,Codex visual review of contact sheet: one identifiable target within frozen category definition,4f0e33a0b16c5cf5,1280,720,2026-10-07T15:48:03+08:00,Early collection; original source revision not retained; local downloaded rendition SHA-256=737d645e5d1a48e1f35c5ef4d1bb564134bf9b7641b33d1b61f71f4f6d99e8c4; download time recovered from original local file mtime
commons-147245455,data/raw/commons/cup/commons-147245455.jpg,bc1ebb5e3b4cf190fbae149558a2107b88cc04eae362cc9ae50df42f50a40bc4,0,,,commons-api,,train,approved,campus-public-expanded-v1,wikimedia_commons,147245455,https://commons.wikimedia.org/wiki/File:3coins%E3%81%AE%E3%83%9E%E3%82%B0%E3%82%AB%E3%83%83%E3%83%97_-_2.jpg,https://upload.wikimedia.org/wikipedia/commons/f/fa/3coins%E3%81%AE%E3%83%9E%E3%82%B0%E3%82%AB%E3%83%83%E3%83%97_-_2.jpg?utm_source=commons.wikimedia.org&utm_campaign=imageinfo&utm_content=original,https://thumb.wikimedia.org/wikipedia/commons/thumb/f/fa/3coins%E3%81%AE%E3%83%9E%E3%82%B0%E3%82%AB%E3%83%83%E3%83%97_-_2.jpg/1280px-3coins%E3%81%AE%E3%83%9E%E3%82%B0%E3%82%AB%E3%83%83%E3%83%97_-_2.jpg?utm_source=commons.wikimedia.org&utm_campaign=imageinfo&utm_content=thumbnail,Kyu3a,CC BY-SA 4.0,https://creativecommons.org/licenses/by-sa/4.0,commons-147245454,Codex visual review of contact sheet: one identifiable target within frozen category definition,c6d04d49391f3e39,1280,1707,2026-10-07T15:54:39+08:00,Early collection; original source revision not retained; local downloaded rendition SHA-256=bc1ebb5e3b4cf190fbae149558a2107b88cc04eae362cc9ae50df42f50a40bc4; download time recovered from original local file mtime
commons-114290196,data/raw/commons/cup/commons-114290196.jpg,bd57bbb0ed2fb6ab477744586c11de72d2d3d692c03000a190e6e65738ac58df,0,,,commons-api,,train,approved,campus-public-expanded-v1,wikimedia_commons,114290196,https://commons.wikimedia.org/wiki/File:Cardboard_cutout_for_Amstel_beer_mugs_(1958).jpg,https://upload.wikimedia.org/wikipedia/commons/e/e3/Cardboard_cutout_for_Amstel_beer_mugs_%281958%29.jpg?utm_source=commons.wikimedia.org&utm_campaign=imageinfo&utm_content=original,https://thumb.wikimedia.org/wikipedia/commons/thumb/e/e3/Cardboard_cutout_for_Amstel_beer_mugs_%281958%29.jpg/1280px-Cardboard_cutout_for_Amstel_beer_mugs_%281958%29.jpg?utm_source=commons.wikimedia.org&utm_campaign=imageinfo&utm_content=thumbnail,Pleasme,CC BY-SA 4.0,https://creativecommons.org/licenses/by-sa/4.0,commons-114290196,Codex visual review of contact sheet: one identifiable target within frozen category definition,fcb72776e0901741,1280,1884,2026-10-07T16:01:55+08:00,Early collection; original source revision not retained; local downloaded rendition SHA-256=bd57bbb0ed2fb6ab477744586c11de72d2d3d692c03000a190e6e65738ac58df; download time recovered from original local file mtime
oi-bce902c227b435da,data/raw/openimages/cup/oi-bce902c227b435da.jpg,72f69c2ad6071aef1a938cf304544a5a43e015b5a26d04f2e6dc8dfc2ba833b6,0,,,open-images-official,,train,approved,campus-public-expanded-v1,open_images,bce902c227b435da,https://www.flickr.com/photos/loneymops/4208457671,https://c3.staticflickr.com/3/2608/4208457671_d6aa043525_o.jpg,https://open-images-dataset.s3.amazonaws.com/test/bce902c227b435da.jpg,loneyvs,https://creativecommons.org/licenses/by/2.0/,https://creativecommons.org/licenses/by/2.0/,oi-bce902c227b435da,Codex visual inspection: one identifiable physical target within confirmed definition,27677ed2940258b7,1024,768,2026-10-07T18:12:27+08:00,Open Images V7 public test image / V5 human boxable labels; one non-depicted box >=25% image area
commons-45020690,data/raw/commons/umbrella/commons-45020690.jpg,09a97e033283b8e7edc7159f803176fd219434589bc93690922e2019dfc004a0,1,,,commons-api,,train,approved,campus-public-expanded-v1,wikimedia_commons,45020690,https://commons.wikimedia.org/wiki/File:Eserny%C5%91.jpg,https://upload.wikimedia.org/wikipedia/commons/b/bb/Eserny%C5%91.jpg?utm_source=commons.wikimedia.org&utm_campaign=imageinfo&utm_content=original,https://thumb.wikimedia.org/wikipedia/commons/thumb/b/bb/Eserny%C5%91.jpg/500px-Eserny%C5%91.jpg?utm_source=commons.wikimedia.org&utm_campaign=imageinfo&utm_content=thumbnail,Varga.alex94,CC BY-SA 4.0,https://creativecommons.org/licenses/by-sa/4.0,commons-45020690,Codex visual inspection: one clear portable umbrella is primary,2972d4952e68f197,500,714,2026-10-07T19:08:12+08:00,Commons file timestamp=2015-11-15T16:32:28Z; source sha1=90700bc1834dacc475d1a549fce54736999bbe1c; requested thumbnail=500px
oi-f8ca116285a527c4,data/raw/openimages/umbrella/oi-f8ca116285a527c4.jpg,d214192a5aac41aaddc7b4c701f0d2cfbaec51c935a79c1cfa1c82a1ed882ef9,1,,,open-images-official,,train,approved,campus-public-expanded-v1,open_images,f8ca116285a527c4,https://www.flickr.com/photos/caspargirl/7531060532/,https://farm5.staticflickr.com/8009/7531060532_5aa988e1ec_o.jpg,https://open-images-dataset.s3.amazonaws.com/validation/f8ca116285a527c4.jpg,CasparGirl,https://creativecommons.org/licenses/by/2.0/,https://creativecommons.org/licenses/by/2.0/,oi-f8ca116285a527c4,Codex visual inspection: one identifiable target within frozen definition,30f6d216e3d22da9,1024,576,2026-10-07T17:46:12+08:00,Open Images V7 public validation image / V5 human boxable labels
oi-175aa1739edb9890,data/raw/openimages/umbrella/oi-175aa1739edb9890.jpg,a84bb08fa81dfcdea366e7eda26f164913bdc4418c5fe4609b6f11d7c2a36692,1,,,open-images-official,,train,approved,campus-public-expanded-v1,open_images,175aa1739edb9890,https://www.flickr.com/photos/oakleyoriginals/5042126836,https://farm1.staticflickr.com/4087/5042126836_14ef55663c_o.jpg,https://open-images-dataset.s3.amazonaws.com/validation/175aa1739edb9890.jpg,OakleyOriginals,https://creativecommons.org/licenses/by/2.0/,https://creativecommons.org/licenses/by/2.0/,oi-175aa1739edb9890,Codex visual inspection: one identifiable target within frozen definition,d4c9cb0e0f3c5ce1,768,1024,2026-10-07T17:43:37+08:00,Open Images V7 public validation image / V5 human boxable labels
commons-11750022,data/raw/commons/umbrella/commons-11750022.jpg,f1c54ff2515a9d923becf563f2b033f5614c19c84e922db83b05487000c0e493,1,,,commons-api,,train,approved,campus-public-expanded-v1,wikimedia_commons,11750022,https://commons.wikimedia.org/wiki/File:DetailGlasfiberSpeichenKroneAutomatikSchirm.JPG,https://upload.wikimedia.org/wikipedia/commons/a/aa/DetailGlasfiberSpeichenKroneAutomatikSchirm.JPG?utm_source=commons.wikimedia.org&utm_campaign=imageinfo&utm_content=original,https://thumb.wikimedia.org/wikipedia/commons/thumb/a/aa/DetailGlasfiberSpeichenKroneAutomatikSchirm.JPG/960px-DetailGlasfiberSpeichenKroneAutomatikSchirm.JPG?utm_source=commons.wikimedia.org&utm_campaign=imageinfo&utm_content=thumbnail,StromBer,CC BY 3.0,https://creativecommons.org/licenses/by/3.0,commons-11750022,Codex visual inspection: one clear portable umbrella is primary,93f0c40331975ecf,960,720,2026-10-07T19:07:24+08:00,Commons file timestamp=2010-10-10T17:54:23Z; source sha1=f914f5912e7185a0a751683cadf7baf9d64ef0d7; requested thumbnail=960px
oi-0a0aa9e4a5d037e5,data/raw/openimages/umbrella/oi-0a0aa9e4a5d037e5.jpg,f7ada0d60de18cbf789715785c8361d8db98d0d820118266146eecc4d81f05ab,1,,,open-images-official,,train,approved,campus-public-expanded-v1,open_images,0a0aa9e4a5d037e5,https://www.flickr.com/photos/nevillewootton/6393404903,https://farm6.staticflickr.com/7027/6393404903_f96c65732d_o.jpg,https://open-images-dataset.s3.amazonaws.com/test/0a0aa9e4a5d037e5.jpg,Neville Wootton,https://creativecommons.org/licenses/by/2.0/,https://creativecommons.org/licenses/by/2.0/,oi-0a0aa9e4a5d037e5,Codex visual inspection: one identifiable target within frozen definition,2e25b5d7254203fd,682,1024,2026-10-07T18:04:12+08:00,Open Images V7 public test image / V5 human boxable labels; one non-depicted box >=25% image area
commons-22700187,data/raw/commons/umbrella/commons-22700187.jpg,e5ba020d60d5a099023789ad0abc3a4cc091442b04c9a1ec37380c91d8341106,1,,,commons-api,,train,approved,campus-public-expanded-v1,wikimedia_commons,22700187,https://commons.wikimedia.org/wiki/File:Guardachuvadino.jpg,https://upload.wikimedia.org/wikipedia/commons/c/cd/Guardachuvadino.jpg?utm_source=commons.wikimedia.org&utm_campaign=imageinfo&utm_content=original,https://thumb.wikimedia.org/wikipedia/commons/thumb/c/cd/Guardachuvadino.jpg/330px-Guardachuvadino.jpg?utm_source=commons.wikimedia.org&utm_campaign=imageinfo&utm_content=thumbnail,NoEcziste,CC BY-SA 3.0,https://creativecommons.org/licenses/by-sa/3.0,commons-22700187,Codex visual inspection: one clear portable umbrella is primary,8c1b51ed16ebe905,330,247,2026-10-07T19:09:42+08:00,Commons file timestamp=2012-11-15T05:49:47Z; source sha1=929a06c918d3baec71d773b437e39f07663df60c; requested thumbnail=330px
commons-114076284,data/raw/commons/umbrella/commons-114076284.jpg,7514285ce6790400e5e778579d6ac095769bd2deb67b5da9628a39caf1b005cd,1,,,commons-api,,train,approved,campus-public-expanded-v1,wikimedia_commons,114076284,https://commons.wikimedia.org/wiki/File:Black_umbrella.jpg,https://upload.wikimedia.org/wikipedia/commons/a/a4/Black_umbrella.jpg?utm_source=commons.wikimedia.org&utm_campaign=imageinfo&utm_content=original,https://thumb.wikimedia.org/wikipedia/commons/thumb/a/a4/Black_umbrella.jpg/960px-Black_umbrella.jpg?utm_source=commons.wikimedia.org&utm_campaign=imageinfo&utm_content=thumbnail,Janakiraman janaki,CC BY-SA 4.0,https://creativecommons.org/licenses/by-sa/4.0,commons-114076284,Codex visual inspection: one clear portable umbrella is primary,1ce101765ea9ff03,960,540,2026-10-07T19:04:05+08:00,Commons file timestamp=2022-01-07T14:39:17Z; source sha1=6fddf4b3cce65944e95640e4b2ca04be5a9282df; requested thumbnail=960px
commons-98706930,data/raw/commons/umbrella/commons-98706930.jpg,c0df2c0a0a4115f564405b8b7632396a2075b2d2557309b1dbee2b9b222f84bb,1,,,commons-api,,train,approved,campus-public-expanded-v1,wikimedia_commons,98706930,https://commons.wikimedia.org/wiki/File:Folding_umbrella_01.jpg,https://upload.wikimedia.org/wikipedia/commons/2/22/Folding_umbrella_01.jpg?utm_source=commons.wikimedia.org&utm_campaign=imageinfo&utm_content=original,https://thumb.wikimedia.org/wikipedia/commons/thumb/2/22/Folding_umbrella_01.jpg/960px-Folding_umbrella_01.jpg?utm_source=commons.wikimedia.org&utm_campaign=imageinfo&utm_content=thumbnail,Kritzolina,CC BY-SA 4.0,https://creativecommons.org/licenses/by-sa/4.0,commons-98706930,Codex visual inspection: one identifiable physical target within confirmed definition,36994d26b29947a7,960,640,2026-10-07T18:52:05+08:00,Commons file timestamp=2021-01-10T08:30:00Z; source sha1=8534b1482d8352763e210d34fb91a282142a07c3; requested thumbnail=960px
oi-fb934a9e61fcc8dd,data/raw/openimages/umbrella/oi-fb934a9e61fcc8dd.jpg,13fdaf0a9b4cf417b42e7d6b0a03ef3d8a63fe9937f71856bf5d4509ce576435,1,,,open-images-official,,train,approved,campus-public-expanded-v1,open_images,fb934a9e61fcc8dd,https://www.flickr.com/photos/73451587@N05/9807463876/,https://c6.staticflickr.com/8/7451/9807463876_d61a0220ae_o.jpg,https://open-images-dataset.s3.amazonaws.com/test/fb934a9e61fcc8dd.jpg,luisjoRN,https://creativecommons.org/licenses/by/2.0/,https://creativecommons.org/licenses/by/2.0/,oi-fb934a9e61fcc8dd,Codex visual inspection: one identifiable physical target within confirmed definition,46ceda38258bd8a7,1024,683,2026-10-07T18:13:50+08:00,Open Images V7 public test image / V5 human boxable labels; one non-depicted box >=25% image area
oi-0d5af6c966512522,data/raw/openimages/umbrella/oi-0d5af6c966512522.jpg,1ce6cd54a31bfa08a8e5ebd02d6876428e6a843e5c1a9cad1dd495950a05d276,1,,,open-images-official,,train,approved,campus-public-expanded-v1,open_images,0d5af6c966512522,https://www.flickr.com/photos/88526197@N00/3184772593,https://farm3.staticflickr.com/3360/3184772593_76cb248f49_o.jpg,https://open-images-dataset.s3.amazonaws.com/test/0d5af6c966512522.jpg,DymphieH,https://creativecommons.org/licenses/by/2.0/,https://creativecommons.org/licenses/by/2.0/,oi-0d5af6c966512522,Codex visual inspection: one identifiable physical target within confirmed definition,c0e0d8ae0f76bd23,1024,870,2026-10-07T18:14:13+08:00,Open Images V7 public test image / V5 human boxable labels; one non-depicted box >=25% image area
commons-115059590,data/raw/commons/umbrella/commons-115059590.jpg,05e31f7987a1526b753dd3398381e31f3be4eb7ee006b2439576121b6346a1a1,1,,,commons-api,,train,approved,campus-public-expanded-v1,wikimedia_commons,115059590,https://commons.wikimedia.org/wiki/File:2022_Knirps30.jpg,https://upload.wikimedia.org/wikipedia/commons/1/1c/2022_Knirps30.jpg?utm_source=commons.wikimedia.org&utm_campaign=imageinfo&utm_content=original,https://thumb.wikimedia.org/wikipedia/commons/thumb/1/1c/2022_Knirps30.jpg/960px-2022_Knirps30.jpg?utm_source=commons.wikimedia.org&utm_campaign=imageinfo&utm_content=thumbnail,Knirpser,CC BY-SA 4.0,https://creativecommons.org/licenses/by-sa/4.0,commons-115059588,Codex visual inspection: one identifiable physical target within confirmed definition,1e3c61f2fe0301f3,960,676,2026-10-07T18:52:37+08:00,Commons file timestamp=2022-02-07T17:20:48Z; source sha1=dfeb501e61ec8563e3a68dfbfab5d718a84a158d; requested thumbnail=960px
commons-75706922,data/raw/commons/umbrella/commons-75706922.jpg,fe68e742fb96ea8f77b4960bf23f30b65be8736abbb2ef4aa7353a202a543126,1,,,commons-api,,train,approved,campus-public-expanded-v1,wikimedia_commons,75706922,https://commons.wikimedia.org/wiki/File:Cloth_umbrellas.jpg,https://upload.wikimedia.org/wikipedia/commons/2/29/Cloth_umbrellas.jpg?utm_source=commons.wikimedia.org&utm_campaign=imageinfo&utm_content=original,https://thumb.wikimedia.org/wikipedia/commons/thumb/2/29/Cloth_umbrellas.jpg/960px-Cloth_umbrellas.jpg?utm_source=commons.wikimedia.org&utm_campaign=imageinfo&utm_content=thumbnail,Gausanchennai,CC BY-SA 4.0,https://creativecommons.org/licenses/by-sa/4.0,commons-75706922,Codex visual inspection: one clear portable umbrella is primary,1fce0ccca017877b,960,720,2026-10-07T19:05:41+08:00,Commons file timestamp=2019-01-09T10:55:05Z; source sha1=fd4e879c1231c56323b7f0b271405c1ad30b7628; requested thumbnail=960px
oi-64f51a50c1aff6f7,data/raw/openimages/umbrella/oi-64f51a50c1aff6f7.jpg,67a9793b95419c68d7fc430f7b8bea9d54c05cf6a05e8ac20b4c97574963672a,1,,,open-images-official,,train,approved,campus-public-expanded-v1,open_images,64f51a50c1aff6f7,https://www.flickr.com/photos/andrewfhart/7962741614,https://farm8.staticflickr.com/8170/7962741614_51a3a8b874_o.jpg,https://open-images-dataset.s3.amazonaws.com/test/64f51a50c1aff6f7.jpg,Andrew Hart,https://creativecommons.org/licenses/by/2.0/,https://creativecommons.org/licenses/by/2.0/,oi-64f51a50c1aff6f7,Codex visual inspection: one identifiable physical target within confirmed definition,510f49e039a7c75d,1024,683,2026-10-07T18:14:54+08:00,Open Images V7 public test image / V5 human boxable labels; one non-depicted box >=25% image area
commons-81365030,data/raw/commons/umbrella/commons-81365030.jpeg,22b3a024c20cff67d5318f386bc0bef20dca1ba8f907836cdd74494f39bf7944,1,,,commons-api,,train,approved,campus-public-expanded-v1,wikimedia_commons,81365030,https://commons.wikimedia.org/wiki/File:Come_Lets_Go_(84227397).jpeg,https://upload.wikimedia.org/wikipedia/commons/a/a8/Come_Lets_Go_%2884227397%29.jpeg?utm_source=commons.wikimedia.org&utm_campaign=imageinfo&utm_content=original,https://thumb.wikimedia.org/wikipedia/commons/thumb/a/a8/Come_Lets_Go_%2884227397%29.jpeg/960px-Come_Lets_Go_%2884227397%29.jpeg?utm_source=commons.wikimedia.org&utm_campaign=imageinfo&utm_content=thumbnail,Muthumeena Jeyakarthick,CC BY-SA 3.0,https://creativecommons.org/licenses/by-sa/3.0,commons-81365030,Codex visual inspection: one clear portable umbrella is primary,0d3b9d654e4d34b1,960,640,2026-10-07T19:06:52+08:00,Commons file timestamp=2019-08-16T00:46:49Z; source sha1=70633a4b78a0c70f0e23a140ab091d0d4b752749; requested thumbnail=960px
oi-968288c82e121f36,data/raw/openimages/umbrella/oi-968288c82e121f36.jpg,3aed5f4d04e2b716f9b6a8d4b7051cd3fba605eed9cf29b3a68f44ecd7c7d8e2,1,,,open-images-official,,train,approved,campus-public-expanded-v1,open_images,968288c82e121f36,https://www.flickr.com/photos/halloweencostumes2011/6845458255,https://farm7.staticflickr.com/7143/6845458255_61cbab3eda_o.jpg,https://open-images-dataset.s3.amazonaws.com/test/968288c82e121f36.jpg,Michelle Yao,https://creativecommons.org/licenses/by/2.0/,https://creativecommons.org/licenses/by/2.0/,oi-968288c82e121f36,Codex visual inspection: one identifiable physical target within confirmed definition,a91d3969594306fd,1024,1024,2026-10-07T18:06:22+08:00,Open Images V7 public test image / V5 human boxable labels; one non-depicted box >=25% image area
commons-162641614,data/raw/commons/umbrella/commons-162641614.jpg,131428fb9e7d06b88a589da0b7466c5f6bc1276c13e5a71fb2760c223d7f2dcd,1,,,commons-api,,train,approved,campus-public-expanded-v1,wikimedia_commons,162641614,https://commons.wikimedia.org/wiki/File:An_umbrella_(cropped).jpg,https://upload.wikimedia.org/wikipedia/commons/6/64/An_umbrella_%28cropped%29.jpg?utm_source=commons.wikimedia.org&utm_campaign=imageinfo&utm_content=original,https://thumb.wikimedia.org/wikipedia/commons/thumb/6/64/An_umbrella_%28cropped%29.jpg/500px-An_umbrella_%28cropped%29.jpg?utm_source=commons.wikimedia.org&utm_campaign=imageinfo&utm_content=thumbnail,SubrataEmfluence,CC BY-SA 4.0,https://creativecommons.org/licenses/by-sa/4.0,commons-162641614,Codex visual inspection: one clear portable umbrella is primary,29bbed091b555455,500,598,2026-10-07T19:02:52+08:00,Commons file timestamp=2025-03-22T20:19:08Z; source sha1=3f1da8d99d90c975eac7df92fa8ecc0890c2c050; requested thumbnail=500px
oi-2ae47fa15fea397b,data/raw/openimages/umbrella/oi-2ae47fa15fea397b.jpg,9166e1ce3abba954498d19b52931b3cd59b3cc968c4fe4bdd0ff85f6764ea5ca,1,,,open-images-official,,train,approved,campus-public-expanded-v1,open_images,2ae47fa15fea397b,https://www.flickr.com/photos/girlguidesofcan/15870845868,https://c4.staticflickr.com/8/7476/15870845868_6d5dbf6a56_o.jpg,https://open-images-dataset.s3.amazonaws.com/validation/2ae47fa15fea397b.jpg,Girl Guides of Canada,https://creativecommons.org/licenses/by/2.0/,https://creativecommons.org/licenses/by/2.0/,oi-2ae47fa15fea397b,Codex visual inspection: one identifiable target within frozen definition,2cd94c59b1984b77,1024,1024,2026-10-07T17:52:58+08:00,Open Images V7 public validation image / V5 human boxable labels
commons-99387585,data/raw/commons/umbrella/commons-99387585.jpg,5995f45e219c633880dbcdb6be713074b7de46ba6e1aa88282c9541a97ee89ed,1,,,commons-api,,train,approved,campus-public-expanded-v1,wikimedia_commons,99387585,https://commons.wikimedia.org/wiki/File:Farbe_trotz_Regen.jpg,https://upload.wikimedia.org/wikipedia/commons/6/6d/Farbe_trotz_Regen.jpg?utm_source=commons.wikimedia.org&utm_campaign=imageinfo&utm_content=original,https://thumb.wikimedia.org/wikipedia/commons/thumb/6/6d/Farbe_trotz_Regen.jpg/960px-Farbe_trotz_Regen.jpg?utm_source=commons.wikimedia.org&utm_campaign=imageinfo&utm_content=thumbnail,Mensch01,CC BY-SA 4.0,https://creativecommons.org/licenses/by-sa/4.0,commons-99387585,Codex visual inspection: one clear portable umbrella is primary,42c50d178f30e7eb,960,640,2026-10-07T19:08:23+08:00,Commons file timestamp=2021-01-29T14:46:54Z; source sha1=d96a79d2a5be229ae92619179cb28cdfe3d00e14; requested thumbnail=960px
commons-128323996,data/raw/commons/umbrella/commons-128323996.jpg,28c1053e8bdcc8a88684a557a531bbddf9bbd43a047c379cd46d371ac6d51e89,1,,,commons-api,,train,approved,campus-public-expanded-v1,wikimedia_commons,128323996,https://commons.wikimedia.org/wiki/File:HK_AM_Admiralty_Station_MTR_sale_%E7%B8%AE%E9%AA%A8%E9%81%AE_umbrella_February_2023_Px3_01.jpg,https://upload.wikimedia.org/wikipedia/commons/7/76/HK_AM_Admiralty_Station_MTR_sale_%E7%B8%AE%E9%AA%A8%E9%81%AE_umbrella_February_2023_Px3_01.jpg?utm_source=commons.wikimedia.org&utm_campaign=imageinfo&utm_content=original,https://thumb.wikimedia.org/wikipedia/commons/thumb/7/76/HK_AM_Admiralty_Station_MTR_sale_%E7%B8%AE%E9%AA%A8%E9%81%AE_umbrella_February_2023_Px3_01.jpg/960px-HK_AM_Admiralty_Station_MTR_sale_%E7%B8%AE%E9%AA%A8%E9%81%AE_umbrella_February_2023_Px3_01.jpg?utm_source=commons.wikimedia.org&utm_campaign=imageinfo&utm_content=thumbnail,CW HADIC M223 KSUM,CC BY-SA 4.0,https://creativecommons.org/licenses/by-sa/4.0,commons-128323996,Codex visual inspection: one identifiable physical target within confirmed definition,09212f658f17ce5d,960,1280,2026-10-07T18:53:05+08:00,Commons file timestamp=2023-02-02T00:43:08Z; source sha1=aa2a00e020a37edc795071aee297a700197aadad; requested thumbnail=960px
commons-128328535,data/raw/commons/umbrella/commons-128328535.jpg,759def1356ce81bac5c721b8df87bd617a3f873407ca27493cc334ac74686d5b,1,,,commons-api,,train,approved,campus-public-expanded-v1,wikimedia_commons,128328535,https://commons.wikimedia.org/wiki/File:HK_AM_%E9%87%91%E9%90%98%E7%AB%99_Admiralty_Station_MTR_service_counter_February_2023_Px3_04.jpg,https://upload.wikimedia.org/wikipedia/commons/2/2a/HK_AM_%E9%87%91%E9%90%98%E7%AB%99_Admiralty_Station_MTR_service_counter_February_2023_Px3_04.jpg?utm_source=commons.wikimedia.org&utm_campaign=imageinfo&utm_content=original,https://thumb.wikimedia.org/wikipedia/commons/thumb/2/2a/HK_AM_%E9%87%91%E9%90%98%E7%AB%99_Admiralty_Station_MTR_service_counter_February_2023_Px3_04.jpg/960px-HK_AM_%E9%87%91%E9%90%98%E7%AB%99_Admiralty_Station_MTR_service_counter_February_2023_Px3_04.jpg?utm_source=commons.wikimedia.org&utm_campaign=imageinfo&utm_content=thumbnail,CW HADIC M223 KSUM,CC BY-SA 4.0,https://creativecommons.org/licenses/by-sa/4.0,commons-128323996,Codex visual inspection: one identifiable physical target within confirmed definition,01b127c137f3761d,960,1280,2026-10-07T18:53:10+08:00,Commons file timestamp=2023-02-02T05:47:50Z; source sha1=69897ba8086d86ee0e294a4f41bfcbe9d35d72bf; requested thumbnail=960px
commons-97399313,data/raw/commons/umbrella/commons-97399313.jpg,5aa62e1bbadf3f03dba1c6ec89a04a42ddb50c80d0d991ce0eae8e2c69ab0e36,1,,,commons-api,,train,approved,campus-public-expanded-v1,wikimedia_commons,97399313,https://commons.wikimedia.org/wiki/File:Against_the_wind_(6792993194).jpg,https://upload.wikimedia.org/wikipedia/commons/e/e1/Against_the_wind_%286792993194%29.jpg?utm_source=commons.wikimedia.org&utm_campaign=imageinfo&utm_content=original,https://thumb.wikimedia.org/wikipedia/commons/thumb/e/e1/Against_the_wind_%286792993194%29.jpg/1280px-Against_the_wind_%286792993194%29.jpg?utm_source=commons.wikimedia.org&utm_campaign=imageinfo&utm_content=thumbnail,"Ed Schipul from Houston, TX, US",CC BY 2.0,https://creativecommons.org/licenses/by/2.0,commons-97399313,Codex visual review of contact sheet: one identifiable target within frozen category definition,96a15fe4199ea169,1280,720,2026-10-07T16:32:10+08:00,Early collection; original source revision not retained; local downloaded rendition SHA-256=5aa62e1bbadf3f03dba1c6ec89a04a42ddb50c80d0d991ce0eae8e2c69ab0e36; download time recovered from original local file mtime
commons-126979484,data/raw/commons/umbrella/commons-126979484.jpg,d97814c823d56c02da08241417732afc8bbe628862c6d2cba8f12c7d038c22be,1,,,commons-api,,train,approved,campus-public-expanded-v1,wikimedia_commons,126979484,https://commons.wikimedia.org/wiki/File:1955_Dodge_La_Femme_Umbrella_Closed.jpg,https://upload.wikimedia.org/wikipedia/commons/3/33/1955_Dodge_La_Femme_Umbrella_Closed.jpg?utm_source=commons.wikimedia.org&utm_campaign=imageinfo&utm_content=original,https://thumb.wikimedia.org/wikipedia/commons/thumb/3/33/1955_Dodge_La_Femme_Umbrella_Closed.jpg/960px-1955_Dodge_La_Femme_Umbrella_Closed.jpg?utm_source=commons.wikimedia.org&utm_campaign=imageinfo&utm_content=thumbnail,Tony Lindsey,CC BY-SA 4.0,https://creativecommons.org/licenses/by-sa/4.0,commons-126979484,Codex visual inspection: one clear portable umbrella is primary,9e23d10f69bc6455,960,864,2026-10-07T18:55:47+08:00,Commons file timestamp=2022-12-24T23:30:46Z; source sha1=3944a2cf68751cc442156911b171a4349887df6e; requested thumbnail=960px
commons-194784496,data/raw/commons/umbrella/commons-194784496.jpg,f1b9083fd3b803a479c6217ea1383be8a347279caa351d8e2e7fd33333c525af,1,,,commons-api,,train,approved,campus-public-expanded-v1,wikimedia_commons,194784496,https://commons.wikimedia.org/wiki/File:Black_umbrella_splashing_in_the_garden.jpg,https://upload.wikimedia.org/wikipedia/commons/f/ff/Black_umbrella_splashing_in_the_garden.jpg?utm_source=commons.wikimedia.org&utm_campaign=imageinfo&utm_content=original,https://thumb.wikimedia.org/wikipedia/commons/thumb/f/ff/Black_umbrella_splashing_in_the_garden.jpg/960px-Black_umbrella_splashing_in_the_garden.jpg?utm_source=commons.wikimedia.org&utm_campaign=imageinfo&utm_content=thumbnail,Shixart1985,CC BY 2.0,https://creativecommons.org/licenses/by/2.0,commons-194784496,Codex visual inspection: one clear portable umbrella is primary,9e1a1bd3c78ca923,960,641,2026-10-07T19:04:16+08:00,Commons file timestamp=2026-06-29T06:39:00Z; source sha1=53b59f3efd1e86c1578268519df40eb35c801e6f; requested thumbnail=960px
commons-186184922,data/raw/commons/book/commons-186184922.jpg,a83fc78b1187438116d301b97229f8502a03fc9ee27c223c08394e9bd735281f,2,,,commons-api,,train,approved,campus-public-expanded-v1,wikimedia_commons,186184922,https://commons.wikimedia.org/wiki/File:AC_SO_Karlspreis%C3%BCbergabe_14.03.2026_Maria_Kalesnikava_-_Eintrag_in_das_goldene_Buch_I.jpg,https://upload.wikimedia.org/wikipedia/commons/a/a2/AC_SO_Karlspreis%C3%BCbergabe_14.03.2026_Maria_Kalesnikava_-_Eintrag_in_das_goldene_Buch_I.jpg?utm_source=commons.wikimedia.org&utm_campaign=imageinfo&utm_content=original,https://thumb.wikimedia.org/wikipedia/commons/thumb/a/a2/AC_SO_Karlspreis%C3%BCbergabe_14.03.2026_Maria_Kalesnikava_-_Eintrag_in_das_goldene_Buch_I.jpg/960px-AC_SO_Karlspreis%C3%BCbergabe_14.03.2026_Maria_Kalesnikava_-_Eintrag_in_das_goldene_Buch_I.jpg?utm_source=commons.wikimedia.org&utm_campaign=imageinfo&utm_content=thumbnail,Grunpfnul,CC BY-SA 4.0,https://creativecommons.org/licenses/by-sa/4.0,commons-186184922,Codex visual inspection: one recognizable physical book with binding/page curvature,c68ec28ec7828f3b,960,640,2026-10-07T18:45:39+08:00,Commons file timestamp=2026-03-15T00:22:33Z; source sha1=4a1cf9e01820f4ac44db346af4140caa17078762; requested thumbnail=960px
oi-e20d12d009b24504,data/raw/openimages/book/oi-e20d12d009b24504.jpg,98aed0bb0e273b7ac023f52b470de3db353ff41558359f7cd31111f1e70ab53f,2,,,open-images-official,,train,approved,campus-public-expanded-v1,open_images,e20d12d009b24504,https://www.flickr.com/photos/rosenbach/9682176534,https://farm5.staticflickr.com/7368/9682176534_60c6c58d80_o.jpg,https://open-images-dataset.s3.amazonaws.com/test/e20d12d009b24504.jpg,Rosenbach Museum &amp; Library,https://creativecommons.org/licenses/by/2.0/,https://creativecommons.org/licenses/by/2.0/,oi-e20d12d009b24504,Codex visual inspection: one identifiable physical target within confirmed definition,7433c3f18d499e15,1024,768,2026-10-07T18:10:29+08:00,Open Images V7 public test image / V5 human boxable labels; one non-depicted box >=25% image area
commons-62297008,data/raw/commons/book/commons-62297008.jpg,72597945d68caf20eaf7ee40b7e93faf03cfac2e1acb94b3153d5bc9132feed4,2,,,commons-api,,train,approved,campus-public-expanded-v1,wikimedia_commons,62297008,https://commons.wikimedia.org/wiki/File:Anastasia_Zhenina_2016-02-16_(Unsplash).jpg,https://upload.wikimedia.org/wikipedia/commons/8/82/Anastasia_Zhenina_2016-02-16_%28Unsplash%29.jpg?utm_source=commons.wikimedia.org&utm_campaign=imageinfo&utm_content=original,https://thumb.wikimedia.org/wikipedia/commons/thumb/8/82/Anastasia_Zhenina_2016-02-16_%28Unsplash%29.jpg/960px-Anastasia_Zhenina_2016-02-16_%28Unsplash%29.jpg?utm_source=commons.wikimedia.org&utm_campaign=imageinfo&utm_content=thumbnail,Anastasia Zhenina disguise_truth,CC0,http://creativecommons.org/publicdomain/zero/1.0/deed.en,commons-62297008,Codex visual inspection: one identifiable physical target within confirmed definition,7e9544d7255a3c23,960,720,2026-10-07T18:50:32+08:00,Commons file timestamp=2017-09-09T06:15:37Z; source sha1=cdfb23309ef5ee5bb714dfa13c8cb8d2ac1d9bc9; requested thumbnail=960px
oi-c31aac45ea17d3f4,data/raw/openimages/book/oi-c31aac45ea17d3f4.jpg,e21197280b410601d2e867032ff87dc393da67bd162120ba77e2472acdd4198c,2,,,open-images-official,,train,approved,campus-public-expanded-v1,open_images,c31aac45ea17d3f4,https://www.flickr.com/photos/dinah/2155097413,https://farm5.staticflickr.com/2179/2155097413_30ae292c38_o.jpg,https://open-images-dataset.s3.amazonaws.com/test/c31aac45ea17d3f4.jpg,Dinah Sanders,https://creativecommons.org/licenses/by/2.0/,https://creativecommons.org/licenses/by/2.0/,oi-c31aac45ea17d3f4,Codex visual inspection: one identifiable physical target within confirmed definition,de56525656e62703,1024,768,2026-10-07T18:10:48+08:00,Open Images V7 public test image / V5 human boxable labels; one non-depicted box >=25% image area
commons-27828389,data/raw/commons/book/commons-27828389.jpg,d55f2896c0ffc27770382d2a4a105527178156f5ece21ddff673f87274dc7e0f,2,,,commons-api,,train,approved,campus-public-expanded-v1,wikimedia_commons,27828389,https://commons.wikimedia.org/wiki/File:Cor%C3%A1n_(9284083728).jpg,https://upload.wikimedia.org/wikipedia/commons/e/e6/Cor%C3%A1n_%289284083728%29.jpg?utm_source=commons.wikimedia.org&utm_campaign=imageinfo&utm_content=original,https://thumb.wikimedia.org/wikipedia/commons/thumb/e/e6/Cor%C3%A1n_%289284083728%29.jpg/960px-Cor%C3%A1n_%289284083728%29.jpg?utm_source=commons.wikimedia.org&utm_campaign=imageinfo&utm_content=thumbnail,"Juanedc from Zaragoza, España",CC BY 2.0,https://creativecommons.org/licenses/by/2.0,commons-27828389,Codex visual inspection: one recognizable physical book is the primary subject,630f8ec159e4f30b,960,640,2026-10-07T18:35:59+08:00,Commons file timestamp=2013-08-22T09:38:34Z; source sha1=14b8cdab30796aa2cbdd2794b54956f5f34de2a1; requested thumbnail=960px
commons-561628,data/raw/commons/book/commons-561628.jpg,d7714f346de0ab9ab58e7cc8c11d66d3cc6df39c1fa5d3741181b88d5c43f5f2,2,,,commons-api,,train,approved,campus-public-expanded-v1,wikimedia_commons,561628,https://commons.wikimedia.org/wiki/File:Abramowitz%26Stegun.page97.agr.jpg,https://upload.wikimedia.org/wikipedia/commons/2/2e/Abramowitz%26Stegun.page97.agr.jpg?utm_source=commons.wikimedia.org&utm_campaign=imageinfo&utm_content=original,https://thumb.wikimedia.org/wikipedia/commons/thumb/2/2e/Abramowitz%26Stegun.page97.agr.jpg/960px-Abramowitz%26Stegun.page97.agr.jpg?utm_source=commons.wikimedia.org&utm_campaign=imageinfo&utm_content=thumbnail,agr,CC BY 2.5,https://creativecommons.org/licenses/by/2.5,commons-561628,Codex visual inspection: one recognizable physical book with binding/page curvature,1c565556735e63a1,960,633,2026-10-07T18:43:15+08:00,Commons file timestamp=2007-04-08T19:55:51Z; source sha1=4d38ba3a405ad6f57f37d344d60efb41c7d7ace9; requested thumbnail=960px
commons-123370825,data/raw/commons/book/commons-123370825.jpg,2a8c3bacee868b0e053c942b58c4c88a37344e82c9ea665f6d9f80240509d402,2,,,commons-api,,train,approved,campus-public-expanded-v1,wikimedia_commons,123370825,"https://commons.wikimedia.org/wiki/File:179_Galleria_Nazionale_delle_Marche_(Urbino),_Disputationes_Camaldulenses,_de_C._Landino.jpg",https://upload.wikimedia.org/wikipedia/commons/c/c7/179_Galleria_Nazionale_delle_Marche_%28Urbino%29%2C_Disputationes_Camaldulenses%2C_de_C._Landino.jpg?utm_source=commons.wikimedia.org&utm_campaign=imageinfo&utm_content=original,https://thumb.wikimedia.org/wikipedia/commons/thumb/c/c7/179_Galleria_Nazionale_delle_Marche_%28Urbino%29%2C_Disputationes_Camaldulenses%2C_de_C._Landino.jpg/960px-179_Galleria_Nazionale_delle_Marche_%28Urbino%29%2C_Disputationes_Camaldulenses%2C_de_C._Landino.jpg?utm_source=commons.wikimedia.org&utm_campaign=imageinfo&utm_content=thumbnail,Enric,CC BY-SA 4.0,https://creativecommons.org/licenses/by-sa/4.0,commons-123370825,Codex visual inspection: one recognizable physical book with binding/page curvature,e9d8137a1c1cc6e3,960,720,2026-10-07T18:43:09+08:00,Commons file timestamp=2022-09-25T12:49:48Z; source sha1=8ccbc3d214cc24e882a1f093b050008b6848e4f0; requested thumbnail=960px
oi-396a525890209734,data/raw/openimages/book/oi-396a525890209734.jpg,49d9f6e5f43c1ad8bd0e6fc497a2a8b4c7822cdf8a5b853cabebd790e6b9f32a,2,,,open-images-official,,train,approved,campus-public-expanded-v1,open_images,396a525890209734,https://www.flickr.com/photos/earthlightbooks/5414640239,https://farm5.staticflickr.com/5092/5414640239_3ef7787623_o.jpg,https://open-images-dataset.s3.amazonaws.com/test/396a525890209734.jpg,earthlightbooks,https://creativecommons.org/licenses/by/2.0/,https://creativecommons.org/licenses/by/2.0/,oi-396a525890209734,Codex visual inspection: one identifiable physical target within confirmed definition,3348e5d835c1b4af,1024,768,2026-10-07T18:09:53+08:00,Open Images V7 public test image / V5 human boxable labels; one non-depicted box >=25% image area
commons-36214699,data/raw/commons/book/commons-36214699.jpg,73baaf290e0ec9a746d072094ff5e9322ad25dcffdf7d9365f5ac1d864b20869,2,,,commons-api,,train,approved,campus-public-expanded-v1,wikimedia_commons,36214699,"https://commons.wikimedia.org/wiki/File:%27The_Herball_or_Generall_Historie_of_Plants%27,_book,_London,_Wellcome_L0060528.jpg",https://upload.wikimedia.org/wikipedia/commons/b/b8/%27The_Herball_or_Generall_Historie_of_Plants%27%2C_book%2C_London%2C_Wellcome_L0060528.jpg?utm_source=commons.wikimedia.org&utm_campaign=imageinfo&utm_content=original,https://thumb.wikimedia.org/wikipedia/commons/thumb/b/b8/%27The_Herball_or_Generall_Historie_of_Plants%27%2C_book%2C_London%2C_Wellcome_L0060528.jpg/960px-%27The_Herball_or_Generall_Historie_of_Plants%27%2C_book%2C_London%2C_Wellcome_L0060528.jpg?utm_source=commons.wikimedia.org&utm_campaign=imageinfo&utm_content=thumbnail,,CC BY 4.0,https://creativecommons.org/licenses/by/4.0,commons-36214699,Codex visual inspection: one clearly physical open book with visible binding/page curvature,accbb07c5084aa7f,960,1443,2026-10-07T18:39:57+08:00,Commons file timestamp=2014-10-17T17:52:21Z; source sha1=6ac37c57b026cb92de4bdf3b46d6b8439500ef80; requested thumbnail=960px
oi-174921b674eec449,data/raw/openimages/book/oi-174921b674eec449.jpg,fb3c8d60d2756617e9b957b57800262faa854be453e568eb12db814c28d2065a,2,,,open-images-official,,train,approved,campus-public-expanded-v1,open_images,174921b674eec449,https://www.flickr.com/photos/lac-bac/8569616160,https://c2.staticflickr.com/9/8246/8569616160_a6a55eae61_o.jpg,https://open-images-dataset.s3.amazonaws.com/test/174921b674eec449.jpg,BiblioArchives / LibraryArchives,https://creativecommons.org/licenses/by/2.0/,https://creativecommons.org/licenses/by/2.0/,oi-174921b674eec449,Codex visual inspection: one identifiable physical target within confirmed definition,0ff00ff0070ff01f,676,1024,2026-10-07T18:13:07+08:00,Open Images V7 public test image / V5 human boxable labels; one non-depicted box >=25% image area
oi-7a1a3c57093f0653,data/raw/openimages/book/oi-7a1a3c57093f0653.jpg,276e4f4d111dc63262654221bc724637d9b947ad209891f382b0ea9e3bbc5e4a,2,,,open-images-official,,train,approved,campus-public-expanded-v1,open_images,7a1a3c57093f0653,https://www.flickr.com/photos/simbe/3953175645,https://farm4.staticflickr.com/2555/3953175645_bb56c8457c_o.jpg,https://open-images-dataset.s3.amazonaws.com/test/7a1a3c57093f0653.jpg,Simbe90,https://creativecommons.org/licenses/by/2.0/,https://creativecommons.org/licenses/by/2.0/,oi-7a1a3c57093f0653,Codex visual inspection: one identifiable physical target within confirmed definition,d9cbce643c1c83c3,1024,768,2026-10-07T18:13:48+08:00,Open Images V7 public test image / V5 human boxable labels; one non-depicted box >=25% image area
commons-40899974,data/raw/commons/book/commons-40899974.jpg,da2e92c6c736eaa2b3b340f0fe37a3970f04dacd464532d610d076f2af17f753,2,,,commons-api,,train,approved,campus-public-expanded-v1,wikimedia_commons,40899974,https://commons.wikimedia.org/wiki/File:Rajdeepgajjar.jpg,https://upload.wikimedia.org/wikipedia/commons/8/8f/Rajdeepgajjar.jpg?utm_source=commons.wikimedia.org&utm_campaign=imageinfo&utm_content=original,https://thumb.wikimedia.org/wikipedia/commons/thumb/8/8f/Rajdeepgajjar.jpg/960px-Rajdeepgajjar.jpg?utm_source=commons.wikimedia.org&utm_campaign=imageinfo&utm_content=thumbnail,Rajdeep21,CC BY-SA 4.0,https://creativecommons.org/licenses/by-sa/4.0,commons-40899974,Codex visual inspection: one recognizable physical book is the primary subject,7a3153d59e9c62a1,960,720,2026-10-07T18:36:57+08:00,Commons file timestamp=2015-06-11T11:52:56Z; source sha1=b820faf80cfe5cf39f55c6e8df33f6aba06c1f76; requested thumbnail=960px
commons-166150973,data/raw/commons/book/commons-166150973.jpg,55bdd09f3d22bc870127d90c7dfb1c9a9772994d0d8ab8b8a1366447c1142068,2,,,commons-api,,train,approved,campus-public-expanded-v1,wikimedia_commons,166150973,"https://commons.wikimedia.org/wiki/File:Alberto_martini,_forese,_litografia_in_la_divina_commedia_nuovam._illustrata_da_artisti_italiani,_ed._f.lli_alinari,_firenze_1922.jpg",https://upload.wikimedia.org/wikipedia/commons/f/fd/Alberto_martini%2C_forese%2C_litografia_in_la_divina_commedia_nuovam._illustrata_da_artisti_italiani%2C_ed._f.lli_alinari%2C_firenze_1922.jpg?utm_source=commons.wikimedia.org&utm_campaign=imageinfo&utm_content=original,https://thumb.wikimedia.org/wikipedia/commons/thumb/f/fd/Alberto_martini%2C_forese%2C_litografia_in_la_divina_commedia_nuovam._illustrata_da_artisti_italiani%2C_ed._f.lli_alinari%2C_firenze_1922.jpg/960px-Alberto_martini%2C_forese%2C_litografia_in_la_divina_commedia_nuovam._illustrata_da_artisti_italiani%2C_ed._f.lli_alinari%2C_firenze_1922.jpg?utm_source=commons.wikimedia.org&utm_campaign=imageinfo&utm_content=thumbnail,Francesco Bini,CC BY-SA 4.0,https://creativecommons.org/licenses/by-sa/4.0,commons-166150973,Codex visual inspection: one identifiable physical target within confirmed definition,d356696ca3e81783,960,584,2026-10-07T18:50:18+08:00,Commons file timestamp=2025-05-27T18:12:52Z; source sha1=94104110f2bfcb73bd6c0bc668b380bc4c02984e; requested thumbnail=960px
oi-ad0b84fa69dbb904,data/raw/openimages/book/oi-ad0b84fa69dbb904.jpg,8fbf2ba7607c6e254958e602a9b36551b0a27883b6d2d533633f10806802af0b,2,,,open-images-official,,train,approved,campus-public-expanded-v1,open_images,ad0b84fa69dbb904,https://www.flickr.com/photos/cdrummbks/6348140415,https://farm5.staticflickr.com/6056/6348140415_009ee261f9_o.jpg,https://open-images-dataset.s3.amazonaws.com/test/ad0b84fa69dbb904.jpg,CHRIS DRUMM,https://creativecommons.org/licenses/by/2.0/,https://creativecommons.org/licenses/by/2.0/,oi-ad0b84fa69dbb904,Codex visual inspection: one identifiable physical target within confirmed definition,e7e9991e0664e951,730,1024,2026-10-07T18:05:07+08:00,Open Images V7 public test image / V5 human boxable labels; one non-depicted box >=25% image area
oi-6b3ee8f9ce12c766,data/raw/openimages/book/oi-6b3ee8f9ce12c766.jpg,6210a097b1825a01061477c5d0cf2d5cfe4610d287eb5b4881e0cebca532cb85,2,,,open-images-official,,train,approved,campus-public-expanded-v1,open_images,6b3ee8f9ce12c766,https://www.flickr.com/photos/kirbyurner/10141595193,https://farm7.staticflickr.com/3787/10141595193_d81cf5a704_o.jpg,https://open-images-dataset.s3.amazonaws.com/test/6b3ee8f9ce12c766.jpg,thekirbster,https://creativecommons.org/licenses/by/2.0/,https://creativecommons.org/licenses/by/2.0/,oi-6b3ee8f9ce12c766,Codex visual inspection: one identifiable physical target within confirmed definition,23440c3ffcf622e9,768,1024,2026-10-07T18:04:20+08:00,Open Images V7 public test image / V5 human boxable labels; one non-depicted box >=25% image area
commons-58585352,data/raw/commons/book/commons-58585352.jpg,a6ad117d58b6f3253a941e264643d3655d30379222722ec4eb6558dd9c6b6de9,2,,,commons-api,,train,approved,campus-public-expanded-v1,wikimedia_commons,58585352,https://commons.wikimedia.org/wiki/File:1526_Gersdorff_Wechtlin_libro_de_cirug%C3%ADa_de_campa%C3%B1a.jpg,https://upload.wikimedia.org/wikipedia/commons/e/e0/1526_Gersdorff_Wechtlin_libro_de_cirug%C3%ADa_de_campa%C3%B1a.jpg?utm_source=commons.wikimedia.org&utm_campaign=imageinfo&utm_content=original,https://thumb.wikimedia.org/wikipedia/commons/thumb/e/e0/1526_Gersdorff_Wechtlin_libro_de_cirug%C3%ADa_de_campa%C3%B1a.jpg/960px-1526_Gersdorff_Wechtlin_libro_de_cirug%C3%ADa_de_campa%C3%B1a.jpg?utm_source=commons.wikimedia.org&utm_campaign=imageinfo&utm_content=thumbnail,Hispalois,CC BY-SA 4.0,https://creativecommons.org/licenses/by-sa/4.0,commons-58585352,Codex visual inspection: one clearly physical open book with visible binding/page curvature,f9b839be54ec0603,960,720,2026-10-07T18:40:05+08:00,Commons file timestamp=2017-05-07T18:17:47Z; source sha1=d9d4f400051ca71348c74399912f176fda1bf4c3; requested thumbnail=960px
commons-33796289,data/raw/commons/book/commons-33796289.jpeg,c2331b4ef9146c95cf3506b47f8859c271887d6003d3402725dcd83b1fe8a0ca,2,,,commons-api,,train,approved,campus-public-expanded-v1,wikimedia_commons,33796289,"https://commons.wikimedia.org/wiki/File:Annales_du_mus%C3%A9e_et_de_l%27%C3%A9cole_modernes_des_beaux_arts,_salon_de_1812-MBA_Lyon_2014.jpeg",https://upload.wikimedia.org/wikipedia/commons/3/30/Annales_du_mus%C3%A9e_et_de_l%27%C3%A9cole_modernes_des_beaux_arts%2C_salon_de_1812-MBA_Lyon_2014.jpeg?utm_source=commons.wikimedia.org&utm_campaign=imageinfo&utm_content=original,https://thumb.wikimedia.org/wikipedia/commons/thumb/3/30/Annales_du_mus%C3%A9e_et_de_l%27%C3%A9cole_modernes_des_beaux_arts%2C_salon_de_1812-MBA_Lyon_2014.jpeg/960px-Annales_du_mus%C3%A9e_et_de_l%27%C3%A9cole_modernes_des_beaux_arts%2C_salon_de_1812-MBA_Lyon_2014.jpeg?utm_source=commons.wikimedia.org&utm_campaign=imageinfo&utm_content=thumbnail,Photographie François de Dijon,CC BY-SA 3.0,https://creativecommons.org/licenses/by-sa/3.0,commons-33796289,Codex visual inspection: one identifiable physical target within confirmed definition,189c1fdc25fce423,960,678,2026-10-07T18:50:26+08:00,Commons file timestamp=2014-07-06T19:13:12Z; source sha1=d44d6c251380a211d75af8163ed49b5d96002f91; requested thumbnail=960px
commons-59380055,data/raw/commons/book/commons-59380055.jpg,8af0ee719b4aa7e7fd13c1535ff3d571fc3a9241803f80e8978e740d4a6f9b67,2,,,commons-api,,train,approved,campus-public-expanded-v1,wikimedia_commons,59380055,https://commons.wikimedia.org/wiki/File:Alographia_sive_Diascepseon_de_save_(1605).jpg,https://upload.wikimedia.org/wikipedia/commons/5/5c/Alographia_sive_Diascepseon_de_save_%281605%29.jpg?utm_source=commons.wikimedia.org&utm_campaign=imageinfo&utm_content=original,https://thumb.wikimedia.org/wikipedia/commons/thumb/5/5c/Alographia_sive_Diascepseon_de_save_%281605%29.jpg/960px-Alographia_sive_Diascepseon_de_save_%281605%29.jpg?utm_source=commons.wikimedia.org&utm_campaign=imageinfo&utm_content=thumbnail,Ji-Elle,CC BY-SA 4.0,https://creativecommons.org/licenses/by-sa/4.0,commons-59380055,Codex visual inspection: one recognizable physical book with binding/page curvature,1c38ce3cc69c63e3,960,876,2026-10-07T18:48:03+08:00,Commons file timestamp=2017-05-29T09:50:38Z; source sha1=94123afa9ab06fcc58752dcf5711320bbf0cc68a; requested thumbnail=960px
oi-ba965d3fd74e1e61,data/raw/openimages/book/oi-ba965d3fd74e1e61.jpg,5afdd766162f3e32ff96cc14dc74423f6633fbe5d8103af3f8099aac161767b7,2,,,open-images-official,,train,approved,campus-public-expanded-v1,open_images,ba965d3fd74e1e61,https://www.flickr.com/photos/7855449@N02/4739695490,https://farm2.staticflickr.com/4076/4739695490_0f18dcc8f5_o.jpg,https://open-images-dataset.s3.amazonaws.com/validation/ba965d3fd74e1e61.jpg,David Armano,https://creativecommons.org/licenses/by/2.0/,https://creativecommons.org/licenses/by/2.0/,oi-ba965d3fd74e1e61,Codex visual inspection: one identifiable target within frozen definition,a196a1b4d36d6593,1024,768,2026-10-07T17:53:57+08:00,Open Images V7 public validation image / V5 human boxable labels
commons-52802575,data/raw/commons/book/commons-52802575.jpg,575ca0ba3b33929807dcd43c77aeb86e95b5c97b5987132c9e144a3c5d549d70,2,,,commons-api,,train,approved,campus-public-expanded-v1,wikimedia_commons,52802575,https://commons.wikimedia.org/wiki/File:A_cuttlefish_rests_on_a_beach_(8616927440).jpg,https://upload.wikimedia.org/wikipedia/commons/6/6d/A_cuttlefish_rests_on_a_beach_%288616927440%29.jpg?utm_source=commons.wikimedia.org&utm_campaign=imageinfo&utm_content=original,https://thumb.wikimedia.org/wikipedia/commons/thumb/6/6d/A_cuttlefish_rests_on_a_beach_%288616927440%29.jpg/960px-A_cuttlefish_rests_on_a_beach_%288616927440%29.jpg?utm_source=commons.wikimedia.org&utm_campaign=imageinfo&utm_content=thumbnail,National Library of Medicine - History of Medicine,No restrictions,https://www.flickr.com/commons/usage/,commons-52802575,Codex visual inspection: one recognizable physical book with binding/page curvature,d2768d91f0de2b03,960,1076,2026-10-07T18:45:25+08:00,Commons file timestamp=2016-11-04T16:26:53Z; source sha1=8a03aedb999afc29059a28381fb176a34b5f3f92; requested thumbnail=960px
commons-36214633,data/raw/commons/book/commons-36214633.jpg,82789d91c45b86a98c563a74c88441730513fec7362cf7b242ea582f652f79f5,2,,,commons-api,,train,approved,campus-public-expanded-v1,wikimedia_commons,36214633,"https://commons.wikimedia.org/wiki/File:%27De_Motu_Cordis%27,_by_William_Harvey,_Frankfurt,_Germany,_162_Wellcome_L0060483.jpg",https://upload.wikimedia.org/wikipedia/commons/f/fc/%27De_Motu_Cordis%27%2C_by_William_Harvey%2C_Frankfurt%2C_Germany%2C_162_Wellcome_L0060483.jpg?utm_source=commons.wikimedia.org&utm_campaign=imageinfo&utm_content=original,https://thumb.wikimedia.org/wikipedia/commons/thumb/f/fc/%27De_Motu_Cordis%27%2C_by_William_Harvey%2C_Frankfurt%2C_Germany%2C_162_Wellcome_L0060483.jpg/960px-%27De_Motu_Cordis%27%2C_by_William_Harvey%2C_Frankfurt%2C_Germany%2C_162_Wellcome_L0060483.jpg?utm_source=commons.wikimedia.org&utm_campaign=imageinfo&utm_content=thumbnail,,CC BY 4.0,https://creativecommons.org/licenses/by/4.0,commons-36214633,Codex visual inspection: one clearly physical open book with visible binding/page curvature,86f80e167cb4a87b,960,639,2026-10-07T18:39:53+08:00,Commons file timestamp=2014-10-17T17:50:26Z; source sha1=e4c40cce5bf50cbfc1e4a860561b1af580fce079; requested thumbnail=960px
commons-52801122,data/raw/commons/book/commons-52801122.jpg,5965c235ebea1a18e8f22ad8d37b8b3ae7d8d86d0f5d294bc731aec7de6b1f22,2,,,commons-api,,train,approved,campus-public-expanded-v1,wikimedia_commons,52801122,https://commons.wikimedia.org/wiki/File:A_view_of_a_bridge_over_the_Ba-Fing_or_Black_River_J.C._Barrow._(8616724724).jpg,https://upload.wikimedia.org/wikipedia/commons/5/5d/A_view_of_a_bridge_over_the_Ba-Fing_or_Black_River_J.C._Barrow._%288616724724%29.jpg?utm_source=commons.wikimedia.org&utm_campaign=imageinfo&utm_content=original,https://thumb.wikimedia.org/wikipedia/commons/thumb/5/5d/A_view_of_a_bridge_over_the_Ba-Fing_or_Black_River_J.C._Barrow._%288616724724%29.jpg/960px-A_view_of_a_bridge_over_the_Ba-Fing_or_Black_River_J.C._Barrow._%288616724724%29.jpg?utm_source=commons.wikimedia.org&utm_campaign=imageinfo&utm_content=thumbnail,National Library of Medicine - History of Medicine,No restrictions,https://www.flickr.com/commons/usage/,commons-52801122,Codex visual inspection: one recognizable physical book with binding/page curvature,fad6a9f4c30051f1,960,1064,2026-10-07T18:45:23+08:00,Commons file timestamp=2016-11-04T15:55:39Z; source sha1=24b2ede3a7978bece2d65b87fd8f0f044c4edd37; requested thumbnail=960px
commons-135330987,data/raw/commons/book/commons-135330987.jpg,05009906256ce26bc5ef8697afd8c44a6e529f1f2c8a2251a53e118bf4102d9a,2,,,commons-api,,train,approved,campus-public-expanded-v1,wikimedia_commons,135330987,https://commons.wikimedia.org/wiki/File:About_the_book_(16060539473).jpg,https://upload.wikimedia.org/wikipedia/commons/f/f9/About_the_book_%2816060539473%29.jpg?utm_source=commons.wikimedia.org&utm_campaign=imageinfo&utm_content=original,https://thumb.wikimedia.org/wikipedia/commons/thumb/f/f9/About_the_book_%2816060539473%29.jpg/960px-About_the_book_%2816060539473%29.jpg?utm_source=commons.wikimedia.org&utm_campaign=imageinfo&utm_content=thumbnail,madras91,CC BY 2.0,https://creativecommons.org/licenses/by/2.0,commons-135330987,Codex visual inspection: one recognizable physical book with binding/page curvature,237e9325d823dc8b,960,652,2026-10-07T18:45:36+08:00,Commons file timestamp=2023-07-31T10:52:26Z; source sha1=ac7bc04e9e16043ead4610b3bfd13d43ceac9eb4; requested thumbnail=960px
oi-db124081108638ea,data/raw/openimages/book/oi-db124081108638ea.jpg,d3fa8be57617f296a076e531ca7840163a477f5b12d4d3bd2b6c3a8d6a1e616b,2,,,open-images-official,,train,approved,campus-public-expanded-v1,open_images,db124081108638ea,https://www.flickr.com/photos/irinaslutsky/2206369960,https://c3.staticflickr.com/3/2320/2206369960_ccb26d807e_o.jpg,https://open-images-dataset.s3.amazonaws.com/validation/db124081108638ea.jpg,irina slutsky,https://creativecommons.org/licenses/by/2.0/,https://creativecommons.org/licenses/by/2.0/,oi-db124081108638ea,Codex visual inspection: one identifiable target within frozen definition,314ed37346e48f89,1024,768,2026-10-07T17:44:52+08:00,Open Images V7 public validation image / V5 human boxable labels
commons-5638758,data/raw/commons/book/commons-5638758.png,0c00c822852117229c3e2c8f90dfe90a25623c3d711ae6861df0a8947f573c87,2,,,commons-api,,train,approved,campus-public-expanded-v1,wikimedia_commons,5638758,https://commons.wikimedia.org/wiki/File:Amad%C3%ADs_de_Gaula_1508.PNG,https://upload.wikimedia.org/wikipedia/commons/6/6e/Amad%C3%ADs_de_Gaula_1508.PNG?utm_source=commons.wikimedia.org&utm_campaign=imageinfo&utm_content=original,https://upload.wikimedia.org/wikipedia/commons/6/6e/Amad%C3%ADs_de_Gaula_1508.PNG?utm_source=commons.wikimedia.org&utm_campaign=imageinfo&utm_content=thumbnail_unscaled,Miguelazo84,CC BY-SA 4.0,https://creativecommons.org/licenses/by-sa/4.0,commons-5638758,Codex visual inspection: one recognizable physical book with binding/page curvature,c5e3b2b4b0dc4f03,422,392,2026-10-07T18:47:53+08:00,Commons file timestamp=2009-01-04T13:00:54Z; source sha1=8f6f41637d193980924331bcfd4ccba32b891adb; requested thumbnail=960px
commons-92324223,data/raw/commons/book/commons-92324223.jpg,dce0b5cac53b0d5d2bd78a12697bec087c7391bccde873e1ec87804df25bffc4,2,,,commons-api,,train,approved,campus-public-expanded-v1,wikimedia_commons,92324223,https://commons.wikimedia.org/wiki/File:A_Storm_of_Swords_-_Flickr_-_flossyflotsam.jpg,https://upload.wikimedia.org/wikipedia/commons/8/8e/A_Storm_of_Swords_-_Flickr_-_flossyflotsam.jpg?utm_source=commons.wikimedia.org&utm_campaign=imageinfo&utm_content=original,https://thumb.wikimedia.org/wikipedia/commons/thumb/8/8e/A_Storm_of_Swords_-_Flickr_-_flossyflotsam.jpg/960px-A_Storm_of_Swords_-_Flickr_-_flossyflotsam.jpg?utm_source=commons.wikimedia.org&utm_campaign=imageinfo&utm_content=thumbnail,"Laura D'Alessandro from Gatineau, Canada",CC BY 2.0,https://creativecommons.org/licenses/by/2.0,commons-92324223,Codex visual inspection: one recognizable physical book with binding/page curvature,6e5214795e636b89,960,636,2026-10-07T18:45:35+08:00,Commons file timestamp=2020-07-17T07:04:01Z; source sha1=f4635b0e23f3541877faef8e5ebac12cd00bd96e; requested thumbnail=960px
commons-28767666,data/raw/commons/book/commons-28767666.jpg,6df2b119de9e813d53bed97ffe1b0d975de5988b08a74fb0423c939dae202bfb,2,,,commons-api,,train,approved,campus-public-expanded-v1,wikimedia_commons,28767666,"https://commons.wikimedia.org/wiki/File:Aprakos_Gospel_from_Lisitskiy_monastery,_Novgorod_(1496,_Novgorod_museum).jpg",https://upload.wikimedia.org/wikipedia/commons/7/72/Aprakos_Gospel_from_Lisitskiy_monastery%2C_Novgorod_%281496%2C_Novgorod_museum%29.jpg?utm_source=commons.wikimedia.org&utm_campaign=imageinfo&utm_content=original,https://thumb.wikimedia.org/wikipedia/commons/thumb/7/72/Aprakos_Gospel_from_Lisitskiy_monastery%2C_Novgorod_%281496%2C_Novgorod_museum%29.jpg/960px-Aprakos_Gospel_from_Lisitskiy_monastery%2C_Novgorod_%281496%2C_Novgorod_museum%29.jpg?utm_source=commons.wikimedia.org&utm_campaign=imageinfo&utm_content=thumbnail,Shakko,CC BY-SA 3.0,https://creativecommons.org/licenses/by-sa/3.0,commons-28767666,Codex visual inspection: one identifiable physical target within confirmed definition,cb41750d3ebee841,960,631,2026-10-07T18:51:14+08:00,Commons file timestamp=2013-09-30T18:10:02Z; source sha1=11709fad5912a28227c9ceddaf89037a706809c5; requested thumbnail=960px
oi-34d24329ff8adfeb,data/raw/openimages/book/oi-34d24329ff8adfeb.jpg,0c854c47e35bb038b3174dd3df34896c67a69635df1af2d1af05789c035429ec,2,,,open-images-official,,train,approved,campus-public-expanded-v1,open_images,34d24329ff8adfeb,https://www.flickr.com/photos/rosenbach/9686500213,https://c4.staticflickr.com/8/7358/9686500213_22f268de91_o.jpg,https://open-images-dataset.s3.amazonaws.com/test/34d24329ff8adfeb.jpg,Rosenbach Museum &amp; Library,https://creativecommons.org/licenses/by/2.0/,https://creativecommons.org/licenses/by/2.0/,oi-34d24329ff8adfeb,Codex visual inspection: one identifiable physical target within confirmed definition,cce69cb5104556bb,812,1024,2026-10-07T18:14:48+08:00,Open Images V7 public test image / V5 human boxable labels; one non-depicted box >=25% image area
commons-4882172,data/raw/commons/book/commons-4882172.jpg,b1f497682fc1c3a257950010f642a686ae688e1242fe3c4de3a8e78790eedc98,2,,,commons-api,,train,approved,campus-public-expanded-v1,wikimedia_commons,4882172,https://commons.wikimedia.org/wiki/File:Boocandles.jpg,https://upload.wikimedia.org/wikipedia/commons/c/c6/Boocandles.jpg?utm_source=commons.wikimedia.org&utm_campaign=imageinfo&utm_content=original,https://upload.wikimedia.org/wikipedia/commons/c/c6/Boocandles.jpg?utm_source=commons.wikimedia.org&utm_campaign=imageinfo&utm_content=thumbnail_unscaled,Romain Vallet from France,CC BY 2.0,https://creativecommons.org/licenses/by/2.0,commons-4882172,Codex visual inspection: one recognizable physical book is the primary subject,a290b6f627f8d80b,800,600,2026-10-07T18:35:17+08:00,Commons file timestamp=2008-09-29T00:42:16Z; source sha1=641394d59437ef2a10a1d76a0508c9c14d13f420; requested thumbnail=960px
oi-4b523b5b89444fcf,data/raw/openimages/book/oi-4b523b5b89444fcf.jpg,19e9ee7c01ee9d432b77d216eb2e5ba5860d98c9141c13d277b9bd3bc77eb20d,2,,,open-images-official,,train,approved,campus-public-expanded-v1,open_images,4b523b5b89444fcf,https://www.flickr.com/photos/toky/2181038007,https://c8.staticflickr.com/3/2110/2181038007_df83df865e_o.jpg,https://open-images-dataset.s3.amazonaws.com/validation/4b523b5b89444fcf.jpg,TOKY Branding and Design,https://creativecommons.org/licenses/by/2.0/,https://creativecommons.org/licenses/by/2.0/,oi-4b523b5b89444fcf,Codex visual inspection: one identifiable target within frozen definition,88299ea9e90f27d3,1024,705,2026-10-07T17:44:13+08:00,Open Images V7 public validation image / V5 human boxable labels
commons-90922993,data/raw/commons/book/commons-90922993.jpg,8bdb244b41f64602a97ce27de3431b8ee3c91c989abbdc374e183a3dbd406904,2,,,commons-api,,train,approved,campus-public-expanded-v1,wikimedia_commons,90922993,https://commons.wikimedia.org/wiki/File:A_book.jpg,https://upload.wikimedia.org/wikipedia/commons/6/60/A_book.jpg?utm_source=commons.wikimedia.org&utm_campaign=imageinfo&utm_content=original,https://thumb.wikimedia.org/wikipedia/commons/thumb/6/60/A_book.jpg/960px-A_book.jpg?utm_source=commons.wikimedia.org&utm_campaign=imageinfo&utm_content=thumbnail,Westmarch95,CC BY-SA 4.0,https://creativecommons.org/licenses/by-sa/4.0,commons-90922993,Codex visual inspection: one recognizable physical book with binding/page curvature,21f6b5f65572e003,960,540,2026-10-07T18:45:33+08:00,Commons file timestamp=2020-06-03T17:24:47Z; source sha1=1097a8464b225d4f90c5ba1645163b288d293f33; requested thumbnail=960px
commons-17838759,data/raw/commons/book/commons-17838759.jpg,f2c2ce3283e5e8a10809371b176fe5bc75d1332dde300c302c8041254f4d3cc6,2,,,commons-api,,train,approved,campus-public-expanded-v1,wikimedia_commons,17838759,"https://commons.wikimedia.org/wiki/File:Ari_Ashkenazi_Synagogue,_prayer_book.jpg",https://upload.wikimedia.org/wikipedia/commons/4/44/Ari_Ashkenazi_Synagogue%2C_prayer_book.jpg?utm_source=commons.wikimedia.org&utm_campaign=imageinfo&utm_content=original,https://thumb.wikimedia.org/wikipedia/commons/thumb/4/44/Ari_Ashkenazi_Synagogue%2C_prayer_book.jpg/960px-Ari_Ashkenazi_Synagogue%2C_prayer_book.jpg?utm_source=commons.wikimedia.org&utm_campaign=imageinfo&utm_content=thumbnail,"(Roylindman at en.wikipedia at 14:51, on 15 December 2010. File name: File:RoyLindmanAriAshkenaziSynagogue 004.jpg)",CC BY-SA 3.0,https://creativecommons.org/licenses/by-sa/3.0,commons-17838759,Codex visual inspection: one identifiable physical target within confirmed definition,c96414d1e10cdff3,960,727,2026-10-07T18:51:12+08:00,Commons file timestamp=2011-12-29T12:38:05Z; source sha1=96fbc606fffae28cf34617282b41ac7ad0acf7c2; requested thumbnail=960px
commons-116207408,data/raw/commons/book/commons-116207408.jpg,534259849cd69b92ef20615d5dc77deae48ca9a760de965123f1d27eb32f92f9,2,,,commons-api,,train,approved,campus-public-expanded-v1,wikimedia_commons,116207408,https://commons.wikimedia.org/wiki/File:Ansicht_von_Oben_eines_Taschenbuches.jpg,https://upload.wikimedia.org/wikipedia/commons/4/4e/Ansicht_von_Oben_eines_Taschenbuches.jpg?utm_source=commons.wikimedia.org&utm_campaign=imageinfo&utm_content=original,https://thumb.wikimedia.org/wikipedia/commons/thumb/4/4e/Ansicht_von_Oben_eines_Taschenbuches.jpg/960px-Ansicht_von_Oben_eines_Taschenbuches.jpg?utm_source=commons.wikimedia.org&utm_campaign=imageinfo&utm_content=thumbnail,Riesengnom,CC BY-SA 4.0,https://creativecommons.org/licenses/by-sa/4.0,commons-116207408,Codex visual inspection: one identifiable physical target within confirmed definition,acd6dca4f8b481a9,960,687,2026-10-07T18:50:35+08:00,Commons file timestamp=2022-03-19T11:14:32Z; source sha1=335b081766b1e215940994a0e589f6d7af0c8202; requested thumbnail=960px
oi-75b561324eacfb96,data/raw/openimages/book/oi-75b561324eacfb96.jpg,1663906d4afbf090b8f54ef180de00a61db2e5ccdfffbbd91904cb1d5624ee46,2,,,open-images-official,,train,approved,campus-public-expanded-v1,open_images,75b561324eacfb96,https://www.flickr.com/photos/mylifestory/2125382229,https://farm7.staticflickr.com/2188/2125382229_9b1706d465_o.jpg,https://open-images-dataset.s3.amazonaws.com/test/75b561324eacfb96.jpg,MyLifeStory,https://creativecommons.org/licenses/by/2.0/,https://creativecommons.org/licenses/by/2.0/,oi-75b561324eacfb96,Codex visual inspection: one identifiable physical target within confirmed definition,698e638a8a6d7c35,1024,768,2026-10-07T18:09:58+08:00,Open Images V7 public test image / V5 human boxable labels; one non-depicted box >=25% image area
oi-a13ad60d2ae08729,data/raw/openimages/book/oi-a13ad60d2ae08729.jpg,b5d56876f6dc04bf38ec13b9b96d0b19478cfe18df93da006c802350e834be43,2,,,open-images-official,,train,approved,campus-public-expanded-v1,open_images,a13ad60d2ae08729,https://www.flickr.com/photos/pensarenlouquece/4545380757,https://c2.staticflickr.com/5/4005/4545380757_16bf3e66d8_o.jpg,https://open-images-dataset.s3.amazonaws.com/test/a13ad60d2ae08729.jpg,Alexandre Inagaki,https://creativecommons.org/licenses/by/2.0/,https://creativecommons.org/licenses/by/2.0/,oi-a13ad60d2ae08729,Codex visual inspection: one identifiable physical target within confirmed definition,fef066f06f60018b,1024,760,2026-10-07T18:08:49+08:00,Open Images V7 public test image / V5 human boxable labels; one non-depicted box >=25% image area
commons-92752740,data/raw/commons/book/commons-92752740.jpg,6d646e3f1a63d1f8f088dce2d5e5a79fb2eaa36b32a3ba5f127c8bbb90299d2b,2,,,commons-api,,train,approved,campus-public-expanded-v1,wikimedia_commons,92752740,https://commons.wikimedia.org/wiki/File:Always_read_something_that_will_make_you_look_good_if_you_die_in_the_middle_of_it._%E2%80%93P.J._O%E2%80%99Rourke_-_Flickr_-_katerha.jpg,https://upload.wikimedia.org/wikipedia/commons/8/8e/Always_read_something_that_will_make_you_look_good_if_you_die_in_the_middle_of_it._%E2%80%93P.J._O%E2%80%99Rourke_-_Flickr_-_katerha.jpg?utm_source=commons.wikimedia.org&utm_campaign=imageinfo&utm_content=original,https://thumb.wikimedia.org/wikipedia/commons/thumb/8/8e/Always_read_something_that_will_make_you_look_good_if_you_die_in_the_middle_of_it._%E2%80%93P.J._O%E2%80%99Rourke_-_Flickr_-_katerha.jpg/960px-Always_read_something_that_will_make_you_look_good_if_you_die_in_the_middle_of_it._%E2%80%93P.J._O%E2%80%99Rourke_-_Flickr_-_katerha.jpg?utm_source=commons.wikimedia.org&utm_campaign=imageinfo&utm_content=thumbnail,"Kate Ter Haar from Cedarville, MI, USA",CC BY 2.0,https://creativecommons.org/licenses/by/2.0,commons-92752740,Codex visual inspection: one recognizable physical book with binding/page curvature,70c39c7f249a31a7,960,418,2026-10-07T18:48:09+08:00,Commons file timestamp=2020-07-31T02:25:40Z; source sha1=5ef6c54fbfc9b56da46682a23816ba826735b11b; requested thumbnail=960px
commons-126073268,data/raw/commons/book/commons-126073268.jpg,1021598d30b61fec8acd088df57446c54db2ac6b733c9b11287e245a94d4d4d4,2,,,commons-api,,train,approved,campus-public-expanded-v1,wikimedia_commons,126073268,https://commons.wikimedia.org/wiki/File:The_sun_and_her_flowers._Author_Rupi_Kaur.jpg,https://upload.wikimedia.org/wikipedia/commons/8/89/The_sun_and_her_flowers._Author_Rupi_Kaur.jpg?utm_source=commons.wikimedia.org&utm_campaign=imageinfo&utm_content=original,https://thumb.wikimedia.org/wikipedia/commons/thumb/8/89/The_sun_and_her_flowers._Author_Rupi_Kaur.jpg/960px-The_sun_and_her_flowers._Author_Rupi_Kaur.jpg?utm_source=commons.wikimedia.org&utm_campaign=imageinfo&utm_content=thumbnail,Abdullaeva Shaxnoza-Banu,CC BY-SA 4.0,https://creativecommons.org/licenses/by-sa/4.0,commons-126073268,Codex visual inspection: one recognizable physical book is the primary subject,eb8f128c948b9a57,960,960,2026-10-07T18:37:02+08:00,Commons file timestamp=2022-11-29T04:31:17Z; source sha1=7cd846cb3fe9e26dc3eb10a67ed7f6d9b0000373; requested thumbnail=960px
oi-55d391da105421e9,data/raw/openimages/book/oi-55d391da105421e9.jpg,6be65fef9f083d5040e2c6a84f330feef2d33c124d0ab76444c29cb5c902f9b8,2,,,open-images-official,,train,approved,campus-public-expanded-v1,open_images,55d391da105421e9,https://www.flickr.com/photos/mkwilliams/7172659369,https://c2.staticflickr.com/9/8014/7172659369_5df1ef69d9_o.jpg,https://open-images-dataset.s3.amazonaws.com/validation/55d391da105421e9.jpg,A Continuous Lean,https://creativecommons.org/licenses/by/2.0/,https://creativecommons.org/licenses/by/2.0/,oi-55d391da105421e9,Codex visual inspection: one identifiable target within frozen definition,a3ac890b8d73738b,1024,683,2026-10-07T17:54:26+08:00,Open Images V7 public validation image / V5 human boxable labels
commons-62069454,data/raw/commons/book/commons-62069454.jpg,7273052ebe790997a8402acf7bb7a0f98d1e99a14e6e2f49aca6321a83bcaad1,2,,,commons-api,,train,approved,campus-public-expanded-v1,wikimedia_commons,62069454,https://commons.wikimedia.org/wiki/File:Anastasia_Zhenina_2016-05-07_(Unsplash).jpg,https://upload.wikimedia.org/wikipedia/commons/4/49/Anastasia_Zhenina_2016-05-07_%28Unsplash%29.jpg?utm_source=commons.wikimedia.org&utm_campaign=imageinfo&utm_content=original,https://thumb.wikimedia.org/wikipedia/commons/thumb/4/49/Anastasia_Zhenina_2016-05-07_%28Unsplash%29.jpg/960px-Anastasia_Zhenina_2016-05-07_%28Unsplash%29.jpg?utm_source=commons.wikimedia.org&utm_campaign=imageinfo&utm_content=thumbnail,Anastasia Zhenina disguise_truth,CC0,http://creativecommons.org/publicdomain/zero/1.0/deed.en,commons-62069454,Codex visual inspection: one identifiable physical target within confirmed definition,53c4cbd629f23d81,960,720,2026-10-07T18:50:29+08:00,Commons file timestamp=2017-09-01T08:56:09Z; source sha1=5fb0c6423c47ad87896c031104269b6e0c336023; requested thumbnail=960px
oi-a1300bd90ba889d4,data/raw/openimages/book/oi-a1300bd90ba889d4.jpg,0cc6a8c3f82c43bf279f5bc9504ea0aac0747e83ed858a41b7e065fe075a3056,2,,,open-images-official,,train,approved,campus-public-expanded-v1,open_images,a1300bd90ba889d4,https://www.flickr.com/photos/textfiles/3343713833,https://farm5.staticflickr.com/3599/3343713833_19097925bb_o.jpg,https://open-images-dataset.s3.amazonaws.com/test/a1300bd90ba889d4.jpg,Jason Scott,https://creativecommons.org/licenses/by/2.0/,https://creativecommons.org/licenses/by/2.0/,oi-a1300bd90ba889d4,Codex visual inspection: one identifiable physical target within confirmed definition,461e561ef69a62e1,1024,683,2026-10-07T18:08:27+08:00,Open Images V7 public test image / V5 human boxable labels; one non-depicted box >=25% image area
commons-40513729,data/raw/commons/book/commons-40513729.jpg,251c447e005eaa7889a5c15015322aacec002ab435ef3b1b73d8a004342e5d0c,2,,,commons-api,,train,approved,campus-public-expanded-v1,wikimedia_commons,40513729,https://commons.wikimedia.org/wiki/File:1887_auxanoscope_adapt%C3%A9_pour_la_Ligue_d%27Enseignement.jpg,https://upload.wikimedia.org/wikipedia/commons/8/86/1887_auxanoscope_adapt%C3%A9_pour_la_Ligue_d%27Enseignement.jpg?utm_source=commons.wikimedia.org&utm_campaign=imageinfo&utm_content=original,https://thumb.wikimedia.org/wikipedia/commons/thumb/8/86/1887_auxanoscope_adapt%C3%A9_pour_la_Ligue_d%27Enseignement.jpg/960px-1887_auxanoscope_adapt%C3%A9_pour_la_Ligue_d%27Enseignement.jpg?utm_source=commons.wikimedia.org&utm_campaign=imageinfo&utm_content=thumbnail,Kevin Desmond,CC BY-SA 4.0,https://creativecommons.org/licenses/by-sa/4.0,commons-40513729,Codex visual inspection: one recognizable physical book with binding/page curvature,656237ce8e1ed8a1,960,696,2026-10-07T18:42:51+08:00,Commons file timestamp=2015-05-27T21:49:26Z; source sha1=3a1b298d6dc2acd9b2f3c2731c61921027fd708a; requested thumbnail=960px
oi-48dfa3049039bdc3,data/raw/openimages/book/oi-48dfa3049039bdc3.jpg,eb65ad4a2f9ffcbf599fbc53ae7f0e7bd6dc64be03ea7bea02a1cfaa32bdf45d,2,,,open-images-official,,train,approved,campus-public-expanded-v1,open_images,48dfa3049039bdc3,https://www.flickr.com/photos/shardayyy/4014645393,https://farm4.staticflickr.com/2515/4014645393_599d16c7ed_o.jpg,https://open-images-dataset.s3.amazonaws.com/test/48dfa3049039bdc3.jpg,Shardayyy,https://creativecommons.org/licenses/by/2.0/,https://creativecommons.org/licenses/by/2.0/,oi-48dfa3049039bdc3,Codex visual inspection: one identifiable physical target within confirmed definition,658b930f691394f5,1024,708,2026-10-07T18:04:47+08:00,Open Images V7 public test image / V5 human boxable labels; one non-depicted box >=25% image area
commons-162967821,data/raw/commons/book/commons-162967821.jpg,4ee17b190eea0d07aeec2821779706ee04bcde50e142f7ca99269e3ec1bedb6d,2,,,commons-api,,train,approved,campus-public-expanded-v1,wikimedia_commons,162967821,https://commons.wikimedia.org/wiki/File:12th-century_vellum_book_at_NYBG%27s_Mertz_Library.jpg,https://upload.wikimedia.org/wikipedia/commons/5/57/12th-century_vellum_book_at_NYBG%27s_Mertz_Library.jpg?utm_source=commons.wikimedia.org&utm_campaign=imageinfo&utm_content=original,https://thumb.wikimedia.org/wikipedia/commons/thumb/5/57/12th-century_vellum_book_at_NYBG%27s_Mertz_Library.jpg/960px-12th-century_vellum_book_at_NYBG%27s_Mertz_Library.jpg?utm_source=commons.wikimedia.org&utm_campaign=imageinfo&utm_content=thumbnail,Daniel Case,CC BY-SA 4.0,https://creativecommons.org/licenses/by-sa/4.0,commons-162967821,Codex visual inspection: one clearly physical open book with visible binding/page curvature,361636463eaead89,960,720,2026-10-07T18:40:10+08:00,Commons file timestamp=2025-03-30T06:28:53Z; source sha1=6c8464d93c1b1332474dcc8d39e75ac0f2da6a9c; requested thumbnail=960px
commons-51616009,data/raw/commons/book/commons-51616009.jpg,56464390c60c1720764b0fd0c32110d0ce484ba3f46537a2b9ebd1bc72c5a632,2,,,commons-api,,train,approved,campus-public-expanded-v1,wikimedia_commons,51616009,https://commons.wikimedia.org/wiki/File:Logio_Le_epistole_famig._di_Cicerone.jpg,https://upload.wikimedia.org/wikipedia/commons/0/0d/Logio_Le_epistole_famig._di_Cicerone.jpg?utm_source=commons.wikimedia.org&utm_campaign=imageinfo&utm_content=original,https://thumb.wikimedia.org/wikipedia/commons/thumb/0/0d/Logio_Le_epistole_famig._di_Cicerone.jpg/960px-Logio_Le_epistole_famig._di_Cicerone.jpg?utm_source=commons.wikimedia.org&utm_campaign=imageinfo&utm_content=thumbnail,"Guido Logio, Marcus Tullius Cicero",CC0,http://creativecommons.org/publicdomain/zero/1.0/deed.en,commons-51616009,Codex visual inspection: one clearly physical open book with visible binding/page curvature,740dd4bcc3f62b03,960,743,2026-10-07T18:40:03+08:00,Commons file timestamp=2016-09-21T16:07:25Z; source sha1=fe5b927c264b064fedc7d5ff7396a45c8046b428; requested thumbnail=960px
oi-c30a21bbc556775a,data/raw/openimages/pencil_case/oi-c30a21bbc556775a.jpg,cba541f62440028d9ccb23293ee7bc12b33d30f1fcbf600281a6d8d9e8cb9d7d,3,,,open-images-official,,train,approved,campus-public-expanded-v1,open_images,c30a21bbc556775a,https://www.flickr.com/photos/vagnercarvalheiro/18992039820,https://c3.staticflickr.com/4/3781/18992039820_01f02171b0_o.jpg,https://open-images-dataset.s3.amazonaws.com/train/c30a21bbc556775a.jpg,Vagner Carvalheiro,https://creativecommons.org/licenses/by/2.0/,,oi-c30a21bbc556775a,Codex visual review: ordinary single-main pencil case,cb2d0af439d6b151,1024,1024,2026-10-07T14:31:54+08:00,Early collection; original source revision not retained; local downloaded rendition SHA-256=cba541f62440028d9ccb23293ee7bc12b33d30f1fcbf600281a6d8d9e8cb9d7d; download time recovered from original local file mtime
oi-34047a2c56b0866d,data/raw/openimages/pencil_case/oi-34047a2c56b0866d.jpg,3bb9da09ef1a2dabfa2866af3ab2783d49c803fce83fe81cd72993133fe3577a,3,,,open-images-official,,train,approved,campus-public-expanded-v1,open_images,34047a2c56b0866d,https://www.flickr.com/photos/anniemole/116219858,https://c6.staticflickr.com/1/47/116219858_52b980834d_o.jpg,https://open-images-dataset.s3.amazonaws.com/train/34047a2c56b0866d.jpg,Annie Mole,https://creativecommons.org/licenses/by/2.0/,,oi-34047a2c56b0866d,Codex visual review: ordinary single-main pencil case,1e0b0e01aba9e3fd,1024,689,2026-10-07T14:36:11+08:00,Early collection; original source revision not retained; local downloaded rendition SHA-256=3bb9da09ef1a2dabfa2866af3ab2783d49c803fce83fe81cd72993133fe3577a; download time recovered from original local file mtime
oi-04c172daebba5782,data/raw/openimages/pencil_case/oi-04c172daebba5782.jpg,62b931c308f42cf8164c638123517cf67de9380c9f9a2561c9957b22a768f8ed,3,,,open-images-official,,train,approved,campus-public-expanded-v1,open_images,04c172daebba5782,https://www.flickr.com/photos/8110160@N07/12288060346,https://farm3.staticflickr.com/2871/12288060346_ccedd79ae5_o.jpg,https://open-images-dataset.s3.amazonaws.com/train/04c172daebba5782.jpg,Kentbags,https://creativecommons.org/licenses/by/2.0/,,oi-04c172daebba5782,Codex visual review: ordinary single-main pencil case,8b74912b56542fab,1024,768,2026-10-07T14:36:34+08:00,Early collection; original source revision not retained; local downloaded rendition SHA-256=62b931c308f42cf8164c638123517cf67de9380c9f9a2561c9957b22a768f8ed; download time recovered from original local file mtime
commons-10194164,data/raw/commons/pencil_case/commons-10194164.jpg,49e8a8cd0bc5599341558744c3e26367889026886572302128fdb925971dd83d,3,,,commons-api,,train,approved,campus-public-expanded-v1,wikimedia_commons,10194164,https://commons.wikimedia.org/wiki/File:La_trousse_de_Boulet_-_Des_Calanques_et_Des_Bulles_2010_-_P1320708.jpg,https://upload.wikimedia.org/wikipedia/commons/8/83/La_trousse_de_Boulet_-_Des_Calanques_et_Des_Bulles_2010_-_P1320708.jpg?utm_source=commons.wikimedia.org&utm_campaign=imageinfo&utm_content=original,https://thumb.wikimedia.org/wikipedia/commons/thumb/8/83/La_trousse_de_Boulet_-_Des_Calanques_et_Des_Bulles_2010_-_P1320708.jpg/1280px-La_trousse_de_Boulet_-_Des_Calanques_et_Des_Bulles_2010_-_P1320708.jpg?utm_source=commons.wikimedia.org&utm_campaign=imageinfo&utm_content=thumbnail,yves Tennevin,CC BY-SA 2.0,https://creativecommons.org/licenses/by-sa/2.0,commons-10194164,Codex visual review: identifiable ordinary pencil case,32a95b50bfa6294d,1280,1707,2026-10-07T14:08:26+08:00,Early collection; original source revision not retained; local downloaded rendition SHA-256=49e8a8cd0bc5599341558744c3e26367889026886572302128fdb925971dd83d; download time recovered from original local file mtime
oi-0b3b9a620b0e316e,data/raw/openimages/pencil_case/oi-0b3b9a620b0e316e.jpg,796b41c56ba0c275f35a3477295bcb6cd1067e1ee9f9c5f89cfd1427531c67c7,3,,,open-images-official,,train,approved,campus-public-expanded-v1,open_images,0b3b9a620b0e316e,https://www.flickr.com/photos/monkeyfootdesigns/7250625614,https://c7.staticflickr.com/8/7096/7250625614_17db84a180_o.jpg,https://open-images-dataset.s3.amazonaws.com/train/0b3b9a620b0e316e.jpg,Kristen Valenti,https://creativecommons.org/licenses/by/2.0/,,oi-0b3b9a620b0e316e,Codex visual review: ordinary single-main pencil case,29a30b0b5574aedd,1024,739,2026-10-07T14:32:27+08:00,Early collection; original source revision not retained; local downloaded rendition SHA-256=796b41c56ba0c275f35a3477295bcb6cd1067e1ee9f9c5f89cfd1427531c67c7; download time recovered from original local file mtime
oi-a1e9c53057114ca6,data/raw/openimages/pencil_case/oi-a1e9c53057114ca6.jpg,149bf53af893d7bd25a818dcdbdd26346e7b0862485047238ec097a8453c022e,3,,,open-images-official,,train,approved,campus-public-expanded-v1,open_images,a1e9c53057114ca6,https://www.flickr.com/photos/loosepunctuation/2176867381,https://farm7.staticflickr.com/2331/2176867381_58b6b0ae9b_o.jpg,https://open-images-dataset.s3.amazonaws.com/train/a1e9c53057114ca6.jpg,Erica Kline,https://creativecommons.org/licenses/by/2.0/,,oi-a1e9c53057114ca6,Codex visual review: ordinary single-main pencil case,63525e96a4bea9a1,1024,768,2026-10-07T14:37:12+08:00,Early collection; original source revision not retained; local downloaded rendition SHA-256=149bf53af893d7bd25a818dcdbdd26346e7b0862485047238ec097a8453c022e; download time recovered from original local file mtime
oi-19d1bae4819f2a4b,data/raw/openimages/pencil_case/oi-19d1bae4819f2a4b.jpg,6ca043b07050ed01cf9ee05241c2e09f97646979dcb11ad8b420ea4d213f2e9d,3,,,open-images-official,,train,approved,campus-public-expanded-v1,open_images,19d1bae4819f2a4b,https://www.flickr.com/photos/morgy/5613973293,https://c4.staticflickr.com/6/5069/5613973293_891c3f2a90_o.jpg,https://open-images-dataset.s3.amazonaws.com/train/19d1bae4819f2a4b.jpg,Claudia Borralho,https://creativecommons.org/licenses/by/2.0/,,oi-19d1bae4819f2a4b,Codex visual review: ordinary single-main pencil case,f5a15e01f41629eb,1024,768,2026-10-07T14:36:58+08:00,Early collection; original source revision not retained; local downloaded rendition SHA-256=6ca043b07050ed01cf9ee05241c2e09f97646979dcb11ad8b420ea4d213f2e9d; download time recovered from original local file mtime
oi-1633a922341d89a6,data/raw/openimages/pencil_case/oi-1633a922341d89a6.jpg,b2e4c1832a66964e8288bf93427552de09531ceebcffd6cafeb4cff91771282d,3,,,open-images-official,,train,approved,campus-public-expanded-v1,open_images,1633a922341d89a6,https://flickr.com/39160147@N03/15056989166,https://farm7.staticflickr.com/3914/15056989166_926768d583_o.jpg,https://open-images-dataset.s3.amazonaws.com/train/1633a922341d89a6.jpg,Mike Mozart,https://creativecommons.org/licenses/by/2.0/,,oi-1633a922341d89a6,Codex visual review: ordinary single-main pencil case,f1297db193a32871,1024,765,2026-10-07T14:35:58+08:00,Early collection; original source revision not retained; local downloaded rendition SHA-256=b2e4c1832a66964e8288bf93427552de09531ceebcffd6cafeb4cff91771282d; download time recovered from original local file mtime
commons-71123321,data/raw/commons/pencil_case/commons-71123321.jpg,e5e33fb946e4c70c6a2179f65f419d862a6602b5bba7bc1e1d4503e9c1895cf2,3,,,commons-api,,train,approved,campus-public-expanded-v1,wikimedia_commons,71123321,https://commons.wikimedia.org/wiki/File:Kaweco_pens.jpg,https://upload.wikimedia.org/wikipedia/commons/8/84/Kaweco_pens.jpg?utm_source=commons.wikimedia.org&utm_campaign=imageinfo&utm_content=original,https://thumb.wikimedia.org/wikipedia/commons/thumb/8/84/Kaweco_pens.jpg/1280px-Kaweco_pens.jpg?utm_source=commons.wikimedia.org&utm_campaign=imageinfo&utm_content=thumbnail,Markbenecke,CC BY-SA 4.0,https://creativecommons.org/licenses/by-sa/4.0,commons-71123321,Codex visual review: identifiable ordinary pencil case,eabc2d89914ac9f1,1280,960,2026-10-07T14:08:33+08:00,Early collection; original source revision not retained; local downloaded rendition SHA-256=e5e33fb946e4c70c6a2179f65f419d862a6602b5bba7bc1e1d4503e9c1895cf2; download time recovered from original local file mtime
commons-109870963,data/raw/commons/pencil_case/commons-109870963.jpg,e7fc5509ec377d65383350c666ac377f6b13839fa4493d00a2021f79a8af8f30,3,,,commons-api,,train,approved,campus-public-expanded-v1,wikimedia_commons,109870963,https://commons.wikimedia.org/wiki/File:Pen_case.jpg,https://upload.wikimedia.org/wikipedia/commons/c/c7/Pen_case.jpg?utm_source=commons.wikimedia.org&utm_campaign=imageinfo&utm_content=original,https://upload.wikimedia.org/wikipedia/commons/c/c7/Pen_case.jpg?utm_source=commons.wikimedia.org&utm_campaign=imageinfo&utm_content=thumbnail_unscaled,Kazukiokumura,CC BY-SA 3.0,https://creativecommons.org/licenses/by-sa/3.0,commons-109870963,Codex visual contact-sheet review: ordinary pencil case,0de9ad093c635277,1200,1600,2026-10-07T14:09:52+08:00,Early collection; original source revision not retained; local downloaded rendition SHA-256=e7fc5509ec377d65383350c666ac377f6b13839fa4493d00a2021f79a8af8f30; download time recovered from original local file mtime
oi-0725c26448e2045d,data/raw/openimages/pencil_case/oi-0725c26448e2045d.jpg,80aef1f9d9ffc2cb3e76fb226d002f562c2a5a9fdcce230257e23e64f26ebdd5,3,,,open-images-official,,train,approved,campus-public-expanded-v1,open_images,0725c26448e2045d,https://www.flickr.com/photos/keykalou/12412767715,https://c6.staticflickr.com/4/3753/12412767715_f8d92d3131_o.jpg,https://open-images-dataset.s3.amazonaws.com/train/0725c26448e2045d.jpg,Michelle,https://creativecommons.org/licenses/by/2.0/,,oi-0725c26448e2045d,Codex visual review: ordinary single-main pencil case,731316bca90356f5,1024,598,2026-10-07T14:33:41+08:00,Early collection; original source revision not retained; local downloaded rendition SHA-256=80aef1f9d9ffc2cb3e76fb226d002f562c2a5a9fdcce230257e23e64f26ebdd5; download time recovered from original local file mtime
oi-a83cbbc1a9d89642,data/raw/openimages/pencil_case/oi-a83cbbc1a9d89642.jpg,0ef9c1f9bf6e3b0e484cdd58bfe773cab0b5657c5a44c61d3129efcd4ca849e9,3,,,open-images-official,,train,approved,campus-public-expanded-v1,open_images,a83cbbc1a9d89642,https://www.flickr.com/photos/keykalou/18680834612,https://farm3.staticflickr.com/319/18680834612_4d8d48bb50_o.jpg,https://open-images-dataset.s3.amazonaws.com/train/a83cbbc1a9d89642.jpg,Michelle,https://creativecommons.org/licenses/by/2.0/,,oi-a83cbbc1a9d89642,Codex visual review: ordinary single-main pencil case,7c56f4140329fcd5,1024,1024,2026-10-07T14:30:56+08:00,Early collection; original source revision not retained; local downloaded rendition SHA-256=0ef9c1f9bf6e3b0e484cdd58bfe773cab0b5657c5a44c61d3129efcd4ca849e9; download time recovered from original local file mtime
oi-1adb4aa538ab0611,data/raw/openimages/pencil_case/oi-1adb4aa538ab0611.jpg,2153dbda0c6601edd727fd496a8de73c882a2cdba6ab1ab2ce37077f818edb61,3,,,open-images-official,,train,approved,campus-public-expanded-v1,open_images,1adb4aa538ab0611,https://www.flickr.com/photos/ginapina/14910898152,https://farm2.staticflickr.com/3897/14910898152_04af08ec5b_o.jpg,https://open-images-dataset.s3.amazonaws.com/train/1adb4aa538ab0611.jpg,gina pina,https://creativecommons.org/licenses/by/2.0/,,oi-1adb4aa538ab0611,Codex visual review: ordinary pencil case; primary target identifiable,78b2b4c9e92d11d3,1024,1024,2026-10-07T14:39:34+08:00,Early collection; original source revision not retained; local downloaded rendition SHA-256=2153dbda0c6601edd727fd496a8de73c882a2cdba6ab1ab2ce37077f818edb61; download time recovered from original local file mtime
oi-68e57b74c3261439,data/raw/openimages/pencil_case/oi-68e57b74c3261439.jpg,fb6b02a092748dc7b306f091028722c235d0354316845fd9ebeb496fd170350a,3,,,open-images-official,,train,approved,campus-public-expanded-v1,open_images,68e57b74c3261439,https://www.flickr.com/photos/gonmi/7266568398,https://c2.staticflickr.com/8/7215/7266568398_3195a4ef02_o.jpg,https://open-images-dataset.s3.amazonaws.com/train/68e57b74c3261439.jpg,Nacho,https://creativecommons.org/licenses/by/2.0/,,oi-68e57b74c3261439,Codex visual review: ordinary single-main pencil case,432985d5829d7e5d,1024,768,2026-10-07T14:36:51+08:00,Early collection; original source revision not retained; local downloaded rendition SHA-256=fb6b02a092748dc7b306f091028722c235d0354316845fd9ebeb496fd170350a; download time recovered from original local file mtime
oi-4bd3ecd96aad0656,data/raw/openimages/pencil_case/oi-4bd3ecd96aad0656.jpg,2b25ddbe586ca98e3ea1809165eba7da7e00d14679f316b222fec9d361a6b60e,3,,,open-images-official,,train,approved,campus-public-expanded-v1,open_images,4bd3ecd96aad0656,https://www.flickr.com/photos/monkeyfootdesigns/3818972261,https://farm7.staticflickr.com/2627/3818972261_806fd6296a_o.jpg,https://open-images-dataset.s3.amazonaws.com/train/4bd3ecd96aad0656.jpg,Kristen Valenti,https://creativecommons.org/licenses/by/2.0/,,oi-4bd3ecd96aad0656,Codex visual review: ordinary single-main pencil case,1c0b0badb91575d5,1024,732,2026-10-07T14:29:40+08:00,Early collection; original source revision not retained; local downloaded rendition SHA-256=2b25ddbe586ca98e3ea1809165eba7da7e00d14679f316b222fec9d361a6b60e; download time recovered from original local file mtime
oi-2abafe6c651be228,data/raw/openimages/pencil_case/oi-2abafe6c651be228.jpg,cb341a5c7db989d3a8db61ec6241d1ee048b270f03c94f81f546dffa9a57d111,3,,,open-images-official,,train,approved,campus-public-expanded-v1,open_images,2abafe6c651be228,https://www.flickr.com/photos/keykalou/11194773333,https://c1.staticflickr.com/4/3728/11194773333_ddce99a81f_o.jpg,https://open-images-dataset.s3.amazonaws.com/train/2abafe6c651be228.jpg,Michelle,https://creativecommons.org/licenses/by/2.0/,,oi-2abafe6c651be228,Codex visual review: ordinary single-main pencil case,06f996235c87a9d5,1024,751,2026-10-07T14:34:17+08:00,Early collection; original source revision not retained; local downloaded rendition SHA-256=cb341a5c7db989d3a8db61ec6241d1ee048b270f03c94f81f546dffa9a57d111; download time recovered from original local file mtime
oi-90d1e4a2ccacf7f8,data/raw/openimages/pencil_case/oi-90d1e4a2ccacf7f8.jpg,6fd8c368aebc5bef1eb6dba6c3fd0a0f571cbcff62d15d4d922083f17660e55b,3,,,open-images-official,,train,approved,campus-public-expanded-v1,open_images,90d1e4a2ccacf7f8,https://www.flickr.com/photos/keykalou/11194949023,https://c1.staticflickr.com/6/5513/11194949023_6a27f0269c_o.jpg,https://open-images-dataset.s3.amazonaws.com/train/90d1e4a2ccacf7f8.jpg,Michelle,https://creativecommons.org/licenses/by/2.0/,,oi-2abafe6c651be228,Codex visual review: ordinary pencil case; primary target identifiable,5e4f07071349ac5f,1024,662,2026-10-07T14:38:56+08:00,Early collection; original source revision not retained; local downloaded rendition SHA-256=6fd8c368aebc5bef1eb6dba6c3fd0a0f571cbcff62d15d4d922083f17660e55b; download time recovered from original local file mtime
commons-49839916,data/raw/commons/pencil_case/commons-49839916.jpg,9b95a75afab0afa034ec5108eba9adaf70dda58a81486a0ec099a449faca42b1,3,,,commons-api,,train,approved,campus-public-expanded-v1,wikimedia_commons,49839916,https://commons.wikimedia.org/wiki/File:%E8%89%B2%E3%81%AE%E3%81%8F%E3%81%BF%E3%81%82%E3%82%8F%E3%81%9B_%E4%B8%89%E5%8E%9F%E8%89%B2_(4030996863).jpg,https://upload.wikimedia.org/wikipedia/commons/3/39/%E8%89%B2%E3%81%AE%E3%81%8F%E3%81%BF%E3%81%82%E3%82%8F%E3%81%9B_%E4%B8%89%E5%8E%9F%E8%89%B2_%284030996863%29.jpg?utm_source=commons.wikimedia.org&utm_campaign=imageinfo&utm_content=original,https://thumb.wikimedia.org/wikipedia/commons/thumb/3/39/%E8%89%B2%E3%81%AE%E3%81%8F%E3%81%BF%E3%81%82%E3%82%8F%E3%81%9B_%E4%B8%89%E5%8E%9F%E8%89%B2_%284030996863%29.jpg/1280px-%E8%89%B2%E3%81%AE%E3%81%8F%E3%81%BF%E3%81%82%E3%82%8F%E3%81%9B_%E4%B8%89%E5%8E%9F%E8%89%B2_%284030996863%29.jpg?utm_source=commons.wikimedia.org&utm_campaign=imageinfo&utm_content=thumbnail,Angus Fraser,CC BY 2.0,https://creativecommons.org/licenses/by/2.0,commons-49839916,Codex visual contact-sheet review: ordinary pencil case,59877053df32348d,1280,960,2026-10-07T14:13:01+08:00,Early collection; original source revision not retained; local downloaded rendition SHA-256=9b95a75afab0afa034ec5108eba9adaf70dda58a81486a0ec099a449faca42b1; download time recovered from original local file mtime
commons-90776699,data/raw/commons/pencil_case/commons-90776699.jpg,fd3edbf34ab13289d8c681dc5c711b1614d06120da4f1d20e192573922705a2c,3,,,commons-api,,train,approved,campus-public-expanded-v1,wikimedia_commons,90776699,https://commons.wikimedia.org/wiki/File:Inoxcrom_Wall_Street_Titanium_Negro._Set_1.jpg,https://upload.wikimedia.org/wikipedia/commons/e/e8/Inoxcrom_Wall_Street_Titanium_Negro._Set_1.jpg?utm_source=commons.wikimedia.org&utm_campaign=imageinfo&utm_content=original,https://thumb.wikimedia.org/wikipedia/commons/thumb/e/e8/Inoxcrom_Wall_Street_Titanium_Negro._Set_1.jpg/1280px-Inoxcrom_Wall_Street_Titanium_Negro._Set_1.jpg?utm_source=commons.wikimedia.org&utm_campaign=imageinfo&utm_content=thumbnail,Enrique Íñiguez Rodríguez (Qoan),CC BY-SA 4.0,https://creativecommons.org/licenses/by-sa/4.0,commons-90776699,Codex visual review: identifiable ordinary pencil case,d3053e01eaa1567f,1280,1003,2026-10-07T14:08:38+08:00,Early collection; original source revision not retained; local downloaded rendition SHA-256=fd3edbf34ab13289d8c681dc5c711b1614d06120da4f1d20e192573922705a2c; download time recovered from original local file mtime
commons-90776700,data/raw/commons/pencil_case/commons-90776700.jpg,53312db9ad56f52aa24842ab73dc074cf55d1cfcc06f2dae15f82cb814511c9e,3,,,commons-api,,train,approved,campus-public-expanded-v1,wikimedia_commons,90776700,https://commons.wikimedia.org/wiki/File:Inoxcrom_ID_Negro._Set_1.jpg,https://upload.wikimedia.org/wikipedia/commons/f/fe/Inoxcrom_ID_Negro._Set_1.jpg?utm_source=commons.wikimedia.org&utm_campaign=imageinfo&utm_content=original,https://thumb.wikimedia.org/wikipedia/commons/thumb/f/fe/Inoxcrom_ID_Negro._Set_1.jpg/1280px-Inoxcrom_ID_Negro._Set_1.jpg?utm_source=commons.wikimedia.org&utm_campaign=imageinfo&utm_content=thumbnail,Enrique Íñiguez Rodríguez (Qoan),CC BY-SA 4.0,https://creativecommons.org/licenses/by-sa/4.0,commons-90776699,Codex visual review: identifiable ordinary pencil case,8653498d7b0134ff,1280,601,2026-10-07T14:08:40+08:00,Early collection; original source revision not retained; local downloaded rendition SHA-256=53312db9ad56f52aa24842ab73dc074cf55d1cfcc06f2dae15f82cb814511c9e; download time recovered from original local file mtime
commons-90776701,data/raw/commons/pencil_case/commons-90776701.jpg,d8e2b558dc86b9bbaae5c09a47febf244991f4844b6b3f53eaa17692cd011992,3,,,commons-api,,train,approved,campus-public-expanded-v1,wikimedia_commons,90776701,https://commons.wikimedia.org/wiki/File:Inoxcrom_ID_Negro._Set_2.jpg,https://upload.wikimedia.org/wikipedia/commons/c/c8/Inoxcrom_ID_Negro._Set_2.jpg?utm_source=commons.wikimedia.org&utm_campaign=imageinfo&utm_content=original,https://thumb.wikimedia.org/wikipedia/commons/thumb/c/c8/Inoxcrom_ID_Negro._Set_2.jpg/1280px-Inoxcrom_ID_Negro._Set_2.jpg?utm_source=commons.wikimedia.org&utm_campaign=imageinfo&utm_content=thumbnail,Enrique Íñiguez Rodríguez (Qoan),CC BY-SA 4.0,https://creativecommons.org/licenses/by-sa/4.0,commons-90776699,Codex visual review: identifiable ordinary pencil case,4cc99a49b9bf6215,1280,697,2026-10-07T14:08:43+08:00,Early collection; original source revision not retained; local downloaded rendition SHA-256=d8e2b558dc86b9bbaae5c09a47febf244991f4844b6b3f53eaa17692cd011992; download time recovered from original local file mtime
oi-e40e20dd13cc2986,data/raw/openimages/pencil_case/oi-e40e20dd13cc2986.jpg,bd8d2c688954543b1b22fc93e1b9ce0b175fa72685b81055c4262ec1f41d648b,3,,,open-images-official,,train,approved,campus-public-expanded-v1,open_images,e40e20dd13cc2986,https://www.flickr.com/photos/101666380@N07/14192237704,https://farm7.staticflickr.com/7354/14192237704_9f1719bba3_o.jpg,https://open-images-dataset.s3.amazonaws.com/train/e40e20dd13cc2986.jpg,Elisa Fair,https://creativecommons.org/licenses/by/2.0/,,oi-e40e20dd13cc2986,Codex visual review: ordinary single-main pencil case,5a7c4303a9035efd,1024,1024,2026-10-07T14:34:28+08:00,Early collection; original source revision not retained; local downloaded rendition SHA-256=bd8d2c688954543b1b22fc93e1b9ce0b175fa72685b81055c4262ec1f41d648b; download time recovered from original local file mtime
oi-53096fc5af367be6,data/raw/openimages/pencil_case/oi-53096fc5af367be6.jpg,3f0b85bb969b97ef800a27d54a1bff4c976d64aeca67558bc21fedfa33b61201,3,,,open-images-official,,train,approved,campus-public-expanded-v1,open_images,53096fc5af367be6,https://www.flickr.com/photos/pugno_muliebriter/5042417586,https://farm7.staticflickr.com/4085/5042417586_33322125f5_o.jpg,https://open-images-dataset.s3.amazonaws.com/train/53096fc5af367be6.jpg,Nancy Sims,https://creativecommons.org/licenses/by/2.0/,,oi-1ec5fa9b2816a990,Codex visual review: ordinary single-main pencil case,ec78ac59e1a915d1,1024,768,2026-10-07T14:30:37+08:00,Early collection; original source revision not retained; local downloaded rendition SHA-256=3f0b85bb969b97ef800a27d54a1bff4c976d64aeca67558bc21fedfa33b61201; download time recovered from original local file mtime
oi-1ec5fa9b2816a990,data/raw/openimages/pencil_case/oi-1ec5fa9b2816a990.jpg,def6199bb620f1fc93fed7fce02af8cab3ac69637385298fe092ce1d591c26d0,3,,,open-images-official,,train,approved,campus-public-expanded-v1,open_images,1ec5fa9b2816a990,https://www.flickr.com/photos/pugno_muliebriter/5042417794,https://farm1.staticflickr.com/4125/5042417794_5a1567ea2f_o.jpg,https://open-images-dataset.s3.amazonaws.com/train/1ec5fa9b2816a990.jpg,Nancy Sims,https://creativecommons.org/licenses/by/2.0/,,oi-1ec5fa9b2816a990,Codex visual review: ordinary single-main pencil case,ac782da9a9b55459,1024,768,2026-10-07T14:31:03+08:00,Early collection; original source revision not retained; local downloaded rendition SHA-256=def6199bb620f1fc93fed7fce02af8cab3ac69637385298fe092ce1d591c26d0; download time recovered from original local file mtime
commons-2062751,data/raw/commons/pencil_case/commons-2062751.jpg,fe0646a40bdd310e1f075c7c3d49b1044fbcf29d55b9d39432a86e20bc5d4a1d,3,,,commons-api,,train,approved,campus-public-expanded-v1,wikimedia_commons,2062751,https://commons.wikimedia.org/wiki/File:MontblancSilver.jpg,https://upload.wikimedia.org/wikipedia/commons/4/47/MontblancSilver.jpg?utm_source=commons.wikimedia.org&utm_campaign=imageinfo&utm_content=original,https://thumb.wikimedia.org/wikipedia/commons/thumb/4/47/MontblancSilver.jpg/1280px-MontblancSilver.jpg?utm_source=commons.wikimedia.org&utm_campaign=imageinfo&utm_content=thumbnail,ElinorD,CC BY-SA 3.0,http://creativecommons.org/licenses/by-sa/3.0/,commons-2062751,Codex visual contact-sheet review: ordinary pencil case,bc343c831603e3fd,1280,1707,2026-10-07T14:09:10+08:00,Early collection; original source revision not retained; local downloaded rendition SHA-256=fe0646a40bdd310e1f075c7c3d49b1044fbcf29d55b9d39432a86e20bc5d4a1d; download time recovered from original local file mtime
oi-68a5fe53250722aa,data/raw/openimages/pencil_case/oi-68a5fe53250722aa.jpg,a6e942f55345dcf12f232720ca4f1a9bff8374f31fa267e862428c247d060429,3,,,open-images-official,,train,approved,campus-public-expanded-v1,open_images,68a5fe53250722aa,https://www.flickr.com/photos/keykalou/16295353539,https://c3.staticflickr.com/8/7345/16295353539_7ca06d93e2_o.jpg,https://open-images-dataset.s3.amazonaws.com/train/68a5fe53250722aa.jpg,Michelle,https://creativecommons.org/licenses/by/2.0/,,oi-68a5fe53250722aa,Codex visual review: ordinary pencil case; primary target identifiable,0b967c43e48b83f5,1024,1024,2026-10-07T14:38:12+08:00,Early collection; original source revision not retained; local downloaded rendition SHA-256=a6e942f55345dcf12f232720ca4f1a9bff8374f31fa267e862428c247d060429; download time recovered from original local file mtime
commons-58183086,data/raw/commons/pencil_case/commons-58183086.jpg,53368357f4928180a979cb5e3f35c9013bb32d83c10b75fc6991f166d6710f54,3,,,commons-api,,train,approved,campus-public-expanded-v1,wikimedia_commons,58183086,https://commons.wikimedia.org/wiki/File:Trousse_-_1.jpg,https://upload.wikimedia.org/wikipedia/commons/a/ab/Trousse_-_1.jpg?utm_source=commons.wikimedia.org&utm_campaign=imageinfo&utm_content=original,https://thumb.wikimedia.org/wikipedia/commons/thumb/a/ab/Trousse_-_1.jpg/1280px-Trousse_-_1.jpg?utm_source=commons.wikimedia.org&utm_campaign=imageinfo&utm_content=thumbnail,Lionel Allorge,CC BY-SA 3.0,https://creativecommons.org/licenses/by-sa/3.0,commons-58183086,Codex visual contact-sheet review: ordinary pencil case,7cac7ca9a8819357,1280,618,2026-10-07T14:12:37+08:00,Early collection; original source revision not retained; local downloaded rendition SHA-256=53368357f4928180a979cb5e3f35c9013bb32d83c10b75fc6991f166d6710f54; download time recovered from original local file mtime
commons-58183092,data/raw/commons/pencil_case/commons-58183092.jpg,ed4e0a0b6d937cdaa71c9f7e1ed720178b176ef1f915c4bca46639d7ab416534,3,,,commons-api,,train,approved,campus-public-expanded-v1,wikimedia_commons,58183092,https://commons.wikimedia.org/wiki/File:Trousse_-_2.jpg,https://upload.wikimedia.org/wikipedia/commons/1/1c/Trousse_-_2.jpg?utm_source=commons.wikimedia.org&utm_campaign=imageinfo&utm_content=original,https://thumb.wikimedia.org/wikipedia/commons/thumb/1/1c/Trousse_-_2.jpg/1280px-Trousse_-_2.jpg?utm_source=commons.wikimedia.org&utm_campaign=imageinfo&utm_content=thumbnail,Lionel Allorge,CC BY-SA 3.0,https://creativecommons.org/licenses/by-sa/3.0,commons-58183086,Codex visual contact-sheet review: ordinary pencil case,6952a9032f2956fd,1280,591,2026-10-07T14:12:39+08:00,Early collection; original source revision not retained; local downloaded rendition SHA-256=ed4e0a0b6d937cdaa71c9f7e1ed720178b176ef1f915c4bca46639d7ab416534; download time recovered from original local file mtime
oi-1b5738cd6962eea0,data/raw/openimages/pencil_case/oi-1b5738cd6962eea0.jpg,39963ca0f3d75812f5f55ec034dcb577fccbd6182fa083ad97520741cac090df,3,,,open-images-official,,train,approved,campus-public-expanded-v1,open_images,1b5738cd6962eea0,https://www.flickr.com/photos/pumpkincat210/3314566728,https://farm1.staticflickr.com/3192/3314566728_e20bd616e7_o.jpg,https://open-images-dataset.s3.amazonaws.com/train/1b5738cd6962eea0.jpg,Courtney Rhodes,https://creativecommons.org/licenses/by/2.0/,,oi-1b5738cd6962eea0,Codex visual review: ordinary single-main pencil case,bc1c3c5e83e4e383,1024,737,2026-10-07T14:31:42+08:00,Early collection; original source revision not retained; local downloaded rendition SHA-256=39963ca0f3d75812f5f55ec034dcb577fccbd6182fa083ad97520741cac090df; download time recovered from original local file mtime
oi-094d9e16dc15f628,data/raw/openimages/pencil_case/oi-094d9e16dc15f628.jpg,055fc67aba6caa1ed8899321b0686307c97ec5ed9d11f0aa04bc45c7719c1103,3,,,open-images-official,,train,approved,campus-public-expanded-v1,open_images,094d9e16dc15f628,https://www.flickr.com/photos/41738141@N06/6959543470,https://c1.staticflickr.com/8/7226/6959543470_925f706406_o.jpg,https://open-images-dataset.s3.amazonaws.com/train/094d9e16dc15f628.jpg,CananZembil,https://creativecommons.org/licenses/by/2.0/,,oi-094d9e16dc15f628,Codex visual review: ordinary pencil case; primary target identifiable,6f3d1d4ba6034995,1024,768,2026-10-07T14:38:32+08:00,Early collection; original source revision not retained; local downloaded rendition SHA-256=055fc67aba6caa1ed8899321b0686307c97ec5ed9d11f0aa04bc45c7719c1103; download time recovered from original local file mtime
commons-112016789,data/raw/commons/pencil_case/commons-112016789.jpg,2e68adba1e9df87a476b54bbb5a435bdb2db727219ce31cf39654da66795781b,3,,,commons-api,,train,approved,campus-public-expanded-v1,wikimedia_commons,112016789,https://commons.wikimedia.org/wiki/File:015Aa._Pencil_case.jpg,https://upload.wikimedia.org/wikipedia/commons/9/96/015Aa._Pencil_case.jpg?utm_source=commons.wikimedia.org&utm_campaign=imageinfo&utm_content=original,https://upload.wikimedia.org/wikipedia/commons/9/96/015Aa._Pencil_case.jpg?utm_source=commons.wikimedia.org&utm_campaign=imageinfo&utm_content=thumbnail_unscaled,GAlexandrova,CC BY-SA 4.0,https://creativecommons.org/licenses/by-sa/4.0,commons-112016789,Codex visual review: identifiable ordinary pencil case,4a8b931621e97c5f,1152,864,2026-10-07T14:07:18+08:00,Early collection; original source revision not retained; local downloaded rendition SHA-256=2e68adba1e9df87a476b54bbb5a435bdb2db727219ce31cf39654da66795781b; download time recovered from original local file mtime
oi-3d631084d819e84f,data/raw/openimages/pencil_case/oi-3d631084d819e84f.jpg,ecd3252b4bc316da5b197b095d0489a1c6f741dbea4e9e31c25041188759d9a4,3,,,open-images-official,,train,approved,campus-public-expanded-v1,open_images,3d631084d819e84f,https://www.flickr.com/photos/cherryblossom_in_japan/373770950,https://c8.staticflickr.com/1/170/373770950_5a2fccaf07_o.jpg,https://open-images-dataset.s3.amazonaws.com/train/3d631084d819e84f.jpg,cherryblossom in japan,https://creativecommons.org/licenses/by/2.0/,,oi-3d631084d819e84f,Codex visual review: ordinary single-main pencil case,6692b1d9f6ad1305,1024,768,2026-10-07T14:36:44+08:00,Early collection; original source revision not retained; local downloaded rendition SHA-256=ecd3252b4bc316da5b197b095d0489a1c6f741dbea4e9e31c25041188759d9a4; download time recovered from original local file mtime
oi-656c442f3af1fc1f,data/raw/openimages/pencil_case/oi-656c442f3af1fc1f.jpg,8b515589ec16ebed0bd2853a86578065f9b0c1799e6530d6ad3174e666d287a8,3,,,open-images-official,,train,approved,campus-public-expanded-v1,open_images,656c442f3af1fc1f,https://www.flickr.com/photos/trilliumdesign/15217757823,https://c8.staticflickr.com/8/7549/15217757823_c7fd0b1233_o.jpg,https://open-images-dataset.s3.amazonaws.com/train/656c442f3af1fc1f.jpg,Trilliumdesign ~ Caroline,https://creativecommons.org/licenses/by/2.0/,,oi-656c442f3af1fc1f,Codex visual review: ordinary single-main pencil case,c3c83b43854bacbd,722,1024,2026-10-07T14:36:23+08:00,Early collection; original source revision not retained; local downloaded rendition SHA-256=8b515589ec16ebed0bd2853a86578065f9b0c1799e6530d6ad3174e666d287a8; download time recovered from original local file mtime
commons-129668556,data/raw/commons/pencil_case/commons-129668556.jpg,4eee76527d5809f837a7bfffd337c2ceef6b6391778daffaad9d3ab954841603,3,,,commons-api,,train,approved,campus-public-expanded-v1,wikimedia_commons,129668556,https://commons.wikimedia.org/wiki/File:A_friend_challenged_me_because_she_thought_my_Wikimedia_account_was_fake.jpg,https://upload.wikimedia.org/wikipedia/commons/6/61/A_friend_challenged_me_because_she_thought_my_Wikimedia_account_was_fake.jpg?utm_source=commons.wikimedia.org&utm_campaign=imageinfo&utm_content=original,https://thumb.wikimedia.org/wikipedia/commons/thumb/6/61/A_friend_challenged_me_because_she_thought_my_Wikimedia_account_was_fake.jpg/1280px-A_friend_challenged_me_because_she_thought_my_Wikimedia_account_was_fake.jpg?utm_source=commons.wikimedia.org&utm_campaign=imageinfo&utm_content=thumbnail,Luther King School Photos,CC BY-SA 4.0,https://creativecommons.org/licenses/by-sa/4.0,commons-129668556,Codex visual review: identifiable ordinary pencil case,b7a91b52740342fd,1280,960,2026-10-07T14:07:21+08:00,Early collection; original source revision not retained; local downloaded rendition SHA-256=4eee76527d5809f837a7bfffd337c2ceef6b6391778daffaad9d3ab954841603; download time recovered from original local file mtime
oi-1d6474baedac0f23,data/raw/openimages/pencil_case/oi-1d6474baedac0f23.jpg,7148b3e1070a8d329dfecc579e3f4f08c21160da7dbf56854efd5b2e3f5a459a,3,,,open-images-official,,train,approved,campus-public-expanded-v1,open_images,1d6474baedac0f23,https://www.flickr.com/photos/shuttercat7/3400722584,https://farm4.staticflickr.com/3539/3400722584_4c5f9cd7de_o.jpg,https://open-images-dataset.s3.amazonaws.com/train/1d6474baedac0f23.jpg,NapInterrupted,https://creativecommons.org/licenses/by/2.0/,,oi-1d6474baedac0f23,Codex visual review: ordinary single-main pencil case,bc034ca5f9070f57,1024,1024,2026-10-07T14:30:13+08:00,Early collection; original source revision not retained; local downloaded rendition SHA-256=7148b3e1070a8d329dfecc579e3f4f08c21160da7dbf56854efd5b2e3f5a459a; download time recovered from original local file mtime
oi-3b71727246b3699a,data/raw/openimages/pencil_case/oi-3b71727246b3699a.jpg,fd0c3534343eb5a4bdc1b4bb3c8cd2d0b225a3fecd92e45162ed6688827b2f21,3,,,open-images-official,,train,approved,campus-public-expanded-v1,open_images,3b71727246b3699a,https://www.flickr.com/photos/keykalou/16659307290,https://c3.staticflickr.com/8/7604/16659307290_b290f98b3d_o.jpg,https://open-images-dataset.s3.amazonaws.com/train/3b71727246b3699a.jpg,Michelle,https://creativecommons.org/licenses/by/2.0/,,oi-3b71727246b3699a,Codex visual review: ordinary single-main pencil case,5abce95246c93437,1024,918,2026-10-07T14:31:09+08:00,Early collection; original source revision not retained; local downloaded rendition SHA-256=fd0c3534343eb5a4bdc1b4bb3c8cd2d0b225a3fecd92e45162ed6688827b2f21; download time recovered from original local file mtime
commons-57705040,data/raw/commons/pencil_case/commons-57705040.jpg,2468dfcf7888d3409515f5c2fc65eec8128b28b4107dd90ae368215f60bc6821,3,,,commons-api,,train,approved,campus-public-expanded-v1,wikimedia_commons,57705040,https://commons.wikimedia.org/wiki/File:ESTUCHE.jpg,https://upload.wikimedia.org/wikipedia/commons/4/4a/ESTUCHE.jpg?utm_source=commons.wikimedia.org&utm_campaign=imageinfo&utm_content=original,https://upload.wikimedia.org/wikipedia/commons/4/4a/ESTUCHE.jpg?utm_source=commons.wikimedia.org&utm_campaign=imageinfo&utm_content=thumbnail_unscaled,Marc albiol contreras,CC BY-SA 4.0,https://creativecommons.org/licenses/by-sa/4.0,commons-57705040,Codex visual review: identifiable ordinary pencil case,7973f6242903d0dd,648,864,2026-10-07T14:07:34+08:00,Early collection; original source revision not retained; local downloaded rendition SHA-256=2468dfcf7888d3409515f5c2fc65eec8128b28b4107dd90ae368215f60bc6821; download time recovered from original local file mtime
commons-186971,data/raw/commons/pencil_case/commons-186971.jpg,a70906f5ad53466b28feadf8b29dc2dfcb04e7b3ad5831d54c9290f20dc4a5fc,3,,,commons-api,,train,approved,campus-public-expanded-v1,wikimedia_commons,186971,https://commons.wikimedia.org/wiki/File:Apple_iSight_testphoto.jpg,https://upload.wikimedia.org/wikipedia/commons/0/01/Apple_iSight_testphoto.jpg?utm_source=commons.wikimedia.org&utm_campaign=imageinfo&utm_content=original,https://upload.wikimedia.org/wikipedia/commons/0/01/Apple_iSight_testphoto.jpg?utm_source=commons.wikimedia.org&utm_campaign=imageinfo&utm_content=thumbnail_unscaled,Maestroalubia,CC BY-SA 3.0,http://creativecommons.org/licenses/by-sa/3.0/,commons-186971,Codex visual review: identifiable ordinary pencil case,997e2426b1c35b2d,640,480,2026-10-07T14:07:04+08:00,Early collection; original source revision not retained; local downloaded rendition SHA-256=a70906f5ad53466b28feadf8b29dc2dfcb04e7b3ad5831d54c9290f20dc4a5fc; download time recovered from original local file mtime
oi-1f3d8ccade270e7a,data/raw/openimages/pencil_case/oi-1f3d8ccade270e7a.jpg,3f6ae898e3727b36f43afed51298d3c142dcbb2d924e096032416be65f3cd9fc,3,,,open-images-official,,train,approved,campus-public-expanded-v1,open_images,1f3d8ccade270e7a,https://www.flickr.com/photos/palander/4500658912,https://c3.staticflickr.com/5/4071/4500658912_465075bf60_o.jpg,https://open-images-dataset.s3.amazonaws.com/train/1f3d8ccade270e7a.jpg,petter palander,https://creativecommons.org/licenses/by/2.0/,,oi-1f3d8ccade270e7a,Codex visual review: ordinary single-main pencil case,93cc83935c836c7d,866,1024,2026-10-07T14:33:29+08:00,Early collection; original source revision not retained; local downloaded rendition SHA-256=3f6ae898e3727b36f43afed51298d3c142dcbb2d924e096032416be65f3cd9fc; download time recovered from original local file mtime
oi-b736a47d84f26d8b,data/raw/openimages/pencil_case/oi-b736a47d84f26d8b.jpg,1351e5093163e9c49fe6f1c5b4ec2dc2bdf01220986e62672e2c10bb29c739d8,3,,,open-images-official,,train,approved,campus-public-expanded-v1,open_images,b736a47d84f26d8b,https://www.flickr.com/photos/handmadewhimsy/12170689895,https://c4.staticflickr.com/4/3776/12170689895_ff125512c6_o.jpg,https://open-images-dataset.s3.amazonaws.com/train/b736a47d84f26d8b.jpg,myam,https://creativecommons.org/licenses/by/2.0/,,oi-b736a47d84f26d8b,Codex visual review: ordinary single-main pencil case,24711c89ae03ebf7,1024,1024,2026-10-07T14:37:17+08:00,Early collection; original source revision not retained; local downloaded rendition SHA-256=1351e5093163e9c49fe6f1c5b4ec2dc2bdf01220986e62672e2c10bb29c739d8; download time recovered from original local file mtime
commons-95180083,data/raw/commons/pencil_case/commons-95180083.jpg,c25a75fd338b9115b90e5f554e07f89c23a25d1b292b6b0597a6139169f8a7c3,3,,,commons-api,,train,approved,campus-public-expanded-v1,wikimedia_commons,95180083,https://commons.wikimedia.org/wiki/File:Hudebako.jpg,https://upload.wikimedia.org/wikipedia/commons/e/e3/Hudebako.jpg?utm_source=commons.wikimedia.org&utm_campaign=imageinfo&utm_content=original,https://upload.wikimedia.org/wikipedia/commons/e/e3/Hudebako.jpg?utm_source=commons.wikimedia.org&utm_campaign=imageinfo&utm_content=thumbnail_unscaled,KikuiS,CC BY-SA 4.0,https://creativecommons.org/licenses/by-sa/4.0,commons-95180083,Codex visual review: identifiable ordinary pencil case,89128cf97e05e0df,1108,1478,2026-10-07T14:08:47+08:00,Early collection; original source revision not retained; local downloaded rendition SHA-256=c25a75fd338b9115b90e5f554e07f89c23a25d1b292b6b0597a6139169f8a7c3; download time recovered from original local file mtime
oi-18fb994b460a1346,data/raw/openimages/pencil_case/oi-18fb994b460a1346.jpg,2c502f5bc87c7bcde2ae8760893400967facd829411c7fe6e63e8f0e591aba43,3,,,open-images-official,,train,approved,campus-public-expanded-v1,open_images,18fb994b460a1346,https://www.flickr.com/photos/gabby-girl/5677969825,https://farm7.staticflickr.com/5063/5677969825_0ab2016c78_o.jpg,https://open-images-dataset.s3.amazonaws.com/train/18fb994b460a1346.jpg,Gabrielle,https://creativecommons.org/licenses/by/2.0/,,oi-18fb994b460a1346,Codex visual review: ordinary single-main pencil case,52f18d797846871b,1024,620,2026-10-07T14:29:21+08:00,Early collection; original source revision not retained; local downloaded rendition SHA-256=2c502f5bc87c7bcde2ae8760893400967facd829411c7fe6e63e8f0e591aba43; download time recovered from original local file mtime
oi-2c80d37ae411da82,data/raw/openimages/pencil_case/oi-2c80d37ae411da82.jpg,ecd1804aacaa7356f20d7dc7d189d59c6115683c977cd84847349fad86e0ce59,3,,,open-images-official,,train,approved,campus-public-expanded-v1,open_images,2c80d37ae411da82,https://www.flickr.com/photos/betsyweber/1470537965,https://farm3.staticflickr.com/1152/1470537965_bd916b4f24_o.jpg,https://open-images-dataset.s3.amazonaws.com/train/2c80d37ae411da82.jpg,Betsy Weber,https://creativecommons.org/licenses/by/2.0/,,oi-2c80d37ae411da82,Codex visual review: ordinary single-main pencil case,eb87861c1ce9e691,1024,768,2026-10-07T14:29:44+08:00,Early collection; original source revision not retained; local downloaded rendition SHA-256=ecd1804aacaa7356f20d7dc7d189d59c6115683c977cd84847349fad86e0ce59; download time recovered from original local file mtime
commons-90690914,data/raw/commons/pencil_case/commons-90690914.jpg,ae077baad7ada023e13ed527fa30173354ae8295d67c04f7d9ae56674a76b17a,3,,,commons-api,,train,approved,campus-public-expanded-v1,wikimedia_commons,90690914,https://commons.wikimedia.org/wiki/File:5804Baliuag_Bulacan_Landmarks_during_the_2020_coronavirus_pandemic_60.jpg,https://upload.wikimedia.org/wikipedia/commons/5/58/5804Baliuag_Bulacan_Landmarks_during_the_2020_coronavirus_pandemic_60.jpg?utm_source=commons.wikimedia.org&utm_campaign=imageinfo&utm_content=original,https://thumb.wikimedia.org/wikipedia/commons/thumb/5/58/5804Baliuag_Bulacan_Landmarks_during_the_2020_coronavirus_pandemic_60.jpg/1280px-5804Baliuag_Bulacan_Landmarks_during_the_2020_coronavirus_pandemic_60.jpg?utm_source=commons.wikimedia.org&utm_campaign=imageinfo&utm_content=thumbnail,Judgefloro,CC0,http://creativecommons.org/publicdomain/zero/1.0/deed.en,commons-90690914,Codex visual review: identifiable ordinary pencil case,cdfcd6238e09e191,1280,960,2026-10-07T14:07:10+08:00,Early collection; original source revision not retained; local downloaded rendition SHA-256=ae077baad7ada023e13ed527fa30173354ae8295d67c04f7d9ae56674a76b17a; download time recovered from original local file mtime
commons-90690930,data/raw/commons/pencil_case/commons-90690930.jpg,0bb8c0d69c252404485b8eeba2e3c147c57dab7561e53d9d93680bb6703fc4b4,3,,,commons-api,,train,approved,campus-public-expanded-v1,wikimedia_commons,90690930,https://commons.wikimedia.org/wiki/File:5804Baliuag_Bulacan_Landmarks_during_the_2020_coronavirus_pandemic_61.jpg,https://upload.wikimedia.org/wikipedia/commons/7/75/5804Baliuag_Bulacan_Landmarks_during_the_2020_coronavirus_pandemic_61.jpg?utm_source=commons.wikimedia.org&utm_campaign=imageinfo&utm_content=original,https://thumb.wikimedia.org/wikipedia/commons/thumb/7/75/5804Baliuag_Bulacan_Landmarks_during_the_2020_coronavirus_pandemic_61.jpg/1280px-5804Baliuag_Bulacan_Landmarks_during_the_2020_coronavirus_pandemic_61.jpg?utm_source=commons.wikimedia.org&utm_campaign=imageinfo&utm_content=thumbnail,Judgefloro,CC0,http://creativecommons.org/publicdomain/zero/1.0/deed.en,commons-90690914,Codex visual review: identifiable ordinary pencil case,661e99b86e0932d7,1280,960,2026-10-07T14:07:13+08:00,Early collection; original source revision not retained; local downloaded rendition SHA-256=0bb8c0d69c252404485b8eeba2e3c147c57dab7561e53d9d93680bb6703fc4b4; download time recovered from original local file mtime
oi-ee57f5361bcf173b,data/raw/openimages/pencil_case/oi-ee57f5361bcf173b.jpg,d9a1921d0296ea5c020292e25bb6acd01f7b98ccfecca6c3eaaebddc4ec92b92,3,,,open-images-official,,train,approved,campus-public-expanded-v1,open_images,ee57f5361bcf173b,https://www.flickr.com/photos/wicker-furniture/9530712095,https://c4.staticflickr.com/3/2877/9530712095_662bcbb25f_o.jpg,https://open-images-dataset.s3.amazonaws.com/train/ee57f5361bcf173b.jpg,Wicker Paradise,https://creativecommons.org/licenses/by/2.0/,,oi-ee57f5361bcf173b,Codex visual review: ordinary single-main pencil case,5c96e1693b1b46c5,719,1024,2026-10-07T14:37:07+08:00,Early collection; original source revision not retained; local downloaded rendition SHA-256=d9a1921d0296ea5c020292e25bb6acd01f7b98ccfecca6c3eaaebddc4ec92b92; download time recovered from original local file mtime
oi-1cf38b01181416f2,data/raw/openimages/pencil_case/oi-1cf38b01181416f2.jpg,4e78ffb041c968b66691ca2b44a8e2664604888a8165466a6b72e28b774641d0,3,,,open-images-official,,train,approved,campus-public-expanded-v1,open_images,1cf38b01181416f2,https://www.flickr.com/photos/azulcereja/1411901559,https://farm3.staticflickr.com/1019/1411901559_d86c76ccfd_o.jpg,https://open-images-dataset.s3.amazonaws.com/train/1cf38b01181416f2.jpg,bailout,https://creativecommons.org/licenses/by/2.0/,,oi-1cf38b01181416f2,Codex visual review: ordinary pencil case; primary target identifiable,247756cb52247c5b,1024,688,2026-10-07T14:38:19+08:00,Early collection; original source revision not retained; local downloaded rendition SHA-256=4e78ffb041c968b66691ca2b44a8e2664604888a8165466a6b72e28b774641d0; download time recovered from original local file mtime
commons-61985292,data/raw/commons/pencil_case/commons-61985292.jpg,abfaad4499fae8e7e03c7633498af3dbbfea577aa005f02d7e945dae114a4121,3,,,commons-api,,train,approved,campus-public-expanded-v1,wikimedia_commons,61985292,https://commons.wikimedia.org/wiki/File:Portfolio_pen_case.jpg,https://upload.wikimedia.org/wikipedia/commons/5/5c/Portfolio_pen_case.jpg?utm_source=commons.wikimedia.org&utm_campaign=imageinfo&utm_content=original,https://thumb.wikimedia.org/wikipedia/commons/thumb/5/5c/Portfolio_pen_case.jpg/1280px-Portfolio_pen_case.jpg?utm_source=commons.wikimedia.org&utm_campaign=imageinfo&utm_content=thumbnail,Baogao1616,CC BY-SA 4.0,https://creativecommons.org/licenses/by-sa/4.0,commons-61985292,Codex visual contact-sheet review: ordinary pencil case,a82ae90baaa917d7,1280,947,2026-10-07T14:10:10+08:00,Early collection; original source revision not retained; local downloaded rendition SHA-256=abfaad4499fae8e7e03c7633498af3dbbfea577aa005f02d7e945dae114a4121; download time recovered from original local file mtime
commons-158582624,data/raw/commons/pencil_case/commons-158582624.jpg,5751db7ddf5fd4ae2578b1edc6156802b2153cab01dde07d31c80e82348743d8,3,,,commons-api,,train,approved,campus-public-expanded-v1,wikimedia_commons,158582624,https://commons.wikimedia.org/wiki/File:Portapenne_in_pelle.jpg,https://upload.wikimedia.org/wikipedia/commons/8/84/Portapenne_in_pelle.jpg?utm_source=commons.wikimedia.org&utm_campaign=imageinfo&utm_content=original,https://thumb.wikimedia.org/wikipedia/commons/thumb/8/84/Portapenne_in_pelle.jpg/1280px-Portapenne_in_pelle.jpg?utm_source=commons.wikimedia.org&utm_campaign=imageinfo&utm_content=thumbnail,Albarubescens,CC BY-SA 4.0,https://creativecommons.org/licenses/by-sa/4.0,commons-158582624,Codex visual contact-sheet review: ordinary pencil case,482da90d72f907d7,1280,960,2026-10-07T14:10:20+08:00,Early collection; original source revision not retained; local downloaded rendition SHA-256=5751db7ddf5fd4ae2578b1edc6156802b2153cab01dde07d31c80e82348743d8; download time recovered from original local file mtime
commons-114234364,data/raw/commons/pencil_case/commons-114234364.jpg,8448fd2672cdb77825cbc22579bccb04098cc11f88602813b5ca5524cf77c2c2,3,,,commons-api,,train,approved,campus-public-expanded-v1,wikimedia_commons,114234364,https://commons.wikimedia.org/wiki/File:Kleine_Federmappe.jpg,https://upload.wikimedia.org/wikipedia/commons/3/31/Kleine_Federmappe.jpg?utm_source=commons.wikimedia.org&utm_campaign=imageinfo&utm_content=original,https://thumb.wikimedia.org/wikipedia/commons/thumb/3/31/Kleine_Federmappe.jpg/1280px-Kleine_Federmappe.jpg?utm_source=commons.wikimedia.org&utm_campaign=imageinfo&utm_content=thumbnail,Stiftchen2,CC BY-SA 4.0,https://creativecommons.org/licenses/by-sa/4.0,commons-114234364,Codex visual review: identifiable ordinary pencil case,02fc56a1bc03a9df,1280,886,2026-10-07T14:08:49+08:00,Early collection; original source revision not retained; local downloaded rendition SHA-256=8448fd2672cdb77825cbc22579bccb04098cc11f88602813b5ca5524cf77c2c2; download time recovered from original local file mtime
oi-020abe0ec21fdaea,data/raw/openimages/pencil_case/oi-020abe0ec21fdaea.jpg,c740208c96b0d0cb1aa268073297a02daf6abb10c3bbda412aa4577660899632,3,,,open-images-official,,train,approved,campus-public-expanded-v1,open_images,020abe0ec21fdaea,https://www.flickr.com/photos/pumpkincat210/3314561824,https://c3.staticflickr.com/4/3362/3314561824_1a8733a858_o.jpg,https://open-images-dataset.s3.amazonaws.com/train/020abe0ec21fdaea.jpg,Courtney Rhodes,https://creativecommons.org/licenses/by/2.0/,,oi-020abe0ec21fdaea,Codex visual review: ordinary single-main pencil case,d37cc35481762b2b,887,1024,2026-10-07T14:33:22+08:00,Early collection; original source revision not retained; local downloaded rendition SHA-256=c740208c96b0d0cb1aa268073297a02daf6abb10c3bbda412aa4577660899632; download time recovered from original local file mtime
oi-0e10a90256482b65,data/raw/openimages/pencil_case/oi-0e10a90256482b65.jpg,1640baf8761f59e1a85181c08acde4bf72338f601a6d7fb337c2bbc8ca7c2b3e,3,,,open-images-official,,train,approved,campus-public-expanded-v1,open_images,0e10a90256482b65,https://www.flickr.com/photos/131934348@N08/16365114204,https://farm6.staticflickr.com/7617/16365114204_565e5ac1c2_o.jpg,https://open-images-dataset.s3.amazonaws.com/train/0e10a90256482b65.jpg,La Manchuela al Día,https://creativecommons.org/licenses/by/2.0/,,oi-0e10a90256482b65,Codex visual review: ordinary single-main pencil case,707c8c038fa1795f,1024,654,2026-10-07T14:34:46+08:00,Early collection; original source revision not retained; local downloaded rendition SHA-256=1640baf8761f59e1a85181c08acde4bf72338f601a6d7fb337c2bbc8ca7c2b3e; download time recovered from original local file mtime
oi-7f5261defd85b2df,data/raw/openimages/pencil_case/oi-7f5261defd85b2df.jpg,9a4df86b5a56aa8b6814e343a787d98360a7d2595030f9ff87c8c972d5a14ecd,3,,,open-images-official,,train,approved,campus-public-expanded-v1,open_images,7f5261defd85b2df,https://www.flickr.com/photos/trilliumdesign/14724780170,https://c8.staticflickr.com/4/3895/14724780170_5f0d0e1b5b_o.jpg,https://open-images-dataset.s3.amazonaws.com/train/7f5261defd85b2df.jpg,Trilliumdesign ~ Caroline,https://creativecommons.org/licenses/by/2.0/,,oi-55a71aa2397de77b,Codex visual review: ordinary single-main pencil case,b752c6996c76818b,1024,1024,2026-10-07T14:33:12+08:00,Early collection; original source revision not retained; local downloaded rendition SHA-256=9a4df86b5a56aa8b6814e343a787d98360a7d2595030f9ff87c8c972d5a14ecd; download time recovered from original local file mtime
oi-55a71aa2397de77b,data/raw/openimages/pencil_case/oi-55a71aa2397de77b.jpg,452dc7ea18be373ebf6cc0066deb36c460531b37894bff64dc764500005f46d4,3,,,open-images-official,,train,approved,campus-public-expanded-v1,open_images,55a71aa2397de77b,https://www.flickr.com/photos/trilliumdesign/14723826799,https://c4.staticflickr.com/4/3886/14723826799_e32917818e_o.jpg,https://open-images-dataset.s3.amazonaws.com/train/55a71aa2397de77b.jpg,Trilliumdesign ~ Caroline,https://creativecommons.org/licenses/by/2.0/,,oi-55a71aa2397de77b,Codex visual review: ordinary pencil case; primary target identifiable,66a78671dce62193,1024,789,2026-10-07T14:38:45+08:00,Early collection; original source revision not retained; local downloaded rendition SHA-256=452dc7ea18be373ebf6cc0066deb36c460531b37894bff64dc764500005f46d4; download time recovered from original local file mtime
oi-9b2fbd121b0531bc,data/raw/openimages/pencil_case/oi-9b2fbd121b0531bc.jpg,8693b4a9975b22e593b619efefb0f592a217a9dcea868bf375cdc1d6a9469a05,3,,,open-images-official,,train,approved,campus-public-expanded-v1,open_images,9b2fbd121b0531bc,https://www.flickr.com/photos/wearesocial/14273751142,https://c5.staticflickr.com/3/2925/14273751142_04c4db6e36_o.jpg,https://open-images-dataset.s3.amazonaws.com/train/9b2fbd121b0531bc.jpg,We Are Social,https://creativecommons.org/licenses/by/2.0/,,oi-9b2fbd121b0531bc,Codex visual review: ordinary single-main pencil case,c1f5e4e683a83939,1024,1024,2026-10-07T14:31:27+08:00,Early collection; original source revision not retained; local downloaded rendition SHA-256=8693b4a9975b22e593b619efefb0f592a217a9dcea868bf375cdc1d6a9469a05; download time recovered from original local file mtime
oi-4fa1553e47a2b987,data/raw/openimages/pencil_case/oi-4fa1553e47a2b987.jpg,d2195628f81645574fe9a478e169125ab8b8079a2559ade2ac22ec7b4fd24ff3,3,,,open-images-official,,train,approved,campus-public-expanded-v1,open_images,4fa1553e47a2b987,https://www.flickr.com/photos/keykalou/16696592508,https://farm8.staticflickr.com/7585/16696592508_6bbe2837d2_o.jpg,https://open-images-dataset.s3.amazonaws.com/train/4fa1553e47a2b987.jpg,Michelle,https://creativecommons.org/licenses/by/2.0/,,oi-4fa1553e47a2b987,Codex visual review: ordinary single-main pencil case,6c49bc397c030bf5,1024,1024,2026-10-07T14:32:20+08:00,Early collection; original source revision not retained; local downloaded rendition SHA-256=d2195628f81645574fe9a478e169125ab8b8079a2559ade2ac22ec7b4fd24ff3; download time recovered from original local file mtime
oi-34b0bbc8824f3225,data/raw/openimages/pencil_case/oi-34b0bbc8824f3225.jpg,43979f347be6754b701b10fa07b21d2665e76b803c74b5aa82086c164300bc91,3,,,open-images-official,,train,approved,campus-public-expanded-v1,open_images,34b0bbc8824f3225,https://www.flickr.com/photos/rbowen/6560280905,https://farm6.staticflickr.com/7149/6560280905_d0fea82db2_o.jpg,https://open-images-dataset.s3.amazonaws.com/train/34b0bbc8824f3225.jpg,Rich Bowen,https://creativecommons.org/licenses/by/2.0/,,oi-34b0bbc8824f3225,Codex visual review: ordinary single-main pencil case,39a7cc4b26932c9b,1024,765,2026-10-07T14:30:06+08:00,Early collection; original source revision not retained; local downloaded rendition SHA-256=43979f347be6754b701b10fa07b21d2665e76b803c74b5aa82086c164300bc91; download time recovered from original local file mtime
commons-104159933,data/raw/commons/pencil_case/commons-104159933.jpg,27a432eaa96e1d1d12121e9bcaa9994e8be4299fb2119501c8bed3515a2eb914,3,,,commons-api,,train,approved,campus-public-expanded-v1,wikimedia_commons,104159933,https://commons.wikimedia.org/wiki/File:Pencil_Case.jpg,https://upload.wikimedia.org/wikipedia/commons/1/1c/Pencil_Case.jpg?utm_source=commons.wikimedia.org&utm_campaign=imageinfo&utm_content=original,https://thumb.wikimedia.org/wikipedia/commons/thumb/1/1c/Pencil_Case.jpg/1280px-Pencil_Case.jpg?utm_source=commons.wikimedia.org&utm_campaign=imageinfo&utm_content=thumbnail,BilalSnackPack,CC BY-SA 4.0,https://creativecommons.org/licenses/by-sa/4.0,commons-104159933,Codex visual contact-sheet review: ordinary pencil case,23a6a203de4b4dbd,1280,720,2026-10-07T14:09:46+08:00,Early collection; original source revision not retained; local downloaded rendition SHA-256=27a432eaa96e1d1d12121e9bcaa9994e8be4299fb2119501c8bed3515a2eb914; download time recovered from original local file mtime
oi-1265ab8792121ac4,data/raw/openimages/pencil_case/oi-1265ab8792121ac4.jpg,0e003d09e5e441751268ad917c78140d76775fc02dc4371c43eee55c1ad0ea29,3,,,open-images-official,,train,approved,campus-public-expanded-v1,open_images,1265ab8792121ac4,https://www.flickr.com/photos/adri_camelo/8529645522,https://farm5.staticflickr.com/8370/8529645522_76413ff8de_o.jpg,https://open-images-dataset.s3.amazonaws.com/train/1265ab8792121ac4.jpg,Adriana Camelo,https://creativecommons.org/licenses/by/2.0/,,oi-1265ab8792121ac4,Codex visual review: ordinary single-main pencil case,f88d4c536c3992d5,1024,768,2026-10-07T14:35:17+08:00,Early collection; original source revision not retained; local downloaded rendition SHA-256=0e003d09e5e441751268ad917c78140d76775fc02dc4371c43eee55c1ad0ea29; download time recovered from original local file mtime
commons-3926181,data/raw/commons/pencil_case/commons-3926181.jpg,04e20d472dffbca935bf75122667255879251388192c48552bcf384d9675205c,3,,,commons-api,,train,approved,campus-public-expanded-v1,wikimedia_commons,3926181,https://commons.wikimedia.org/wiki/File:Skolni_penal.jpg,https://upload.wikimedia.org/wikipedia/commons/0/07/Skolni_penal.jpg?utm_source=commons.wikimedia.org&utm_campaign=imageinfo&utm_content=original,https://upload.wikimedia.org/wikipedia/commons/0/07/Skolni_penal.jpg?utm_source=commons.wikimedia.org&utm_campaign=imageinfo&utm_content=thumbnail_unscaled,Honza Groh,CC BY 3.0,https://creativecommons.org/licenses/by/3.0,commons-3926181,Codex visual contact-sheet review: ordinary pencil case,0319fdc1c4274ed7,1200,1600,2026-10-07T14:10:02+08:00,Early collection; original source revision not retained; local downloaded rendition SHA-256=04e20d472dffbca935bf75122667255879251388192c48552bcf384d9675205c; download time recovered from original local file mtime
oi-0ce0e62b1239f284,data/raw/openimages/pencil_case/oi-0ce0e62b1239f284.jpg,7c41784b89222bd48e69ceea4a1042fc0c750becf1186a8afe993f1cb51bb0b5,3,,,open-images-official,,train,approved,campus-public-expanded-v1,open_images,0ce0e62b1239f284,https://www.flickr.com/photos/8312543@N07/3390835526,https://farm5.staticflickr.com/3538/3390835526_f9205f4c09_o.jpg,https://open-images-dataset.s3.amazonaws.com/train/0ce0e62b1239f284.jpg,Patricia Harold,https://creativecommons.org/licenses/by/2.0/,,oi-0ce0e62b1239f284,Codex visual review: ordinary single-main pencil case,76c69627acd8d02b,1024,768,2026-10-07T14:32:46+08:00,Early collection; original source revision not retained; local downloaded rendition SHA-256=7c41784b89222bd48e69ceea4a1042fc0c750becf1186a8afe993f1cb51bb0b5; download time recovered from original local file mtime
oi-e95c584469ff140d,data/raw/openimages/pencil_case/oi-e95c584469ff140d.jpg,2f3690a9863e6b729ebec98ffc2f3d28ca11b70eb446ecc9c4bc9560d32b8c2f,3,,,open-images-official,,train,approved,campus-public-expanded-v1,open_images,e95c584469ff140d,https://www.flickr.com/photos/itacorasuichi/1228870194,https://c6.staticflickr.com/2/1317/1228870194_63cfe59184_o.jpg,https://open-images-dataset.s3.amazonaws.com/train/e95c584469ff140d.jpg,Burdo Diseños,https://creativecommons.org/licenses/by/2.0/,,oi-e95c584469ff140d,Codex visual review: ordinary single-main pencil case,5382d62b74abb455,1024,768,2026-10-07T14:34:53+08:00,Early collection; original source revision not retained; local downloaded rendition SHA-256=2f3690a9863e6b729ebec98ffc2f3d28ca11b70eb446ecc9c4bc9560d32b8c2f; download time recovered from original local file mtime
commons-75737639,data/raw/commons/pencil_case/commons-75737639.jpg,6e07022f517b99f1cc5d16afa4f8d46365bc62190bf71934308b68e27fc6b47e,3,,,commons-api,,train,approved,campus-public-expanded-v1,wikimedia_commons,75737639,https://commons.wikimedia.org/wiki/File:%C5%A0koln%C3%AD_pouzdro.jpg,https://upload.wikimedia.org/wikipedia/commons/4/4a/%C5%A0koln%C3%AD_pouzdro.jpg?utm_source=commons.wikimedia.org&utm_campaign=imageinfo&utm_content=original,https://thumb.wikimedia.org/wikipedia/commons/thumb/4/4a/%C5%A0koln%C3%AD_pouzdro.jpg/1280px-%C5%A0koln%C3%AD_pouzdro.jpg?utm_source=commons.wikimedia.org&utm_campaign=imageinfo&utm_content=thumbnail,Tomaskase1,CC BY-SA 4.0,https://creativecommons.org/licenses/by-sa/4.0,commons-75737639,Codex visual contact-sheet review: ordinary pencil case,94a790a752eba715,1280,960,2026-10-07T14:12:44+08:00,Early collection; original source revision not retained; local downloaded rendition SHA-256=6e07022f517b99f1cc5d16afa4f8d46365bc62190bf71934308b68e27fc6b47e; download time recovered from original local file mtime
commons-469271,data/raw/commons/pencil_case/commons-469271.jpg,e63c403dc459c783a2f9f7b9a3ee8807e0e60c6a4f25f00c3399e356267d8817,3,,,commons-api,,train,approved,campus-public-expanded-v1,wikimedia_commons,469271,https://commons.wikimedia.org/wiki/File:Pencil_case.jpg,https://upload.wikimedia.org/wikipedia/commons/e/e2/Pencil_case.jpg?utm_source=commons.wikimedia.org&utm_campaign=imageinfo&utm_content=original,https://thumb.wikimedia.org/wikipedia/commons/thumb/e/e2/Pencil_case.jpg/1280px-Pencil_case.jpg?utm_source=commons.wikimedia.org&utm_campaign=imageinfo&utm_content=thumbnail,No machine-readable author provided. Xjaja~commonswiki assumed (based on copyright claims).,Public domain,,commons-469271,Codex visual contact-sheet review: ordinary pencil case,56fc42a5ab5a03b5,1280,738,2026-10-07T14:09:25+08:00,Early collection; original source revision not retained; local downloaded rendition SHA-256=e63c403dc459c783a2f9f7b9a3ee8807e0e60c6a4f25f00c3399e356267d8817; download time recovered from original local file mtime
oi-484a4337282dde1e,data/raw/openimages/pencil_case/oi-484a4337282dde1e.jpg,360df7dbf4d4a55876b81f88500219f41c0c6fa7ee3c135d4d1bc5be537e6e18,3,,,open-images-official,,train,approved,campus-public-expanded-v1,open_images,484a4337282dde1e,https://www.flickr.com/photos/nachoeuropa/16426598841,https://c7.staticflickr.com/8/7311/16426598841_484624b614_o.jpg,https://open-images-dataset.s3.amazonaws.com/train/484a4337282dde1e.jpg,Colores Mari,https://creativecommons.org/licenses/by/2.0/,,oi-484a4337282dde1e,Codex visual review: ordinary single-main pencil case,d2ad2fd0715e0725,768,768,2026-10-07T14:35:46+08:00,Early collection; original source revision not retained; local downloaded rendition SHA-256=360df7dbf4d4a55876b81f88500219f41c0c6fa7ee3c135d4d1bc5be537e6e18; download time recovered from original local file mtime
oi-007eddb64df9cc32,data/raw/openimages/pencil_case/oi-007eddb64df9cc32.jpg,606b91090f3988ac17ce74193347208457ec8474679e36aeb37975ad61068a61,3,,,open-images-official,,train,approved,campus-public-expanded-v1,open_images,007eddb64df9cc32,https://www.flickr.com/photos/101666380@N07/9761834181,https://farm3.staticflickr.com/5349/9761834181_68ab431759_o.jpg,https://open-images-dataset.s3.amazonaws.com/train/007eddb64df9cc32.jpg,Elisa Fair,https://creativecommons.org/licenses/by/2.0/,,oi-007eddb64df9cc32,Codex visual review: ordinary single-main pencil case,e92c93f03c03e1bd,1024,1024,2026-10-07T14:33:50+08:00,Early collection; original source revision not retained; local downloaded rendition SHA-256=606b91090f3988ac17ce74193347208457ec8474679e36aeb37975ad61068a61; download time recovered from original local file mtime
oi-29d1cb99da3b992a,data/raw/openimages/pencil_case/oi-29d1cb99da3b992a.jpg,9e49b1e089029d73194d40cb786d36782ee73eaf3fcaa8ccb04ccc7a6409001c,3,,,open-images-official,,train,approved,campus-public-expanded-v1,open_images,29d1cb99da3b992a,https://www.flickr.com/photos/101666380@N07/9762010143,https://c3.staticflickr.com/8/7283/9762010143_555cb2cc83_o.jpg,https://open-images-dataset.s3.amazonaws.com/train/29d1cb99da3b992a.jpg,Elisa Fair,https://creativecommons.org/licenses/by/2.0/,,oi-007eddb64df9cc32,Codex visual review: ordinary pencil case; primary target identifiable,cc7603dc260bd877,1024,1024,2026-10-07T14:38:06+08:00,Early collection; original source revision not retained; local downloaded rendition SHA-256=9e49b1e089029d73194d40cb786d36782ee73eaf3fcaa8ccb04ccc7a6409001c; download time recovered from original local file mtime
oi-0d1a3e96c75140ef,data/raw/openimages/pencil_case/oi-0d1a3e96c75140ef.jpg,f6568588888e29777a6ec61702ca9478f656a877fb55c978d9a6cdce5c5eb0f9,3,,,open-images-official,,train,approved,campus-public-expanded-v1,open_images,0d1a3e96c75140ef,https://www.flickr.com/photos/tanabaiana/4251475255,https://c8.staticflickr.com/3/2687/4251475255_13a1a6d30d_o.jpg,https://open-images-dataset.s3.amazonaws.com/train/0d1a3e96c75140ef.jpg,Eliana Buchaul,https://creativecommons.org/licenses/by/2.0/,,oi-0d1a3e96c75140ef,Codex visual review: ordinary pencil case; primary target identifiable,0ba3a9f4bc4656a9,1024,768,2026-10-07T14:37:48+08:00,Early collection; original source revision not retained; local downloaded rendition SHA-256=f6568588888e29777a6ec61702ca9478f656a877fb55c978d9a6cdce5c5eb0f9; download time recovered from original local file mtime
commons-1938513,data/raw/commons/pencil_case/commons-1938513.jpg,da3b91f76bdb4b990960d808ef517b44970f41c6f7984e27e096c6d38693f02c,3,,,commons-api,,train,approved,campus-public-expanded-v1,wikimedia_commons,1938513,https://commons.wikimedia.org/wiki/File:Parker-frontier.jpg,https://upload.wikimedia.org/wikipedia/commons/c/c5/Parker-frontier.jpg?utm_source=commons.wikimedia.org&utm_campaign=imageinfo&utm_content=original,https://upload.wikimedia.org/wikipedia/commons/c/c5/Parker-frontier.jpg?utm_source=commons.wikimedia.org&utm_campaign=imageinfo&utm_content=thumbnail_unscaled,"Johanna83 at Dutch Wikipedia

(Original text: Johanna83)",Public domain,,commons-1938513,Codex visual contact-sheet review: ordinary pencil case,c60903a35ca7f65d,1122,592,2026-10-07T14:09:07+08:00,Early collection; original source revision not retained; local downloaded rendition SHA-256=da3b91f76bdb4b990960d808ef517b44970f41c6f7984e27e096c6d38693f02c; download time recovered from original local file mtime
commons-1994673,data/raw/commons/pencil_case/commons-1994673.jpg,da28a804c9aeb474fd9936b5cf7e9463fda987d912f09232b6e5170125b02201,3,,,commons-api,,train,approved,campus-public-expanded-v1,wikimedia_commons,1994673,https://commons.wikimedia.org/wiki/File:Sonnet_parker_in_box_3n06.jpg,https://upload.wikimedia.org/wikipedia/commons/0/0e/Sonnet_parker_in_box_3n06.jpg?utm_source=commons.wikimedia.org&utm_campaign=imageinfo&utm_content=original,https://thumb.wikimedia.org/wikipedia/commons/thumb/0/0e/Sonnet_parker_in_box_3n06.jpg/1280px-Sonnet_parker_in_box_3n06.jpg?utm_source=commons.wikimedia.org&utm_campaign=imageinfo&utm_content=thumbnail,snowmanradio at en.wikipedia,CC BY-SA 3.0,http://creativecommons.org/licenses/by-sa/3.0/,commons-1938513,Codex visual contact-sheet review: ordinary pencil case,0b03f5dda4211e5f,1280,878,2026-10-07T14:09:59+08:00,Early collection; original source revision not retained; local downloaded rendition SHA-256=da28a804c9aeb474fd9936b5cf7e9463fda987d912f09232b6e5170125b02201; download time recovered from original local file mtime
oi-510cc5a0ece3e926,data/raw/openimages/pencil_case/oi-510cc5a0ece3e926.jpg,ea0d2669960cd288db320869b6473ab110beb574224a3598b49a278f393af486,3,,,open-images-official,,train,approved,campus-public-expanded-v1,open_images,510cc5a0ece3e926,https://www.flickr.com/photos/ginapina/7754136052,https://farm7.staticflickr.com/8295/7754136052_fd0c8f254c_o.jpg,https://open-images-dataset.s3.amazonaws.com/train/510cc5a0ece3e926.jpg,gina pina,https://creativecommons.org/licenses/by/2.0/,,oi-510cc5a0ece3e926,Codex visual review: ordinary single-main pencil case,1f0477f880a87e57,1024,1024,2026-10-07T14:35:11+08:00,Early collection; original source revision not retained; local downloaded rendition SHA-256=ea0d2669960cd288db320869b6473ab110beb574224a3598b49a278f393af486; download time recovered from original local file mtime
commons-57705146,data/raw/commons/pencil_case/commons-57705146.png,ed381b5e244e068626c26b0d1c359a095d87c5ce59a4e460b26780d13b65c972,3,,,commons-api,,train,approved,campus-public-expanded-v1,wikimedia_commons,57705146,https://commons.wikimedia.org/wiki/File:Estuche.png,https://upload.wikimedia.org/wikipedia/commons/2/21/Estuche.png?utm_source=commons.wikimedia.org&utm_campaign=imageinfo&utm_content=original,https://upload.wikimedia.org/wikipedia/commons/2/21/Estuche.png?utm_source=commons.wikimedia.org&utm_campaign=imageinfo&utm_content=thumbnail_unscaled,Carla albiol,CC BY-SA 4.0,https://creativecommons.org/licenses/by-sa/4.0,commons-57705146,Codex visual review: identifiable ordinary pencil case,fefa9350008196df,475,358,2026-10-07T14:07:59+08:00,Early collection; original source revision not retained; local downloaded rendition SHA-256=ed381b5e244e068626c26b0d1c359a095d87c5ce59a4e460b26780d13b65c972; download time recovered from original local file mtime
oi-4b0312abb8f872ed,data/raw/openimages/pencil_case/oi-4b0312abb8f872ed.jpg,52ed2f04c5490353c9d958893448082dbcbb4aaf5e1b460ac78effe095def8bb,3,,,open-images-official,,train,approved,campus-public-expanded-v1,open_images,4b0312abb8f872ed,https://www.flickr.com/photos/keykalou/16194630654,https://c6.staticflickr.com/9/8728/16194630654_8d436cb4ba_o.jpg,https://open-images-dataset.s3.amazonaws.com/train/4b0312abb8f872ed.jpg,Michelle,https://creativecommons.org/licenses/by/2.0/,,oi-4b0312abb8f872ed,Codex visual review: ordinary single-main pencil case,ccb1e64b36a5194d,1024,1024,2026-10-07T14:34:09+08:00,Early collection; original source revision not retained; local downloaded rendition SHA-256=52ed2f04c5490353c9d958893448082dbcbb4aaf5e1b460ac78effe095def8bb; download time recovered from original local file mtime
oi-02f226c5cc06dfb8,data/raw/openimages/pencil_case/oi-02f226c5cc06dfb8.jpg,68d43bf9b3cc77292cd142be5529524508251779f55ce92959af5679e4434496,3,,,open-images-official,,train,approved,campus-public-expanded-v1,open_images,02f226c5cc06dfb8,https://www.flickr.com/photos/photo-digest/11931822266,https://c1.staticflickr.com/3/2856/11931822266_f9fd682ff4_o.jpg,https://open-images-dataset.s3.amazonaws.com/train/02f226c5cc06dfb8.jpg,media.digest,https://creativecommons.org/licenses/by/2.0/,,oi-02f226c5cc06dfb8,Codex visual review: ordinary pencil case; primary target identifiable,cd5004fb164be8bd,1024,655,2026-10-07T14:39:16+08:00,Early collection; original source revision not retained; local downloaded rendition SHA-256=68d43bf9b3cc77292cd142be5529524508251779f55ce92959af5679e4434496; download time recovered from original local file mtime
commons-7820256,data/raw/commons/pencil_case/commons-7820256.jpg,aa02cf58ead67e1ccaeb12eea7de67173da94fe4b541b82ef6dfa784adfbe547,3,,,commons-api,,train,approved,campus-public-expanded-v1,wikimedia_commons,7820256,"https://commons.wikimedia.org/wiki/File:Mars,Staedtler,Stiftdose.jpg",https://upload.wikimedia.org/wikipedia/commons/9/98/Mars%2CStaedtler%2CStiftdose.jpg?utm_source=commons.wikimedia.org&utm_campaign=imageinfo&utm_content=original,https://thumb.wikimedia.org/wikipedia/commons/thumb/9/98/Mars%2CStaedtler%2CStiftdose.jpg/1280px-Mars%2CStaedtler%2CStiftdose.jpg?utm_source=commons.wikimedia.org&utm_campaign=imageinfo&utm_content=thumbnail,M_H.DE,CC BY-SA 3.0,https://creativecommons.org/licenses/by-sa/3.0,commons-7820256,Codex visual review: identifiable ordinary pencil case,768df86286992b65,1280,960,2026-10-07T14:08:24+08:00,Early collection; original source revision not retained; local downloaded rendition SHA-256=aa02cf58ead67e1ccaeb12eea7de67173da94fe4b541b82ef6dfa784adfbe547; download time recovered from original local file mtime
oi-c0e8c687a4b54526,data/raw/openimages/pencil_case/oi-c0e8c687a4b54526.jpg,8da85b1bea19b4831dcce229e91ab927fdf113561ea02a96e92c0b41dacf3cb9,3,,,open-images-official,,train,approved,campus-public-expanded-v1,open_images,c0e8c687a4b54526,https://www.flickr.com/photos/26026157@N02/9466335111,https://farm7.staticflickr.com/7435/9466335111_2a34663d98_o.jpg,https://open-images-dataset.s3.amazonaws.com/train/c0e8c687a4b54526.jpg,naka hide,https://creativecommons.org/licenses/by/2.0/,,oi-c0e8c687a4b54526,Codex visual review: ordinary single-main pencil case,9c8963630e89b977,1024,1024,2026-10-07T14:36:03+08:00,Early collection; original source revision not retained; local downloaded rendition SHA-256=8da85b1bea19b4831dcce229e91ab927fdf113561ea02a96e92c0b41dacf3cb9; download time recovered from original local file mtime
commons-146706673,data/raw/commons/pencil_case/commons-146706673.jpg,346eeea63c7e335438dd6e110270d9a6404576e56b96605ce8e0f7dbc339542c,3,,,commons-api,,train,approved,campus-public-expanded-v1,wikimedia_commons,146706673,https://commons.wikimedia.org/wiki/File:Shinkansen_N700S_design_pencase.jpg,https://upload.wikimedia.org/wikipedia/commons/6/63/Shinkansen_N700S_design_pencase.jpg?utm_source=commons.wikimedia.org&utm_campaign=imageinfo&utm_content=original,https://thumb.wikimedia.org/wikipedia/commons/thumb/6/63/Shinkansen_N700S_design_pencase.jpg/1280px-Shinkansen_N700S_design_pencase.jpg?utm_source=commons.wikimedia.org&utm_campaign=imageinfo&utm_content=thumbnail,ジェーアール東海一口株主,CC0,http://creativecommons.org/publicdomain/zero/1.0/deed.en,commons-146706673,Codex visual contact-sheet review: ordinary pencil case,a181075e5efca9a9,1280,960,2026-10-07T14:10:18+08:00,Early collection; original source revision not retained; local downloaded rendition SHA-256=346eeea63c7e335438dd6e110270d9a6404576e56b96605ce8e0f7dbc339542c; download time recovered from original local file mtime
oi-a88cf9722f76deeb,data/raw/openimages/mouse/oi-a88cf9722f76deeb.jpg,69382e98adede0039792e9c9cf153183c1c14056f7993d50567b600e33240ea0,4,,,open-images-official,,train,approved,campus-public-expanded-v1,open_images,a88cf9722f76deeb,https://www.flickr.com/photos/standout/4168779009,https://c4.staticflickr.com/3/2745/4168779009_f922fe8a97_o.jpg,https://open-images-dataset.s3.amazonaws.com/validation/a88cf9722f76deeb.jpg,David Svensson,https://creativecommons.org/licenses/by/2.0/,https://creativecommons.org/licenses/by/2.0/,oi-a88cf9722f76deeb,Codex visual inspection: one identifiable target within frozen definition,91d94d2cc693195f,1024,768,2026-10-07T17:55:49+08:00,Open Images V7 public validation image / V5 human boxable labels
commons-5513780,data/raw/commons/mouse/commons-5513780.jpg,7c1b5dc9b73ccce22b51e3fdd63c9f8e1275352de693592a540dd74b32214401,4,,,commons-api,,train,approved,campus-public-expanded-v1,wikimedia_commons,5513780,https://commons.wikimedia.org/wiki/File:Xerox_Alto_mouse.jpg,https://upload.wikimedia.org/wikipedia/commons/c/cf/Xerox_Alto_mouse.jpg?utm_source=commons.wikimedia.org&utm_campaign=imageinfo&utm_content=original,https://thumb.wikimedia.org/wikipedia/commons/thumb/c/cf/Xerox_Alto_mouse.jpg/960px-Xerox_Alto_mouse.jpg?utm_source=commons.wikimedia.org&utm_campaign=imageinfo&utm_content=thumbnail,Marcin Wichary,CC BY 2.0,https://creativecommons.org/licenses/by/2.0,commons-32789323,Codex visual inspection: one identifiable computer mouse/trackball is principal,a6c616d9521a6bd9,960,720,2026-10-07T19:42:46+08:00,Commons file timestamp=2008-12-16T19:54:36Z; source sha1=b4baabeea0fb540718b9726467cfb5b4bc0d1f88; requested thumbnail=960px
commons-32789323,data/raw/commons/mouse/commons-32789323.jpg,2d6f0d3d19cd4eb452d37efac3ca89f4f7bf73993b1606c2228172a0efff4e94,4,,,commons-api,,train,approved,campus-public-expanded-v1,wikimedia_commons,32789323,https://commons.wikimedia.org/wiki/File:Xerox_Alto_mouse_-_Computer_History_Museum.jpg,https://upload.wikimedia.org/wikipedia/commons/6/63/Xerox_Alto_mouse_-_Computer_History_Museum.jpg?utm_source=commons.wikimedia.org&utm_campaign=imageinfo&utm_content=original,https://thumb.wikimedia.org/wikipedia/commons/thumb/6/63/Xerox_Alto_mouse_-_Computer_History_Museum.jpg/960px-Xerox_Alto_mouse_-_Computer_History_Museum.jpg?utm_source=commons.wikimedia.org&utm_campaign=imageinfo&utm_content=thumbnail,"Michael Hicks from Saint Paul, MN, USA",CC BY 2.0,https://creativecommons.org/licenses/by/2.0,commons-32789323,Codex visual inspection: one identifiable computer mouse/trackball is principal,f890e0e0fcf2e30b,960,640,2026-10-07T19:42:59+08:00,Commons file timestamp=2014-05-15T12:11:25Z; source sha1=213e5954465d8dfd7776dd5993600ae3b05fcadf; requested thumbnail=960px
commons-53384877,data/raw/commons/mouse/commons-53384877.jpg,27612fbd86fe31301abcab5027807ce70078ca6e09774c86069d74b041b30bc1,4,,,commons-api,,train,approved,campus-public-expanded-v1,wikimedia_commons,53384877,https://commons.wikimedia.org/wiki/File:Une_souris_de_pc.jpg,https://upload.wikimedia.org/wikipedia/commons/e/e7/Une_souris_de_pc.jpg?utm_source=commons.wikimedia.org&utm_campaign=imageinfo&utm_content=original,https://thumb.wikimedia.org/wikipedia/commons/thumb/e/e7/Une_souris_de_pc.jpg/500px-Une_souris_de_pc.jpg?utm_source=commons.wikimedia.org&utm_campaign=imageinfo&utm_content=thumbnail,Dergham Abdelhak,CC BY-SA 4.0,https://creativecommons.org/licenses/by-sa/4.0,commons-53384877,Codex visual inspection: one identifiable computer mouse/trackball is principal,98f3e696320cc973,500,375,2026-10-07T19:43:04+08:00,Commons file timestamp=2016-11-21T16:46:52Z; source sha1=306d18d56f223f843460cdaa2d8f93e93816d0eb; requested thumbnail=500px
commons-127824590,data/raw/commons/mouse/commons-127824590.jpg,896f7e6781d673353e48b0d3689e14f2c08c958154e917fd47756b0b1b840f92,4,,,commons-api,,train,approved,campus-public-expanded-v1,wikimedia_commons,127824590,https://commons.wikimedia.org/wiki/File:2023_Mysz_komputerowa_Logitech_G903_Lightspeed.jpg,https://upload.wikimedia.org/wikipedia/commons/7/71/2023_Mysz_komputerowa_Logitech_G903_Lightspeed.jpg?utm_source=commons.wikimedia.org&utm_campaign=imageinfo&utm_content=original,https://thumb.wikimedia.org/wikipedia/commons/thumb/7/71/2023_Mysz_komputerowa_Logitech_G903_Lightspeed.jpg/960px-2023_Mysz_komputerowa_Logitech_G903_Lightspeed.jpg?utm_source=commons.wikimedia.org&utm_campaign=imageinfo&utm_content=thumbnail,Jacek Halicki,CC BY-SA 4.0,https://creativecommons.org/licenses/by-sa/4.0,commons-127824590,Codex visual inspection: one identifiable computer mouse/trackball is principal,3d3692c973790c87,960,662,2026-10-07T19:43:40+08:00,Commons file timestamp=2023-01-16T15:52:21Z; source sha1=a004380768cfbe2ab595bc7d232547721a53a82e; requested thumbnail=960px
oi-6463145caf94b8a6,data/raw/openimages/mouse/oi-6463145caf94b8a6.jpg,7f19eecf09357a682db9e5610b715c1db41885baa1bc9469fc48883a112f9d59,4,,,open-images-official,,train,approved,campus-public-expanded-v1,open_images,6463145caf94b8a6,https://www.flickr.com/photos/fuzzcat/8291741616,https://farm7.staticflickr.com/8493/8291741616_2f29329dc7_o.jpg,https://open-images-dataset.s3.amazonaws.com/validation/6463145caf94b8a6.jpg,Kate Haskell,https://creativecommons.org/licenses/by/2.0/,https://creativecommons.org/licenses/by/2.0/,oi-6463145caf94b8a6,Codex visual inspection: one identifiable target within frozen definition,6431b6895e83a97d,1024,1024,2026-10-07T17:48:56+08:00,Open Images V7 public validation image / V5 human boxable labels
commons-141478281,data/raw/commons/mouse/commons-141478281.jpg,cafa319173d635b65f3076e5cf31299c0949d933d3e4b1fb3848fdb98f03408b,4,,,commons-api,,train,approved,campus-public-expanded-v1,wikimedia_commons,141478281,https://commons.wikimedia.org/wiki/File:%E9%A3%9E%E5%88%A9%E6%B5%A6%E6%9C%89%E7%BA%BF%E9%BC%A0%E6%A0%87(%E9%BB%91%E8%89%B2).jpg,https://upload.wikimedia.org/wikipedia/commons/0/0e/%E9%A3%9E%E5%88%A9%E6%B5%A6%E6%9C%89%E7%BA%BF%E9%BC%A0%E6%A0%87%28%E9%BB%91%E8%89%B2%29.jpg?utm_source=commons.wikimedia.org&utm_campaign=imageinfo&utm_content=original,https://thumb.wikimedia.org/wikipedia/commons/thumb/0/0e/%E9%A3%9E%E5%88%A9%E6%B5%A6%E6%9C%89%E7%BA%BF%E9%BC%A0%E6%A0%87%28%E9%BB%91%E8%89%B2%29.jpg/960px-%E9%A3%9E%E5%88%A9%E6%B5%A6%E6%9C%89%E7%BA%BF%E9%BC%A0%E6%A0%87%28%E9%BB%91%E8%89%B2%29.jpg?utm_source=commons.wikimedia.org&utm_campaign=imageinfo&utm_content=thumbnail,CSR2Forever,CC BY-SA 4.0,https://creativecommons.org/licenses/by-sa/4.0,commons-141478281,Codex visual inspection: one recognizable computer mouse is main subject,7b6943010b0d53ff,960,720,2026-10-07T19:44:12+08:00,Commons file timestamp=2023-11-27T12:30:08Z; source sha1=4f80a0f0f2c873afd84302f7ec04c4fd306cf33d; requested thumbnail=960px
oi-7a2d59287bc751ee,data/raw/openimages/mouse/oi-7a2d59287bc751ee.jpg,2211d395f5990333d65424bf4e2b69673a6b7ff3b7011d9f47c6c7a8257b9b53,4,,,open-images-official,,train,approved,campus-public-expanded-v1,open_images,7a2d59287bc751ee,https://www.flickr.com/photos/steveganz/299014186,https://c7.staticflickr.com/1/112/299014186_9b56214de7_o.jpg,https://open-images-dataset.s3.amazonaws.com/test/7a2d59287bc751ee.jpg,Steve Ganz,https://creativecommons.org/licenses/by/2.0/,https://creativecommons.org/licenses/by/2.0/,oi-7a2d59287bc751ee,Codex visual inspection: one identifiable physical target within confirmed definition,5698b3668c99333d,1024,768,2026-10-07T18:08:05+08:00,Open Images V7 public test image / V5 human boxable labels; one non-depicted box >=25% image area
commons-14491840,data/raw/commons/mouse/commons-14491840.jpg,aa828629e35b686c809c007839907e45aa2d52679cf33f42332b4f52271bfcc8,4,,,commons-api,,train,approved,campus-public-expanded-v1,wikimedia_commons,14491840,https://commons.wikimedia.org/wiki/File:CeBIT_2011_Samstag_PD_60.JPG,https://upload.wikimedia.org/wikipedia/commons/a/ab/CeBIT_2011_Samstag_PD_60.JPG?utm_source=commons.wikimedia.org&utm_campaign=imageinfo&utm_content=original,https://thumb.wikimedia.org/wikipedia/commons/thumb/a/ab/CeBIT_2011_Samstag_PD_60.JPG/1280px-CeBIT_2011_Samstag_PD_60.JPG?utm_source=commons.wikimedia.org&utm_campaign=imageinfo&utm_content=thumbnail,Bin im Garten,CC BY-SA 3.0,https://creativecommons.org/licenses/by-sa/3.0,commons-14491840,Codex visual review of contact sheet: one identifiable target within frozen category definition,cf66b19c59e42619,1280,853,2026-10-07T16:56:20+08:00,Early collection; original source revision not retained; local downloaded rendition SHA-256=aa828629e35b686c809c007839907e45aa2d52679cf33f42332b4f52271bfcc8; download time recovered from original local file mtime
commons-3621655,data/raw/commons/mouse/commons-3621655.jpg,7ddef5d58b415644017b57597a41d7fb45f67ecc9da660dc7e5f01eef28a0b52,4,,,commons-api,,train,approved,campus-public-expanded-v1,wikimedia_commons,3621655,https://commons.wikimedia.org/wiki/File:Trackball.JPG,https://upload.wikimedia.org/wikipedia/commons/9/9a/Trackball.JPG?utm_source=commons.wikimedia.org&utm_campaign=imageinfo&utm_content=original,https://thumb.wikimedia.org/wikipedia/commons/thumb/9/9a/Trackball.JPG/500px-Trackball.JPG?utm_source=commons.wikimedia.org&utm_campaign=imageinfo&utm_content=thumbnail,Faboli at Portuguese Wikipedia,Public domain,,commons-3621655,Codex visual inspection: one identifiable computer mouse/trackball is principal,9dec33986c24f0cb,500,375,2026-10-07T19:42:44+08:00,Commons file timestamp=2008-02-27T00:44:59Z; source sha1=79c2eacc46d7de98a910c4ebc47c9c214ccb13d6; requested thumbnail=500px
commons-10960592,data/raw/commons/mouse/commons-10960592.jpeg,af6af21f8c92490ca4c5f4fabda7289734711624b2b8b749d0450162a6d8dac8,4,,,commons-api,,train,approved,campus-public-expanded-v1,wikimedia_commons,10960592,https://commons.wikimedia.org/wiki/File:Old_optical_mouse.jpeg,https://upload.wikimedia.org/wikipedia/commons/f/f0/Old_optical_mouse.jpeg?utm_source=commons.wikimedia.org&utm_campaign=imageinfo&utm_content=original,https://thumb.wikimedia.org/wikipedia/commons/thumb/f/f0/Old_optical_mouse.jpeg/500px-Old_optical_mouse.jpeg?utm_source=commons.wikimedia.org&utm_campaign=imageinfo&utm_content=thumbnail,Dl8dtl,CC BY-SA 3.0,https://creativecommons.org/licenses/by-sa/3.0,commons-10960592,Codex visual inspection: one identifiable computer mouse/trackball is principal,61b32df10a45f2b9,500,375,2026-10-07T19:40:36+08:00,Commons file timestamp=2010-07-20T22:02:02Z; source sha1=47f652cd86cb81e2e7346ffc9629d0b803e893f0; requested thumbnail=500px
oi-3ef18d437afa1e76,data/raw/openimages/mouse/oi-3ef18d437afa1e76.jpg,fe985662bc6f54503620e2dca2396470fdd7d277aeb08818fe2c7bcaba601a45,4,,,open-images-official,,train,approved,campus-public-expanded-v1,open_images,3ef18d437afa1e76,https://www.flickr.com/photos/orangeacid/204164003,https://farm7.staticflickr.com/67/204164003_588c240c46_o.jpg,https://open-images-dataset.s3.amazonaws.com/test/3ef18d437afa1e76.jpg,Dan Foy,https://creativecommons.org/licenses/by/2.0/,https://creativecommons.org/licenses/by/2.0/,oi-3ef18d437afa1e76,Codex visual inspection: one identifiable physical target within confirmed definition,433e67539e2c498b,1024,768,2026-10-07T18:05:37+08:00,Open Images V7 public test image / V5 human boxable labels; one non-depicted box >=25% image area
commons-121106047,data/raw/commons/mouse/commons-121106047.jpg,0a2533a9c2651f15b5070db398b3083b650a43bc283014b120b1e6327316460e,4,,,commons-api,,train,approved,campus-public-expanded-v1,wikimedia_commons,121106047,https://commons.wikimedia.org/wiki/File:%D7%A2%D7%9B%D7%91%D7%A8_%D7%9E%D7%97%D7%A9%D7%91.jpg,https://upload.wikimedia.org/wikipedia/commons/a/a8/%D7%A2%D7%9B%D7%91%D7%A8_%D7%9E%D7%97%D7%A9%D7%91.jpg?utm_source=commons.wikimedia.org&utm_campaign=imageinfo&utm_content=original,https://thumb.wikimedia.org/wikipedia/commons/thumb/a/a8/%D7%A2%D7%9B%D7%91%D7%A8_%D7%9E%D7%97%D7%A9%D7%91.jpg/960px-%D7%A2%D7%9B%D7%91%D7%A8_%D7%9E%D7%97%D7%A9%D7%91.jpg?utm_source=commons.wikimedia.org&utm_campaign=imageinfo&utm_content=thumbnail,Noamlevi123,CC BY-SA 4.0,https://creativecommons.org/licenses/by-sa/4.0,commons-121106047,Codex visual inspection: one recognizable computer mouse is main subject,b9bcc8700e83ba6d,960,1280,2026-10-07T19:47:18+08:00,Commons file timestamp=2022-07-26T11:01:51Z; source sha1=20e6a94414cf3dce39fad22da46ddf5d68b16886; requested thumbnail=960px
commons-24925437,data/raw/commons/mouse/commons-24925437.jpg,933851a3a473b0eb76a91e265497633a36cffa0d5382e86c1b510f0b2d631b1b,4,,,commons-api,,train,approved,campus-public-expanded-v1,wikimedia_commons,24925437,https://commons.wikimedia.org/wiki/File:Mini_mouse_on_cd_with_rainbow_reflections.jpg,https://upload.wikimedia.org/wikipedia/commons/6/6c/Mini_mouse_on_cd_with_rainbow_reflections.jpg?utm_source=commons.wikimedia.org&utm_campaign=imageinfo&utm_content=original,https://thumb.wikimedia.org/wikipedia/commons/thumb/6/6c/Mini_mouse_on_cd_with_rainbow_reflections.jpg/960px-Mini_mouse_on_cd_with_rainbow_reflections.jpg?utm_source=commons.wikimedia.org&utm_campaign=imageinfo&utm_content=thumbnail,Leon Brooks,Public domain,,commons-24925437,Codex visual inspection: one identifiable computer mouse/trackball is principal,f6155b6626a225d9,960,720,2026-10-07T19:40:17+08:00,Commons file timestamp=2013-03-01T14:24:00Z; source sha1=d63496079ccb95ff79e5eb72a47dfe9e4b56337f; requested thumbnail=960px
commons-39981764,data/raw/commons/mouse/commons-39981764.jpg,25d68d6af467fc0e6482e0873fdf1df9ed02140bf23822db18c63fc553141fb0,4,,,commons-api,,train,approved,campus-public-expanded-v1,wikimedia_commons,39981764,https://commons.wikimedia.org/wiki/File:ComputerMouseCloseup3.jpg,https://upload.wikimedia.org/wikipedia/commons/f/f5/ComputerMouseCloseup3.jpg?utm_source=commons.wikimedia.org&utm_campaign=imageinfo&utm_content=original,https://thumb.wikimedia.org/wikipedia/commons/thumb/f/f5/ComputerMouseCloseup3.jpg/960px-ComputerMouseCloseup3.jpg?utm_source=commons.wikimedia.org&utm_campaign=imageinfo&utm_content=thumbnail,Raysonho @ Open Grid Scheduler / Grid Engine,CC0,http://creativecommons.org/publicdomain/zero/1.0/deed.en,commons-39981764,Codex visual inspection: one identifiable computer mouse/trackball is principal,d35c0ab2a52d5ad3,960,636,2026-10-07T19:43:27+08:00,Commons file timestamp=2015-05-04T22:45:03Z; source sha1=909a23a3bcc6a580602de43fb193ada3eb25edbe; requested thumbnail=960px
commons-146056761,data/raw/commons/mouse/commons-146056761.jpg,921ef6d5b756cac5d0fde5cd92a005ef728d1b732fed2f787bed21949642c186,4,,,commons-api,,train,approved,campus-public-expanded-v1,wikimedia_commons,146056761,https://commons.wikimedia.org/wiki/File:Arratoia_(PC).jpg,https://upload.wikimedia.org/wikipedia/commons/3/39/Arratoia_%28PC%29.jpg?utm_source=commons.wikimedia.org&utm_campaign=imageinfo&utm_content=original,https://thumb.wikimedia.org/wikipedia/commons/thumb/3/39/Arratoia_%28PC%29.jpg/960px-Arratoia_%28PC%29.jpg?utm_source=commons.wikimedia.org&utm_campaign=imageinfo&utm_content=thumbnail,Batx2AntiguaLuberri,CC0,http://creativecommons.org/publicdomain/zero/1.0/deed.en,commons-146056761,Codex visual inspection: one recognizable computer mouse is main subject,e6d30c99b463433d,960,1707,2026-10-07T19:44:17+08:00,Commons file timestamp=2024-03-04T10:57:14Z; source sha1=e09acd0bf6e19ecc3787c9cbb750f8198fabec6c; requested thumbnail=960px
oi-af1af3062d04c7b6,data/raw/openimages/mouse/oi-af1af3062d04c7b6.jpg,5905984ab36cfbbf10c88bf3e6a2102044235d57e550cd1831baf42ff2226122,4,,,open-images-official,,train,approved,campus-public-expanded-v1,open_images,af1af3062d04c7b6,https://www.flickr.com/photos/116436808@N06/12311308474,https://farm7.staticflickr.com/7391/12311308474_7e76ac613f_o.jpg,https://open-images-dataset.s3.amazonaws.com/test/af1af3062d04c7b6.jpg,Jigsawphoenix,https://creativecommons.org/licenses/by/2.0/,https://creativecommons.org/licenses/by/2.0/,oi-af1af3062d04c7b6,Codex visual inspection: one identifiable physical target within confirmed definition,b39c51d3480b26f7,1024,648,2026-10-07T18:08:21+08:00,Open Images V7 public test image / V5 human boxable labels; one non-depicted box >=25% image area
oi-3bb1e3442830880a,data/raw/openimages/mouse/oi-3bb1e3442830880a.jpg,832fcfcfef17dd58c089c23746b10f2440ad0d6601f5e0b77a36de4e1bad8f9b,4,,,open-images-official,,train,approved,campus-public-expanded-v1,open_images,3bb1e3442830880a,https://www.flickr.com/photos/mitmensch0812/2517996631,https://c3.staticflickr.com/4/3234/2517996631_3f7d091700_o.jpg,https://open-images-dataset.s3.amazonaws.com/test/3bb1e3442830880a.jpg,DietrichLiao,https://creativecommons.org/licenses/by/2.0/,https://creativecommons.org/licenses/by/2.0/,oi-3bb1e3442830880a,Codex visual inspection: one identifiable physical target within confirmed definition,1cb33443d62cc97b,1024,768,2026-10-07T18:11:25+08:00,Open Images V7 public test image / V5 human boxable labels; one non-depicted box >=25% image area
commons-95606388,data/raw/commons/mouse/commons-95606388.jpg,563e57c1a5f889404fc49db6abb17c85ecb27600c532c5a4ebcf47fea093750c,4,,,commons-api,,train,approved,campus-public-expanded-v1,wikimedia_commons,95606388,https://commons.wikimedia.org/wiki/File:Imagen_de_un_raton.jpg,https://upload.wikimedia.org/wikipedia/commons/9/98/Imagen_de_un_raton.jpg?utm_source=commons.wikimedia.org&utm_campaign=imageinfo&utm_content=original,https://upload.wikimedia.org/wikipedia/commons/9/98/Imagen_de_un_raton.jpg?utm_source=commons.wikimedia.org&utm_campaign=imageinfo&utm_content=thumbnail_unscaled,Pepooooo,CC BY-SA 4.0,https://creativecommons.org/licenses/by-sa/4.0,commons-95606388,Codex visual review of contact sheet: one identifiable target within frozen category definition,9cdcfcd8f0230707,900,1600,2026-10-07T16:57:43+08:00,Early collection; original source revision not retained; local downloaded rendition SHA-256=563e57c1a5f889404fc49db6abb17c85ecb27600c532c5a4ebcf47fea093750c; download time recovered from original local file mtime
commons-173039571,data/raw/commons/mouse/commons-173039571.jpg,9894c032a4acc4230953eb921c4d555747979ffac1f6d2569b9484f6cf4d1d52,4,,,commons-api,,train,approved,campus-public-expanded-v1,wikimedia_commons,173039571,https://commons.wikimedia.org/wiki/File:Hoco-gm29-wireless-1.jpg,https://upload.wikimedia.org/wikipedia/commons/a/a6/Hoco-gm29-wireless-1.jpg?utm_source=commons.wikimedia.org&utm_campaign=imageinfo&utm_content=original,https://thumb.wikimedia.org/wikipedia/commons/thumb/a/a6/Hoco-gm29-wireless-1.jpg/1280px-Hoco-gm29-wireless-1.jpg?utm_source=commons.wikimedia.org&utm_campaign=imageinfo&utm_content=thumbnail,I13Robin,CC0,http://creativecommons.org/publicdomain/zero/1.0/deed.en,commons-173039571,Codex visual review of contact sheet: one identifiable target within frozen category definition,079c9c4976238bdd,1280,915,2026-10-07T16:57:52+08:00,Early collection; original source revision not retained; local downloaded rendition SHA-256=9894c032a4acc4230953eb921c4d555747979ffac1f6d2569b9484f6cf4d1d52; download time recovered from original local file mtime
oi-398328305b2ed3d7,data/raw/openimages/mouse/oi-398328305b2ed3d7.jpg,dd0ab83c6fbcdc6bf0b1c0ef873b65f4e61672339adc4b4c4fbe2d0a608a970a,4,,,open-images-official,,train,approved,campus-public-expanded-v1,open_images,398328305b2ed3d7,https://www.flickr.com/photos/free-stock/4817557344,https://farm8.staticflickr.com/4101/4817557344_b0c0e1b878_o.jpg,https://open-images-dataset.s3.amazonaws.com/validation/398328305b2ed3d7.jpg,Emilian Robert Vicol,https://creativecommons.org/licenses/by/2.0/,https://creativecommons.org/licenses/by/2.0/,oi-398328305b2ed3d7,Codex visual inspection: one identifiable target within frozen definition,a6e618b17c43a33d,1024,768,2026-10-07T17:45:34+08:00,Open Images V7 public validation image / V5 human boxable labels
oi-0e27c9b0593260d2,data/raw/openimages/mouse/oi-0e27c9b0593260d2.jpg,665f4541339e1ce78e6ee04a1d87c1e3a07f8d08d8439b558f8e58ef04998491,4,,,open-images-official,,train,approved,campus-public-expanded-v1,open_images,0e27c9b0593260d2,https://www.flickr.com/photos/ajaysphotography/8493337886,https://farm3.staticflickr.com/8514/8493337886_6a35e10ac5_o.jpg,https://open-images-dataset.s3.amazonaws.com/test/0e27c9b0593260d2.jpg,Alex Slaven,https://creativecommons.org/licenses/by/2.0/,https://creativecommons.org/licenses/by/2.0/,oi-0e27c9b0593260d2,Codex visual inspection: one identifiable physical target within confirmed definition,703cb9d0c64336bd,683,1024,2026-10-07T18:07:20+08:00,Open Images V7 public test image / V5 human boxable labels; one non-depicted box >=25% image area
oi-be96346af6d930ef,data/raw/openimages/mouse/oi-be96346af6d930ef.jpg,47ecd69074e83f8097480453f65b6659ef56f833fc7f13c2588cf11b418ed80e,4,,,open-images-official,,train,approved,campus-public-expanded-v1,open_images,be96346af6d930ef,https://www.flickr.com/photos/josewshots/4913290672,https://c8.staticflickr.com/5/4123/4913290672_827e6723b3_o.jpg,https://open-images-dataset.s3.amazonaws.com/test/be96346af6d930ef.jpg,Jose Rey,https://creativecommons.org/licenses/by/2.0/,https://creativecommons.org/licenses/by/2.0/,oi-be96346af6d930ef,Codex visual inspection: one identifiable physical target within confirmed definition,97de63239b8961a1,1024,768,2026-10-07T18:06:01+08:00,Open Images V7 public test image / V5 human boxable labels; one non-depicted box >=25% image area
oi-bb8d86c7a7e02093,data/raw/openimages/mouse/oi-bb8d86c7a7e02093.jpg,70db74bfee7aae6405615e107e9185b8cd0e143eee56861ef40360658ba748d9,4,,,open-images-official,,train,approved,campus-public-expanded-v1,open_images,bb8d86c7a7e02093,https://www.flickr.com/photos/79579651@N06/7660675526,https://farm4.staticflickr.com/7118/7660675526_633803042f_o.jpg,https://open-images-dataset.s3.amazonaws.com/test/bb8d86c7a7e02093.jpg,Bangbeni,https://creativecommons.org/licenses/by/2.0/,https://creativecommons.org/licenses/by/2.0/,oi-bb8d86c7a7e02093,Codex visual inspection: one identifiable physical target within confirmed definition,9819d99b933839e3,679,1024,2026-10-07T18:07:13+08:00,Open Images V7 public test image / V5 human boxable labels; one non-depicted box >=25% image area
commons-107766082,data/raw/commons/mouse/commons-107766082.jpg,b712c25cef9f1a81c44c3c47c20ad659ce5288478aaf12cd275beb8fc6e0e59e,4,,,commons-api,,train,approved,campus-public-expanded-v1,wikimedia_commons,107766082,https://commons.wikimedia.org/wiki/File:Test_foto.jpg,https://upload.wikimedia.org/wikipedia/commons/b/bc/Test_foto.jpg?utm_source=commons.wikimedia.org&utm_campaign=imageinfo&utm_content=original,https://thumb.wikimedia.org/wikipedia/commons/thumb/b/bc/Test_foto.jpg/960px-Test_foto.jpg?utm_source=commons.wikimedia.org&utm_campaign=imageinfo&utm_content=thumbnail,Valerio vecchietti,CC BY-SA 4.0,https://creativecommons.org/licenses/by-sa/4.0,commons-107766082,Codex visual inspection: one identifiable computer mouse/trackball is principal,7a79b281810b747f,960,720,2026-10-07T19:42:26+08:00,Commons file timestamp=2021-07-22T06:28:16Z; source sha1=7616b829621c4150ce1d16420aad0229e3cf2362; requested thumbnail=960px
commons-100039443,data/raw/commons/mouse/commons-100039443.jpg,4224034b2597cdebfba4985b1f237aae572d60160d5954b10849bc836512140f,4,,,commons-api,,train,approved,campus-public-expanded-v1,wikimedia_commons,100039443,https://commons.wikimedia.org/wiki/File:Mouse._Jpg.jpg,https://upload.wikimedia.org/wikipedia/commons/d/d7/Mouse._Jpg.jpg?utm_source=commons.wikimedia.org&utm_campaign=imageinfo&utm_content=original,https://thumb.wikimedia.org/wikipedia/commons/thumb/d/d7/Mouse._Jpg.jpg/960px-Mouse._Jpg.jpg?utm_source=commons.wikimedia.org&utm_campaign=imageinfo&utm_content=thumbnail,Miguel0204,CC BY-SA 4.0,https://creativecommons.org/licenses/by-sa/4.0,commons-100039443,Codex visual inspection: one identifiable computer mouse/trackball is principal,47fe07f832c09867,960,540,2026-10-07T19:40:20+08:00,Commons file timestamp=2021-02-18T19:29:31Z; source sha1=f48117e02cf3b1e597de1b6c2e5a961e44525214; requested thumbnail=960px
commons-14491855,data/raw/commons/mouse/commons-14491855.jpg,49e0dd1302a6db30707a97b9f48857d672daf1624fec820ca347a14ff6d65fcd,4,,,commons-api,,train,approved,campus-public-expanded-v1,wikimedia_commons,14491855,https://commons.wikimedia.org/wiki/File:CeBIT_2011_Samstag_PD_61.JPG,https://upload.wikimedia.org/wikipedia/commons/1/12/CeBIT_2011_Samstag_PD_61.JPG?utm_source=commons.wikimedia.org&utm_campaign=imageinfo&utm_content=original,https://thumb.wikimedia.org/wikipedia/commons/thumb/1/12/CeBIT_2011_Samstag_PD_61.JPG/1280px-CeBIT_2011_Samstag_PD_61.JPG?utm_source=commons.wikimedia.org&utm_campaign=imageinfo&utm_content=thumbnail,Bin im Garten,CC BY-SA 3.0,https://creativecommons.org/licenses/by-sa/3.0,commons-14491855,Codex visual review of contact sheet: one identifiable target within frozen category definition,515165eea62c5dd1,1280,853,2026-10-07T16:56:23+08:00,Early collection; original source revision not retained; local downloaded rendition SHA-256=49e0dd1302a6db30707a97b9f48857d672daf1624fec820ca347a14ff6d65fcd; download time recovered from original local file mtime
commons-163159918,data/raw/commons/mouse/commons-163159918.jpg,cb25ad3204f28b2beebbeeeee7c0f8c619593c0e4e0f355f575e5b5dd48dd6f1,4,,,commons-api,,train,approved,campus-public-expanded-v1,wikimedia_commons,163159918,https://commons.wikimedia.org/wiki/File:Simli_o%27yin_sichqonchasi_SYBERIA_GM-680L.jpg,https://upload.wikimedia.org/wikipedia/commons/5/5c/Simli_o%27yin_sichqonchasi_SYBERIA_GM-680L.jpg?utm_source=commons.wikimedia.org&utm_campaign=imageinfo&utm_content=original,https://thumb.wikimedia.org/wikipedia/commons/thumb/5/5c/Simli_o%27yin_sichqonchasi_SYBERIA_GM-680L.jpg/960px-Simli_o%27yin_sichqonchasi_SYBERIA_GM-680L.jpg?utm_source=commons.wikimedia.org&utm_campaign=imageinfo&utm_content=thumbnail,Solijon Solayev,CC BY-SA 4.0,https://creativecommons.org/licenses/by-sa/4.0,commons-163159918,Codex visual inspection: one identifiable computer mouse/trackball is principal,31a2d943fd0312fd,960,720,2026-10-07T19:41:59+08:00,Commons file timestamp=2025-04-04T05:21:41Z; source sha1=cd86f9276c8b53ba752db3ec8ac3393bd08c63ef; requested thumbnail=960px
commons-163159924,data/raw/commons/mouse/commons-163159924.jpg,4ccb8edd472aa378dc105d98e5d147029f3ba3038c2f35d8a6bae10104cd1c8c,4,,,commons-api,,train,approved,campus-public-expanded-v1,wikimedia_commons,163159924,https://commons.wikimedia.org/wiki/File:Simli_o%27yin_sichqonchasi_SYBERIA_GM-680L_(77214).jpg,https://upload.wikimedia.org/wikipedia/commons/6/69/Simli_o%27yin_sichqonchasi_SYBERIA_GM-680L_%2877214%29.jpg?utm_source=commons.wikimedia.org&utm_campaign=imageinfo&utm_content=original,https://thumb.wikimedia.org/wikipedia/commons/thumb/6/69/Simli_o%27yin_sichqonchasi_SYBERIA_GM-680L_%2877214%29.jpg/960px-Simli_o%27yin_sichqonchasi_SYBERIA_GM-680L_%2877214%29.jpg?utm_source=commons.wikimedia.org&utm_campaign=imageinfo&utm_content=thumbnail,Solijon Solayev,CC BY-SA 4.0,https://creativecommons.org/licenses/by-sa/4.0,commons-163159918,Codex visual inspection: one identifiable computer mouse/trackball is principal,b9b2b90957e90c71,960,1280,2026-10-07T19:42:03+08:00,Commons file timestamp=2025-04-04T05:22:16Z; source sha1=2de7f99b40c60a7bcfa0ab38b0fa43b0e7cbaffc; requested thumbnail=960px
commons-144502705,data/raw/commons/mouse/commons-144502705.jpg,e6834d9b8c206d7ba1919c2948dd1577cc2a5918143a211eebe92053cdf5cf3a,4,,,commons-api,,train,approved,campus-public-expanded-v1,wikimedia_commons,144502705,https://commons.wikimedia.org/wiki/File:BelleSouris.jpg,https://upload.wikimedia.org/wikipedia/commons/a/a4/BelleSouris.jpg?utm_source=commons.wikimedia.org&utm_campaign=imageinfo&utm_content=original,https://thumb.wikimedia.org/wikipedia/commons/thumb/a/a4/BelleSouris.jpg/1280px-BelleSouris.jpg?utm_source=commons.wikimedia.org&utm_campaign=imageinfo&utm_content=thumbnail,BellevieAgb,CC0,http://creativecommons.org/publicdomain/zero/1.0/deed.en,commons-144502705,Codex visual review of contact sheet: one identifiable target within frozen category definition,f396ce988c69b185,1280,1707,2026-10-07T16:56:11+08:00,Early collection; original source revision not retained; local downloaded rendition SHA-256=e6834d9b8c206d7ba1919c2948dd1577cc2a5918143a211eebe92053cdf5cf3a; download time recovered from original local file mtime
commons-84368408,data/raw/commons/mouse/commons-84368408.jpg,c9e8a7286fb6183500194c7384f164dfd61f1b594018111ab798323ee93d31b2,4,,,commons-api,,train,approved,campus-public-expanded-v1,wikimedia_commons,84368408,https://commons.wikimedia.org/wiki/File:Shhtest.jpg,https://upload.wikimedia.org/wikipedia/commons/2/2b/Shhtest.jpg?utm_source=commons.wikimedia.org&utm_campaign=imageinfo&utm_content=original,https://thumb.wikimedia.org/wikipedia/commons/thumb/2/2b/Shhtest.jpg/960px-Shhtest.jpg?utm_source=commons.wikimedia.org&utm_campaign=imageinfo&utm_content=thumbnail,Ruunie,CC BY-SA 4.0,https://creativecommons.org/licenses/by-sa/4.0,commons-84368408,Codex visual inspection: one identifiable computer mouse/trackball is principal,69f2ca8c1239c5cf,960,1707,2026-10-07T19:41:57+08:00,Commons file timestamp=2019-11-26T01:09:16Z; source sha1=ca72555ca64509784b524fe657fb7abe893e2c24; requested thumbnail=960px
oi-f4581c5e117f45dd,data/raw/openimages/mouse/oi-f4581c5e117f45dd.jpg,e987de98057f5d8e37c9e33a9c7a12b6283906bd3a74b2fd61a69dc862f7de2a,4,,,open-images-official,,train,approved,campus-public-expanded-v1,open_images,f4581c5e117f45dd,https://www.flickr.com/photos/126009213@N08/14973933862,https://c6.staticflickr.com/4/3865/14973933862_44f7be4edb_o.jpg,https://open-images-dataset.s3.amazonaws.com/test/f4581c5e117f45dd.jpg,jamal idris,https://creativecommons.org/licenses/by/2.0/,https://creativecommons.org/licenses/by/2.0/,oi-f4581c5e117f45dd,Codex visual inspection: one identifiable physical target within confirmed definition,662cf6b142a3a957,1024,1022,2026-10-07T18:05:17+08:00,Open Images V7 public test image / V5 human boxable labels; one non-depicted box >=25% image area
commons-116815918,data/raw/commons/mouse/commons-116815918.jpg,f394809b1937bba2a159a5e00401b2b521ab9175247ce9fc0e448a83b06544d2,4,,,commons-api,,train,approved,campus-public-expanded-v1,wikimedia_commons,116815918,https://commons.wikimedia.org/wiki/File:Mouse_2.jpg,https://upload.wikimedia.org/wikipedia/commons/8/84/Mouse_2.jpg?utm_source=commons.wikimedia.org&utm_campaign=imageinfo&utm_content=original,https://thumb.wikimedia.org/wikipedia/commons/thumb/8/84/Mouse_2.jpg/960px-Mouse_2.jpg?utm_source=commons.wikimedia.org&utm_campaign=imageinfo&utm_content=thumbnail,User1779637,CC BY-SA 4.0,https://creativecommons.org/licenses/by-sa/4.0,commons-116815918,Codex visual inspection: one recognizable computer mouse is main subject,493e2ddc5229275d,960,1280,2026-10-07T19:45:52+08:00,Commons file timestamp=2022-04-11T15:10:40Z; source sha1=fea6593e19308ebe119de9d9d89f84951731d6b0; requested thumbnail=960px
oi-ee3ca9ff374d5212,data/raw/openimages/mouse/oi-ee3ca9ff374d5212.jpg,0bd4fbb919d24fc6b51e293810a72250a600a557304f661bd8d51ab163783c59,4,,,open-images-official,,train,approved,campus-public-expanded-v1,open_images,ee3ca9ff374d5212,https://www.flickr.com/photos/flixgp/9630515724,https://farm3.staticflickr.com/2820/9630515724_5f006a1097_o.jpg,https://open-images-dataset.s3.amazonaws.com/test/ee3ca9ff374d5212.jpg,Felix Padrosa Photography,https://creativecommons.org/licenses/by/2.0/,https://creativecommons.org/licenses/by/2.0/,oi-ee3ca9ff374d5212,Codex visual inspection: one identifiable physical target within confirmed definition,b2c8f2390e09f8e7,682,1024,2026-10-07T18:07:11+08:00,Open Images V7 public test image / V5 human boxable labels; one non-depicted box >=25% image area
commons-94670104,data/raw/commons/mouse/commons-94670104.jpg,997bf9293d3fcafb071b9205ffdcbee96d24496bb4be1199137fb59d3bb31acb,4,,,commons-api,,train,approved,campus-public-expanded-v1,wikimedia_commons,94670104,https://commons.wikimedia.org/wiki/File:Fair_produzierte_Computer_Maus_von_NagerIT.jpg,https://upload.wikimedia.org/wikipedia/commons/4/44/Fair_produzierte_Computer_Maus_von_NagerIT.jpg?utm_source=commons.wikimedia.org&utm_campaign=imageinfo&utm_content=original,https://thumb.wikimedia.org/wikipedia/commons/thumb/4/44/Fair_produzierte_Computer_Maus_von_NagerIT.jpg/960px-Fair_produzierte_Computer_Maus_von_NagerIT.jpg?utm_source=commons.wikimedia.org&utm_campaign=imageinfo&utm_content=thumbnail,WeltveraenderereV,CC BY-SA 4.0,https://creativecommons.org/licenses/by-sa/4.0,commons-94670104,Codex visual inspection: one recognizable computer mouse is main subject,9ccd330946c9b937,960,720,2026-10-07T19:44:06+08:00,Commons file timestamp=2020-10-02T09:32:56Z; source sha1=a79e4077488455bfda53d9ee4112bd9c9bb510be; requested thumbnail=960px
commons-50282391,data/raw/commons/mouse/commons-50282391.jpg,f0fb8933181fcca38c06452862c88addb53feb57384b80e70c94a0ac1214e60b,4,,,commons-api,,train,approved,campus-public-expanded-v1,wikimedia_commons,50282391,https://commons.wikimedia.org/wiki/File:Microsoft_Serial_Mouse_2.0A-8521.jpg,https://upload.wikimedia.org/wikipedia/commons/0/0b/Microsoft_Serial_Mouse_2.0A-8521.jpg?utm_source=commons.wikimedia.org&utm_campaign=imageinfo&utm_content=original,https://thumb.wikimedia.org/wikipedia/commons/thumb/0/0b/Microsoft_Serial_Mouse_2.0A-8521.jpg/960px-Microsoft_Serial_Mouse_2.0A-8521.jpg?utm_source=commons.wikimedia.org&utm_campaign=imageinfo&utm_content=thumbnail,Raimond Spekking,CC BY-SA 4.0,https://creativecommons.org/licenses/by-sa/4.0,commons-50282391,Codex visual inspection: one recognizable computer mouse is main subject,6d8c560ce35c38f3,960,720,2026-10-07T19:44:40+08:00,Commons file timestamp=2016-07-22T10:31:34Z; source sha1=595dd78f9da217053d142969e27acce98845e7f8; requested thumbnail=960px
commons-154056665,data/raw/commons/mouse/commons-154056665.jpg,31a8f6f908218af3626f2e148fb03eb6eeaabd0df729735a2ecf94da6b3c6124,4,,,commons-api,,train,approved,campus-public-expanded-v1,wikimedia_commons,154056665,https://commons.wikimedia.org/wiki/File:Kompyuter_sichqonchasi_2.jpg,https://upload.wikimedia.org/wikipedia/commons/3/3b/Kompyuter_sichqonchasi_2.jpg?utm_source=commons.wikimedia.org&utm_campaign=imageinfo&utm_content=original,https://thumb.wikimedia.org/wikipedia/commons/thumb/3/3b/Kompyuter_sichqonchasi_2.jpg/1280px-Kompyuter_sichqonchasi_2.jpg?utm_source=commons.wikimedia.org&utm_campaign=imageinfo&utm_content=thumbnail,Solijon Solayev,CC0,http://creativecommons.org/publicdomain/zero/1.0/deed.en,commons-154056665,Codex visual review of contact sheet: one identifiable target within frozen category definition,798664dbe44146af,1280,1707,2026-10-07T16:57:48+08:00,Early collection; original source revision not retained; local downloaded rendition SHA-256=31a8f6f908218af3626f2e148fb03eb6eeaabd0df729735a2ecf94da6b3c6124; download time recovered from original local file mtime
oi-0a51fd1a18528f7f,data/raw/openimages/mouse/oi-0a51fd1a18528f7f.jpg,6bd7f3cd9d67c9f84e0089975a81906cf9b6c2dfe802c2904265350cf8f011c4,4,,,open-images-official,,train,approved,campus-public-expanded-v1,open_images,0a51fd1a18528f7f,https://www.flickr.com/photos/hurtre/4942722825/,https://c8.staticflickr.com/5/4140/4942722825_fb2fb29b0c_o.jpg,https://open-images-dataset.s3.amazonaws.com/test/0a51fd1a18528f7f.jpg,Trevor Hurlbut,https://creativecommons.org/licenses/by/2.0/,https://creativecommons.org/licenses/by/2.0/,oi-0a51fd1a18528f7f,Codex visual inspection: one identifiable physical target within confirmed definition,34c1b3d9472369d5,1024,683,2026-10-07T18:09:01+08:00,Open Images V7 public test image / V5 human boxable labels; one non-depicted box >=25% image area
oi-85b572241d10e14c,data/raw/openimages/mouse/oi-85b572241d10e14c.jpg,28beafcc8264144665a3b32e3f7876d7abda82744edc8e9fc280c40aa2801e13,4,,,open-images-official,,train,approved,campus-public-expanded-v1,open_images,85b572241d10e14c,https://www.flickr.com/photos/cristiano_betta/3335317373,https://c5.staticflickr.com/4/3338/3335317373_aeaa23c313_o.jpg,https://open-images-dataset.s3.amazonaws.com/test/85b572241d10e14c.jpg,Cristiano Betta,https://creativecommons.org/licenses/by/2.0/,https://creativecommons.org/licenses/by/2.0/,oi-85b572241d10e14c,Codex visual inspection: one identifiable physical target within confirmed definition,3e26f1d0432bbc99,1024,682,2026-10-07T18:12:58+08:00,Open Images V7 public test image / V5 human boxable labels; one non-depicted box >=25% image area
oi-e7bf630c163e9cbe,data/raw/openimages/mouse/oi-e7bf630c163e9cbe.jpg,48314663afa4ad2dec5a4a570cfd584d1169387d8b4bfeec4a9b329d1c4c4909,4,,,open-images-official,,train,approved,campus-public-expanded-v1,open_images,e7bf630c163e9cbe,https://www.flickr.com/photos/37709691@N05/16731670197,https://c7.staticflickr.com/8/7288/16731670197_e0681d1b36_o.jpg,https://open-images-dataset.s3.amazonaws.com/validation/e7bf630c163e9cbe.jpg,Daniele Adami,https://creativecommons.org/licenses/by/2.0/,https://creativecommons.org/licenses/by/2.0/,oi-e7bf630c163e9cbe,Codex visual inspection: one identifiable target within frozen definition,9e72ec43f46422b3,768,768,2026-10-07T17:46:09+08:00,Open Images V7 public validation image / V5 human boxable labels
commons-80677564,data/raw/commons/mouse/commons-80677564.jpg,0af3c0cd2c480b0bbb9d2e320876023409d2dd5926388e5f1c56a8c13906d51f,4,,,commons-api,,train,approved,campus-public-expanded-v1,wikimedia_commons,80677564,https://commons.wikimedia.org/wiki/File:CHM_Artifacts_(2376599452).jpg,https://upload.wikimedia.org/wikipedia/commons/5/50/CHM_Artifacts_%282376599452%29.jpg?utm_source=commons.wikimedia.org&utm_campaign=imageinfo&utm_content=original,https://thumb.wikimedia.org/wikipedia/commons/thumb/5/50/CHM_Artifacts_%282376599452%29.jpg/1280px-CHM_Artifacts_%282376599452%29.jpg?utm_source=commons.wikimedia.org&utm_campaign=imageinfo&utm_content=thumbnail,"Marcin Wichary from San Francisco, Calif.",CC BY 2.0,https://creativecommons.org/licenses/by/2.0,commons-80677564,Codex visual review of contact sheet: one identifiable target within frozen category definition,7a5084ddb70ec371,1280,852,2026-10-07T16:56:36+08:00,Early collection; original source revision not retained; local downloaded rendition SHA-256=0af3c0cd2c480b0bbb9d2e320876023409d2dd5926388e5f1c56a8c13906d51f; download time recovered from original local file mtime
commons-2038658,data/raw/commons/mouse/commons-2038658.jpg,1d791548f866f2ed328b34a3210616c1df10b46d7e83e54bab65565ed7d8b3cc,4,,,commons-api,,train,approved,campus-public-expanded-v1,wikimedia_commons,2038658,https://commons.wikimedia.org/wiki/File:Mouse_of_%E2%80%9Cdynabook%E2%80%9D.JPG,https://upload.wikimedia.org/wikipedia/commons/2/20/Mouse_of_%E2%80%9Cdynabook%E2%80%9D.JPG?utm_source=commons.wikimedia.org&utm_campaign=imageinfo&utm_content=original,https://thumb.wikimedia.org/wikipedia/commons/thumb/2/20/Mouse_of_%E2%80%9Cdynabook%E2%80%9D.JPG/960px-Mouse_of_%E2%80%9Cdynabook%E2%80%9D.JPG?utm_source=commons.wikimedia.org&utm_campaign=imageinfo&utm_content=thumbnail,ジダネ,Public domain,,commons-2038658,Codex visual inspection: one identifiable computer mouse/trackball is principal,1b932c636396b9a9,960,720,2026-10-07T19:40:11+08:00,Commons file timestamp=2007-05-01T08:02:53Z; source sha1=886a168989d2ca707e49bc11dc1663497f96363b; requested thumbnail=960px
commons-21526232,data/raw/commons/mouse/commons-21526232.jpg,603fb94c83721e02584d70b89f7a2d819afce1de894265e617bc4ca08522440a,4,,,commons-api,,train,approved,campus-public-expanded-v1,wikimedia_commons,21526232,https://commons.wikimedia.org/wiki/File:Computer_mouse_doorbell_2.JPG,https://upload.wikimedia.org/wikipedia/commons/3/32/Computer_mouse_doorbell_2.JPG?utm_source=commons.wikimedia.org&utm_campaign=imageinfo&utm_content=original,https://thumb.wikimedia.org/wikipedia/commons/thumb/3/32/Computer_mouse_doorbell_2.JPG/1280px-Computer_mouse_doorbell_2.JPG?utm_source=commons.wikimedia.org&utm_campaign=imageinfo&utm_content=thumbnail,Marek Blahuš,CC BY-SA 3.0,https://creativecommons.org/licenses/by-sa/3.0,commons-21526232,Codex visual review of contact sheet: one identifiable target within frozen category definition,66b2e479c906633d,1280,1707,2026-10-07T16:56:56+08:00,Early collection; original source revision not retained; local downloaded rendition SHA-256=603fb94c83721e02584d70b89f7a2d819afce1de894265e617bc4ca08522440a; download time recovered from original local file mtime
commons-21526233,data/raw/commons/mouse/commons-21526233.jpg,b2ffdba7bc610d24624b9dbfb91fe41fc0facf2031b573054cf75c3f9b83c398,4,,,commons-api,,train,approved,campus-public-expanded-v1,wikimedia_commons,21526233,https://commons.wikimedia.org/wiki/File:Computer_mouse_doorbell_3.JPG,https://upload.wikimedia.org/wikipedia/commons/2/26/Computer_mouse_doorbell_3.JPG?utm_source=commons.wikimedia.org&utm_campaign=imageinfo&utm_content=original,https://thumb.wikimedia.org/wikipedia/commons/thumb/2/26/Computer_mouse_doorbell_3.JPG/1280px-Computer_mouse_doorbell_3.JPG?utm_source=commons.wikimedia.org&utm_campaign=imageinfo&utm_content=thumbnail,Marek Blahuš,CC BY-SA 3.0,https://creativecommons.org/licenses/by-sa/3.0,commons-21526232,Codex visual review of contact sheet: one identifiable target within frozen category definition,99a66511a6234b7f,1280,1707,2026-10-07T16:56:58+08:00,Early collection; original source revision not retained; local downloaded rendition SHA-256=b2ffdba7bc610d24624b9dbfb91fe41fc0facf2031b573054cf75c3f9b83c398; download time recovered from original local file mtime
commons-105203324,data/raw/commons/mouse/commons-105203324.jpg,4e9bda3274a83ddb9128f27b88bcd79fd9881160b57b0eeef706c63b50c92067,4,,,commons-api,,train,approved,campus-public-expanded-v1,wikimedia_commons,105203324,https://commons.wikimedia.org/wiki/File:Logitech_M171_Blue_Mouse.jpg,https://upload.wikimedia.org/wikipedia/commons/a/a4/Logitech_M171_Blue_Mouse.jpg?utm_source=commons.wikimedia.org&utm_campaign=imageinfo&utm_content=original,https://thumb.wikimedia.org/wikipedia/commons/thumb/a/a4/Logitech_M171_Blue_Mouse.jpg/960px-Logitech_M171_Blue_Mouse.jpg?utm_source=commons.wikimedia.org&utm_campaign=imageinfo&utm_content=thumbnail,Kskhh,CC BY-SA 4.0,https://creativecommons.org/licenses/by-sa/4.0,commons-105203324,Codex visual inspection: one recognizable computer mouse is main subject,66bc4cf2b86113d5,960,1280,2026-10-07T19:47:15+08:00,Commons file timestamp=2021-05-12T09:47:01Z; source sha1=b2db7f6a18184f4413940b1a6b11e656b59efc21; requested thumbnail=960px
oi-8509d5c40c40b78a,data/raw/openimages/mouse/oi-8509d5c40c40b78a.jpg,4d870d33cf27f1a08d9fa00fb08da99316b383d536d924120db35228a3df99f4,4,,,open-images-official,,train,approved,campus-public-expanded-v1,open_images,8509d5c40c40b78a,https://www.flickr.com/photos/namsj/21855046725,https://c3.staticflickr.com/6/5657/21855046725_e7a97d6ccf_o.jpg,https://open-images-dataset.s3.amazonaws.com/validation/8509d5c40c40b78a.jpg,Nam Ngo,https://creativecommons.org/licenses/by/2.0/,https://creativecommons.org/licenses/by/2.0/,oi-8509d5c40c40b78a,Codex visual inspection: one identifiable target within frozen definition,5946c33c4cf3932d,1024,683,2026-10-07T17:54:04+08:00,Open Images V7 public validation image / V5 human boxable labels
commons-154056660,data/raw/commons/mouse/commons-154056660.jpg,86c37ec9884b9bb5d3eec1bfecc997aa5c101a8bc010a818ed67d090de10c9c9,4,,,commons-api,,train,approved,campus-public-expanded-v1,wikimedia_commons,154056660,https://commons.wikimedia.org/wiki/File:Kompyuter_sichqonchasi.jpg,https://upload.wikimedia.org/wikipedia/commons/e/e3/Kompyuter_sichqonchasi.jpg?utm_source=commons.wikimedia.org&utm_campaign=imageinfo&utm_content=original,https://thumb.wikimedia.org/wikipedia/commons/thumb/e/e3/Kompyuter_sichqonchasi.jpg/960px-Kompyuter_sichqonchasi.jpg?utm_source=commons.wikimedia.org&utm_campaign=imageinfo&utm_content=thumbnail,Solijon Solayev,CC0,http://creativecommons.org/publicdomain/zero/1.0/deed.en,commons-154056660,Codex visual inspection: one identifiable computer mouse/trackball is principal,2696f67a42a1ac57,960,720,2026-10-07T19:39:50+08:00,Commons file timestamp=2024-10-18T21:15:27Z; source sha1=0b8c67b1eb4269c541b29c2962fddd225996975d; requested thumbnail=960px
commons-154056674,data/raw/commons/mouse/commons-154056674.jpg,c64f1c0da8bd2342a638fe5d761fcfc00471e91c32ff39df96cbee5e964a718b,4,,,commons-api,,train,approved,campus-public-expanded-v1,wikimedia_commons,154056674,https://commons.wikimedia.org/wiki/File:Kompyuter_sichqonchasi_3.jpg,https://upload.wikimedia.org/wikipedia/commons/8/89/Kompyuter_sichqonchasi_3.jpg?utm_source=commons.wikimedia.org&utm_campaign=imageinfo&utm_content=original,https://thumb.wikimedia.org/wikipedia/commons/thumb/8/89/Kompyuter_sichqonchasi_3.jpg/960px-Kompyuter_sichqonchasi_3.jpg?utm_source=commons.wikimedia.org&utm_campaign=imageinfo&utm_content=thumbnail,Solijon Solayev,CC0,http://creativecommons.org/publicdomain/zero/1.0/deed.en,commons-154056660,Codex visual inspection: one identifiable computer mouse/trackball is principal,4ba5bd55d4681a95,960,1280,2026-10-07T19:39:54+08:00,Commons file timestamp=2024-10-18T21:16:11Z; source sha1=a197803fa27e2d56d358e42f27d0f813b8f197e4; requested thumbnail=960px
commons-94844632,data/raw/commons/mouse/commons-94844632.jpg,b4bd9f2bd60e92a71f301ae4b1b088fd064d43c3bf39539e2cd8ec784cd4362f,4,,,commons-api,,train,approved,campus-public-expanded-v1,wikimedia_commons,94844632,https://commons.wikimedia.org/wiki/File:Hand_on_the_computer_mouse_-_50202556601.jpg,https://upload.wikimedia.org/wikipedia/commons/0/03/Hand_on_the_computer_mouse_-_50202556601.jpg?utm_source=commons.wikimedia.org&utm_campaign=imageinfo&utm_content=original,https://thumb.wikimedia.org/wikipedia/commons/thumb/0/03/Hand_on_the_computer_mouse_-_50202556601.jpg/960px-Hand_on_the_computer_mouse_-_50202556601.jpg?utm_source=commons.wikimedia.org&utm_campaign=imageinfo&utm_content=thumbnail,Nenad Stojkovic,CC BY 2.0,https://creativecommons.org/licenses/by/2.0,commons-94844632,Codex visual inspection: one recognizable computer mouse is main subject,864a66b19b69f507,960,641,2026-10-07T19:47:45+08:00,Commons file timestamp=2020-10-07T18:55:37Z; source sha1=5c1c7624ba4a49986a562d05c3ffecd2dae848c1; requested thumbnail=960px
commons-90266533,data/raw/commons/mouse/commons-90266533.jpg,84d4f908176ac7ad521a154ef1952fda2a3471e2226e80502e5306b2d86486c5,4,,,commons-api,,train,approved,campus-public-expanded-v1,wikimedia_commons,90266533,https://commons.wikimedia.org/wiki/File:Logitech(G703)_mouse.jpg,https://upload.wikimedia.org/wikipedia/commons/c/c9/Logitech%28G703%29_mouse.jpg?utm_source=commons.wikimedia.org&utm_campaign=imageinfo&utm_content=original,https://thumb.wikimedia.org/wikipedia/commons/thumb/c/c9/Logitech%28G703%29_mouse.jpg/960px-Logitech%28G703%29_mouse.jpg?utm_source=commons.wikimedia.org&utm_campaign=imageinfo&utm_content=thumbnail,Slackman12,CC BY-SA 4.0,https://creativecommons.org/licenses/by-sa/4.0,commons-90266533,Codex visual inspection: one recognizable computer mouse is main subject,054e0b010f2e7ffd,960,540,2026-10-07T19:46:42+08:00,Commons file timestamp=2020-05-16T09:18:05Z; source sha1=e5048fe4b8a46130bbfb7a3263e83a4f3379f79e; requested thumbnail=960px
oi-954cd52679d0c86f,data/raw/openimages/mouse/oi-954cd52679d0c86f.jpg,b0a244a923ddbcb30dec5e746abc48b7e5cd6065ad8ac1acb0030860ce8dfd77,4,,,open-images-official,,train,approved,campus-public-expanded-v1,open_images,954cd52679d0c86f,https://www.flickr.com/photos/dragontomato/3451368520,https://c8.staticflickr.com/4/3356/3451368520_52a9d11289_o.jpg,https://open-images-dataset.s3.amazonaws.com/test/954cd52679d0c86f.jpg,Andrew_Writer,https://creativecommons.org/licenses/by/2.0/,https://creativecommons.org/licenses/by/2.0/,oi-954cd52679d0c86f,Codex visual inspection: one identifiable physical target within confirmed definition,7b8cc6383cc8f0e5,1024,681,2026-10-07T18:09:06+08:00,Open Images V7 public test image / V5 human boxable labels; one non-depicted box >=25% image area
oi-1348e6f01df2c79a,data/raw/openimages/mouse/oi-1348e6f01df2c79a.jpg,30a6c3382162b96f334ce0506bcd7757e7ac30deaffb14d605b4d6ab01b9bbd8,4,,,open-images-official,,train,approved,campus-public-expanded-v1,open_images,1348e6f01df2c79a,https://www.flickr.com/photos/pascal92/15264215674,https://c3.staticflickr.com/8/7511/15264215674_38fdf9b813_o.jpg,https://open-images-dataset.s3.amazonaws.com/test/1348e6f01df2c79a.jpg,pascal lefevre,https://creativecommons.org/licenses/by/2.0/,https://creativecommons.org/licenses/by/2.0/,oi-1348e6f01df2c79a,Codex visual inspection: one identifiable physical target within confirmed definition,8c2199b378cba72d,1024,683,2026-10-07T18:04:25+08:00,Open Images V7 public test image / V5 human boxable labels; one non-depicted box >=25% image area
oi-8ce355f47f0d1c45,data/raw/openimages/mouse/oi-8ce355f47f0d1c45.jpg,33ca4a26d471a7801094f8e913ac4613348dea79e4d6060c3d5b18c8633c4879,4,,,open-images-official,,train,approved,campus-public-expanded-v1,open_images,8ce355f47f0d1c45,https://www.flickr.com/photos/zephythor/6200769087,https://farm6.staticflickr.com/6030/6200769087_1d5cdba7dd_o.jpg,https://open-images-dataset.s3.amazonaws.com/test/8ce355f47f0d1c45.jpg,ZephyThor,https://creativecommons.org/licenses/by/2.0/,https://creativecommons.org/licenses/by/2.0/,oi-8ce355f47f0d1c45,Codex visual inspection: one identifiable physical target within confirmed definition,ac2e96785ea12957,1024,764,2026-10-07T18:14:59+08:00,Open Images V7 public test image / V5 human boxable labels; one non-depicted box >=25% image area
oi-a351fe3136692dcb,data/raw/openimages/mouse/oi-a351fe3136692dcb.jpg,c4b85b794fb8682ec5b45a3eb33e9e018b413083a07b0fbca427d9af1fbf0b7a,4,,,open-images-official,,train,approved,campus-public-expanded-v1,open_images,a351fe3136692dcb,https://www.flickr.com/photos/toms/127899401,https://c4.staticflickr.com/1/56/127899401_ded1541361_o.jpg,https://open-images-dataset.s3.amazonaws.com/validation/a351fe3136692dcb.jpg,Toms Baugis,https://creativecommons.org/licenses/by/2.0/,https://creativecommons.org/licenses/by/2.0/,oi-a351fe3136692dcb,Codex visual inspection: one identifiable target within frozen definition,46d0c2791f9ad0af,1024,768,2026-10-07T17:55:56+08:00,Open Images V7 public validation image / V5 human boxable labels
commons-1453753,data/raw/commons/mouse/commons-1453753.jpg,29b53e1e952b36a78cdb7f93eba5565d7d796ef75da922a4d9e9794917b81153,4,,,commons-api,,train,approved,campus-public-expanded-v1,wikimedia_commons,1453753,https://commons.wikimedia.org/wiki/File:Souris_ventilee_madx_madmice_mm04.jpg,https://upload.wikimedia.org/wikipedia/commons/0/0f/Souris_ventilee_madx_madmice_mm04.jpg?utm_source=commons.wikimedia.org&utm_campaign=imageinfo&utm_content=original,https://thumb.wikimedia.org/wikipedia/commons/thumb/0/0f/Souris_ventilee_madx_madmice_mm04.jpg/960px-Souris_ventilee_madx_madmice_mm04.jpg?utm_source=commons.wikimedia.org&utm_campaign=imageinfo&utm_content=thumbnail,,CC BY-SA 3.0,http://creativecommons.org/licenses/by-sa/3.0/,commons-1453753,Codex visual inspection: one identifiable computer mouse/trackball is principal,0c71f929e08b27f5,960,570,2026-10-07T19:42:09+08:00,Commons file timestamp=2006-12-12T10:35:50Z; source sha1=af207b22002c22dac3299196ff6614db05354955; requested thumbnail=960px
oi-4dc1f23946c2d47c,data/raw/openimages/mouse/oi-4dc1f23946c2d47c.jpg,b1d354731aefa7bfe245b93501c1934f3a60dc81cc919f0697d89827e0e0ebc8,4,,,open-images-official,,train,approved,campus-public-expanded-v1,open_images,4dc1f23946c2d47c,https://www.flickr.com/photos/francapicc/141486603,https://c5.staticflickr.com/1/50/141486603_e447bbfde9_o.jpg,https://open-images-dataset.s3.amazonaws.com/test/4dc1f23946c2d47c.jpg,jespahjoy,https://creativecommons.org/licenses/by/2.0/,https://creativecommons.org/licenses/by/2.0/,oi-4dc1f23946c2d47c,Codex visual inspection: one identifiable physical target within confirmed definition,06fc26035ebcab47,1024,768,2026-10-07T18:14:26+08:00,Open Images V7 public test image / V5 human boxable labels; one non-depicted box >=25% image area
oi-608d813c31750c8b,data/raw/openimages/mouse/oi-608d813c31750c8b.jpg,07a16d8dafc76b3ef92ea222b73cccff5e79d46be7fe11aeedb0379bdb01193c,4,,,open-images-official,,train,approved,campus-public-expanded-v1,open_images,608d813c31750c8b,https://www.flickr.com/photos/x1brett/4216228162,https://c4.staticflickr.com/5/4043/4216228162_5218a1712e_o.jpg,https://open-images-dataset.s3.amazonaws.com/test/608d813c31750c8b.jpg,brett jordan,https://creativecommons.org/licenses/by/2.0/,https://creativecommons.org/licenses/by/2.0/,oi-608d813c31750c8b,Codex visual inspection: one identifiable physical target within confirmed definition,720f533897e06a97,1024,654,2026-10-07T18:13:26+08:00,Open Images V7 public test image / V5 human boxable labels; one non-depicted box >=25% image area
oi-ed6fd1df89836efe,data/raw/openimages/mouse/oi-ed6fd1df89836efe.jpg,fea99b453bebec544653bca35ab75ad1cf4ae9cc5a702b0fad5c69b02751ba2f,4,,,open-images-official,,train,approved,campus-public-expanded-v1,open_images,ed6fd1df89836efe,https://www.flickr.com/photos/anantablamichhane/437772694,https://c7.staticflickr.com/1/162/437772694_644f1a995d_o.jpg,https://open-images-dataset.s3.amazonaws.com/validation/ed6fd1df89836efe.jpg,Ananta Bhadra Lamichhane,https://creativecommons.org/licenses/by/2.0/,https://creativecommons.org/licenses/by/2.0/,oi-ed6fd1df89836efe,Codex visual inspection: one identifiable target within frozen definition,9698327a67a98957,1024,768,2026-10-07T17:46:31+08:00,Open Images V7 public validation image / V5 human boxable labels
oi-914617aee0e735d4,data/raw/openimages/mouse/oi-914617aee0e735d4.jpg,66fc79878c911d717f913d8da3d2578f56c1acdaeaca90e30b3526cb548f8db5,4,,,open-images-official,,train,approved,campus-public-expanded-v1,open_images,914617aee0e735d4,https://www.flickr.com/photos/hunter0405/5701768148,https://farm5.staticflickr.com/2417/5701768148_9406aebb11_o.jpg,https://open-images-dataset.s3.amazonaws.com/test/914617aee0e735d4.jpg,Vincent Li,https://creativecommons.org/licenses/by/2.0/,https://creativecommons.org/licenses/by/2.0/,oi-914617aee0e735d4,Codex visual inspection: one identifiable physical target within confirmed definition,cd49593324e3d31d,1024,768,2026-10-07T18:08:59+08:00,Open Images V7 public test image / V5 human boxable labels; one non-depicted box >=25% image area
oi-dd878b1089326be1,data/raw/openimages/mouse/oi-dd878b1089326be1.jpg,a8ac05d94b4aaa418f20a621925e267f21e6f6a3318c362f77bb77906cb2ca3e,4,,,open-images-official,,train,approved,campus-public-expanded-v1,open_images,dd878b1089326be1,https://www.flickr.com/photos/11872189@N00/4916137611,https://farm2.staticflickr.com/4115/4916137611_29f41705dc_o.jpg,https://open-images-dataset.s3.amazonaws.com/test/dd878b1089326be1.jpg,Alex Garcia,https://creativecommons.org/licenses/by/2.0/,https://creativecommons.org/licenses/by/2.0/,oi-dd878b1089326be1,Codex visual inspection: one identifiable physical target within confirmed definition,18f3ec0996f94b15,1024,754,2026-10-07T18:09:03+08:00,Open Images V7 public test image / V5 human boxable labels; one non-depicted box >=25% image area
commons-77283466,data/raw/commons/mouse/commons-77283466.jpg,3b6a4a7f54d7f2284340071bcd8d967796cf3efdedfbd96622f757536ef2c047,4,,,commons-api,,train,approved,campus-public-expanded-v1,wikimedia_commons,77283466,https://commons.wikimedia.org/wiki/File:Souris_d%27ordinateur.jpg,https://upload.wikimedia.org/wikipedia/commons/e/e9/Souris_d%27ordinateur.jpg?utm_source=commons.wikimedia.org&utm_campaign=imageinfo&utm_content=original,https://thumb.wikimedia.org/wikipedia/commons/thumb/e/e9/Souris_d%27ordinateur.jpg/330px-Souris_d%27ordinateur.jpg?utm_source=commons.wikimedia.org&utm_campaign=imageinfo&utm_content=thumbnail,Lelandais-Prioux-LEGTALaval,CC BY-SA 4.0,https://creativecommons.org/licenses/by-sa/4.0,commons-77283466,Codex visual inspection: one identifiable computer mouse/trackball is principal,5251a3a3a3a513fd,330,440,2026-10-07T19:41:54+08:00,Commons file timestamp=2019-03-12T07:55:14Z; source sha1=120d512956eab5fed95278b7953748380f205f39; requested thumbnail=330px
commons-12880481,data/raw/commons/mouse/commons-12880481.jpg,df8dfd0dcd680d81ea5f61547318ae42bd30449e186c41420f50021c0aee1e50,4,,,commons-api,,train,approved,campus-public-expanded-v1,wikimedia_commons,12880481,https://commons.wikimedia.org/wiki/File:Mouse_%C3%B3ptico.JPG,https://upload.wikimedia.org/wikipedia/commons/b/b7/Mouse_%C3%B3ptico.JPG?utm_source=commons.wikimedia.org&utm_campaign=imageinfo&utm_content=original,https://thumb.wikimedia.org/wikipedia/commons/thumb/b/b7/Mouse_%C3%B3ptico.JPG/960px-Mouse_%C3%B3ptico.JPG?utm_source=commons.wikimedia.org&utm_campaign=imageinfo&utm_content=thumbnail,GT,CC0,http://creativecommons.org/publicdomain/zero/1.0/deed.en,commons-12880481,Codex visual inspection: one identifiable computer mouse/trackball is principal,78d8a449f6235735,960,720,2026-10-07T19:40:15+08:00,Commons file timestamp=2011-02-02T01:05:36Z; source sha1=b64075bf4719536bc0d3115b5e6eab8868b7f265; requested thumbnail=960px
commons-101279400,data/raw/commons/mouse/commons-101279400.jpg,4d8d72f864cc2a2c44483124b7c66346adfaa7dd5054f78c4f71219285a6ecbd,4,,,commons-api,,train,approved,campus-public-expanded-v1,wikimedia_commons,101279400,https://commons.wikimedia.org/wiki/File:Male_hand_with_two_rings_operating_computer_mouse.jpg,https://upload.wikimedia.org/wikipedia/commons/2/29/Male_hand_with_two_rings_operating_computer_mouse.jpg?utm_source=commons.wikimedia.org&utm_campaign=imageinfo&utm_content=original,https://thumb.wikimedia.org/wikipedia/commons/thumb/2/29/Male_hand_with_two_rings_operating_computer_mouse.jpg/960px-Male_hand_with_two_rings_operating_computer_mouse.jpg?utm_source=commons.wikimedia.org&utm_campaign=imageinfo&utm_content=thumbnail,Pittigrilli,CC BY-SA 4.0,https://creativecommons.org/licenses/by-sa/4.0,commons-101279400,Codex visual inspection: one identifiable computer mouse/trackball is principal,b9abd6ab28702935,960,720,2026-10-07T19:39:37+08:00,Commons file timestamp=2021-03-10T09:38:55Z; source sha1=ac2d44d4f1bfb132650a6caab1ee7b20634bb41d; requested thumbnail=960px
commons-101279468,data/raw/commons/mouse/commons-101279468.jpg,6f27c759ae7e9641707e24cc2c3a5c2b3061ba1d568cf55159158eb2958f1e8c,4,,,commons-api,,train,approved,campus-public-expanded-v1,wikimedia_commons,101279468,https://commons.wikimedia.org/wiki/File:Male_hand_with_two_rings_operating_computer_mouse_(cropped).jpg,https://upload.wikimedia.org/wikipedia/commons/6/63/Male_hand_with_two_rings_operating_computer_mouse_%28cropped%29.jpg?utm_source=commons.wikimedia.org&utm_campaign=imageinfo&utm_content=original,https://thumb.wikimedia.org/wikipedia/commons/thumb/6/63/Male_hand_with_two_rings_operating_computer_mouse_%28cropped%29.jpg/960px-Male_hand_with_two_rings_operating_computer_mouse_%28cropped%29.jpg?utm_source=commons.wikimedia.org&utm_campaign=imageinfo&utm_content=thumbnail,Pittigrilli,CC BY-SA 4.0,https://creativecommons.org/licenses/by-sa/4.0,commons-101279400,Codex visual inspection: one identifiable computer mouse/trackball is principal,d0a79f568a48c1ed,960,580,2026-10-07T19:39:39+08:00,Commons file timestamp=2021-03-10T09:43:00Z; source sha1=99a5e71801b4e0ebeb92452ab011b9943b0f1fb3; requested thumbnail=960px
oi-8cc10b3985bc8379,data/raw/openimages/mouse/oi-8cc10b3985bc8379.jpg,8c0f346210d9ce7931a14964a7a157670434b20ab111cc0269afb09bb290a381,4,,,open-images-official,,train,approved,campus-public-expanded-v1,open_images,8cc10b3985bc8379,https://www.flickr.com/photos/43651810@N07/4025283840,https://c2.staticflickr.com/3/2768/4025283840_d0385cdbcd_o.jpg,https://open-images-dataset.s3.amazonaws.com/test/8cc10b3985bc8379.jpg,LupisSM,https://creativecommons.org/licenses/by/2.0/,https://creativecommons.org/licenses/by/2.0/,oi-8cc10b3985bc8379,Codex visual inspection: one identifiable physical target within confirmed definition,b8bb0eecfc210393,1024,697,2026-10-07T18:10:16+08:00,Open Images V7 public test image / V5 human boxable labels; one non-depicted box >=25% image area
oi-2bc941fac87f3826,data/raw/openimages/mouse/oi-2bc941fac87f3826.jpg,20fc9a3b16a8d13aec24e09d6e998535955c4a4cfe1c736deefe049de2696b82,4,,,open-images-official,,train,approved,campus-public-expanded-v1,open_images,2bc941fac87f3826,https://www.flickr.com/photos/edwardyanquen/2089199809,https://farm7.staticflickr.com/2174/2089199809_b46424d75f_o.jpg,https://open-images-dataset.s3.amazonaws.com/test/2bc941fac87f3826.jpg,Edward Yanquen,https://creativecommons.org/licenses/by/2.0/,https://creativecommons.org/licenses/by/2.0/,oi-2bc941fac87f3826,Codex visual inspection: one identifiable physical target within confirmed definition,ec1833c30c70f4df,1024,515,2026-10-07T18:04:56+08:00,Open Images V7 public test image / V5 human boxable labels; one non-depicted box >=25% image area
oi-6ee72e953b30a67b,data/raw/openimages/mouse/oi-6ee72e953b30a67b.jpg,bfc2107dfa2885cbf5a91e23eafd0bdd4e55145c220719da9f5a250a0206a2d8,4,,,open-images-official,,train,approved,campus-public-expanded-v1,open_images,6ee72e953b30a67b,https://www.flickr.com/photos/geojono/368050222,https://c4.staticflickr.com/1/173/368050222_0df14b8973_o.jpg,https://open-images-dataset.s3.amazonaws.com/validation/6ee72e953b30a67b.jpg,Jono Martin,https://creativecommons.org/licenses/by/2.0/,https://creativecommons.org/licenses/by/2.0/,oi-6ee72e953b30a67b,Codex visual inspection: one identifiable target within frozen definition,3359e6311ae3689d,1024,768,2026-10-07T17:45:12+08:00,Open Images V7 public validation image / V5 human boxable labels
oi-5979c88c0717ebfd,data/raw/openimages/mouse/oi-5979c88c0717ebfd.jpg,d34af5b3eaf06783b5178a0b32d99faf7d6a5ffad2772a0989f6ce13ae54db7d,4,,,open-images-official,,train,approved,campus-public-expanded-v1,open_images,5979c88c0717ebfd,https://www.flickr.com/photos/koganetchi/3870034178,https://c6.staticflickr.com/4/3472/3870034178_84db41b3fa_o.jpg,https://open-images-dataset.s3.amazonaws.com/test/5979c88c0717ebfd.jpg,Yos C. Wiranata,https://creativecommons.org/licenses/by/2.0/,https://creativecommons.org/licenses/by/2.0/,oi-5979c88c0717ebfd,Codex visual inspection: one identifiable physical target within confirmed definition,c673535c4c667199,1024,687,2026-10-07T18:06:07+08:00,Open Images V7 public test image / V5 human boxable labels; one non-depicted box >=25% image area
commons-38656132,data/raw/commons/mouse/commons-38656132.jpg,a97418d8bf7f006c4e36216d577783d95d93623cccd193522b7917efef2c0cea,4,,,commons-api,,train,approved,campus-public-expanded-v1,wikimedia_commons,38656132,https://commons.wikimedia.org/wiki/File:Computer_mouse_1_2015-02-28.JPG,https://upload.wikimedia.org/wikipedia/commons/1/1d/Computer_mouse_1_2015-02-28.JPG?utm_source=commons.wikimedia.org&utm_campaign=imageinfo&utm_content=original,https://thumb.wikimedia.org/wikipedia/commons/thumb/1/1d/Computer_mouse_1_2015-02-28.JPG/960px-Computer_mouse_1_2015-02-28.JPG?utm_source=commons.wikimedia.org&utm_campaign=imageinfo&utm_content=thumbnail,FASTILY,CC BY-SA 4.0,https://creativecommons.org/licenses/by-sa/4.0,commons-38656132,Codex visual inspection: one identifiable computer mouse/trackball is principal,d85c2787c36978b1,960,720,2026-10-07T19:43:53+08:00,Commons file timestamp=2015-03-01T00:42:47Z; source sha1=9a9ce45ad7f4d7095ee979d215650f6928175cb6; requested thumbnail=960px
commons-42548854,data/raw/commons/mouse/commons-42548854.jpg,609a39f6bd7690ffb9da09667e8730319f5e094c19d2822da76704c5e2858b23,4,,,commons-api,,train,approved,campus-public-expanded-v1,wikimedia_commons,42548854,https://commons.wikimedia.org/wiki/File:Roller-Mouse.jpg,https://upload.wikimedia.org/wikipedia/commons/0/0b/Roller-Mouse.jpg?utm_source=commons.wikimedia.org&utm_campaign=imageinfo&utm_content=original,https://thumb.wikimedia.org/wikipedia/commons/thumb/0/0b/Roller-Mouse.jpg/960px-Roller-Mouse.jpg?utm_source=commons.wikimedia.org&utm_campaign=imageinfo&utm_content=thumbnail,Tomaz Silva/Agência Brasil,CC BY 3.0 br,https://creativecommons.org/licenses/by/3.0/br/deed.en,commons-42548854,Codex visual inspection: one identifiable computer mouse/trackball is principal,31396a6ae4d46a6d,960,636,2026-10-07T19:41:50+08:00,Commons file timestamp=2015-08-21T22:42:15Z; source sha1=fa598dd81d028a7d0159b6670d14910e744f089f; requested thumbnail=960px
commons-142081118,data/raw/commons/mouse/commons-142081118.jpg,7da88ce9d4d5e1bbeef3a7cadbd5ca4972c19594efe63230f4a54b70e0431a51,4,,,commons-api,,train,approved,campus-public-expanded-v1,wikimedia_commons,142081118,https://commons.wikimedia.org/wiki/File:2023_Mysz_komputerowa_Logitech_M705.jpg,https://upload.wikimedia.org/wikipedia/commons/8/8a/2023_Mysz_komputerowa_Logitech_M705.jpg?utm_source=commons.wikimedia.org&utm_campaign=imageinfo&utm_content=original,https://thumb.wikimedia.org/wikipedia/commons/thumb/8/8a/2023_Mysz_komputerowa_Logitech_M705.jpg/960px-2023_Mysz_komputerowa_Logitech_M705.jpg?utm_source=commons.wikimedia.org&utm_campaign=imageinfo&utm_content=thumbnail,Jacek Halicki,CC BY-SA 4.0,https://creativecommons.org/licenses/by-sa/4.0,commons-142081118,Codex visual inspection: one recognizable computer mouse is main subject,8566924972b9ad57,960,651,2026-10-07T19:44:14+08:00,Commons file timestamp=2023-12-14T14:51:42Z; source sha1=071cbbc2c5d193fcfd9f1bd4aa14f79c00810854; requested thumbnail=960px
commons-1971541,data/raw/commons/mouse/commons-1971541.jpg,ede08808879a1f4756ebc5eac26996a33894ce4566eb7d61c60e78cdeca7e76e,4,,,commons-api,,train,approved,campus-public-expanded-v1,wikimedia_commons,1971541,https://commons.wikimedia.org/wiki/File:Pink_computer_mouse_in_the_dark.JPG,https://upload.wikimedia.org/wikipedia/commons/d/d3/Pink_computer_mouse_in_the_dark.JPG?utm_source=commons.wikimedia.org&utm_campaign=imageinfo&utm_content=original,https://thumb.wikimedia.org/wikipedia/commons/thumb/d/d3/Pink_computer_mouse_in_the_dark.JPG/960px-Pink_computer_mouse_in_the_dark.JPG?utm_source=commons.wikimedia.org&utm_campaign=imageinfo&utm_content=thumbnail,Piotrus (Piotr Konieczny aka Prokonsul Piotrus Talk),CC BY-SA 3.0,https://creativecommons.org/licenses/by-sa/3.0,commons-1971541,Codex visual inspection: one identifiable computer mouse/trackball is principal,99264e4f190ce7b3,960,720,2026-10-07T19:41:05+08:00,Commons file timestamp=2007-04-19T20:57:22Z; source sha1=7e777a218a50c2eae925da67534549c075387527; requested thumbnail=960px
commons-75605790,data/raw/commons/mouse/commons-75605790.jpg,5710fd7e022a44bf5d5616e39ca7527eb4979a49dd342bd3512bbfefbe38b45d,4,,,commons-api,,train,approved,campus-public-expanded-v1,wikimedia_commons,75605790,https://commons.wikimedia.org/wiki/File:Razer_DeathAdder_Elite-front_oblique-ar_16to10-fs_PNr%C2%B00465.jpg,https://upload.wikimedia.org/wikipedia/commons/0/01/Razer_DeathAdder_Elite-front_oblique-ar_16to10-fs_PNr%C2%B00465.jpg?utm_source=commons.wikimedia.org&utm_campaign=imageinfo&utm_content=original,https://thumb.wikimedia.org/wikipedia/commons/thumb/0/01/Razer_DeathAdder_Elite-front_oblique-ar_16to10-fs_PNr%C2%B00465.jpg/960px-Razer_DeathAdder_Elite-front_oblique-ar_16to10-fs_PNr%C2%B00465.jpg?utm_source=commons.wikimedia.org&utm_campaign=imageinfo&utm_content=thumbnail,D-Kuru,CC BY-SA 3.0 at,https://creativecommons.org/licenses/by-sa/3.0/at/deed.en,commons-75605790,Codex visual inspection: one identifiable computer mouse/trackball is principal,e60f983169c1b6b5,960,600,2026-10-07T19:43:32+08:00,Commons file timestamp=2019-01-05T14:59:12Z; source sha1=f702803e7f2e0e7c8f94d3db5c34c4908ccf528f; requested thumbnail=960px
commons-1707265,data/raw/commons/mouse/commons-1707265.jpg,f5f283fecd72ee5e3657fc5584d1e1e6e1732191a4e12e84dffeec3446cc533d,4,,,commons-api,,train,approved,campus-public-expanded-v1,wikimedia_commons,1707265,https://commons.wikimedia.org/wiki/File:Ball_Mouse_semi-inside_view.jpg,https://upload.wikimedia.org/wikipedia/commons/2/2c/Ball_Mouse_semi-inside_view.jpg?utm_source=commons.wikimedia.org&utm_campaign=imageinfo&utm_content=original,https://thumb.wikimedia.org/wikipedia/commons/thumb/2/2c/Ball_Mouse_semi-inside_view.jpg/1280px-Ball_Mouse_semi-inside_view.jpg?utm_source=commons.wikimedia.org&utm_campaign=imageinfo&utm_content=thumbnail,Grain,Public domain,,commons-1707265,Codex visual review of contact sheet: one identifiable target within frozen category definition,c92166b4d97329cd,1280,1056,2026-10-07T16:55:55+08:00,Early collection; original source revision not retained; local downloaded rendition SHA-256=f5f283fecd72ee5e3657fc5584d1e1e6e1732191a4e12e84dffeec3446cc533d; download time recovered from original local file mtime
commons-40465865,data/raw/commons/mouse/commons-40465865.jpg,582b462aab9737d841aca2cd04d800d91ce95c0166ea65ced47578818e71ec59,4,,,commons-api,,train,approved,campus-public-expanded-v1,wikimedia_commons,40465865,https://commons.wikimedia.org/wiki/File:%D0%A4%D0%BB%D0%BE%D0%BA%D0%B8%D1%80%D0%BE%D0%B2%D0%B0%D0%BD%D0%B8%D0%B5_%D0%BD%D0%B0_%D0%BA%D0%BE%D0%BC%D0%BF%D1%8C%D1%8E%D1%82%D0%B5%D1%80%D0%BD%D0%BE%D0%B9_%D0%BC%D1%8B%D1%88%D0%BA%D0%B5.JPG,https://upload.wikimedia.org/wikipedia/commons/c/c1/%D0%A4%D0%BB%D0%BE%D0%BA%D0%B8%D1%80%D0%BE%D0%B2%D0%B0%D0%BD%D0%B8%D0%B5_%D0%BD%D0%B0_%D0%BA%D0%BE%D0%BC%D0%BF%D1%8C%D1%8E%D1%82%D0%B5%D1%80%D0%BD%D0%BE%D0%B9_%D0%BC%D1%8B%D1%88%D0%BA%D0%B5.JPG?utm_source=commons.wikimedia.org&utm_campaign=imageinfo&utm_content=original,https://thumb.wikimedia.org/wikipedia/commons/thumb/c/c1/%D0%A4%D0%BB%D0%BE%D0%BA%D0%B8%D1%80%D0%BE%D0%B2%D0%B0%D0%BD%D0%B8%D0%B5_%D0%BD%D0%B0_%D0%BA%D0%BE%D0%BC%D0%BF%D1%8C%D1%8E%D1%82%D0%B5%D1%80%D0%BD%D0%BE%D0%B9_%D0%BC%D1%8B%D1%88%D0%BA%D0%B5.JPG/960px-%D0%A4%D0%BB%D0%BE%D0%BA%D0%B8%D1%80%D0%BE%D0%B2%D0%B0%D0%BD%D0%B8%D0%B5_%D0%BD%D0%B0_%D0%BA%D0%BE%D0%BC%D0%BF%D1%8C%D1%8E%D1%82%D0%B5%D1%80%D0%BD%D0%BE%D0%B9_%D0%BC%D1%8B%D1%88%D0%BA%D0%B5.JPG?utm_source=commons.wikimedia.org&utm_campaign=imageinfo&utm_content=thumbnail,Пигмалион,CC BY-SA 4.0,https://creativecommons.org/licenses/by-sa/4.0,commons-40465865,Codex visual inspection: one identifiable computer mouse/trackball is principal,c3d4791ab839a2c7,960,720,2026-10-07T19:43:30+08:00,Commons file timestamp=2015-05-26T12:01:40Z; source sha1=f11d88fd041430f631740aef613467c4e2cfaf05; requested thumbnail=960px
oi-3ef9c4e030a413b8,data/raw/openimages/mouse/oi-3ef9c4e030a413b8.jpg,b51ee2f3b510c65ef091e596ab383f207df4adea268bd460963faa81e46f12d2,4,,,open-images-official,,train,approved,campus-public-expanded-v1,open_images,3ef9c4e030a413b8,https://www.flickr.com/photos/fspina/5034379534,https://c1.staticflickr.com/5/4132/5034379534_eb5ebae9a3_o.jpg,https://open-images-dataset.s3.amazonaws.com/test/3ef9c4e030a413b8.jpg,Felipe Spina,https://creativecommons.org/licenses/by/2.0/,https://creativecommons.org/licenses/by/2.0/,oi-3ef9c4e030a413b8,Codex visual inspection: one identifiable physical target within confirmed definition,3366cc933469c397,1024,760,2026-10-07T18:11:34+08:00,Open Images V7 public test image / V5 human boxable labels; one non-depicted box >=25% image area
commons-77886715,data/raw/commons/mouse/commons-77886715.jpg,ac1528d4104b062db52b675d2d410abd103f4a717cfc773999fa0170d468d133,4,,,commons-api,,train,approved,campus-public-expanded-v1,wikimedia_commons,77886715,https://commons.wikimedia.org/wiki/File:Computer_mouse_4.jpg,https://upload.wikimedia.org/wikipedia/commons/2/23/Computer_mouse_4.jpg?utm_source=commons.wikimedia.org&utm_campaign=imageinfo&utm_content=original,https://upload.wikimedia.org/wikipedia/commons/2/23/Computer_mouse_4.jpg?utm_source=commons.wikimedia.org&utm_campaign=imageinfo&utm_content=thumbnail_unscaled,NotTfue123,CC BY-SA 4.0,https://creativecommons.org/licenses/by-sa/4.0,commons-77886715,Codex visual review of contact sheet: one identifiable target within frozen category definition,0909366926c66dff,1280,720,2026-10-07T16:56:33+08:00,Early collection; original source revision not retained; local downloaded rendition SHA-256=ac1528d4104b062db52b675d2d410abd103f4a717cfc773999fa0170d468d133; download time recovered from original local file mtime
commons-169952439,data/raw/commons/mouse/commons-169952439.jpg,b784950a83b86dbd47cafe343d3c0af57712c435ae45bff52c8c294afe36688d,4,,,commons-api,,train,approved,campus-public-expanded-v1,wikimedia_commons,169952439,https://commons.wikimedia.org/wiki/File:%E0%A4%AE%E0%A4%BE%E0%A4%89%E0%A4%B8.jpg,https://upload.wikimedia.org/wikipedia/commons/3/39/%E0%A4%AE%E0%A4%BE%E0%A4%89%E0%A4%B8.jpg?utm_source=commons.wikimedia.org&utm_campaign=imageinfo&utm_content=original,https://thumb.wikimedia.org/wikipedia/commons/thumb/3/39/%E0%A4%AE%E0%A4%BE%E0%A4%89%E0%A4%B8.jpg/960px-%E0%A4%AE%E0%A4%BE%E0%A4%89%E0%A4%B8.jpg?utm_source=commons.wikimedia.org&utm_campaign=imageinfo&utm_content=thumbnail,Krishnav25,CC BY-SA 4.0,https://creativecommons.org/licenses/by-sa/4.0,commons-169952439,Codex visual inspection: one identifiable computer mouse/trackball is principal,cc3126e972a6cb39,960,540,2026-10-07T19:43:42+08:00,Commons file timestamp=2025-07-14T11:13:45Z; source sha1=d36ad426ad10cc4e0e404fea267ca13d46cb06fe; requested thumbnail=960px
commons-149110217,data/raw/commons/mouse/commons-149110217.jpg,fd504957fbfa5a8812aa8f32796701857c505406ade2e02e04116849afb5938e,4,,,commons-api,,train,approved,campus-public-expanded-v1,wikimedia_commons,149110217,https://commons.wikimedia.org/wiki/File:Mouse_Immer_SM-S4000_in_Tashkent_Region.jpg,https://upload.wikimedia.org/wikipedia/commons/9/9f/Mouse_Immer_SM-S4000_in_Tashkent_Region.jpg?utm_source=commons.wikimedia.org&utm_campaign=imageinfo&utm_content=original,https://thumb.wikimedia.org/wikipedia/commons/thumb/9/9f/Mouse_Immer_SM-S4000_in_Tashkent_Region.jpg/960px-Mouse_Immer_SM-S4000_in_Tashkent_Region.jpg?utm_source=commons.wikimedia.org&utm_campaign=imageinfo&utm_content=thumbnail,Sevayuu,CC BY 4.0,https://creativecommons.org/licenses/by/4.0,commons-149110217,Codex visual inspection: one identifiable computer mouse/trackball is principal,a51e167b72a18957,960,720,2026-10-07T19:40:22+08:00,Commons file timestamp=2024-06-05T22:11:43Z; source sha1=d837e83c4494ac2b25c25db6ab9f7323618b662c; requested thumbnail=960px
commons-83718308,data/raw/commons/mouse/commons-83718308.jpg,1301ad0ba9f0ec48ccceb06c5123bf6ee88f67e398ccca711030cd34fc41a3c9,4,,,commons-api,,train,approved,campus-public-expanded-v1,wikimedia_commons,83718308,https://commons.wikimedia.org/wiki/File:A_black_wireless_computer_mouse.jpg,https://upload.wikimedia.org/wikipedia/commons/f/f1/A_black_wireless_computer_mouse.jpg?utm_source=commons.wikimedia.org&utm_campaign=imageinfo&utm_content=original,https://thumb.wikimedia.org/wikipedia/commons/thumb/f/f1/A_black_wireless_computer_mouse.jpg/960px-A_black_wireless_computer_mouse.jpg?utm_source=commons.wikimedia.org&utm_campaign=imageinfo&utm_content=thumbnail,Pixloom,CC BY-SA 4.0,https://creativecommons.org/licenses/by-sa/4.0,commons-83718168,Codex visual inspection: one recognizable computer mouse is main subject,1996e35b07a91c57,960,720,2026-10-07T19:44:49+08:00,Commons file timestamp=2019-11-06T18:02:50Z; source sha1=b9b2eb1e9cfda2978aad8406c0bf660d68b3de17; requested thumbnail=960px
commons-83718168,data/raw/commons/mouse/commons-83718168.jpg,611f63efa4e029456df172b0fbe07fe6c67304cd6eeaffee9687ffe14bdb508c,4,,,commons-api,,train,approved,campus-public-expanded-v1,wikimedia_commons,83718168,https://commons.wikimedia.org/wiki/File:Wired_Mouse_with_white_background.jpg,https://upload.wikimedia.org/wikipedia/commons/5/5e/Wired_Mouse_with_white_background.jpg?utm_source=commons.wikimedia.org&utm_campaign=imageinfo&utm_content=original,https://thumb.wikimedia.org/wikipedia/commons/thumb/5/5e/Wired_Mouse_with_white_background.jpg/960px-Wired_Mouse_with_white_background.jpg?utm_source=commons.wikimedia.org&utm_campaign=imageinfo&utm_content=thumbnail,Pixloom,CC BY-SA 4.0,https://creativecommons.org/licenses/by-sa/4.0,commons-83718168,Codex visual inspection: one recognizable computer mouse is main subject,3967cc163c59e30d,960,720,2026-10-07T19:47:42+08:00,Commons file timestamp=2019-11-06T17:57:06Z; source sha1=0ed57e78bb841ac8b2259304f6f44ff697c142eb; requested thumbnail=960px
commons-99766418,data/raw/commons/mouse/commons-99766418.jpg,05c3841e96e3c0818826ee9dceb9e04fcfcc0ccc5bb09a06f1456fd674062aa6,4,,,commons-api,,train,approved,campus-public-expanded-v1,wikimedia_commons,99766418,https://commons.wikimedia.org/wiki/File:Logitech_M331_Silent_Mouse.jpg,https://upload.wikimedia.org/wikipedia/commons/3/39/Logitech_M331_Silent_Mouse.jpg?utm_source=commons.wikimedia.org&utm_campaign=imageinfo&utm_content=original,https://thumb.wikimedia.org/wikipedia/commons/thumb/3/39/Logitech_M331_Silent_Mouse.jpg/960px-Logitech_M331_Silent_Mouse.jpg?utm_source=commons.wikimedia.org&utm_campaign=imageinfo&utm_content=thumbnail,Basana Saha,CC BY-SA 4.0,https://creativecommons.org/licenses/by-sa/4.0,commons-99766418,Codex visual inspection: one recognizable computer mouse is main subject,73d891266cdc923b,960,720,2026-10-07T19:45:50+08:00,Commons file timestamp=2021-02-11T18:15:23Z; source sha1=42b43cf04df111eb38f1335844ae6b026250b24c; requested thumbnail=960px
commons-696767,data/raw/commons/mouse/commons-696767.jpg,829db3fcbd70f9155786282dcd818db1ae1f66ce8edaa271363adc75c3fc5ef2,4,,,commons-api,,train,approved,campus-public-expanded-v1,wikimedia_commons,696767,https://commons.wikimedia.org/wiki/File:Wheel_mouse.JPG,https://upload.wikimedia.org/wikipedia/commons/c/c6/Wheel_mouse.JPG?utm_source=commons.wikimedia.org&utm_campaign=imageinfo&utm_content=original,https://thumb.wikimedia.org/wikipedia/commons/thumb/c/c6/Wheel_mouse.JPG/960px-Wheel_mouse.JPG?utm_source=commons.wikimedia.org&utm_campaign=imageinfo&utm_content=thumbnail,Qurren,CC BY-SA 3.0,http://creativecommons.org/licenses/by-sa/3.0/,commons-696767,Codex visual inspection: one identifiable computer mouse/trackball is principal,99634c93bce1435d,960,817,2026-10-07T19:43:49+08:00,Commons file timestamp=2006-04-11T10:14:16Z; source sha1=8ce307f1ff39c0f0429efa21006fa0052d28cc07; requested thumbnail=960px
commons-166400208,data/raw/commons/mouse/commons-166400208.jpg,52f6988ad62048698f471c5566ba1e0f3a34f895d9e7134e42c5796d2614bbd1,4,,,commons-api,,train,approved,campus-public-expanded-v1,wikimedia_commons,166400208,https://commons.wikimedia.org/wiki/File:Mancer_lead_2.jpg,https://upload.wikimedia.org/wikipedia/commons/1/17/Mancer_lead_2.jpg?utm_source=commons.wikimedia.org&utm_campaign=imageinfo&utm_content=original,https://thumb.wikimedia.org/wikipedia/commons/thumb/1/17/Mancer_lead_2.jpg/960px-Mancer_lead_2.jpg?utm_source=commons.wikimedia.org&utm_campaign=imageinfo&utm_content=thumbnail,CancerousNicolau,CC0,http://creativecommons.org/publicdomain/zero/1.0/deed.en,commons-166400208,Codex visual inspection: one identifiable computer mouse/trackball is principal,938d66999a656c93,960,1249,2026-10-07T19:39:58+08:00,Commons file timestamp=2025-05-30T21:08:50Z; source sha1=5409ef1473405842a661371be2f2c86ed42315f3; requested thumbnail=960px
commons-52054912,data/raw/commons/mouse/commons-52054912.jpg,0687f67ca35f13e9e38d8121058fadd2941b515a8b2e77f67376dfc65a6f31c4,4,,,commons-api,,train,approved,campus-public-expanded-v1,wikimedia_commons,52054912,https://commons.wikimedia.org/wiki/File:Nature_-_Natura_(16065477962).jpg,https://upload.wikimedia.org/wikipedia/commons/9/9d/Nature_-_Natura_%2816065477962%29.jpg?utm_source=commons.wikimedia.org&utm_campaign=imageinfo&utm_content=original,https://thumb.wikimedia.org/wikipedia/commons/thumb/9/9d/Nature_-_Natura_%2816065477962%29.jpg/960px-Nature_-_Natura_%2816065477962%29.jpg?utm_source=commons.wikimedia.org&utm_campaign=imageinfo&utm_content=thumbnail,fotokoci,CC0,http://creativecommons.org/publicdomain/zero/1.0/deed.en,commons-52054912,Codex visual inspection: one identifiable computer mouse/trackball is principal,760c9c74491eed69,960,720,2026-10-07T19:40:38+08:00,Commons file timestamp=2016-10-04T16:33:40Z; source sha1=726a2f7e530c3c9a948329812a5c8a68a3194ed7; requested thumbnail=960px
oi-65312e4ca5a6f947,data/raw/openimages/mouse/oi-65312e4ca5a6f947.jpg,f398f1bdcb3614df5d1e5391191ddc324f5689ee9d2b360bdeb1d6716a622aae,4,,,open-images-official,,train,approved,campus-public-expanded-v1,open_images,65312e4ca5a6f947,https://www.flickr.com/photos/pauldineen/4133666285,https://farm8.staticflickr.com/2756/4133666285_f9df131a02_o.jpg,https://open-images-dataset.s3.amazonaws.com/test/65312e4ca5a6f947.jpg,Paul L Dineen,https://creativecommons.org/licenses/by/2.0/,https://creativecommons.org/licenses/by/2.0/,oi-65312e4ca5a6f947,Codex visual inspection: one identifiable physical target within confirmed definition,ed911b5ece830707,1024,768,2026-10-07T18:07:28+08:00,Open Images V7 public test image / V5 human boxable labels; one non-depicted box >=25% image area
commons-81284315,data/raw/commons/mouse/commons-81284315.jpg,b5a24b508f0d4254e155b34d1f42754032bd24dca29c05108aede5cf3b847e03,4,,,commons-api,,train,approved,campus-public-expanded-v1,wikimedia_commons,81284315,https://commons.wikimedia.org/wiki/File:Computer_Museum_of_America_(02).jpg,https://upload.wikimedia.org/wikipedia/commons/9/9a/Computer_Museum_of_America_%2802%29.jpg?utm_source=commons.wikimedia.org&utm_campaign=imageinfo&utm_content=original,https://thumb.wikimedia.org/wikipedia/commons/thumb/9/9a/Computer_Museum_of_America_%2802%29.jpg/1280px-Computer_Museum_of_America_%2802%29.jpg?utm_source=commons.wikimedia.org&utm_campaign=imageinfo&utm_content=thumbnail,Bubba73,CC BY-SA 3.0,https://creativecommons.org/licenses/by-sa/3.0,commons-81284315,Codex visual review of contact sheet: one identifiable target within frozen category definition,0c38f1ef0b136aab,1280,854,2026-10-07T16:57:03+08:00,Early collection; original source revision not retained; local downloaded rendition SHA-256=b5a24b508f0d4254e155b34d1f42754032bd24dca29c05108aede5cf3b847e03; download time recovered from original local file mtime
commons-5403665,data/raw/commons/mouse/commons-5403665.jpg,85a5f387db15bfa0b0e8fe181e60f8d38a2fdad1a83e72e3a5391a5485d1babc,4,,,commons-api,,train,approved,campus-public-expanded-v1,wikimedia_commons,5403665,https://commons.wikimedia.org/wiki/File:2008_Taipei_IT_Month_Day9_Elecom_Optical_EGG_Mouse_in_Orange.jpg,https://upload.wikimedia.org/wikipedia/commons/b/bb/2008_Taipei_IT_Month_Day9_Elecom_Optical_EGG_Mouse_in_Orange.jpg?utm_source=commons.wikimedia.org&utm_campaign=imageinfo&utm_content=original,https://thumb.wikimedia.org/wikipedia/commons/thumb/b/bb/2008_Taipei_IT_Month_Day9_Elecom_Optical_EGG_Mouse_in_Orange.jpg/1280px-2008_Taipei_IT_Month_Day9_Elecom_Optical_EGG_Mouse_in_Orange.jpg?utm_source=commons.wikimedia.org&utm_campaign=imageinfo&utm_content=thumbnail,Rico Shen,CC BY-SA 4.0,https://creativecommons.org/licenses/by-sa/4.0,commons-5403665,Codex visual review of contact sheet: one identifiable target within frozen category definition,26d93679f029c8b5,1280,960,2026-10-07T16:55:58+08:00,Early collection; original source revision not retained; local downloaded rendition SHA-256=85a5f387db15bfa0b0e8fe181e60f8d38a2fdad1a83e72e3a5391a5485d1babc; download time recovered from original local file mtime
oi-33917ea7a4885da5,data/raw/openimages/mouse/oi-33917ea7a4885da5.jpg,4ce0784a13e76f1630756c00168ee3113cacb2c0fc5bf3e778cd922a7d852434,4,,,open-images-official,,train,approved,campus-public-expanded-v1,open_images,33917ea7a4885da5,https://www.flickr.com/photos/yangsheng/2110455486,https://farm6.staticflickr.com/2406/2110455486_b43e2fbcd2_o.jpg,https://open-images-dataset.s3.amazonaws.com/test/33917ea7a4885da5.jpg,Yangsheng Chen,https://creativecommons.org/licenses/by/2.0/,https://creativecommons.org/licenses/by/2.0/,oi-33917ea7a4885da5,Codex visual inspection: one identifiable physical target within confirmed definition,c6430e59b9a95357,1024,768,2026-10-07T18:11:36+08:00,Open Images V7 public test image / V5 human boxable labels; one non-depicted box >=25% image area
commons-139453357,data/raw/commons/mouse/commons-139453357.jpg,f815fe07e669b354f7d3f1c6f28199e8d954d1a70416a51c706e4f5e147d29a1,4,,,commons-api,,train,approved,campus-public-expanded-v1,wikimedia_commons,139453357,https://commons.wikimedia.org/wiki/File:Commodore_Amiga_Mouse.jpg,https://upload.wikimedia.org/wikipedia/commons/f/f5/Commodore_Amiga_Mouse.jpg?utm_source=commons.wikimedia.org&utm_campaign=imageinfo&utm_content=original,https://thumb.wikimedia.org/wikipedia/commons/thumb/f/f5/Commodore_Amiga_Mouse.jpg/960px-Commodore_Amiga_Mouse.jpg?utm_source=commons.wikimedia.org&utm_campaign=imageinfo&utm_content=thumbnail,moparx,CC BY-SA 2.0,https://creativecommons.org/licenses/by-sa/2.0,commons-139453357,Codex visual inspection: one recognizable computer mouse is main subject,4bbc7223384387dd,960,720,2026-10-07T19:48:31+08:00,Commons file timestamp=2023-10-25T00:19:21Z; source sha1=7c66def9d64d16a4a0add1228d152ae55036c500; requested thumbnail=960px
oi-b033c3642fc4e9cd,data/raw/openimages/mouse/oi-b033c3642fc4e9cd.jpg,259add1376435d3c23a2192352e182184ce9e4d7507333f66f8d89f7c2da36e7,4,,,open-images-official,,train,approved,campus-public-expanded-v1,open_images,b033c3642fc4e9cd,https://www.flickr.com/photos/williambrawley/4059304131,https://c6.staticflickr.com/4/3498/4059304131_2fe7f543ae_o.jpg,https://open-images-dataset.s3.amazonaws.com/test/b033c3642fc4e9cd.jpg,William Brawley,https://creativecommons.org/licenses/by/2.0/,https://creativecommons.org/licenses/by/2.0/,oi-b033c3642fc4e9cd,Codex visual inspection: one identifiable physical target within confirmed definition,9d67c913e64c81b9,1024,685,2026-10-07T18:04:29+08:00,Open Images V7 public test image / V5 human boxable labels; one non-depicted box >=25% image area
commons-14491865,data/raw/commons/mouse/commons-14491865.jpg,6afa0582801bf9c49f8c10b1bbb6280d163c894d84b774e1e32d4ecc5aa1ddfd,4,,,commons-api,,train,approved,campus-public-expanded-v1,wikimedia_commons,14491865,https://commons.wikimedia.org/wiki/File:CeBIT_2011_Samstag_PD_62.JPG,https://upload.wikimedia.org/wikipedia/commons/d/d7/CeBIT_2011_Samstag_PD_62.JPG?utm_source=commons.wikimedia.org&utm_campaign=imageinfo&utm_content=original,https://thumb.wikimedia.org/wikipedia/commons/thumb/d/d7/CeBIT_2011_Samstag_PD_62.JPG/1280px-CeBIT_2011_Samstag_PD_62.JPG?utm_source=commons.wikimedia.org&utm_campaign=imageinfo&utm_content=thumbnail,Bin im Garten,CC BY-SA 3.0,https://creativecommons.org/licenses/by-sa/3.0,commons-117694315,Codex visual review of contact sheet: one identifiable target within frozen category definition,a42419b9ad678b9b,1280,853,2026-10-07T16:56:28+08:00,Early collection; original source revision not retained; local downloaded rendition SHA-256=6afa0582801bf9c49f8c10b1bbb6280d163c894d84b774e1e32d4ecc5aa1ddfd; download time recovered from original local file mtime
commons-117694315,data/raw/commons/mouse/commons-117694315.jpg,8749b5a278553b4c65099ded7994d1fb8185dfd0214517972c25d77ab5939e02,4,,,commons-api,,train,approved,campus-public-expanded-v1,wikimedia_commons,117694315,https://commons.wikimedia.org/wiki/File:Car_based_Computer_Mouse_(4488342949).jpg,https://upload.wikimedia.org/wikipedia/commons/9/90/Car_based_Computer_Mouse_%284488342949%29.jpg?utm_source=commons.wikimedia.org&utm_campaign=imageinfo&utm_content=original,https://thumb.wikimedia.org/wikipedia/commons/thumb/9/90/Car_based_Computer_Mouse_%284488342949%29.jpg/1280px-Car_based_Computer_Mouse_%284488342949%29.jpg?utm_source=commons.wikimedia.org&utm_campaign=imageinfo&utm_content=thumbnail,Razvan Orendovici from United States,CC BY 2.0,https://creativecommons.org/licenses/by/2.0,commons-117694315,Codex visual review of contact sheet: one identifiable target within frozen category definition,496eaca9e4f59485,1280,1920,2026-10-07T16:56:39+08:00,Early collection; original source revision not retained; local downloaded rendition SHA-256=8749b5a278553b4c65099ded7994d1fb8185dfd0214517972c25d77ab5939e02; download time recovered from original local file mtime
commons-165038381,data/raw/commons/keyboard/commons-165038381.jpg,d6f75d572be7d3eeccc26c0040ba1a782ce675279702c4973ecdbca75a806732,5,,,commons-api,,train,approved,campus-public-expanded-v1,wikimedia_commons,165038381,https://commons.wikimedia.org/wiki/File:Happy_Hacking_Keyboard_(1st_Generation).jpg,https://upload.wikimedia.org/wikipedia/commons/6/67/Happy_Hacking_Keyboard_%281st_Generation%29.jpg?utm_source=commons.wikimedia.org&utm_campaign=imageinfo&utm_content=original,https://thumb.wikimedia.org/wikipedia/commons/thumb/6/67/Happy_Hacking_Keyboard_%281st_Generation%29.jpg/960px-Happy_Hacking_Keyboard_%281st_Generation%29.jpg?utm_source=commons.wikimedia.org&utm_campaign=imageinfo&utm_content=thumbnail,Andrew0Hill,CC BY-SA 4.0,https://creativecommons.org/licenses/by-sa/4.0,commons-165038381,Codex visual inspection: independent external computer keyboard is principal,f40cb02df6bd0751,960,390,2026-10-07T19:20:41+08:00,Commons file timestamp=2025-05-11T05:44:27Z; source sha1=30c78d7fb9297ea627efce8e71e7f1bf366f8ed0; requested thumbnail=960px
commons-115177887,data/raw/commons/keyboard/commons-115177887.jpg,6c1148fcdb7ae6a4ff250fd5b4dea9a4e46f39d303a0b82482323f9866b47c20,5,,,commons-api,,train,approved,campus-public-expanded-v1,wikimedia_commons,115177887,https://commons.wikimedia.org/wiki/File:Maxi_Switch_SN_749-199_top_view.JPG,https://upload.wikimedia.org/wikipedia/commons/d/da/Maxi_Switch_SN_749-199_top_view.JPG?utm_source=commons.wikimedia.org&utm_campaign=imageinfo&utm_content=original,https://thumb.wikimedia.org/wikipedia/commons/thumb/d/da/Maxi_Switch_SN_749-199_top_view.JPG/960px-Maxi_Switch_SN_749-199_top_view.JPG?utm_source=commons.wikimedia.org&utm_campaign=imageinfo&utm_content=thumbnail,seebart,Public domain,,commons-115177887,Codex visual inspection: independent external computer keyboard is principal,d6035ea96c4991f3,960,377,2026-10-07T19:25:47+08:00,Commons file timestamp=2022-02-11T17:22:31Z; source sha1=32f10c59edc75c0e427258af5b7bd1c6825c5bf3; requested thumbnail=960px
commons-115220515,data/raw/commons/keyboard/commons-115220515.jpg,fb37a68394c8cbf82794926c0d5f7e379c78e98452f9484bfb35e4ac92d24cb2,5,,,commons-api,,train,approved,campus-public-expanded-v1,wikimedia_commons,115220515,https://commons.wikimedia.org/wiki/File:MCL-5165_Top1.jpg,https://upload.wikimedia.org/wikipedia/commons/2/28/MCL-5165_Top1.jpg?utm_source=commons.wikimedia.org&utm_campaign=imageinfo&utm_content=original,https://thumb.wikimedia.org/wikipedia/commons/thumb/2/28/MCL-5165_Top1.jpg/960px-MCL-5165_Top1.jpg?utm_source=commons.wikimedia.org&utm_campaign=imageinfo&utm_content=thumbnail,uttindar,Public domain,,commons-115220515,Codex visual inspection: independent external computer keyboard is principal,5218ac9e6223abf7,960,519,2026-10-07T19:25:51+08:00,Commons file timestamp=2022-02-13T07:16:35Z; source sha1=e20e8a27536c3f8cdb9e3a9a7f432fefa0ce40a4; requested thumbnail=960px
oi-3c36839f4b54a72e,data/raw/openimages/keyboard/oi-3c36839f4b54a72e.jpg,521f38b5e6feb2646ba34d21d2bd7c63a0f681062907151a9548b60f4f872dcd,5,,,open-images-official,,train,approved,campus-public-expanded-v1,open_images,3c36839f4b54a72e,https://www.flickr.com/photos/farhan/2412410207,https://c7.staticflickr.com/3/2263/2412410207_2a7235daf0_o.jpg,https://open-images-dataset.s3.amazonaws.com/test/3c36839f4b54a72e.jpg,Farhan Chawla,https://creativecommons.org/licenses/by/2.0/,https://creativecommons.org/licenses/by/2.0/,oi-3c36839f4b54a72e,Codex visual inspection: one identifiable physical target within confirmed definition,98b1db7ea1047ec1,1024,768,2026-10-07T18:07:31+08:00,Open Images V7 public test image / V5 human boxable labels; one non-depicted box >=25% image area
oi-7cbb92c2094f8da4,data/raw/openimages/keyboard/oi-7cbb92c2094f8da4.jpg,2694f51869fbf29a1a0733b81df93c092b26f2fd5aed25153db665cd02b67217,5,,,open-images-official,,train,approved,campus-public-expanded-v1,open_images,7cbb92c2094f8da4,https://www.flickr.com/photos/126080172@N03/14714850068,https://farm5.staticflickr.com/5567/14714850068_182d1c1393_o.jpg,https://open-images-dataset.s3.amazonaws.com/test/7cbb92c2094f8da4.jpg,EricRobson214,https://creativecommons.org/licenses/by/2.0/,https://creativecommons.org/licenses/by/2.0/,oi-7cbb92c2094f8da4,Codex visual inspection: one identifiable physical target within confirmed definition,ec2b52d412d4ed2b,1024,635,2026-10-07T18:15:02+08:00,Open Images V7 public test image / V5 human boxable labels; one non-depicted box >=25% image area
oi-a43934f16b2db997,data/raw/openimages/keyboard/oi-a43934f16b2db997.jpg,56d81da0a65095d6f3c5e104736e6291c1ed30f4a0b7624c9660275a2a2ffbf2,5,,,open-images-official,,train,approved,campus-public-expanded-v1,open_images,a43934f16b2db997,https://www.flickr.com/photos/126850594@N06/14714826367,https://farm8.staticflickr.com/3912/14714826367_0f9361e8ed_o.jpg,https://open-images-dataset.s3.amazonaws.com/test/a43934f16b2db997.jpg,Shakib Saifi,https://creativecommons.org/licenses/by/2.0/,https://creativecommons.org/licenses/by/2.0/,oi-a43934f16b2db997,Codex visual inspection: one identifiable physical target within confirmed definition,5c035ca9ababa955,1024,569,2026-10-07T18:13:09+08:00,Open Images V7 public test image / V5 human boxable labels; one non-depicted box >=25% image area
oi-1735d6aa0d62cb00,data/raw/openimages/keyboard/oi-1735d6aa0d62cb00.jpg,a1045bedc599d03e593d1130d79a96777fe57b2dc12daab763301a31c9e4fb1e,5,,,open-images-official,,train,approved,campus-public-expanded-v1,open_images,1735d6aa0d62cb00,https://www.flickr.com/photos/eliazar/3037733438,https://farm1.staticflickr.com/3058/3037733438_66d313769e_o.jpg,https://open-images-dataset.s3.amazonaws.com/validation/1735d6aa0d62cb00.jpg,Eliazar Parra Cardenas,https://creativecommons.org/licenses/by/2.0/,https://creativecommons.org/licenses/by/2.0/,oi-1735d6aa0d62cb00,Codex visual inspection: one identifiable physical target within confirmed definition,a1a185e4fffa0a0b,1024,768,2026-10-07T17:49:41+08:00,Open Images V7 public validation image / V5 human boxable labels
oi-4ee30f20fd17e8da,data/raw/openimages/keyboard/oi-4ee30f20fd17e8da.jpg,6b52f62880b8c3b8656def1d2545e6ee5a2bb08b0b0086545438c325f71afcfc,5,,,open-images-official,,train,approved,campus-public-expanded-v1,open_images,4ee30f20fd17e8da,https://www.flickr.com/photos/dakiny/4353300563,https://c3.staticflickr.com/5/4026/4353300563_0a9173323e_o.jpg,https://open-images-dataset.s3.amazonaws.com/test/4ee30f20fd17e8da.jpg,Toshihiro Gamo,https://creativecommons.org/licenses/by/2.0/,https://creativecommons.org/licenses/by/2.0/,oi-4ee30f20fd17e8da,Codex visual inspection: one identifiable physical target within confirmed definition,c8634d536d2986f5,1024,768,2026-10-07T18:04:39+08:00,Open Images V7 public test image / V5 human boxable labels; one non-depicted box >=25% image area
commons-137754357,data/raw/commons/keyboard/commons-137754357.jpg,df1a8f1d7b5ffe2f5921a3d6d840077b7db5fce730c64b4ed37aa60bbac37b08,5,,,commons-api,,train,approved,campus-public-expanded-v1,wikimedia_commons,137754357,https://commons.wikimedia.org/wiki/File:Csamodelflabsf77.jpg,https://upload.wikimedia.org/wikipedia/commons/6/6d/Csamodelflabsf77.jpg?utm_source=commons.wikimedia.org&utm_campaign=imageinfo&utm_content=original,https://thumb.wikimedia.org/wikipedia/commons/thumb/6/6d/Csamodelflabsf77.jpg/1280px-Csamodelflabsf77.jpg?utm_source=commons.wikimedia.org&utm_campaign=imageinfo&utm_content=thumbnail,Bouviera87,CC BY-SA 4.0,https://creativecommons.org/licenses/by-sa/4.0,commons-137754357,Codex visual review of contact sheet: one identifiable target within frozen category definition,63170cf3184cf6e3,1280,853,2026-10-07T17:07:13+08:00,Early collection; original source revision not retained; local downloaded rendition SHA-256=df1a8f1d7b5ffe2f5921a3d6d840077b7db5fce730c64b4ed37aa60bbac37b08; download time recovered from original local file mtime
commons-121252336,data/raw/commons/keyboard/commons-121252336.jpg,9a705ea4e722489e324acece1a271f38bf92e0166ef2ca35e8a75c7bd447e1df,5,,,commons-api,,train,approved,campus-public-expanded-v1,wikimedia_commons,121252336,https://commons.wikimedia.org/wiki/File:Mars_Gaming_MK6_gaming_keyboard_(49426225481).jpg,https://upload.wikimedia.org/wikipedia/commons/1/1c/Mars_Gaming_MK6_gaming_keyboard_%2849426225481%29.jpg?utm_source=commons.wikimedia.org&utm_campaign=imageinfo&utm_content=original,https://thumb.wikimedia.org/wikipedia/commons/thumb/1/1c/Mars_Gaming_MK6_gaming_keyboard_%2849426225481%29.jpg/960px-Mars_Gaming_MK6_gaming_keyboard_%2849426225481%29.jpg?utm_source=commons.wikimedia.org&utm_campaign=imageinfo&utm_content=thumbnail,Jorge Franganillo,CC BY 2.0,https://creativecommons.org/licenses/by/2.0,commons-121252336,Codex visual inspection: independent external computer keyboard is principal,93893d2b2d296e2d,960,576,2026-10-07T19:25:18+08:00,Commons file timestamp=2022-07-30T06:14:25Z; source sha1=be07f790fbdcf6640a04e466eb2975e72a3fee51; requested thumbnail=960px
commons-121252340,data/raw/commons/keyboard/commons-121252340.jpg,a9634f4c8ff9c1138720cb74d8b7fc9ba083daa8ef4cbf551027b61592bc9170,5,,,commons-api,,train,approved,campus-public-expanded-v1,wikimedia_commons,121252340,https://commons.wikimedia.org/wiki/File:Mars_Gaming_MK6_gaming_keyboard_(49426451032).jpg,https://upload.wikimedia.org/wikipedia/commons/2/21/Mars_Gaming_MK6_gaming_keyboard_%2849426451032%29.jpg?utm_source=commons.wikimedia.org&utm_campaign=imageinfo&utm_content=original,https://thumb.wikimedia.org/wikipedia/commons/thumb/2/21/Mars_Gaming_MK6_gaming_keyboard_%2849426451032%29.jpg/960px-Mars_Gaming_MK6_gaming_keyboard_%2849426451032%29.jpg?utm_source=commons.wikimedia.org&utm_campaign=imageinfo&utm_content=thumbnail,Jorge Franganillo,CC BY 2.0,https://creativecommons.org/licenses/by/2.0,commons-121252336,Codex visual inspection: independent external computer keyboard is principal,7421ee01de01dafd,960,540,2026-10-07T19:25:54+08:00,Commons file timestamp=2022-07-30T06:14:41Z; source sha1=8cc1273bfd6efa1404e9d1ed4880b1b3816680a3; requested thumbnail=960px
oi-defb4911c2df3880,data/raw/openimages/keyboard/oi-defb4911c2df3880.jpg,57ec9ee9ca0e2ed18eb542439e0b14a969e03f14157b4ec8853a84a303c574b0,5,,,open-images-official,,train,approved,campus-public-expanded-v1,open_images,defb4911c2df3880,https://www.flickr.com/photos/mskogly/151147943,https://farm1.staticflickr.com/56/151147943_cfbdddfa4a_o.jpg,https://open-images-dataset.s3.amazonaws.com/validation/defb4911c2df3880.jpg,Morten Skogly,https://creativecommons.org/licenses/by/2.0/,https://creativecommons.org/licenses/by/2.0/,oi-defb4911c2df3880,Codex visual inspection: one identifiable physical target within confirmed definition,f6a32303138393fb,1024,768,2026-10-07T17:53:34+08:00,Open Images V7 public validation image / V5 human boxable labels
commons-17078836,data/raw/commons/keyboard/commons-17078836.jpg,71b107dfe23f2379c48b9dc9f522b8dadf35e421e3ab01a74e108d20f57b8f86,5,,,commons-api,,train,approved,campus-public-expanded-v1,wikimedia_commons,17078836,https://commons.wikimedia.org/wiki/File:Luva1.jpg,https://upload.wikimedia.org/wikipedia/commons/6/6f/Luva1.jpg?utm_source=commons.wikimedia.org&utm_campaign=imageinfo&utm_content=original,https://thumb.wikimedia.org/wikipedia/commons/thumb/6/6f/Luva1.jpg/960px-Luva1.jpg?utm_source=commons.wikimedia.org&utm_campaign=imageinfo&utm_content=thumbnail,Andrevruas,CC BY-SA 3.0,https://creativecommons.org/licenses/by-sa/3.0,commons-15247999,Codex visual inspection: independent external computer keyboard is principal,c783976369969345,960,792,2026-10-07T19:25:08+08:00,Commons file timestamp=2011-10-22T23:36:12Z; source sha1=6ae898472c658d019ab977bbd9f7863386dcdea9; requested thumbnail=960px
commons-112602361,data/raw/commons/keyboard/commons-112602361.jpg,83257315a49a9d607e227159300d5e0edc3bc538792b893d40483fbe1acafa48,5,,,commons-api,,train,approved,campus-public-expanded-v1,wikimedia_commons,112602361,https://commons.wikimedia.org/wiki/File:Fingerworks_Touchstream_Keyboard.jpg,https://upload.wikimedia.org/wikipedia/commons/6/64/Fingerworks_Touchstream_Keyboard.jpg?utm_source=commons.wikimedia.org&utm_campaign=imageinfo&utm_content=original,https://thumb.wikimedia.org/wikipedia/commons/thumb/6/64/Fingerworks_Touchstream_Keyboard.jpg/1280px-Fingerworks_Touchstream_Keyboard.jpg?utm_source=commons.wikimedia.org&utm_campaign=imageinfo&utm_content=thumbnail,Cirrusskian,CC BY-SA 4.0,https://creativecommons.org/licenses/by-sa/4.0,commons-112602361,Codex visual review of contact sheet: one identifiable target within frozen category definition,6e16786fb0032779,1280,960,2026-10-07T17:15:25+08:00,Early collection; original source revision not retained; local downloaded rendition SHA-256=83257315a49a9d607e227159300d5e0edc3bc538792b893d40483fbe1acafa48; download time recovered from original local file mtime
commons-112602362,data/raw/commons/keyboard/commons-112602362.jpg,be3645f2348af1831828f683f0a7ade5eff503348ab482a98fa6fe8bb0e146a6,5,,,commons-api,,train,approved,campus-public-expanded-v1,wikimedia_commons,112602362,https://commons.wikimedia.org/wiki/File:Fingerworks_Touchstream_Keyboard_(landscape).jpg,https://upload.wikimedia.org/wikipedia/commons/8/81/Fingerworks_Touchstream_Keyboard_%28landscape%29.jpg?utm_source=commons.wikimedia.org&utm_campaign=imageinfo&utm_content=original,https://thumb.wikimedia.org/wikipedia/commons/thumb/8/81/Fingerworks_Touchstream_Keyboard_%28landscape%29.jpg/1280px-Fingerworks_Touchstream_Keyboard_%28landscape%29.jpg?utm_source=commons.wikimedia.org&utm_campaign=imageinfo&utm_content=thumbnail,Cirrusskian,CC BY-SA 4.0,https://creativecommons.org/licenses/by-sa/4.0,commons-112602361,Codex visual review of contact sheet: one identifiable target within frozen category definition,b8d3150fe0d14c7d,1280,1707,2026-10-07T17:15:28+08:00,Early collection; original source revision not retained; local downloaded rendition SHA-256=be3645f2348af1831828f683f0a7ade5eff503348ab482a98fa6fe8bb0e146a6; download time recovered from original local file mtime
oi-d7bdde0ccf91fef5,data/raw/openimages/keyboard/oi-d7bdde0ccf91fef5.jpg,e104ceda652fbdfa527ed085ed830628b56b9e2f9a98ada37444de194598c069,5,,,open-images-official,,train,approved,campus-public-expanded-v1,open_images,d7bdde0ccf91fef5,https://www.flickr.com/photos/mujitra/5400238727,https://farm6.staticflickr.com/5220/5400238727_817c22f683_o.jpg,https://open-images-dataset.s3.amazonaws.com/test/d7bdde0ccf91fef5.jpg,MIKI Yoshihito,https://creativecommons.org/licenses/by/2.0/,https://creativecommons.org/licenses/by/2.0/,oi-d7bdde0ccf91fef5,Codex visual inspection: one identifiable physical target within confirmed definition,39a3c4c6d0292b7f,1024,768,2026-10-07T18:14:31+08:00,Open Images V7 public test image / V5 human boxable labels; one non-depicted box >=25% image area
commons-109924099,data/raw/commons/keyboard/commons-109924099.jpg,d05ce52047b811787285a10c8147a97bf1f3f59638d37bfe867f20321644450c,5,,,commons-api,,train,approved,campus-public-expanded-v1,wikimedia_commons,109924099,https://commons.wikimedia.org/wiki/File:Albert_computer_keyboard_front.JPG,https://upload.wikimedia.org/wikipedia/commons/5/53/Albert_computer_keyboard_front.JPG?utm_source=commons.wikimedia.org&utm_campaign=imageinfo&utm_content=original,https://thumb.wikimedia.org/wikipedia/commons/thumb/5/53/Albert_computer_keyboard_front.JPG/1280px-Albert_computer_keyboard_front.JPG?utm_source=commons.wikimedia.org&utm_campaign=imageinfo&utm_content=thumbnail,Snuci,Public domain,,commons-109924099,Codex visual review of contact sheet: one identifiable target within frozen category definition,4983c33c3cc3e33d,1280,853,2026-10-07T17:00:14+08:00,Early collection; original source revision not retained; local downloaded rendition SHA-256=d05ce52047b811787285a10c8147a97bf1f3f59638d37bfe867f20321644450c; download time recovered from original local file mtime
oi-20d72fbd291c1f84,data/raw/openimages/keyboard/oi-20d72fbd291c1f84.jpg,fa99fbd24d53f45faa53ce92e5ef2c9298dc78dc3c1b6502f7b55316ba0c0760,5,,,open-images-official,,train,approved,campus-public-expanded-v1,open_images,20d72fbd291c1f84,https://www.flickr.com/photos/rocketboom/4442467842,https://farm5.staticflickr.com/4068/4442467842_f919db4ce6_o.jpg,https://open-images-dataset.s3.amazonaws.com/validation/20d72fbd291c1f84.jpg,Parker Knight,https://creativecommons.org/licenses/by/2.0/,https://creativecommons.org/licenses/by/2.0/,oi-20d72fbd291c1f84,Codex visual inspection: one identifiable physical target within confirmed definition,af2fe9a1810151fd,683,1024,2026-10-07T17:46:06+08:00,Open Images V7 public validation image / V5 human boxable labels
commons-115244184,data/raw/commons/keyboard/commons-115244184.jpg,e765e9c0894625abf94f804b945876847206c8cdd8bc7592a3747b0a6863d899,5,,,commons-api,,train,approved,campus-public-expanded-v1,wikimedia_commons,115244184,https://commons.wikimedia.org/wiki/File:Gen2-AT-Front.JPG,https://upload.wikimedia.org/wikipedia/commons/4/48/Gen2-AT-Front.JPG?utm_source=commons.wikimedia.org&utm_campaign=imageinfo&utm_content=original,https://thumb.wikimedia.org/wikipedia/commons/thumb/4/48/Gen2-AT-Front.JPG/960px-Gen2-AT-Front.JPG?utm_source=commons.wikimedia.org&utm_campaign=imageinfo&utm_content=thumbnail,Engicoder,Public domain,,commons-115244184,Codex visual inspection: independent external computer keyboard is principal,76830bf8ad7c4a0b,960,638,2026-10-07T19:20:15+08:00,Commons file timestamp=2022-02-14T05:08:38Z; source sha1=9dffaad38ca3a4f788c873bc24262b317836c013; requested thumbnail=960px
oi-b0a6eb74f9722e8b,data/raw/openimages/keyboard/oi-b0a6eb74f9722e8b.jpg,33eb833c92e2ace580e02c4ae59eeabcee210b648b6d52d950e0b0e41c2e10b5,5,,,open-images-official,,train,approved,campus-public-expanded-v1,open_images,b0a6eb74f9722e8b,https://www.flickr.com/photos/slushpup/278309162,https://c4.staticflickr.com/1/112/278309162_dfac59dca3_o.jpg,https://open-images-dataset.s3.amazonaws.com/validation/b0a6eb74f9722e8b.jpg,Dani Lurie,https://creativecommons.org/licenses/by/2.0/,https://creativecommons.org/licenses/by/2.0/,oi-b0a6eb74f9722e8b,Codex visual inspection: one identifiable physical target within confirmed definition,340f642bcccfb133,1024,769,2026-10-07T17:51:54+08:00,Open Images V7 public validation image / V5 human boxable labels
commons-165612586,data/raw/commons/keyboard/commons-165612586.png,3b12e3bc891f4b296ddb19da8e4f9e04114388924cbaa4d0a6a469f0f917aa6e,5,,,commons-api,,train,approved,campus-public-expanded-v1,wikimedia_commons,165612586,https://commons.wikimedia.org/wiki/File:LFG-Con_20250517_HOF1152_RAW-Export.png,https://upload.wikimedia.org/wikipedia/commons/f/fe/LFG-Con_20250517_HOF1152_RAW-Export.png?utm_source=commons.wikimedia.org&utm_campaign=imageinfo&utm_content=original,https://thumb.wikimedia.org/wikipedia/commons/thumb/f/fe/LFG-Con_20250517_HOF1152_RAW-Export.png/960px-LFG-Con_20250517_HOF1152_RAW-Export.png?utm_source=commons.wikimedia.org&utm_campaign=imageinfo&utm_content=thumbnail,PantheraLeo1359531,CC BY 4.0,https://creativecommons.org/licenses/by/4.0,commons-165612586,Codex visual inspection: independent external computer keyboard is principal,21658f2c1853fc9f,960,640,2026-10-07T19:24:42+08:00,Commons file timestamp=2025-05-19T18:03:47Z; source sha1=84e6baf005393355a85876c191c2d2d1296d0cf5; requested thumbnail=960px
oi-134ceb5c6908059c,data/raw/openimages/keyboard/oi-134ceb5c6908059c.jpg,7b689e793af0d248cf306cc255906e0cf2212535fb20bfd1629ac784137a5abf,5,,,open-images-official,,train,approved,campus-public-expanded-v1,open_images,134ceb5c6908059c,https://www.flickr.com/photos/candy-s/6963170857,https://c5.staticflickr.com/8/7200/6963170857_50c284e3c5_o.jpg,https://open-images-dataset.s3.amazonaws.com/test/134ceb5c6908059c.jpg,candyschwartz,https://creativecommons.org/licenses/by/2.0/,https://creativecommons.org/licenses/by/2.0/,oi-134ceb5c6908059c,Codex visual inspection: one identifiable physical target within confirmed definition,812f30173c0b1dff,1024,442,2026-10-07T18:05:28+08:00,Open Images V7 public test image / V5 human boxable labels; one non-depicted box >=25% image area
commons-115239066,data/raw/commons/keyboard/commons-115239066.jpg,5cf7353befb6858a3daa73273d567335cc0d69a5b0b1bb3a2840b28ccd73b99c,5,,,commons-api,,train,approved,campus-public-expanded-v1,wikimedia_commons,115239066,https://commons.wikimedia.org/wiki/File:OK_keyboard_OK101_USSR.jpg,https://upload.wikimedia.org/wikipedia/commons/6/60/OK_keyboard_OK101_USSR.jpg?utm_source=commons.wikimedia.org&utm_campaign=imageinfo&utm_content=original,https://thumb.wikimedia.org/wikipedia/commons/thumb/6/60/OK_keyboard_OK101_USSR.jpg/960px-OK_keyboard_OK101_USSR.jpg?utm_source=commons.wikimedia.org&utm_campaign=imageinfo&utm_content=thumbnail,loldier,CC BY-SA 4.0,https://creativecommons.org/licenses/by-sa/4.0,commons-115239066,Codex visual inspection: independent external computer keyboard is principal,7e61df1aa3480ba3,960,720,2026-10-07T19:26:59+08:00,Commons file timestamp=2022-02-13T22:45:32Z; source sha1=f2c0976db5fd0706ebd7918135b9611318f3131e; requested thumbnail=960px
commons-115239070,data/raw/commons/keyboard/commons-115239070.jpg,70f6db78f6edf253e5f7fca65f142e8b76a7973018b8b8a7a4fba0fc713425d9,5,,,commons-api,,train,approved,campus-public-expanded-v1,wikimedia_commons,115239070,https://commons.wikimedia.org/wiki/File:OK-Keyboard_OK-101_USSR_Cyrillic_1998_closeup.jpg,https://upload.wikimedia.org/wikipedia/commons/9/98/OK-Keyboard_OK-101_USSR_Cyrillic_1998_closeup.jpg?utm_source=commons.wikimedia.org&utm_campaign=imageinfo&utm_content=original,https://thumb.wikimedia.org/wikipedia/commons/thumb/9/98/OK-Keyboard_OK-101_USSR_Cyrillic_1998_closeup.jpg/960px-OK-Keyboard_OK-101_USSR_Cyrillic_1998_closeup.jpg?utm_source=commons.wikimedia.org&utm_campaign=imageinfo&utm_content=thumbnail,loldier,CC BY-SA 4.0,https://creativecommons.org/licenses/by-sa/4.0,commons-115239066,Codex visual inspection: independent external computer keyboard is principal,26c6599e5856f42b,960,720,2026-10-07T19:27:06+08:00,Commons file timestamp=2022-02-13T22:45:42Z; source sha1=50c4ce5cde222b337fc6e6ed35a6425b24da7131; requested thumbnail=960px
commons-49450289,data/raw/commons/keyboard/commons-49450289.jpg,2fe757f55c36d20ba85c7ff6c885a3cb2a96b65dbb075ed84613d7ad1f9b4d48,5,,,commons-api,,train,approved,campus-public-expanded-v1,wikimedia_commons,49450289,https://commons.wikimedia.org/wiki/File:Flexowriter_2201_keyboard.jpg,https://upload.wikimedia.org/wikipedia/commons/3/33/Flexowriter_2201_keyboard.jpg?utm_source=commons.wikimedia.org&utm_campaign=imageinfo&utm_content=original,https://thumb.wikimedia.org/wikipedia/commons/thumb/3/33/Flexowriter_2201_keyboard.jpg/1280px-Flexowriter_2201_keyboard.jpg?utm_source=commons.wikimedia.org&utm_campaign=imageinfo&utm_content=thumbnail,Douglas W. Jones,CC0,http://creativecommons.org/publicdomain/zero/1.0/deed.en,commons-49450289,Codex visual review of contact sheet: one identifiable target within frozen category definition,a98bd32e545eaca1,1280,427,2026-10-07T17:13:10+08:00,Early collection; original source revision not retained; local downloaded rendition SHA-256=2fe757f55c36d20ba85c7ff6c885a3cb2a96b65dbb075ed84613d7ad1f9b4d48; download time recovered from original local file mtime
commons-115238953,data/raw/commons/keyboard/commons-115238953.jpg,a59068090df1b6b9e7c14e9dcbb88b39387108a70cbc1361b1543d9d59b4b971,5,,,commons-api,,train,approved,campus-public-expanded-v1,wikimedia_commons,115238953,https://commons.wikimedia.org/wiki/File:Canadian_French.jpg,https://upload.wikimedia.org/wikipedia/commons/8/88/Canadian_French.jpg?utm_source=commons.wikimedia.org&utm_campaign=imageinfo&utm_content=original,https://thumb.wikimedia.org/wikipedia/commons/thumb/8/88/Canadian_French.jpg/1280px-Canadian_French.jpg?utm_source=commons.wikimedia.org&utm_campaign=imageinfo&utm_content=thumbnail,Darkshado,CC BY-SA 4.0,https://creativecommons.org/licenses/by-sa/4.0,commons-115238953,Codex visual review of contact sheet: one identifiable target within frozen category definition,9c6cf7a3690909e3,1280,528,2026-10-07T17:02:45+08:00,Early collection; original source revision not retained; local downloaded rendition SHA-256=a59068090df1b6b9e7c14e9dcbb88b39387108a70cbc1361b1543d9d59b4b971; download time recovered from original local file mtime
commons-115238984,data/raw/commons/keyboard/commons-115238984.jpg,b9b416f08360e3fd7d7925076c663e3ae4123f8ca0c7867f217e212d476d3917,5,,,commons-api,,train,approved,campus-public-expanded-v1,wikimedia_commons,115238984,https://commons.wikimedia.org/wiki/File:Disassembled_Quickfire_XT.jpg,https://upload.wikimedia.org/wikipedia/commons/2/2a/Disassembled_Quickfire_XT.jpg?utm_source=commons.wikimedia.org&utm_campaign=imageinfo&utm_content=original,https://thumb.wikimedia.org/wikipedia/commons/thumb/2/2a/Disassembled_Quickfire_XT.jpg/1280px-Disassembled_Quickfire_XT.jpg?utm_source=commons.wikimedia.org&utm_campaign=imageinfo&utm_content=thumbnail,IreuN,CC BY-SA 4.0,https://creativecommons.org/licenses/by-sa/4.0,commons-115238984,Codex visual review of contact sheet: one identifiable target within frozen category definition,622be19984dd1f95,1280,440,2026-10-07T17:10:40+08:00,Early collection; original source revision not retained; local downloaded rendition SHA-256=b9b416f08360e3fd7d7925076c663e3ae4123f8ca0c7867f217e212d476d3917; download time recovered from original local file mtime
oi-c9624f343f44f25c,data/raw/openimages/keyboard/oi-c9624f343f44f25c.jpg,8afd28985fc0032b54659fda1744fc56d02d392dd7d2fe83703fd364b30cf034,5,,,open-images-official,,train,approved,campus-public-expanded-v1,open_images,c9624f343f44f25c,https://www.flickr.com/photos/126080240@N07/14725233489,https://c5.staticflickr.com/4/3920/14725233489_e583d6eeea_o.jpg,https://open-images-dataset.s3.amazonaws.com/test/c9624f343f44f25c.jpg,Sid Maharaj,https://creativecommons.org/licenses/by/2.0/,https://creativecommons.org/licenses/by/2.0/,oi-c9624f343f44f25c,Codex visual inspection: one identifiable physical target within confirmed definition,ea81aa29a249f1fd,1024,438,2026-10-07T18:05:14+08:00,Open Images V7 public test image / V5 human boxable labels; one non-depicted box >=25% image area
oi-a3196fa577444985,data/raw/openimages/keyboard/oi-a3196fa577444985.jpg,0b4ed42fbdcea124f8148f5a86a172f99ed5f159b1b3a8b1fe4811d38dd006f7,5,,,open-images-official,,train,approved,campus-public-expanded-v1,open_images,a3196fa577444985,https://www.flickr.com/photos/norasun/26478862,https://farm6.staticflickr.com/22/26478862_f8bc23642b_o.jpg,https://open-images-dataset.s3.amazonaws.com/validation/a3196fa577444985.jpg,yang zhao,https://creativecommons.org/licenses/by/2.0/,https://creativecommons.org/licenses/by/2.0/,oi-a3196fa577444985,Codex visual inspection: one identifiable physical target within confirmed definition,d3215c936ca3837d,1024,422,2026-10-07T17:52:39+08:00,Open Images V7 public validation image / V5 human boxable labels
oi-d8f1783c5e99de8e,data/raw/openimages/keyboard/oi-d8f1783c5e99de8e.jpg,52999a3e5bdddf4266aba65094f36e628d1934d162969a8fe7326d1771c44a9e,5,,,open-images-official,,train,approved,campus-public-expanded-v1,open_images,d8f1783c5e99de8e,https://www.flickr.com/photos/31297289@N02/2956876349,https://c7.staticflickr.com/4/3283/2956876349_ce379a631d_o.jpg,https://open-images-dataset.s3.amazonaws.com/test/d8f1783c5e99de8e.jpg,rodolfo_isaias,https://creativecommons.org/licenses/by/2.0/,https://creativecommons.org/licenses/by/2.0/,oi-d8f1783c5e99de8e,Codex visual inspection: one identifiable physical target within confirmed definition,fd431711ec0ee0ab,1024,768,2026-10-07T18:08:16+08:00,Open Images V7 public test image / V5 human boxable labels; one non-depicted box >=25% image area
oi-e918ca45aa73171c,data/raw/openimages/keyboard/oi-e918ca45aa73171c.jpg,b4c8ba1139cad46e0354d19e488b6f80b8835bb03e7e0107c289744a4377526f,5,,,open-images-official,,train,approved,campus-public-expanded-v1,open_images,e918ca45aa73171c,https://www.flickr.com/photos/joeshlabotnik/443477863,https://c5.staticflickr.com/1/210/443477863_3812f3e4ab_o.jpg,https://open-images-dataset.s3.amazonaws.com/validation/e918ca45aa73171c.jpg,Joe Shlabotnik,https://creativecommons.org/licenses/by/2.0/,https://creativecommons.org/licenses/by/2.0/,oi-e918ca45aa73171c,Codex visual inspection: one identifiable physical target within confirmed definition,30ec34eced30ed31,1024,771,2026-10-07T17:44:18+08:00,Open Images V7 public validation image / V5 human boxable labels
commons-113434680,data/raw/commons/keyboard/commons-113434680.jpg,0e19dc59df63a8d885626cfcc4dcae94c8ad7229f4da8039dd12aaa7c1015b0f,5,,,commons-api,,train,approved,campus-public-expanded-v1,wikimedia_commons,113434680,https://commons.wikimedia.org/wiki/File:Mekanikklavyevebilekdestegi.jpg,https://upload.wikimedia.org/wikipedia/commons/7/71/Mekanikklavyevebilekdestegi.jpg?utm_source=commons.wikimedia.org&utm_campaign=imageinfo&utm_content=original,https://thumb.wikimedia.org/wikipedia/commons/thumb/7/71/Mekanikklavyevebilekdestegi.jpg/960px-Mekanikklavyevebilekdestegi.jpg?utm_source=commons.wikimedia.org&utm_campaign=imageinfo&utm_content=thumbnail,Rationalkeys,CC BY-SA 4.0,https://creativecommons.org/licenses/by-sa/4.0,commons-113434680,Codex visual inspection: independent external computer keyboard is principal,5afcd4ba5000abd7,960,720,2026-10-07T19:25:43+08:00,Commons file timestamp=2021-12-17T13:44:38Z; source sha1=cd404533ad9f989fd7eaef2d3d8dbf1a9826c79d; requested thumbnail=960px
commons-75817320,data/raw/commons/keyboard/commons-75817320.jpeg,4f496bcbe47b4157a78d807942b4dc5d3e3f7a610e3ce10456ed5ee4a774ebe2,5,,,commons-api,,train,approved,campus-public-expanded-v1,wikimedia_commons,75817320,https://commons.wikimedia.org/wiki/File:Firsty_(256402149).jpeg,https://upload.wikimedia.org/wikipedia/commons/7/71/Firsty_%28256402149%29.jpeg?utm_source=commons.wikimedia.org&utm_campaign=imageinfo&utm_content=original,https://thumb.wikimedia.org/wikipedia/commons/thumb/7/71/Firsty_%28256402149%29.jpeg/1280px-Firsty_%28256402149%29.jpeg?utm_source=commons.wikimedia.org&utm_campaign=imageinfo&utm_content=thumbnail,Weston Woodbury,CC BY 3.0,https://creativecommons.org/licenses/by/3.0,commons-75817320,Codex visual review of contact sheet: one identifiable target within frozen category definition,fb49e379c3438183,1280,545,2026-10-07T17:15:18+08:00,Early collection; original source revision not retained; local downloaded rendition SHA-256=4f496bcbe47b4157a78d807942b4dc5d3e3f7a610e3ce10456ed5ee4a774ebe2; download time recovered from original local file mtime
oi-53bb6b5aa8f33d1a,data/raw/openimages/keyboard/oi-53bb6b5aa8f33d1a.jpg,f210c24452a4e15272ba475a2a59a56c332832120dc1bf8ca8ab3b98d28163cc,5,,,open-images-official,,train,approved,campus-public-expanded-v1,open_images,53bb6b5aa8f33d1a,https://www.flickr.com/photos/mrbill/5180814366,https://c3.staticflickr.com/2/1379/5180814366_fb6764aaa0_o.jpg,https://open-images-dataset.s3.amazonaws.com/test/53bb6b5aa8f33d1a.jpg,Bill Bradford,https://creativecommons.org/licenses/by/2.0/,https://creativecommons.org/licenses/by/2.0/,oi-53bb6b5aa8f33d1a,Codex visual inspection: one identifiable physical target within confirmed definition,a3a1a121a3abb775,1024,291,2026-10-07T18:13:13+08:00,Open Images V7 public test image / V5 human boxable labels; one non-depicted box >=25% image area
oi-acb9019c9ae6c5ea,data/raw/openimages/keyboard/oi-acb9019c9ae6c5ea.jpg,bce315a6b9584de3f685b496f1a3286323ba32834bad45d3b0632817264da326,5,,,open-images-official,,train,approved,campus-public-expanded-v1,open_images,acb9019c9ae6c5ea,https://www.flickr.com/photos/126089327@N04/14714880858,https://c3.staticflickr.com/4/3838/14714880858_7581106344_o.jpg,https://open-images-dataset.s3.amazonaws.com/test/acb9019c9ae6c5ea.jpg,osman gucel,https://creativecommons.org/licenses/by/2.0/,https://creativecommons.org/licenses/by/2.0/,oi-acb9019c9ae6c5ea,Codex visual inspection: one identifiable physical target within confirmed definition,87c5321b47b1e857,1024,610,2026-10-07T18:08:35+08:00,Open Images V7 public test image / V5 human boxable labels; one non-depicted box >=25% image area
commons-157081872,data/raw/commons/keyboard/commons-157081872.jpg,5882024b75e4edffcf737de93578ff33ace50206b6c0a5de4f7257db42fa5c69,5,,,commons-api,,train,approved,campus-public-expanded-v1,wikimedia_commons,157081872,https://commons.wikimedia.org/wiki/File:DG_%E6%9D%B1%E8%8E%9E_DongGuan_%E5%8D%97%E5%9F%8E%E5%8D%80_Nancheng_%E9%B4%BB%E7%A6%8F%E8%B7%AF_HongFu_Road_%E6%9D%B1%E8%8E%9E%E4%BA%AC%E6%9D%B1%E5%95%86%E5%A0%B4_JD_Shopping_Mall_Electronics_Showroom_December_2024_R12S_27_Keyboards.jpg,https://upload.wikimedia.org/wikipedia/commons/e/ef/DG_%E6%9D%B1%E8%8E%9E_DongGuan_%E5%8D%97%E5%9F%8E%E5%8D%80_Nancheng_%E9%B4%BB%E7%A6%8F%E8%B7%AF_HongFu_Road_%E6%9D%B1%E8%8E%9E%E4%BA%AC%E6%9D%B1%E5%95%86%E5%A0%B4_JD_Shopping_Mall_Electronics_Showroom_December_2024_R12S_27_Keyboards.jpg?utm_source=commons.wikimedia.org&utm_campaign=imageinfo&utm_content=original,https://thumb.wikimedia.org/wikipedia/commons/thumb/e/ef/DG_%E6%9D%B1%E8%8E%9E_DongGuan_%E5%8D%97%E5%9F%8E%E5%8D%80_Nancheng_%E9%B4%BB%E7%A6%8F%E8%B7%AF_HongFu_Road_%E6%9D%B1%E8%8E%9E%E4%BA%AC%E6%9D%B1%E5%95%86%E5%A0%B4_JD_Shopping_Mall_Electronics_Showroom_December_2024_R12S_27_Keyboards.jpg/1280px-DG_%E6%9D%B1%E8%8E%9E_DongGuan_%E5%8D%97%E5%9F%8E%E5%8D%80_Nancheng_%E9%B4%BB%E7%A6%8F%E8%B7%AF_HongFu_Road_%E6%9D%B1%E8%8E%9E%E4%BA%AC%E6%9D%B1%E5%95%86%E5%A0%B4_JD_Shopping_Mall_Electronics_Showroom_December_2024_R12S_27_Keyboards.jpg?utm_source=commons.wikimedia.org&utm_campaign=imageinfo&utm_content=thumbnail,NAS 238 WMMNO,CC0,http://creativecommons.org/publicdomain/zero/1.0/deed.en,commons-157081872,Codex visual review of contact sheet: one identifiable target within frozen category definition,f6ec4bb90648fa05,1280,960,2026-10-07T17:12:58+08:00,Early collection; original source revision not retained; local downloaded rendition SHA-256=5882024b75e4edffcf737de93578ff33ace50206b6c0a5de4f7257db42fa5c69; download time recovered from original local file mtime
commons-112822003,data/raw/commons/keyboard/commons-112822003.jpg,857a49e4145b7f8a2acc3b802ea9fecd13422cdd1f9e0c95056fb5fe3293c5de,5,,,commons-api,,train,approved,campus-public-expanded-v1,wikimedia_commons,112822003,"https://commons.wikimedia.org/wiki/File:Kleurrijke_klavier,_Rotterdam-Centrum,_Rotterdam_(2021)_01.jpg",https://upload.wikimedia.org/wikipedia/commons/f/fb/Kleurrijke_klavier%2C_Rotterdam-Centrum%2C_Rotterdam_%282021%29_01.jpg?utm_source=commons.wikimedia.org&utm_campaign=imageinfo&utm_content=original,https://thumb.wikimedia.org/wikipedia/commons/thumb/f/fb/Kleurrijke_klavier%2C_Rotterdam-Centrum%2C_Rotterdam_%282021%29_01.jpg/960px-Kleurrijke_klavier%2C_Rotterdam-Centrum%2C_Rotterdam_%282021%29_01.jpg?utm_source=commons.wikimedia.org&utm_campaign=imageinfo&utm_content=thumbnail,"Donald Trung Quoc Don (Chữ Hán: 徵國單) - Wikimedia Commons - © CC BY-SA 4.0 International.(Want to use this image?)Original publication 📤: --Donald Trung 『徵國單』 (No Fake News 💬) (WikiProject Numismatics 💴) (Articles 📚) 23:26, 25 November 2021 (UTC)",CC BY-SA 4.0,https://creativecommons.org/licenses/by-sa/4.0,commons-112822003,Codex visual inspection: independent external computer keyboard is principal,a983941dd7d6ab05,960,540,2026-10-07T19:24:09+08:00,Commons file timestamp=2021-11-25T23:26:56Z; source sha1=0ebb18d6c925bab5933a55151855fbca28ddddc8; requested thumbnail=960px
commons-98675632,data/raw/commons/keyboard/commons-98675632.jpg,7c29b44dc0c7009779f187dd7a07da042418a526b2942c417a3a702ca049cc48,5,,,commons-api,,train,approved,campus-public-expanded-v1,wikimedia_commons,98675632,https://commons.wikimedia.org/wiki/File:98keyboarnormal.jpg,https://upload.wikimedia.org/wikipedia/commons/4/42/98keyboarnormal.jpg?utm_source=commons.wikimedia.org&utm_campaign=imageinfo&utm_content=original,https://thumb.wikimedia.org/wikipedia/commons/thumb/4/42/98keyboarnormal.jpg/1280px-98keyboarnormal.jpg?utm_source=commons.wikimedia.org&utm_campaign=imageinfo&utm_content=thumbnail,Kattin,CC BY-SA 3.0,http://creativecommons.org/licenses/by-sa/3.0/,commons-98675632,Codex visual review of contact sheet: one identifiable target within frozen category definition,6c947383a16b0bf3,1280,549,2026-10-07T17:00:12+08:00,Early collection; original source revision not retained; local downloaded rendition SHA-256=7c29b44dc0c7009779f187dd7a07da042418a526b2942c417a3a702ca049cc48; download time recovered from original local file mtime
commons-115132091,data/raw/commons/keyboard/commons-115132091.jpg,a8545155fbfe5687da0d44289a0be9d387efd6bee411563e32204470665368e2,5,,,commons-api,,train,approved,campus-public-expanded-v1,wikimedia_commons,115132091,https://commons.wikimedia.org/wiki/File:Amtelco_Unified_keyboard_top.jpg,https://upload.wikimedia.org/wikipedia/commons/3/3e/Amtelco_Unified_keyboard_top.jpg?utm_source=commons.wikimedia.org&utm_campaign=imageinfo&utm_content=original,https://thumb.wikimedia.org/wikipedia/commons/thumb/3/3e/Amtelco_Unified_keyboard_top.jpg/1280px-Amtelco_Unified_keyboard_top.jpg?utm_source=commons.wikimedia.org&utm_campaign=imageinfo&utm_content=thumbnail,snuci,Public domain,,commons-115132091,Codex visual review of contact sheet: one identifiable target within frozen category definition,0cb65689f2898d77,1280,853,2026-10-07T17:00:18+08:00,Early collection; original source revision not retained; local downloaded rendition SHA-256=a8545155fbfe5687da0d44289a0be9d387efd6bee411563e32204470665368e2; download time recovered from original local file mtime
commons-91203517,data/raw/commons/keyboard/commons-91203517.jpg,f2d8e6d65c7598380191c948232a270f00b8c884e8466b43c70edd1463912b6d,5,,,commons-api,,train,approved,campus-public-expanded-v1,wikimedia_commons,91203517,https://commons.wikimedia.org/wiki/File:Key_board.jpg,https://upload.wikimedia.org/wikipedia/commons/b/b6/Key_board.jpg?utm_source=commons.wikimedia.org&utm_campaign=imageinfo&utm_content=original,https://thumb.wikimedia.org/wikipedia/commons/thumb/b/b6/Key_board.jpg/960px-Key_board.jpg?utm_source=commons.wikimedia.org&utm_campaign=imageinfo&utm_content=thumbnail,Adbh266,CC BY-SA 4.0,https://creativecommons.org/licenses/by-sa/4.0,commons-91203517,Codex visual inspection: independent external computer keyboard is principal,5daca1812a83dc7f,960,430,2026-10-07T19:23:01+08:00,Commons file timestamp=2025-09-24T03:00:14Z; source sha1=639af0a53cd8eca9fccdd9bd8282d9da02d86e01; requested thumbnail=960px
commons-106072237,data/raw/commons/keyboard/commons-106072237.jpg,dd5602f07050076b269a911403c99cdebc49e1f780f2ae84181eb6d0e71dc309,5,,,commons-api,,train,approved,campus-public-expanded-v1,wikimedia_commons,106072237,https://commons.wikimedia.org/wiki/File:Medical_touch_keyboard.jpg,https://upload.wikimedia.org/wikipedia/commons/6/66/Medical_touch_keyboard.jpg?utm_source=commons.wikimedia.org&utm_campaign=imageinfo&utm_content=original,https://thumb.wikimedia.org/wikipedia/commons/thumb/6/66/Medical_touch_keyboard.jpg/960px-Medical_touch_keyboard.jpg?utm_source=commons.wikimedia.org&utm_campaign=imageinfo&utm_content=thumbnail,Kai Hendry,CC BY 2.0,https://creativecommons.org/licenses/by/2.0,commons-106072237,Codex visual inspection: independent external computer keyboard is principal,27bcb514d212da5b,960,720,2026-10-07T19:25:40+08:00,Commons file timestamp=2021-05-28T23:38:31Z; source sha1=ac32e0db54764c83a26e74ba953c1857090ff096; requested thumbnail=960px
oi-507d5beadbfbb1b4,data/raw/openimages/keyboard/oi-507d5beadbfbb1b4.jpg,4e297ea86735998a065dcca4aa97f52767891a45b79852eb8cb1c65c43c7bffc,5,,,open-images-official,,train,approved,campus-public-expanded-v1,open_images,507d5beadbfbb1b4,https://www.flickr.com/photos/epredator/640012939,https://farm5.staticflickr.com/1103/640012939_7a64321a1e_o.jpg,https://open-images-dataset.s3.amazonaws.com/validation/507d5beadbfbb1b4.jpg,Ian Hughes,https://creativecommons.org/licenses/by/2.0/,https://creativecommons.org/licenses/by/2.0/,oi-507d5beadbfbb1b4,Codex visual inspection: one identifiable physical target within confirmed definition,fcb0f4c8dce30233,1024,768,2026-10-07T17:52:03+08:00,Open Images V7 public validation image / V5 human boxable labels
commons-119289938,data/raw/commons/keyboard/commons-119289938.jpg,a190d4a4488de234d0acc0430f64262bb87621437de9e64196de36da4a297453,5,,,commons-api,,train,approved,campus-public-expanded-v1,wikimedia_commons,119289938,https://commons.wikimedia.org/wiki/File:Beautiful_Mechanical_Keyboard.jpg,https://upload.wikimedia.org/wikipedia/commons/7/7f/Beautiful_Mechanical_Keyboard.jpg?utm_source=commons.wikimedia.org&utm_campaign=imageinfo&utm_content=original,https://thumb.wikimedia.org/wikipedia/commons/thumb/7/7f/Beautiful_Mechanical_Keyboard.jpg/1280px-Beautiful_Mechanical_Keyboard.jpg?utm_source=commons.wikimedia.org&utm_campaign=imageinfo&utm_content=thumbnail,Anirban Saha,CC BY-SA 4.0,https://creativecommons.org/licenses/by-sa/4.0,commons-119289938,Codex visual review of contact sheet: one identifiable target within frozen category definition,fa16bc81e1f00b1f,1280,960,2026-10-07T17:02:50+08:00,Early collection; original source revision not retained; local downloaded rendition SHA-256=a190d4a4488de234d0acc0430f64262bb87621437de9e64196de36da4a297453; download time recovered from original local file mtime
commons-86116536,data/raw/commons/keyboard/commons-86116536.jpg,69f0e4a1c6c1e9f5e946db57a55b0fc9095d71fc5e0a958bb7b6051501e766dd,5,,,commons-api,,train,approved,campus-public-expanded-v1,wikimedia_commons,86116536,https://commons.wikimedia.org/wiki/File:Atreus_42_(OEM_keycaps).jpg,https://upload.wikimedia.org/wikipedia/commons/7/7b/Atreus_42_%28OEM_keycaps%29.jpg?utm_source=commons.wikimedia.org&utm_campaign=imageinfo&utm_content=original,https://thumb.wikimedia.org/wikipedia/commons/thumb/7/7b/Atreus_42_%28OEM_keycaps%29.jpg/1280px-Atreus_42_%28OEM_keycaps%29.jpg?utm_source=commons.wikimedia.org&utm_campaign=imageinfo&utm_content=thumbnail,BareSphereMass,CC BY-SA 4.0,https://creativecommons.org/licenses/by-sa/4.0,commons-86116536,Codex visual review of contact sheet: one identifiable target within frozen category definition,5856a90f89fc7683,1280,960,2026-10-07T17:02:38+08:00,Early collection; original source revision not retained; local downloaded rendition SHA-256=69f0e4a1c6c1e9f5e946db57a55b0fc9095d71fc5e0a958bb7b6051501e766dd; download time recovered from original local file mtime
oi-7f29156f43bdfd49,data/raw/openimages/keyboard/oi-7f29156f43bdfd49.jpg,fab3044973100130049b6588f330466dcc32c2f701ea32456c02ba0c195a70fa,5,,,open-images-official,,train,approved,campus-public-expanded-v1,open_images,7f29156f43bdfd49,https://www.flickr.com/photos/vintuitive/14523745715,https://c2.staticflickr.com/4/3909/14523745715_e3a5da24b3_o.jpg,https://open-images-dataset.s3.amazonaws.com/test/7f29156f43bdfd49.jpg,Vincent Brown,https://creativecommons.org/licenses/by/2.0/,https://creativecommons.org/licenses/by/2.0/,oi-7f29156f43bdfd49,Codex visual inspection: one identifiable physical target within confirmed definition,d27cd4ec9a30bd03,1024,640,2026-10-07T18:11:38+08:00,Open Images V7 public test image / V5 human boxable labels; one non-depicted box >=25% image area
commons-115219094,data/raw/commons/keyboard/commons-115219094.jpg,49ff98641f2e8caa509c11676ef0ac2b9e67e0a8b5b21744de26bcc499c46a6c,5,,,commons-api,,train,approved,campus-public-expanded-v1,wikimedia_commons,115219094,https://commons.wikimedia.org/wiki/File:Juki_DATUM_FK_201_-_Front.jpg,https://upload.wikimedia.org/wikipedia/commons/1/15/Juki_DATUM_FK_201_-_Front.jpg?utm_source=commons.wikimedia.org&utm_campaign=imageinfo&utm_content=original,https://thumb.wikimedia.org/wikipedia/commons/thumb/1/15/Juki_DATUM_FK_201_-_Front.jpg/960px-Juki_DATUM_FK_201_-_Front.jpg?utm_source=commons.wikimedia.org&utm_campaign=imageinfo&utm_content=thumbnail,002,Public domain,,commons-115219092,Codex visual inspection: independent external computer keyboard is principal,9683c43d3989c377,960,640,2026-10-07T19:22:51+08:00,Commons file timestamp=2022-02-13T05:43:38Z; source sha1=a81eabfe40ae3f0bebbce6de1fb0adc88e315001; requested thumbnail=960px
commons-91644745,data/raw/commons/keyboard/commons-91644745.jpg,c214d05a60b618ac96df8a92d7c3434ff688ccf1f666a767264de82ac8e8fa05,5,,,commons-api,,train,approved,campus-public-expanded-v1,wikimedia_commons,91644745,https://commons.wikimedia.org/wiki/File:New_Standards_Keyboard_-_Flickr_-_Nico_Kaiser.jpg,https://upload.wikimedia.org/wikipedia/commons/f/f7/New_Standards_Keyboard_-_Flickr_-_Nico_Kaiser.jpg?utm_source=commons.wikimedia.org&utm_campaign=imageinfo&utm_content=original,https://thumb.wikimedia.org/wikipedia/commons/thumb/f/f7/New_Standards_Keyboard_-_Flickr_-_Nico_Kaiser.jpg/500px-New_Standards_Keyboard_-_Flickr_-_Nico_Kaiser.jpg?utm_source=commons.wikimedia.org&utm_campaign=imageinfo&utm_content=thumbnail,"Nico Kaiser from Wien, Austria",CC BY-SA 2.0,https://creativecommons.org/licenses/by-sa/2.0,commons-91644745,Codex visual inspection: independent external computer keyboard is principal,d021bec70303c3ff,500,257,2026-10-07T19:26:25+08:00,Commons file timestamp=2020-06-28T01:29:21Z; source sha1=7ded8db8f0965eb0908a8ef209714bee3fe4e5e6; requested thumbnail=500px
commons-1349436,data/raw/commons/keyboard/commons-1349436.jpg,ea8309ccd437d5fa160713308cea655f8c77dddcdbde2a6f7db0e7355fcbb1a6,5,,,commons-api,,train,approved,campus-public-expanded-v1,wikimedia_commons,1349436,https://commons.wikimedia.org/wiki/File:OLED_keyboard.jpg,https://upload.wikimedia.org/wikipedia/commons/0/02/OLED_keyboard.jpg?utm_source=commons.wikimedia.org&utm_campaign=imageinfo&utm_content=original,https://thumb.wikimedia.org/wikipedia/commons/thumb/0/02/OLED_keyboard.jpg/500px-OLED_keyboard.jpg?utm_source=commons.wikimedia.org&utm_campaign=imageinfo&utm_content=thumbnail,Art. Lebedev Studio,Public domain,,commons-1349436,Codex visual inspection: independent external computer keyboard is principal,6185ad8d9953467d,500,245,2026-10-07T19:26:36+08:00,Commons file timestamp=2006-11-07T22:28:40Z; source sha1=c8a7f0ef73d6a05a68ae0133e7f26ede50fbeaf4; requested thumbnail=500px
commons-55119701,data/raw/commons/earphones/commons-55119701.jpg,77c9a8d20965da55169c5573fd6896e9e1947f1973c48a029e76402eefed4a62,6,,,commons-api,,train,approved,campus-public-expanded-v1,wikimedia_commons,55119701,https://commons.wikimedia.org/wiki/File:Koss_The_Plug_Classic_earphones.jpg,https://upload.wikimedia.org/wikipedia/commons/8/89/Koss_The_Plug_Classic_earphones.jpg?utm_source=commons.wikimedia.org&utm_campaign=imageinfo&utm_content=original,https://thumb.wikimedia.org/wikipedia/commons/thumb/8/89/Koss_The_Plug_Classic_earphones.jpg/960px-Koss_The_Plug_Classic_earphones.jpg?utm_source=commons.wikimedia.org&utm_campaign=imageinfo&utm_content=thumbnail,Santeri Viinamäki,CC BY-SA 4.0,https://creativecommons.org/licenses/by-sa/4.0,commons-55119701,Codex visual inspection: one earphone pair/unit or listening set is primary,8996635896c3e937,960,691,2026-10-07T20:02:50+08:00,Commons file timestamp=2024-12-30T15:43:40Z; source sha1=0e8c3b2d8248af98aade0f01972beebf665bc3ca; requested thumbnail=960px
commons-38925439,data/raw/commons/earphones/commons-38925439.jpg,ee766a538a8d5f6a9b4adccd5606e50761c555a087665cecb8d6b6dace1ea426,6,,,commons-api,,train,approved,campus-public-expanded-v1,wikimedia_commons,38925439,https://commons.wikimedia.org/wiki/File:Mi_Piston.jpg,https://upload.wikimedia.org/wikipedia/commons/0/00/Mi_Piston.jpg?utm_source=commons.wikimedia.org&utm_campaign=imageinfo&utm_content=original,https://thumb.wikimedia.org/wikipedia/commons/thumb/0/00/Mi_Piston.jpg/960px-Mi_Piston.jpg?utm_source=commons.wikimedia.org&utm_campaign=imageinfo&utm_content=thumbnail,Power suiton and katon,CC BY-SA 4.0,https://creativecommons.org/licenses/by-sa/4.0,commons-38925439,Codex visual inspection: one earphone pair/unit or listening set is primary,9989a22502977f7d,960,1064,2026-10-07T20:03:30+08:00,Commons file timestamp=2015-05-14T17:50:15Z; source sha1=71016b2e28503ec10a166787306690176cf92526; requested thumbnail=960px
oi-278625937aee5ee4,data/raw/openimages/earphones/oi-278625937aee5ee4.jpg,44485d354d532d23d46ce815f340508133caaa101d94e7382891c866f0f3b77f,6,,,open-images-official,,train,approved,campus-public-expanded-v1,open_images,278625937aee5ee4,https://www.flickr.com/photos/hepp/5370427737,https://farm5.staticflickr.com/5042/5370427737_09243588cc_o.jpg,https://open-images-dataset.s3.amazonaws.com/validation/278625937aee5ee4.jpg,erik forsberg,https://creativecommons.org/licenses/by/2.0/,https://creativecommons.org/licenses/by/2.0/,oi-278625937aee5ee4,Codex visual inspection: one identifiable target within frozen definition,91a85cc75c2d70d7,1024,390,2026-10-07T17:55:59+08:00,Open Images V7 public validation image / V5 human boxable labels
commons-115938199,data/raw/commons/earphones/commons-115938199.jpg,2b79b91213b4b899fd59311bafa89dab67513a4998ad38e45a60cbb43dca166d,6,,,commons-api,,train,approved,campus-public-expanded-v1,wikimedia_commons,115938199,https://commons.wikimedia.org/wiki/File:Anker_SoundBuds_Slim.jpg,https://upload.wikimedia.org/wikipedia/commons/0/04/Anker_SoundBuds_Slim.jpg?utm_source=commons.wikimedia.org&utm_campaign=imageinfo&utm_content=original,https://thumb.wikimedia.org/wikipedia/commons/thumb/0/04/Anker_SoundBuds_Slim.jpg/1280px-Anker_SoundBuds_Slim.jpg?utm_source=commons.wikimedia.org&utm_campaign=imageinfo&utm_content=thumbnail,KKPCW,CC BY-SA 4.0,https://creativecommons.org/licenses/by-sa/4.0,commons-115938199,Codex visual review of contact sheet: one identifiable target within frozen category definition,81e31c8d5b98e15f,1280,1704,2026-10-07T15:03:47+08:00,Early collection; original source revision not retained; local downloaded rendition SHA-256=2b79b91213b4b899fd59311bafa89dab67513a4998ad38e45a60cbb43dca166d; download time recovered from original local file mtime
commons-88152968,data/raw/commons/earphones/commons-88152968.jpg,1802e90664c06981af39079103b6bffe64dd0bea35e3db88f0fb838ed14946d7,6,,,commons-api,,train,approved,campus-public-expanded-v1,wikimedia_commons,88152968,"https://commons.wikimedia.org/wiki/File:Set_oordopjes,_merk_Nokia,_doorschijnend_en_zwart,_objectnr_86500.JPG",https://upload.wikimedia.org/wikipedia/commons/8/8d/Set_oordopjes%2C_merk_Nokia%2C_doorschijnend_en_zwart%2C_objectnr_86500.JPG?utm_source=commons.wikimedia.org&utm_campaign=imageinfo&utm_content=original,https://thumb.wikimedia.org/wikipedia/commons/thumb/8/8d/Set_oordopjes%2C_merk_Nokia%2C_doorschijnend_en_zwart%2C_objectnr_86500.JPG/960px-Set_oordopjes%2C_merk_Nokia%2C_doorschijnend_en_zwart%2C_objectnr_86500.JPG?utm_source=commons.wikimedia.org&utm_campaign=imageinfo&utm_content=thumbnail,Nokia,CC BY-SA 3.0,https://creativecommons.org/licenses/by-sa/3.0,commons-88152968,Codex visual inspection: one identifiable complete earphone unit/pair/listening set is principal,e1e12f71980e1e9b,960,643,2026-10-07T20:06:10+08:00,Commons file timestamp=2020-03-16T12:03:55Z; source sha1=ac021ad12811fa9e147c6dc3d783284b26306670; requested thumbnail=960px
oi-055b3b56ed924815,data/raw/openimages/earphones/oi-055b3b56ed924815.jpg,1dc3c97fc7a7670b582f90bd4b26caf9298a38d28598993809ff9af6c2b88a3a,6,,,open-images-official,,train,approved,campus-public-expanded-v1,open_images,055b3b56ed924815,https://www.flickr.com/photos/neo_t3/6951952643,https://farm6.staticflickr.com/7187/6951952643_3c99210536_o.jpg,https://open-images-dataset.s3.amazonaws.com/test/055b3b56ed924815.jpg,Jérôme M,https://creativecommons.org/licenses/by/2.0/,https://creativecommons.org/licenses/by/2.0/,oi-055b3b56ed924815,Codex visual inspection: one identifiable physical target within confirmed definition,b9ecd11324cd52d3,1024,683,2026-10-07T18:15:09+08:00,Open Images V7 public test image / V5 human boxable labels; one non-depicted box >=25% image area
oi-8e95a33ddc1c093d,data/raw/openimages/earphones/oi-8e95a33ddc1c093d.jpg,cd573825904b14ba48b59006b667572f249804dff8cff7c977040b9e8c712cef,6,,,open-images-official,,train,approved,campus-public-expanded-v1,open_images,8e95a33ddc1c093d,https://www.flickr.com/photos/90941490@N06/16271647292,https://c6.staticflickr.com/8/7492/16271647292_22751ca529_o.jpg,https://open-images-dataset.s3.amazonaws.com/validation/8e95a33ddc1c093d.jpg,tomemrich,https://creativecommons.org/licenses/by/2.0/,https://creativecommons.org/licenses/by/2.0/,oi-8e95a33ddc1c093d,Codex visual inspection: one identifiable target within frozen definition,195172c70cb5f51b,1024,682,2026-10-07T17:51:26+08:00,Open Images V7 public validation image / V5 human boxable labels
commons-7329195,data/raw/commons/earphones/commons-7329195.png,2b74629889d5cce7daa26fb6503e68d93de66c6efcd5eaea32b5a50bc6be4d92,6,,,commons-api,,train,approved,campus-public-expanded-v1,wikimedia_commons,7329195,https://commons.wikimedia.org/wiki/File:Transparent_ES-IN17.png,https://upload.wikimedia.org/wikipedia/commons/7/7b/Transparent_ES-IN17.png?utm_source=commons.wikimedia.org&utm_campaign=imageinfo&utm_content=original,https://thumb.wikimedia.org/wikipedia/commons/thumb/7/7b/Transparent_ES-IN17.png/330px-Transparent_ES-IN17.png?utm_source=commons.wikimedia.org&utm_campaign=imageinfo&utm_content=thumbnail,"ES-IN17.jpg: Rekeylee
derivative work: INVERTED (talk)",CC BY-SA 3.0,https://creativecommons.org/licenses/by-sa/3.0,commons-7329195,Codex visual inspection: one identifiable complete earphone unit/pair/listening set is principal,a4e8e63cd0f02d4f,330,389,2026-10-07T20:06:45+08:00,Commons file timestamp=2009-07-18T12:04:08Z; source sha1=40ab4f4d6e76958de2f6cff9f29fdf566eb6e146; requested thumbnail=330px
oi-5e831cbdbb666c0d,data/raw/openimages/earphones/oi-5e831cbdbb666c0d.jpg,54b018c9b395897361dd5d389daef4c90cd0c095ff8402b6a6fbe40c89cc1bfb,6,,,open-images-official,,train,approved,campus-public-expanded-v1,open_images,5e831cbdbb666c0d,https://www.flickr.com/photos/lesliejones_rstrctd/8404382447/,https://c6.staticflickr.com/9/8359/8404382447_31dc314987_o.jpg,https://open-images-dataset.s3.amazonaws.com/validation/5e831cbdbb666c0d.jpg,Leslie Jones,https://creativecommons.org/licenses/by/2.0/,https://creativecommons.org/licenses/by/2.0/,oi-5e831cbdbb666c0d,Codex visual inspection: one identifiable target within frozen definition,4ef4b3c1091bb5a5,613,1024,2026-10-07T17:46:03+08:00,Open Images V7 public validation image / V5 human boxable labels
commons-87266566,data/raw/commons/earphones/commons-87266566.jpg,952f10cdda3e4a2760cbaea54e3bba1aa3e8e7ebf8657029bbb9805ef9abbd85,6,,,commons-api,,train,approved,campus-public-expanded-v1,wikimedia_commons,87266566,https://commons.wikimedia.org/wiki/File:Newone_-_tai_nghe_VSmart_Joy_3_c%E1%BA%A1nh_v%C3%AD_da_VinFast.jpg,https://upload.wikimedia.org/wikipedia/commons/f/f8/Newone_-_tai_nghe_VSmart_Joy_3_c%E1%BA%A1nh_v%C3%AD_da_VinFast.jpg?utm_source=commons.wikimedia.org&utm_campaign=imageinfo&utm_content=original,https://thumb.wikimedia.org/wikipedia/commons/thumb/f/f8/Newone_-_tai_nghe_VSmart_Joy_3_c%E1%BA%A1nh_v%C3%AD_da_VinFast.jpg/960px-Newone_-_tai_nghe_VSmart_Joy_3_c%E1%BA%A1nh_v%C3%AD_da_VinFast.jpg?utm_source=commons.wikimedia.org&utm_campaign=imageinfo&utm_content=thumbnail,Newone,CC BY-SA 4.0,https://creativecommons.org/licenses/by-sa/4.0,commons-87266566,Codex visual inspection: one earphone pair/unit or listening set is primary,97ca4b8c69360e6b,960,720,2026-10-07T20:03:39+08:00,Commons file timestamp=2020-02-20T05:10:25Z; source sha1=458430f1f0af6720b95807f95841bedccb192e97; requested thumbnail=960px
commons-64129122,data/raw/commons/earphones/commons-64129122.jpg,508edb30cdfcf078ef76013b80cf485f377d243b0601a8bf85179154ce60589b,6,,,commons-api,,train,approved,campus-public-expanded-v1,wikimedia_commons,64129122,https://commons.wikimedia.org/wiki/File:Earphone.jpg,https://upload.wikimedia.org/wikipedia/commons/c/c0/Earphone.jpg?utm_source=commons.wikimedia.org&utm_campaign=imageinfo&utm_content=original,https://thumb.wikimedia.org/wikipedia/commons/thumb/c/c0/Earphone.jpg/1280px-Earphone.jpg?utm_source=commons.wikimedia.org&utm_campaign=imageinfo&utm_content=thumbnail,Karthiga1995,CC BY-SA 3.0,https://creativecommons.org/licenses/by-sa/3.0,commons-64129122,Codex visual review of contact sheet: one identifiable target within frozen category definition,c69c3c7161e3991d,1280,720,2026-10-07T15:08:49+08:00,Early collection; original source revision not retained; local downloaded rendition SHA-256=508edb30cdfcf078ef76013b80cf485f377d243b0601a8bf85179154ce60589b; download time recovered from original local file mtime
oi-af77c5cfa195ea0c,data/raw/openimages/earphones/oi-af77c5cfa195ea0c.jpg,ddba384ab44725d0f1044d04f90784f83e1e0f9ce9d889a172ff15ede97199be,6,,,open-images-official,,train,approved,campus-public-expanded-v1,open_images,af77c5cfa195ea0c,https://www.flickr.com/photos/jvcamerica/6140608340,https://c5.staticflickr.com/7/6089/6140608340_7854d20da6_o.jpg,https://open-images-dataset.s3.amazonaws.com/validation/af77c5cfa195ea0c.jpg,JVCAmerica,https://creativecommons.org/licenses/by/2.0/,https://creativecommons.org/licenses/by/2.0/,oi-af77c5cfa195ea0c,Codex visual inspection: one identifiable target within frozen definition,4dcce8a12746d65d,503,1024,2026-10-07T17:46:00+08:00,Open Images V7 public validation image / V5 human boxable labels
commons-35082850,data/raw/commons/earphones/commons-35082850.jpg,4786c90cb93bb19dee896bc2e7f171aa8a00c665c6862e482cd080d38afac119,6,,,commons-api,,train,approved,campus-public-expanded-v1,wikimedia_commons,35082850,https://commons.wikimedia.org/wiki/File:Ue_900.jpg,https://upload.wikimedia.org/wikipedia/commons/d/d6/Ue_900.jpg?utm_source=commons.wikimedia.org&utm_campaign=imageinfo&utm_content=original,https://thumb.wikimedia.org/wikipedia/commons/thumb/d/d6/Ue_900.jpg/960px-Ue_900.jpg?utm_source=commons.wikimedia.org&utm_campaign=imageinfo&utm_content=thumbnail,Ultimate Ears,CC BY 2.0,https://creativecommons.org/licenses/by/2.0,commons-35082850,Codex visual inspection: one identifiable complete earphone unit/pair/listening set is principal,4c2633ccd9333667,960,1259,2026-10-07T20:06:53+08:00,Commons file timestamp=2014-09-02T07:10:58Z; source sha1=de7635ad27ef17dac406b6bcc1eb6036cb95855f; requested thumbnail=960px
commons-73831530,data/raw/commons/earphones/commons-73831530.jpg,02d04ee99d5ffd5efb89ef83079651494b16dc56c9e14692137628578e487082,6,,,commons-api,,train,approved,campus-public-expanded-v1,wikimedia_commons,73831530,https://commons.wikimedia.org/wiki/File:Cre8_Sounds.jpg,https://upload.wikimedia.org/wikipedia/commons/0/0f/Cre8_Sounds.jpg?utm_source=commons.wikimedia.org&utm_campaign=imageinfo&utm_content=original,https://thumb.wikimedia.org/wikipedia/commons/thumb/0/0f/Cre8_Sounds.jpg/1280px-Cre8_Sounds.jpg?utm_source=commons.wikimedia.org&utm_campaign=imageinfo&utm_content=thumbnail,Cre8sounds,CC BY-SA 4.0,https://creativecommons.org/licenses/by-sa/4.0,commons-73831530,Codex visual review of contact sheet: one identifiable target within frozen category definition,76f0d0530b0baf55,1280,960,2026-10-07T15:08:52+08:00,Early collection; original source revision not retained; local downloaded rendition SHA-256=02d04ee99d5ffd5efb89ef83079651494b16dc56c9e14692137628578e487082; download time recovered from original local file mtime
oi-874f4719c5ec6c9d,data/raw/openimages/earphones/oi-874f4719c5ec6c9d.jpg,e59a0fde767c974376686aab8ff07ab6d39221b2e2ee144ce7fbb9f624c55638,6,,,open-images-official,,train,approved,campus-public-expanded-v1,open_images,874f4719c5ec6c9d,https://www.flickr.com/photos/nadeyphotography/9256418877,https://c6.staticflickr.com/4/3671/9256418877_21081ac49c_o.jpg,https://open-images-dataset.s3.amazonaws.com/test/874f4719c5ec6c9d.jpg,N Adey Photography,https://creativecommons.org/licenses/by/2.0/,https://creativecommons.org/licenses/by/2.0/,oi-874f4719c5ec6c9d,Codex visual inspection: one identifiable physical target within confirmed definition,69c98dc85931b6a7,768,999,2026-10-07T18:08:18+08:00,Open Images V7 public test image / V5 human boxable labels; one non-depicted box >=25% image area
oi-4fabd72ee9dc6983,data/raw/openimages/earphones/oi-4fabd72ee9dc6983.jpg,378458f446d624c52bdbb60bf1e9c6d8b7e32603c950ecaaa87eabdb8a1ea72e,6,,,open-images-official,,train,approved,campus-public-expanded-v1,open_images,4fabd72ee9dc6983,https://www.flickr.com/photos/jronaldlee/5219863618,https://farm4.staticflickr.com/5042/5219863618_d09669d81f_o.jpg,https://open-images-dataset.s3.amazonaws.com/test/4fabd72ee9dc6983.jpg,James Lee,https://creativecommons.org/licenses/by/2.0/,https://creativecommons.org/licenses/by/2.0/,oi-4fabd72ee9dc6983,Codex visual inspection: one identifiable physical target within confirmed definition,f0c307c3ce0938f7,1024,734,2026-10-07T18:07:52+08:00,Open Images V7 public test image / V5 human boxable labels; one non-depicted box >=25% image area
commons-122501867,data/raw/commons/earphones/commons-122501867.jpg,34c6284c826d791bc6fb00fa79df92d7c1febea3519cf272f7390a5de6d23d39,6,,,commons-api,,train,approved,campus-public-expanded-v1,wikimedia_commons,122501867,https://commons.wikimedia.org/wiki/File:HeartBuds.jpg,https://upload.wikimedia.org/wikipedia/commons/c/c8/HeartBuds.jpg?utm_source=commons.wikimedia.org&utm_campaign=imageinfo&utm_content=original,https://thumb.wikimedia.org/wikipedia/commons/thumb/c/c8/HeartBuds.jpg/1280px-HeartBuds.jpg?utm_source=commons.wikimedia.org&utm_campaign=imageinfo&utm_content=thumbnail,KKPCW（Kyu3）,CC BY-SA 4.0,https://creativecommons.org/licenses/by-sa/4.0,commons-122501867,Codex visual review of contact sheet: one identifiable target within frozen category definition,3569cb343bc4db03,1280,1280,2026-10-07T15:25:09+08:00,Early collection; original source revision not retained; local downloaded rendition SHA-256=34c6284c826d791bc6fb00fa79df92d7c1febea3519cf272f7390a5de6d23d39; download time recovered from original local file mtime
oi-f1ea6128c736f9cd,data/raw/openimages/earphones/oi-f1ea6128c736f9cd.jpg,6459cbf64f4cb12e23b599f95ed3cebc7418313742b92f2cccc822fb51a65db3,6,,,open-images-official,,train,approved,campus-public-expanded-v1,open_images,f1ea6128c736f9cd,https://www.flickr.com/photos/gbpublic/8589379742,https://c6.staticflickr.com/9/8110/8589379742_2754f8a415_o.jpg,https://open-images-dataset.s3.amazonaws.com/validation/f1ea6128c736f9cd.jpg,GBPublic_PR,https://creativecommons.org/licenses/by/2.0/,https://creativecommons.org/licenses/by/2.0/,oi-f1ea6128c736f9cd,Codex visual inspection: one identifiable target within frozen definition,265b616366e99917,747,1024,2026-10-07T17:54:33+08:00,Open Images V7 public validation image / V5 human boxable labels
oi-d7d770f170f8f333,data/raw/openimages/earphones/oi-d7d770f170f8f333.jpg,0ed8d7c75741563fae054436161b1eedb343a663f16ab07f2d9d0d60d2f3e311,6,,,open-images-official,,train,approved,campus-public-expanded-v1,open_images,d7d770f170f8f333,https://www.flickr.com/photos/mseckington/8017672989,https://farm4.staticflickr.com/8041/8017672989_0967d68851_o.jpg,https://open-images-dataset.s3.amazonaws.com/validation/d7d770f170f8f333.jpg,Melinda Seckington,https://creativecommons.org/licenses/by/2.0/,https://creativecommons.org/licenses/by/2.0/,oi-d7d770f170f8f333,Codex visual inspection: one identifiable target within frozen definition,13735991c94907fd,1024,681,2026-10-07T17:43:17+08:00,Open Images V7 public validation image / V5 human boxable labels
oi-4f102a41ab8276b0,data/raw/openimages/earphones/oi-4f102a41ab8276b0.jpg,97bc3bc92a4b98b412a678ab24582d6696382bb40aae0a409ffba05c6beb6cc6,6,,,open-images-official,,train,approved,campus-public-expanded-v1,open_images,4f102a41ab8276b0,https://www.flickr.com/photos/sunil_soundarapandian/16201435753,https://farm1.staticflickr.com/8588/16201435753_0993792f37_o.jpg,https://open-images-dataset.s3.amazonaws.com/validation/4f102a41ab8276b0.jpg,Sunil Soundarapandian,https://creativecommons.org/licenses/by/2.0/,https://creativecommons.org/licenses/by/2.0/,oi-4f102a41ab8276b0,Codex visual inspection: one identifiable target within frozen definition,b2515b3a298de687,1024,683,2026-10-07T17:45:06+08:00,Open Images V7 public validation image / V5 human boxable labels
commons-63878936,data/raw/commons/earphones/commons-63878936.jpg,4c03f3be001805612089557c6f74d48b790f7e7532a5b456cfb10d75f32d1d52,6,,,commons-api,,train,approved,campus-public-expanded-v1,wikimedia_commons,63878936,https://commons.wikimedia.org/wiki/File:Earphones_For_Persian.jpg,https://upload.wikimedia.org/wikipedia/commons/e/ed/Earphones_For_Persian.jpg?utm_source=commons.wikimedia.org&utm_campaign=imageinfo&utm_content=original,https://thumb.wikimedia.org/wikipedia/commons/thumb/e/ed/Earphones_For_Persian.jpg/960px-Earphones_For_Persian.jpg?utm_source=commons.wikimedia.org&utm_campaign=imageinfo&utm_content=thumbnail,JomaIran,CC BY-SA 4.0,https://creativecommons.org/licenses/by-sa/4.0,commons-63878936,Codex visual inspection: one earphone pair/unit or listening set is primary,d8162c6cd1d31c9f,960,720,2026-10-07T20:02:04+08:00,Commons file timestamp=2019-04-04T17:39:20Z; source sha1=f1554317b0a8c30ef8df57f03e32b5b09aa66a64; requested thumbnail=960px
commons-21337605,data/raw/commons/earphones/commons-21337605.jpg,b47f06ae85f784f30593ffdd7b42e9fda35b9a6ed12977de156076487eb2af53,6,,,commons-api,,train,approved,campus-public-expanded-v1,wikimedia_commons,21337605,https://commons.wikimedia.org/wiki/File:Velodyne%27s_vPulse_in-ear_headphones.jpg,https://upload.wikimedia.org/wikipedia/commons/0/01/Velodyne%27s_vPulse_in-ear_headphones.jpg?utm_source=commons.wikimedia.org&utm_campaign=imageinfo&utm_content=original,https://thumb.wikimedia.org/wikipedia/commons/thumb/0/01/Velodyne%27s_vPulse_in-ear_headphones.jpg/500px-Velodyne%27s_vPulse_in-ear_headphones.jpg?utm_source=commons.wikimedia.org&utm_campaign=imageinfo&utm_content=thumbnail,LanaeBays,CC BY-SA 3.0,https://creativecommons.org/licenses/by-sa/3.0,commons-21337605,Codex visual inspection: one identifiable complete earphone unit/pair/listening set is principal,8671c965b98e4e47,500,658,2026-10-07T20:07:34+08:00,Commons file timestamp=2012-09-14T19:43:24Z; source sha1=330f7564bcf923c009de847990f66896f93f291f; requested thumbnail=500px
oi-da264d5601673774,data/raw/openimages/earphones/oi-da264d5601673774.jpg,481c64fe81f033af242b71e9d03f21cbc48248cabae86658919e7e2aff634d2a,6,,,open-images-official,,train,approved,campus-public-expanded-v1,open_images,da264d5601673774,https://www.flickr.com/photos/thegabec/18790105579,https://farm5.staticflickr.com/266/18790105579_09d50fdb6a_o.jpg,https://open-images-dataset.s3.amazonaws.com/test/da264d5601673774.jpg,TheGabeC,https://creativecommons.org/licenses/by/2.0/,https://creativecommons.org/licenses/by/2.0/,oi-da264d5601673774,Codex visual inspection: one identifiable physical target within confirmed definition,696349e3f1099697,1024,694,2026-10-07T18:05:55+08:00,Open Images V7 public test image / V5 human boxable labels; one non-depicted box >=25% image area
oi-f52485a73734f1eb,data/raw/openimages/earphones/oi-f52485a73734f1eb.jpg,0ee47bad00a496d502878158291ea498174d250a8674fe5009e6a504b97245ea,6,,,open-images-official,,train,approved,campus-public-expanded-v1,open_images,f52485a73734f1eb,https://www.flickr.com/photos/jelonekphotography/4697886443/,https://c4.staticflickr.com/5/4022/4697886443_b2b527552b_o.jpg,https://open-images-dataset.s3.amazonaws.com/test/f52485a73734f1eb.jpg,Brian Jelonek,https://creativecommons.org/licenses/by/2.0/,https://creativecommons.org/licenses/by/2.0/,oi-f52485a73734f1eb,Codex visual inspection: one identifiable physical target within confirmed definition,646b0c8fe4131bed,1024,866,2026-10-07T18:05:31+08:00,Open Images V7 public test image / V5 human boxable labels; one non-depicted box >=25% image area
commons-142198426,data/raw/commons/earphones/commons-142198426.png,fd4c7ac3a8c345ab08e0063cc262669942804c38b7490984f7bc851c970f00d4,6,,,commons-api,,train,approved,campus-public-expanded-v1,wikimedia_commons,142198426,https://commons.wikimedia.org/wiki/File:In-ear_headphones_from_Teufel.png,https://upload.wikimedia.org/wikipedia/commons/0/01/In-ear_headphones_from_Teufel.png?utm_source=commons.wikimedia.org&utm_campaign=imageinfo&utm_content=original,https://thumb.wikimedia.org/wikipedia/commons/thumb/0/01/In-ear_headphones_from_Teufel.png/1280px-In-ear_headphones_from_Teufel.png?utm_source=commons.wikimedia.org&utm_campaign=imageinfo&utm_content=thumbnail,Pittigrilli,CC BY 4.0,https://creativecommons.org/licenses/by/4.0,commons-142198426,Codex visual review of contact sheet: one identifiable target within frozen category definition,3a3263c183b39d4f,1280,775,2026-10-07T15:25:14+08:00,Early collection; original source revision not retained; local downloaded rendition SHA-256=fd4c7ac3a8c345ab08e0063cc262669942804c38b7490984f7bc851c970f00d4; download time recovered from original local file mtime
oi-962db0c6634d0c26,data/raw/openimages/earphones/oi-962db0c6634d0c26.jpg,2a85c4c16f94baf91f372510042c96e812fb7a93bfdcc8ba9c04b266f71588b6,6,,,open-images-official,,train,approved,campus-public-expanded-v1,open_images,962db0c6634d0c26,https://www.flickr.com/photos/nubobo/15628301274,https://farm7.staticflickr.com/7494/15628301274_bbf037e9b0_o.jpg,https://open-images-dataset.s3.amazonaws.com/validation/962db0c6634d0c26.jpg,nubobo,https://creativecommons.org/licenses/by/2.0/,https://creativecommons.org/licenses/by/2.0/,oi-962db0c6634d0c26,Codex visual inspection: one identifiable target within frozen definition,86939bd84c2d38d7,1024,683,2026-10-07T17:43:05+08:00,Open Images V7 public validation image / V5 human boxable labels
commons-143822938,data/raw/commons/earphones/commons-143822938.jpg,eedb33b50a6b8a21c2e671ff11e961268352092f446a234eb407d6f2e1c1b1ad,6,,,commons-api,,train,approved,campus-public-expanded-v1,wikimedia_commons,143822938,https://commons.wikimedia.org/wiki/File:Beyerdynamic_XP2.jpg,https://upload.wikimedia.org/wikipedia/commons/b/b0/Beyerdynamic_XP2.jpg?utm_source=commons.wikimedia.org&utm_campaign=imageinfo&utm_content=original,https://thumb.wikimedia.org/wikipedia/commons/thumb/b/b0/Beyerdynamic_XP2.jpg/1280px-Beyerdynamic_XP2.jpg?utm_source=commons.wikimedia.org&utm_campaign=imageinfo&utm_content=thumbnail,Vee Satayamas,CC BY 4.0,https://creativecommons.org/licenses/by/4.0,commons-143822938,Codex visual review of contact sheet: one identifiable target within frozen category definition,5edaa8a1994b629d,1280,853,2026-10-07T15:05:59+08:00,Early collection; original source revision not retained; local downloaded rendition SHA-256=eedb33b50a6b8a21c2e671ff11e961268352092f446a234eb407d6f2e1c1b1ad; download time recovered from original local file mtime
commons-59429327,data/raw/commons/earphones/commons-59429327.jpg,e08cdcad46ed54b0e1301518727b1176750c2d35f7a11aaee326b8a18f092b0a,6,,,commons-api,,train,approved,campus-public-expanded-v1,wikimedia_commons,59429327,https://commons.wikimedia.org/wiki/File:Astrum_ET300.jpg,https://upload.wikimedia.org/wikipedia/commons/0/06/Astrum_ET300.jpg?utm_source=commons.wikimedia.org&utm_campaign=imageinfo&utm_content=original,https://thumb.wikimedia.org/wikipedia/commons/thumb/0/06/Astrum_ET300.jpg/960px-Astrum_ET300.jpg?utm_source=commons.wikimedia.org&utm_campaign=imageinfo&utm_content=thumbnail,Gjordan3,CC BY-SA 4.0,https://creativecommons.org/licenses/by-sa/4.0,commons-59429327,Codex visual inspection: one identifiable complete earphone unit/pair/listening set is principal,c42673d98cd93327,960,639,2026-10-07T20:10:19+08:00,Commons file timestamp=2017-05-31T06:46:38Z; source sha1=d5aa70d2b73799145d73849ce3c870214fc180c3; requested thumbnail=960px
commons-1170637,data/raw/commons/earphones/commons-1170637.jpg,ac7fc36a8384941a0eb2c0447ce4aec242a6624d9dfb2bb2d8dbb438290da805,6,,,commons-api,,train,approved,campus-public-expanded-v1,wikimedia_commons,1170637,https://commons.wikimedia.org/wiki/File:InEarMonitors.jpg,https://upload.wikimedia.org/wikipedia/commons/0/0f/InEarMonitors.jpg?utm_source=commons.wikimedia.org&utm_campaign=imageinfo&utm_content=original,https://thumb.wikimedia.org/wikipedia/commons/thumb/0/0f/InEarMonitors.jpg/1280px-InEarMonitors.jpg?utm_source=commons.wikimedia.org&utm_campaign=imageinfo&utm_content=thumbnail,user:Julo,CC BY-SA 3.0,http://creativecommons.org/licenses/by-sa/3.0/,commons-1170637,Codex visual review of contact sheet: one identifiable target within frozen category definition,d9111571e9cb32e5,1280,960,2026-10-07T15:25:23+08:00,Early collection; original source revision not retained; local downloaded rendition SHA-256=ac7fc36a8384941a0eb2c0447ce4aec242a6624d9dfb2bb2d8dbb438290da805; download time recovered from original local file mtime
oi-f2d94a7ec3b1993f,data/raw/openimages/earphones/oi-f2d94a7ec3b1993f.jpg,fb999c89b306ffc7c533647dc9ea0c6cf81827c5fb71a4c30bb483b87591f562,6,,,open-images-official,,train,approved,campus-public-expanded-v1,open_images,f2d94a7ec3b1993f,https://www.flickr.com/photos/tshrinivasan/19911588288,https://c8.staticflickr.com/1/373/19911588288_f57ed3d65e_o.jpg,https://open-images-dataset.s3.amazonaws.com/test/f2d94a7ec3b1993f.jpg,Shrini,https://creativecommons.org/licenses/by/2.0/,https://creativecommons.org/licenses/by/2.0/,oi-f2d94a7ec3b1993f,Codex visual inspection: one identifiable physical target within confirmed definition,620ff0d31acd8d47,1024,576,2026-10-07T18:12:35+08:00,Open Images V7 public test image / V5 human boxable labels; one non-depicted box >=25% image area
commons-42437480,data/raw/commons/earphones/commons-42437480.jpg,6053153d68b32f93d7ec7512d850af9ec140358ec8b54bfbfc18087f2a1f7738,6,,,commons-api,,train,approved,campus-public-expanded-v1,wikimedia_commons,42437480,https://commons.wikimedia.org/wiki/File:Accutone_Taurus_Headphone_with_3.5mm_Plug.jpg,https://upload.wikimedia.org/wikipedia/commons/5/57/Accutone_Taurus_Headphone_with_3.5mm_Plug.jpg?utm_source=commons.wikimedia.org&utm_campaign=imageinfo&utm_content=original,https://thumb.wikimedia.org/wikipedia/commons/thumb/5/57/Accutone_Taurus_Headphone_with_3.5mm_Plug.jpg/960px-Accutone_Taurus_Headphone_with_3.5mm_Plug.jpg?utm_source=commons.wikimedia.org&utm_campaign=imageinfo&utm_content=thumbnail,Saintpako,CC BY-SA 4.0,https://creativecommons.org/licenses/by-sa/4.0,commons-42437480,Codex visual inspection: one earphone pair/unit or listening set is primary,f3f383b870430c9d,960,960,2026-10-07T20:01:10+08:00,Commons file timestamp=2015-08-17T15:09:29Z; source sha1=5896d98a0c4f1dd2b0ab2d918b6e57684fa6e6c4; requested thumbnail=960px
oi-eb78ca30296803d9,data/raw/openimages/earphones/oi-eb78ca30296803d9.jpg,8cbb843395898456842e7c372dc7b9b0b8d20200dcda56005cd7cadd0042b309,6,,,open-images-official,,train,approved,campus-public-expanded-v1,open_images,eb78ca30296803d9,https://www.flickr.com/photos/stephendotcarter/4575228865/,https://c2.staticflickr.com/5/4048/4575228865_cf1ca45ae1_o.jpg,https://open-images-dataset.s3.amazonaws.com/test/eb78ca30296803d9.jpg,stephendotcarter,https://creativecommons.org/licenses/by/2.0/,https://creativecommons.org/licenses/by/2.0/,oi-eb78ca30296803d9,Codex visual inspection: one identifiable physical target within confirmed definition,8199834b4eadb957,1024,779,2026-10-07T18:12:15+08:00,Open Images V7 public test image / V5 human boxable labels; one non-depicted box >=25% image area
oi-3b8bee1b571394ae,data/raw/openimages/earphones/oi-3b8bee1b571394ae.jpg,bce49f1680c79bb3df03d2dbb25773602840e01825714a5d40e9a09d8c1ccd3e,6,,,open-images-official,,train,approved,campus-public-expanded-v1,open_images,3b8bee1b571394ae,https://www.flickr.com/photos/yanki01/8480752236,https://c7.staticflickr.com/9/8391/8480752236_a8a58e602d_o.jpg,https://open-images-dataset.s3.amazonaws.com/test/3b8bee1b571394ae.jpg,Yanki01,https://creativecommons.org/licenses/by/2.0/,https://creativecommons.org/licenses/by/2.0/,oi-3b8bee1b571394ae,Codex visual inspection: one identifiable physical target within confirmed definition,fdd2724987e66881,1024,1024,2026-10-07T18:05:35+08:00,Open Images V7 public test image / V5 human boxable labels; one non-depicted box >=25% image area
oi-b2c56dfafde0b51f,data/raw/openimages/earphones/oi-b2c56dfafde0b51f.jpg,9d80d7142bebe21792ec57652dc1b11417e9136bef59411fc45aeecf4babfcea,6,,,open-images-official,,train,approved,campus-public-expanded-v1,open_images,b2c56dfafde0b51f,https://www.flickr.com/photos/davekobrehel/8720050452,https://c8.staticflickr.com/8/7425/8720050452_ee063b585d_o.jpg,https://open-images-dataset.s3.amazonaws.com/test/b2c56dfafde0b51f.jpg,Dave Kobrehel,https://creativecommons.org/licenses/by/2.0/,https://creativecommons.org/licenses/by/2.0/,oi-b2c56dfafde0b51f,Codex visual inspection: one identifiable physical target within confirmed definition,7236916bf3a90c17,1024,683,2026-10-07T18:12:53+08:00,Open Images V7 public test image / V5 human boxable labels; one non-depicted box >=25% image area
oi-63f967b2b0da649d,data/raw/openimages/earphones/oi-63f967b2b0da649d.jpg,5667202189b7c4d7f1f56aff7aa65ba8c2f1fe0db42a6a9f7b89bcc9f3551081,6,,,open-images-official,,train,approved,campus-public-expanded-v1,open_images,63f967b2b0da649d,https://www.flickr.com/photos/kalleboo/2290818949,https://c6.staticflickr.com/4/3165/2290818949_9a16b0f6ed_o.jpg,https://open-images-dataset.s3.amazonaws.com/validation/63f967b2b0da649d.jpg,Karl Baron,https://creativecommons.org/licenses/by/2.0/,https://creativecommons.org/licenses/by/2.0/,oi-63f967b2b0da649d,Codex visual inspection: one identifiable target within frozen definition,f0d818780d977a4f,1024,768,2026-10-07T17:56:01+08:00,Open Images V7 public validation image / V5 human boxable labels
commons-126773395,data/raw/commons/earphones/commons-126773395.jpg,b3fa894acaf26e75ebfd2c142819b862632e37c2a28070b4d8136ecbd6c63fb8,6,,,commons-api,,train,approved,campus-public-expanded-v1,wikimedia_commons,126773395,https://commons.wikimedia.org/wiki/File:GPods.jpg,https://upload.wikimedia.org/wikipedia/commons/3/3d/GPods.jpg?utm_source=commons.wikimedia.org&utm_campaign=imageinfo&utm_content=original,https://thumb.wikimedia.org/wikipedia/commons/thumb/3/3d/GPods.jpg/960px-GPods.jpg?utm_source=commons.wikimedia.org&utm_campaign=imageinfo&utm_content=thumbnail,HHOPLA,CC BY-SA 4.0,https://creativecommons.org/licenses/by-sa/4.0,commons-126773395,Codex visual inspection: one earphone pair/unit or listening set is primary,1c9c7386e61c8d73,960,960,2026-10-07T20:02:15+08:00,Commons file timestamp=2022-12-19T07:35:16Z; source sha1=eec106b8557d98502282e0e94594c7d12982af98; requested thumbnail=960px
commons-8988972,data/raw/commons/earphones/commons-8988972.jpg,49743a155fc4d04b4db0c2805aebda242b29a853b70dd45451b84f9505d652c9,6,,,commons-api,,train,approved,campus-public-expanded-v1,wikimedia_commons,8988972,https://commons.wikimedia.org/wiki/File:UE_SuperFi5pro.JPG,https://upload.wikimedia.org/wikipedia/commons/d/d4/UE_SuperFi5pro.JPG?utm_source=commons.wikimedia.org&utm_campaign=imageinfo&utm_content=original,https://thumb.wikimedia.org/wikipedia/commons/thumb/d/d4/UE_SuperFi5pro.JPG/960px-UE_SuperFi5pro.JPG?utm_source=commons.wikimedia.org&utm_campaign=imageinfo&utm_content=thumbnail,Kansai explorer,CC BY 3.0,https://creativecommons.org/licenses/by/3.0,commons-8988972,Codex visual inspection: one identifiable complete earphone unit/pair/listening set is principal,8367fcf8128292db,960,720,2026-10-07T20:06:48+08:00,Commons file timestamp=2010-01-15T13:36:35Z; source sha1=b0a42d07cdbe772ba9e22a9c34f49e39a04e99c0; requested thumbnail=960px
oi-b5108b5b47b42463,data/raw/openimages/earphones/oi-b5108b5b47b42463.jpg,c97aab9ccfc3dd6c930afee2cab6c0283d649eea9a7d51c7c912d1d401c837e8,6,,,open-images-official,,train,approved,campus-public-expanded-v1,open_images,b5108b5b47b42463,https://www.flickr.com/photos/asimzb/5346304924,https://farm4.staticflickr.com/5005/5346304924_038a593f18_o.jpg,https://open-images-dataset.s3.amazonaws.com/test/b5108b5b47b42463.jpg,Asim Bijarani,https://creativecommons.org/licenses/by/2.0/,https://creativecommons.org/licenses/by/2.0/,oi-b5108b5b47b42463,Codex visual inspection: one identifiable physical target within confirmed definition,49fc2943af198477,1024,685,2026-10-07T18:12:45+08:00,Open Images V7 public test image / V5 human boxable labels; one non-depicted box >=25% image area
commons-12099180,data/raw/commons/earphones/commons-12099180.jpg,da34af804178ecf0764763a10534382ab025af6a9e1de49e4138a5e2923b5806,6,,,commons-api,,train,approved,campus-public-expanded-v1,wikimedia_commons,12099180,https://commons.wikimedia.org/wiki/File:Aiwa_Sound_GT_-_Right_ear_bud_(Sold_circa_mid_90s).jpg,https://upload.wikimedia.org/wikipedia/commons/3/3f/Aiwa_Sound_GT_-_Right_ear_bud_%28Sold_circa_mid_90s%29.jpg?utm_source=commons.wikimedia.org&utm_campaign=imageinfo&utm_content=original,https://thumb.wikimedia.org/wikipedia/commons/thumb/3/3f/Aiwa_Sound_GT_-_Right_ear_bud_%28Sold_circa_mid_90s%29.jpg/1280px-Aiwa_Sound_GT_-_Right_ear_bud_%28Sold_circa_mid_90s%29.jpg?utm_source=commons.wikimedia.org&utm_campaign=imageinfo&utm_content=thumbnail,en:User:MMuzammils,CC BY-SA 3.0,https://creativecommons.org/licenses/by-sa/3.0,commons-12099180,Codex visual review of contact sheet: one identifiable target within frozen category definition,c1e4ce273bd20d39,1280,960,2026-10-07T14:57:25+08:00,Early collection; original source revision not retained; local downloaded rendition SHA-256=da34af804178ecf0764763a10534382ab025af6a9e1de49e4138a5e2923b5806; download time recovered from original local file mtime
oi-9c99cf700c9de073,data/raw/openimages/earphones/oi-9c99cf700c9de073.jpg,db371a2234e9ad1cafc5ff14c73f4a3575c3fce1936bdbb75bb360536b154cf3,6,,,open-images-official,,train,approved,campus-public-expanded-v1,open_images,9c99cf700c9de073,https://www.flickr.com/photos/mujitra/9174957114,https://farm4.staticflickr.com/3731/9174957114_b0a0b35562_o.jpg,https://open-images-dataset.s3.amazonaws.com/validation/9c99cf700c9de073.jpg,MIKI Yoshihito,https://creativecommons.org/licenses/by/2.0/,https://creativecommons.org/licenses/by/2.0/,oi-9c99cf700c9de073,Codex visual inspection: one identifiable target within frozen definition,d61a4969ac83937d,1024,683,2026-10-07T17:51:31+08:00,Open Images V7 public validation image / V5 human boxable labels
commons-75429341,data/raw/commons/earphones/commons-75429341.jpg,1ac698315f00368770d02662c1f4731314f32ee1aa22da4d8646afe1b8f8a5d4,6,,,commons-api,,train,approved,campus-public-expanded-v1,wikimedia_commons,75429341,https://commons.wikimedia.org/wiki/File:AKG_Samsung_bundle_earphone.jpg,https://upload.wikimedia.org/wikipedia/commons/3/35/AKG_Samsung_bundle_earphone.jpg?utm_source=commons.wikimedia.org&utm_campaign=imageinfo&utm_content=original,https://thumb.wikimedia.org/wikipedia/commons/thumb/3/35/AKG_Samsung_bundle_earphone.jpg/1280px-AKG_Samsung_bundle_earphone.jpg?utm_source=commons.wikimedia.org&utm_campaign=imageinfo&utm_content=thumbnail,Kgw1226,CC BY-SA 4.0,https://creativecommons.org/licenses/by-sa/4.0,commons-75429341,Codex visual review of contact sheet: one identifiable target within frozen category definition,5a3125337369c9c7,1280,960,2026-10-07T15:03:42+08:00,Early collection; original source revision not retained; local downloaded rendition SHA-256=1ac698315f00368770d02662c1f4731314f32ee1aa22da4d8646afe1b8f8a5d4; download time recovered from original local file mtime
commons-123914624,data/raw/commons/earphones/commons-123914624.jpg,30e456711bd40e353f901b058da74c6ec36bf365ca5217cb868092749b18d04a,6,,,commons-api,,train,approved,campus-public-expanded-v1,wikimedia_commons,123914624,https://commons.wikimedia.org/wiki/File:JBL_Endurance_Peak_3_-_3.jpg,https://upload.wikimedia.org/wikipedia/commons/3/3e/JBL_Endurance_Peak_3_-_3.jpg?utm_source=commons.wikimedia.org&utm_campaign=imageinfo&utm_content=original,https://thumb.wikimedia.org/wikipedia/commons/thumb/3/3e/JBL_Endurance_Peak_3_-_3.jpg/960px-JBL_Endurance_Peak_3_-_3.jpg?utm_source=commons.wikimedia.org&utm_campaign=imageinfo&utm_content=thumbnail,KKPCW（Kyu3）,CC BY-SA 4.0,https://creativecommons.org/licenses/by-sa/4.0,commons-123914624,Codex visual inspection: one earphone pair/unit or listening set is primary,2976bb31834947ad,960,960,2026-10-07T20:02:56+08:00,Commons file timestamp=2022-10-08T12:54:51Z; source sha1=0a80a10ca5656aec0e068384e884714e9016e135; requested thumbnail=960px
commons-123914626,data/raw/commons/earphones/commons-123914626.jpg,d839b10e82a44dff185ac9805cfd1dd2c5d1b3289277c8452bfe11bd63751693,6,,,commons-api,,train,approved,campus-public-expanded-v1,wikimedia_commons,123914626,https://commons.wikimedia.org/wiki/File:JBL_Endurance_Peak_3_-_2.jpg,https://upload.wikimedia.org/wikipedia/commons/0/05/JBL_Endurance_Peak_3_-_2.jpg?utm_source=commons.wikimedia.org&utm_campaign=imageinfo&utm_content=original,https://thumb.wikimedia.org/wikipedia/commons/thumb/0/05/JBL_Endurance_Peak_3_-_2.jpg/960px-JBL_Endurance_Peak_3_-_2.jpg?utm_source=commons.wikimedia.org&utm_campaign=imageinfo&utm_content=thumbnail,KKPCW（Kyu3）,CC BY-SA 4.0,https://creativecommons.org/licenses/by-sa/4.0,commons-123914624,Codex visual inspection: one earphone pair/unit or listening set is primary,169c5bd9604b978d,960,1280,2026-10-07T20:03:03+08:00,Commons file timestamp=2022-10-08T12:54:52Z; source sha1=86931bb019a39032c48e329f47a050b97381de68; requested thumbnail=960px
oi-c7849e47a699da45,data/raw/openimages/earphones/oi-c7849e47a699da45.jpg,f1ccdf2892cec16d0409970e30f0ada9f72c20681f8b5bd3de67e6e7dc39fdde,6,,,open-images-official,,train,approved,campus-public-expanded-v1,open_images,c7849e47a699da45,https://www.flickr.com/photos/nikonvscanon/715473620,https://farm6.staticflickr.com/1134/715473620_132de1a764_o.jpg,https://open-images-dataset.s3.amazonaws.com/test/c7849e47a699da45.jpg,David Blaikie,https://creativecommons.org/licenses/by/2.0/,https://creativecommons.org/licenses/by/2.0/,oi-c7849e47a699da45,Codex visual inspection: one identifiable physical target within confirmed definition,6cc9e4193473998f,1024,768,2026-10-07T18:10:19+08:00,Open Images V7 public test image / V5 human boxable labels; one non-depicted box >=25% image area
commons-61196684,data/raw/commons/earphones/commons-61196684.jpg,48c79b48674ae9a60afdd06da25893cb2b60da844043cd90e8784affd7fa0abf,6,,,commons-api,,train,approved,campus-public-expanded-v1,wikimedia_commons,61196684,https://commons.wikimedia.org/wiki/File:Twinwoofers_M_2.0_In-Ear_Headphones.jpg,https://upload.wikimedia.org/wikipedia/commons/6/6c/Twinwoofers_M_2.0_In-Ear_Headphones.jpg?utm_source=commons.wikimedia.org&utm_campaign=imageinfo&utm_content=original,https://thumb.wikimedia.org/wikipedia/commons/thumb/6/6c/Twinwoofers_M_2.0_In-Ear_Headphones.jpg/500px-Twinwoofers_M_2.0_In-Ear_Headphones.jpg?utm_source=commons.wikimedia.org&utm_campaign=imageinfo&utm_content=thumbnail,Tekfusion Technologies,CC BY-SA 2.0,https://creativecommons.org/licenses/by-sa/2.0,commons-61196684,Codex visual inspection: one identifiable complete earphone unit/pair/listening set is principal,5b67b110060ff3f1,500,500,2026-10-07T20:07:00+08:00,Commons file timestamp=2017-07-20T06:58:22Z; source sha1=3c07ec94d86e1f99a4ab0e5d7106b2d7a5188ecf; requested thumbnail=500px
oi-f69353547a79cac3,data/raw/openimages/earphones/oi-f69353547a79cac3.jpg,a18cd2f6732676d7b921d9833c801b8423968ad810fa1cc5c27d38ed0dfe2917,6,,,open-images-official,,train,approved,campus-public-expanded-v1,open_images,f69353547a79cac3,https://www.flickr.com/photos/aidanwojtas/3827932797,https://farm4.staticflickr.com/2478/3827932797_f6b4511db3_o.jpg,https://open-images-dataset.s3.amazonaws.com/test/f69353547a79cac3.jpg,Aidan,https://creativecommons.org/licenses/by/2.0/,https://creativecommons.org/licenses/by/2.0/,oi-f69353547a79cac3,Codex visual inspection: one identifiable physical target within confirmed definition,7b2949a18607edd3,1024,768,2026-10-07T18:10:22+08:00,Open Images V7 public test image / V5 human boxable labels; one non-depicted box >=25% image area
oi-04148d451d34d720,data/raw/openimages/earphones/oi-04148d451d34d720.jpg,d280db184b9283efce5907538cbe2049ea271177c4f4ae542ff1804eeb861714,6,,,open-images-official,,train,approved,campus-public-expanded-v1,open_images,04148d451d34d720,https://www.flickr.com/photos/av_hire_london/5579224313,https://farm1.staticflickr.com/5171/5579224313_a267ded8e1_o.jpg,https://open-images-dataset.s3.amazonaws.com/test/04148d451d34d720.jpg,AV Hire London,https://creativecommons.org/licenses/by/2.0/,https://creativecommons.org/licenses/by/2.0/,oi-04148d451d34d720,Codex visual inspection: one identifiable physical target within confirmed definition,c32981ad16bde857,875,1024,2026-10-07T18:06:19+08:00,Open Images V7 public test image / V5 human boxable labels; one non-depicted box >=25% image area
oi-dc8857479b0c8d32,data/raw/openimages/earphones/oi-dc8857479b0c8d32.jpg,2bbed33b1477738e0aedb384a12dc20578610f8f8c71a2ff76ffd2142ba92bcd,6,,,open-images-official,,train,approved,campus-public-expanded-v1,open_images,dc8857479b0c8d32,https://www.flickr.com/photos/jimmybenson/6311981004,https://farm3.staticflickr.com/6119/6311981004_38ceed99de_o.jpg,https://open-images-dataset.s3.amazonaws.com/validation/dc8857479b0c8d32.jpg,Jan-Willem Reusink,https://creativecommons.org/licenses/by/2.0/,https://creativecommons.org/licenses/by/2.0/,oi-dc8857479b0c8d32,Codex visual inspection: one identifiable target within frozen definition,945a8b69d983327d,1024,680,2026-10-07T17:54:54+08:00,Open Images V7 public validation image / V5 human boxable labels
commons-176372892,data/raw/commons/earphones/commons-176372892.jpg,3736ad0d00d6f4777eb830a035a648e4cb2f4eae1b714d788166c79ce7cb3459,6,,,commons-api,,train,approved,campus-public-expanded-v1,wikimedia_commons,176372892,https://commons.wikimedia.org/wiki/File:Promat_earpods.jpg,https://upload.wikimedia.org/wikipedia/commons/f/fe/Promat_earpods.jpg?utm_source=commons.wikimedia.org&utm_campaign=imageinfo&utm_content=original,https://thumb.wikimedia.org/wikipedia/commons/thumb/f/fe/Promat_earpods.jpg/960px-Promat_earpods.jpg?utm_source=commons.wikimedia.org&utm_campaign=imageinfo&utm_content=thumbnail,Shiva Theerthagiri,CC BY 4.0,https://creativecommons.org/licenses/by/4.0,commons-176372892,Codex visual inspection: one earphone pair/unit or listening set is primary,8e3b6ddc912703d1,960,2132,2026-10-07T20:05:51+08:00,Commons file timestamp=2025-10-09T08:34:25Z; source sha1=e548539a37d85e88fc2be1feca9105df9f42a626; requested thumbnail=960px
oi-14eaab08037c5b17,data/raw/openimages/earphones/oi-14eaab08037c5b17.jpg,d85027e27eb3abacfe7bd9be3d297843cd52a0ac4e501f0dbcd3ca778092c5b2,6,,,open-images-official,,train,approved,campus-public-expanded-v1,open_images,14eaab08037c5b17,https://www.flickr.com/photos/yu_chuan/3196011358,https://farm8.staticflickr.com/3132/3196011358_3ef288dab5_o.jpg,https://open-images-dataset.s3.amazonaws.com/test/14eaab08037c5b17.jpg,lovesx-70,https://creativecommons.org/licenses/by/2.0/,https://creativecommons.org/licenses/by/2.0/,oi-14eaab08037c5b17,Codex visual inspection: one identifiable physical target within confirmed definition,11194d134fa3f17d,1024,768,2026-10-07T18:07:39+08:00,Open Images V7 public test image / V5 human boxable labels; one non-depicted box >=25% image area
commons-47742331,data/raw/commons/earphones/commons-47742331.jpg,c14d8d7b1ff8a8ec24584ed970517a9b07c47de50ea99d0c987f3762bbac8f27,6,,,commons-api,,train,approved,campus-public-expanded-v1,wikimedia_commons,47742331,https://commons.wikimedia.org/wiki/File:Xiaomi_Hybrid_Dual_Drivers_Earphones.jpg,https://upload.wikimedia.org/wikipedia/commons/9/90/Xiaomi_Hybrid_Dual_Drivers_Earphones.jpg?utm_source=commons.wikimedia.org&utm_campaign=imageinfo&utm_content=original,https://thumb.wikimedia.org/wikipedia/commons/thumb/9/90/Xiaomi_Hybrid_Dual_Drivers_Earphones.jpg/960px-Xiaomi_Hybrid_Dual_Drivers_Earphones.jpg?utm_source=commons.wikimedia.org&utm_campaign=imageinfo&utm_content=thumbnail,☰☵ Michele M. F.,CC BY-SA 2.0,https://creativecommons.org/licenses/by-sa/2.0,commons-47742331,Codex visual inspection: one identifiable complete earphone unit/pair/listening set is principal,33a303436b99dc6d,960,960,2026-10-07T20:07:43+08:00,Commons file timestamp=2016-03-25T05:49:26Z; source sha1=c1f07953997290830ff4c3fcb0967bbebd1f4796; requested thumbnail=960px
oi-5154dcba9b9dfe0b,data/raw/openimages/earphones/oi-5154dcba9b9dfe0b.jpg,4965ab40ffa5e193e9145037471384ebc3483ec3cb37bc2bd12c019d869e85f2,6,,,open-images-official,,train,approved,campus-public-expanded-v1,open_images,5154dcba9b9dfe0b,https://www.flickr.com/photos/somegeekintn/3809420605,https://c4.staticflickr.com/4/3443/3809420605_ccdec3a584_o.jpg,https://open-images-dataset.s3.amazonaws.com/validation/5154dcba9b9dfe0b.jpg,Casey Fleser,https://creativecommons.org/licenses/by/2.0/,https://creativecommons.org/licenses/by/2.0/,oi-5154dcba9b9dfe0b,Codex visual inspection: one identifiable target within frozen definition,634ad6131cadc8ed,1024,677,2026-10-07T17:54:52+08:00,Open Images V7 public validation image / V5 human boxable labels
commons-9934467,data/raw/commons/earphones/commons-9934467.jpg,91431c5427d856eaa35bf0f22af59c24300c54ea3f6d8e7aa1e69dbe0bde3e98,6,,,commons-api,,train,approved,campus-public-expanded-v1,wikimedia_commons,9934467,https://commons.wikimedia.org/wiki/File:Ecouteur_du_Nokia_5800_XpressMusic.JPG,https://upload.wikimedia.org/wikipedia/commons/3/32/Ecouteur_du_Nokia_5800_XpressMusic.JPG?utm_source=commons.wikimedia.org&utm_campaign=imageinfo&utm_content=original,https://thumb.wikimedia.org/wikipedia/commons/thumb/3/32/Ecouteur_du_Nokia_5800_XpressMusic.JPG/1280px-Ecouteur_du_Nokia_5800_XpressMusic.JPG?utm_source=commons.wikimedia.org&utm_campaign=imageinfo&utm_content=thumbnail,France64160,CC BY-SA 3.0,https://creativecommons.org/licenses/by-sa/3.0,commons-9934467,Codex visual review of contact sheet: one identifiable target within frozen category definition,723831991bcd876d,1280,1054,2026-10-07T15:13:17+08:00,Early collection; original source revision not retained; local downloaded rendition SHA-256=91431c5427d856eaa35bf0f22af59c24300c54ea3f6d8e7aa1e69dbe0bde3e98; download time recovered from original local file mtime
oi-43780b475de45751,data/raw/openimages/earphones/oi-43780b475de45751.jpg,614cf602f64cbcfcb62fc92f37ab65133f35c77ccbeaea122c3d738e501bb67a,6,,,open-images-official,,train,approved,campus-public-expanded-v1,open_images,43780b475de45751,https://www.flickr.com/photos/rodrigogalindez/265735611,https://farm2.staticflickr.com/91/265735611_bda986b3e2_o.jpg,https://open-images-dataset.s3.amazonaws.com/test/43780b475de45751.jpg,Rodrigo Galindez,https://creativecommons.org/licenses/by/2.0/,https://creativecommons.org/licenses/by/2.0/,oi-43780b475de45751,Codex visual inspection: one identifiable physical target within confirmed definition,3c333343b467c31d,1024,1024,2026-10-07T18:14:02+08:00,Open Images V7 public test image / V5 human boxable labels; one non-depicted box >=25% image area
oi-34da803c6cae973c,data/raw/openimages/earphones/oi-34da803c6cae973c.jpg,c8e93cec6eac257975f37fa722aeb56facfa52c9833f5605f18c088cf6b68537,6,,,open-images-official,,train,approved,campus-public-expanded-v1,open_images,34da803c6cae973c,https://www.flickr.com/photos/nestosjp/6865126633,https://c5.staticflickr.com/8/7065/6865126633_fe18f4190c_o.jpg,https://open-images-dataset.s3.amazonaws.com/test/34da803c6cae973c.jpg,Nestor Correa Mayo,https://creativecommons.org/licenses/by/2.0/,https://creativecommons.org/licenses/by/2.0/,oi-34da803c6cae973c,Codex visual inspection: one identifiable physical target within confirmed definition,197d41132e0b56ef,1024,875,2026-10-07T18:03:56+08:00,Open Images V7 public test image / V5 human boxable labels; one non-depicted box >=25% image area
oi-b4c3b7b7d76b2bf2,data/raw/openimages/earphones/oi-b4c3b7b7d76b2bf2.jpg,143d71ed21bbd8ac098912a797606a04d6432b39f29e5dbef4e06361c56eebe9,6,,,open-images-official,,train,approved,campus-public-expanded-v1,open_images,b4c3b7b7d76b2bf2,https://www.flickr.com/photos/bfishadow/4865410766,https://farm3.staticflickr.com/4093/4865410766_f1f7c6d44c_o.jpg,https://open-images-dataset.s3.amazonaws.com/validation/b4c3b7b7d76b2bf2.jpg,bfishadow,https://creativecommons.org/licenses/by/2.0/,https://creativecommons.org/licenses/by/2.0/,oi-b4c3b7b7d76b2bf2,Codex visual inspection: one identifiable target within frozen definition,2cbce361becd5013,1024,768,2026-10-07T17:52:36+08:00,Open Images V7 public validation image / V5 human boxable labels
commons-122524905,data/raw/commons/earphones/commons-122524905.jpg,57b4fafe55758f59e1cda59a9d2ce64856023ca07a3f3a16e976bcd5fbce9181,6,,,commons-api,,train,approved,campus-public-expanded-v1,wikimedia_commons,122524905,https://commons.wikimedia.org/wiki/File:ACE_GO%E3%81%AELightning%E3%82%A4%E3%83%A4%E3%83%9B%E3%83%B3.jpg,https://upload.wikimedia.org/wikipedia/commons/1/1b/ACE_GO%E3%81%AELightning%E3%82%A4%E3%83%A4%E3%83%9B%E3%83%B3.jpg?utm_source=commons.wikimedia.org&utm_campaign=imageinfo&utm_content=original,https://thumb.wikimedia.org/wikipedia/commons/thumb/1/1b/ACE_GO%E3%81%AELightning%E3%82%A4%E3%83%A4%E3%83%9B%E3%83%B3.jpg/960px-ACE_GO%E3%81%AELightning%E3%82%A4%E3%83%A4%E3%83%9B%E3%83%B3.jpg?utm_source=commons.wikimedia.org&utm_campaign=imageinfo&utm_content=thumbnail,KKPCW（Kyu3）,CC BY-SA 4.0,https://creativecommons.org/licenses/by-sa/4.0,commons-122524905,Codex visual inspection: one earphone pair/unit or listening set is primary,8c615c79f3dc8907,960,1707,2026-10-07T20:01:14+08:00,Commons file timestamp=2022-09-01T08:40:54Z; source sha1=9ec692926f8e126920dd4f4fd37a3921d71dbc71; requested thumbnail=960px
commons-25827646,data/raw/commons/earphones/commons-25827646.jpeg,df55c0ba75f726d89fe5db59609272e9d2a346bc75c52e6bcb3f998530eb07d8,6,,,commons-api,,train,approved,campus-public-expanded-v1,wikimedia_commons,25827646,https://commons.wikimedia.org/wiki/File:MW600.jpeg,https://upload.wikimedia.org/wikipedia/commons/3/33/MW600.jpeg?utm_source=commons.wikimedia.org&utm_campaign=imageinfo&utm_content=original,https://thumb.wikimedia.org/wikipedia/commons/thumb/3/33/MW600.jpeg/960px-MW600.jpeg?utm_source=commons.wikimedia.org&utm_campaign=imageinfo&utm_content=thumbnail,User:Ryuch,CC BY-SA 3.0,https://creativecommons.org/licenses/by-sa/3.0,commons-25827646,Codex visual inspection: one earphone pair/unit or listening set is primary,52248d16d6e92b6f,960,720,2026-10-07T20:03:26+08:00,Commons file timestamp=2013-04-30T01:28:33Z; source sha1=39a4648e1dd5759be36f7cacc2d9459ebc2f4bba; requested thumbnail=960px
commons-12110029,data/raw/commons/earphones/commons-12110029.jpg,72aed53e8ed31e7487426035760aad07da684639fe73f37753bc4cc686a00965,6,,,commons-api,,train,approved,campus-public-expanded-v1,wikimedia_commons,12110029,https://commons.wikimedia.org/wiki/File:Etymotic_Research_Hf5.JPG,https://upload.wikimedia.org/wikipedia/commons/b/b1/Etymotic_Research_Hf5.JPG?utm_source=commons.wikimedia.org&utm_campaign=imageinfo&utm_content=original,https://thumb.wikimedia.org/wikipedia/commons/thumb/b/b1/Etymotic_Research_Hf5.JPG/1280px-Etymotic_Research_Hf5.JPG?utm_source=commons.wikimedia.org&utm_campaign=imageinfo&utm_content=thumbnail,Kansai explorer,CC BY 3.0,https://creativecommons.org/licenses/by/3.0,commons-12110029,Codex visual review of contact sheet: one identifiable target within frozen category definition,c61933c313f30d1f,1280,960,2026-10-07T15:13:20+08:00,Early collection; original source revision not retained; local downloaded rendition SHA-256=72aed53e8ed31e7487426035760aad07da684639fe73f37753bc4cc686a00965; download time recovered from original local file mtime
oi-75ee3538a05ce6e9,data/raw/openimages/earphones/oi-75ee3538a05ce6e9.jpg,26a794a661653fe803172d5062340335a695d84d455bc159f6d98e0777b9a88e,6,,,open-images-official,,train,approved,campus-public-expanded-v1,open_images,75ee3538a05ce6e9,https://www.flickr.com/photos/jabneyhastings/4916095743,https://c2.staticflickr.com/5/4136/4916095743_8e4a3a3a5c_o.jpg,https://open-images-dataset.s3.amazonaws.com/test/75ee3538a05ce6e9.jpg,jabneyhastings,https://creativecommons.org/licenses/by/2.0/,https://creativecommons.org/licenses/by/2.0/,oi-75ee3538a05ce6e9,Codex visual inspection: one identifiable physical target within confirmed definition,27183ce386a5e31f,1024,765,2026-10-07T18:10:32+08:00,Open Images V7 public test image / V5 human boxable labels; one non-depicted box >=25% image area
oi-8e9714f21542b375,data/raw/openimages/earphones/oi-8e9714f21542b375.jpg,78c0bfa1d25a4ba375ea0bd918490058b24ffa3a2b531282f3af7315c8bc853b,6,,,open-images-official,,train,approved,campus-public-expanded-v1,open_images,8e9714f21542b375,https://www.flickr.com/photos/51219817@N04/4777334194,https://farm6.staticflickr.com/4138/4777334194_6c22c2003a_o.jpg,https://open-images-dataset.s3.amazonaws.com/test/8e9714f21542b375.jpg,gcg2009,https://creativecommons.org/licenses/by/2.0/,https://creativecommons.org/licenses/by/2.0/,oi-8e9714f21542b375,Codex visual inspection: one identifiable physical target within confirmed definition,7969c3739c07609d,855,1024,2026-10-07T18:09:48+08:00,Open Images V7 public test image / V5 human boxable labels; one non-depicted box >=25% image area
oi-0908dd33cf950266,data/raw/openimages/earphones/oi-0908dd33cf950266.jpg,b5ba67e447c79ff25cdd01fb01d76e948fa8fc45322293f770ddd433dc67f4cc,6,,,open-images-official,,train,approved,campus-public-expanded-v1,open_images,0908dd33cf950266,https://www.flickr.com/photos/orinrobertjohn/2559333952,https://farm7.staticflickr.com/3272/2559333952_d4ee4a70fb_o.jpg,https://open-images-dataset.s3.amazonaws.com/validation/0908dd33cf950266.jpg,Orin Zebest,https://creativecommons.org/licenses/by/2.0/,https://creativecommons.org/licenses/by/2.0/,oi-0908dd33cf950266,Codex visual inspection: one identifiable target within frozen definition,a69b799b44e13a45,1024,683,2026-10-07T17:45:57+08:00,Open Images V7 public validation image / V5 human boxable labels
oi-846b1618b324bd91,data/raw/openimages/earphones/oi-846b1618b324bd91.jpg,fe2f1de335b14c2627953ad4d5fc343d0abf0d883aaf885797a8390885b72424,6,,,open-images-official,,train,approved,campus-public-expanded-v1,open_images,846b1618b324bd91,https://www.flickr.com/photos/fire_eyes/4511778238,https://farm2.staticflickr.com/2071/4511778238_7d4b683c77_o.jpg,https://open-images-dataset.s3.amazonaws.com/test/846b1618b324bd91.jpg,Fire_Eyes,https://creativecommons.org/licenses/by/2.0/,https://creativecommons.org/licenses/by/2.0/,oi-846b1618b324bd91,Codex visual inspection: one identifiable physical target within confirmed definition,cd6f263139d14467,1024,696,2026-10-07T18:04:53+08:00,Open Images V7 public test image / V5 human boxable labels; one non-depicted box >=25% image area
oi-456554233f51cb14,data/raw/openimages/earphones/oi-456554233f51cb14.jpg,91d8649134cc59ad2a98bb5ee69a45843c37715a4358449b75557e2597a3e411,6,,,open-images-official,,train,approved,campus-public-expanded-v1,open_images,456554233f51cb14,https://www.flickr.com/photos/alexkehr/25389476,https://farm5.staticflickr.com/23/25389476_21485a128a_o.jpg,https://open-images-dataset.s3.amazonaws.com/test/456554233f51cb14.jpg,Alex Kehr,https://creativecommons.org/licenses/by/2.0/,https://creativecommons.org/licenses/by/2.0/,oi-456554233f51cb14,Codex visual inspection: one identifiable physical target within confirmed definition,1f34edc4a3235353,1024,768,2026-10-07T18:09:54+08:00,Open Images V7 public test image / V5 human boxable labels; one non-depicted box >=25% image area
oi-d871866d69f583d1,data/raw/openimages/earphones/oi-d871866d69f583d1.jpg,ed4f42d811d9c1a9c2abd1c3c8f662d0f7a1d495f86d4061d932e031557f4601,6,,,open-images-official,,train,approved,campus-public-expanded-v1,open_images,d871866d69f583d1,https://www.flickr.com/photos/vanf/8413160447,https://farm2.staticflickr.com/8087/8413160447_7fd8c26ec6_o.jpg,https://open-images-dataset.s3.amazonaws.com/validation/d871866d69f583d1.jpg,Daniel Novta,https://creativecommons.org/licenses/by/2.0/,https://creativecommons.org/licenses/by/2.0/,oi-d871866d69f583d1,Codex visual inspection: one identifiable target within frozen definition,38b882e8ec9b9a6d,1024,768,2026-10-07T17:43:24+08:00,Open Images V7 public validation image / V5 human boxable labels
oi-b9f301f5f569bd64,data/raw/openimages/earphones/oi-b9f301f5f569bd64.jpg,b63042d41090e1c1c177850e0d9c4628eb353b8c720b04c840ec6e907be437da,6,,,open-images-official,,train,approved,campus-public-expanded-v1,open_images,b9f301f5f569bd64,https://www.flickr.com/photos/perkovich/14503860227,https://farm5.staticflickr.com/3893/14503860227_c2734089cb_o.jpg,https://open-images-dataset.s3.amazonaws.com/test/b9f301f5f569bd64.jpg,Per Åström,https://creativecommons.org/licenses/by/2.0/,https://creativecommons.org/licenses/by/2.0/,oi-b9f301f5f569bd64,Codex visual inspection: one identifiable target within frozen definition,32f1d34b07201bf7,768,768,2026-10-07T18:03:51+08:00,Open Images V7 public test image / V5 human boxable labels; one non-depicted box >=25% image area
oi-afb1f38678e2f2f8,data/raw/openimages/earphones/oi-afb1f38678e2f2f8.jpg,9a7c7972695749290bae281ff5cd942621da5fb28dc18bcaa496476245ab6840,6,,,open-images-official,,train,approved,campus-public-expanded-v1,open_images,afb1f38678e2f2f8,https://www.flickr.com/photos/seanfx/4844985289,https://c1.staticflickr.com/5/4103/4844985289_f2ebdc5008_o.jpg,https://open-images-dataset.s3.amazonaws.com/test/afb1f38678e2f2f8.jpg,Sean McMenemy,https://creativecommons.org/licenses/by/2.0/,https://creativecommons.org/licenses/by/2.0/,oi-afb1f38678e2f2f8,Codex visual inspection: one identifiable physical target within confirmed definition,c9f34c59c6415557,1024,768,2026-10-07T18:12:09+08:00,Open Images V7 public test image / V5 human boxable labels; one non-depicted box >=25% image area
oi-577dd20d0d47b917,data/raw/openimages/earphones/oi-577dd20d0d47b917.jpg,d51a26f48c11cb0b5a3aa1e200dd02ded2790ed08ab09a478fc1923ddb946a51,6,,,open-images-official,,train,approved,campus-public-expanded-v1,open_images,577dd20d0d47b917,https://www.flickr.com/photos/jtjdt/4817193738,https://farm8.staticflickr.com/4102/4817193738_780f1cbe94_o.jpg,https://open-images-dataset.s3.amazonaws.com/test/577dd20d0d47b917.jpg,Joseph Thornton,https://creativecommons.org/licenses/by/2.0/,https://creativecommons.org/licenses/by/2.0/,oi-577dd20d0d47b917,Codex visual inspection: one identifiable physical target within confirmed definition,12c5613e9e61a5db,1024,765,2026-10-07T18:09:30+08:00,Open Images V7 public test image / V5 human boxable labels; one non-depicted box >=25% image area
commons-186243697,data/raw/commons/earphones/commons-186243697.jpg,3b21b563baba438e2f685695ea9801d40ede270106d1353d011cb527b6a92be4,6,,,commons-api,,train,approved,campus-public-expanded-v1,wikimedia_commons,186243697,https://commons.wikimedia.org/wiki/File:Baseus_Bowie_MC1_-_15.jpg,https://upload.wikimedia.org/wikipedia/commons/b/b1/Baseus_Bowie_MC1_-_15.jpg?utm_source=commons.wikimedia.org&utm_campaign=imageinfo&utm_content=original,https://thumb.wikimedia.org/wikipedia/commons/thumb/b/b1/Baseus_Bowie_MC1_-_15.jpg/1280px-Baseus_Bowie_MC1_-_15.jpg?utm_source=commons.wikimedia.org&utm_campaign=imageinfo&utm_content=thumbnail,Kyu3a,CC BY-SA 4.0,https://creativecommons.org/licenses/by-sa/4.0,commons-186243697,Codex visual review of contact sheet: one identifiable target within frozen category definition,911af14976819f57,1280,1280,2026-10-07T15:06:05+08:00,Early collection; original source revision not retained; local downloaded rendition SHA-256=3b21b563baba438e2f685695ea9801d40ede270106d1353d011cb527b6a92be4; download time recovered from original local file mtime
commons-186243699,data/raw/commons/earphones/commons-186243699.jpg,2e8c2d48bb55e7f5859477ec0a1f93d328d8db334a13e415e4f07ea1b336627b,6,,,commons-api,,train,approved,campus-public-expanded-v1,wikimedia_commons,186243699,https://commons.wikimedia.org/wiki/File:Baseus_Bowie_MC1_-_8.jpg,https://upload.wikimedia.org/wikipedia/commons/2/21/Baseus_Bowie_MC1_-_8.jpg?utm_source=commons.wikimedia.org&utm_campaign=imageinfo&utm_content=original,https://thumb.wikimedia.org/wikipedia/commons/thumb/2/21/Baseus_Bowie_MC1_-_8.jpg/1280px-Baseus_Bowie_MC1_-_8.jpg?utm_source=commons.wikimedia.org&utm_campaign=imageinfo&utm_content=thumbnail,Kyu3a,CC BY-SA 4.0,https://creativecommons.org/licenses/by-sa/4.0,commons-186243697,Codex visual review of contact sheet: one identifiable target within frozen category definition,0939e369e18b3957,1280,1280,2026-10-07T15:06:10+08:00,Early collection; original source revision not retained; local downloaded rendition SHA-256=2e8c2d48bb55e7f5859477ec0a1f93d328d8db334a13e415e4f07ea1b336627b; download time recovered from original local file mtime
commons-63016363,data/raw/commons/earphones/commons-63016363.jpg,bb277740c2b8cca7ee76efe6bd3fa9987db5ed5c73d8a62850ec397d211b04ee,6,,,commons-api,,train,approved,campus-public-expanded-v1,wikimedia_commons,63016363,https://commons.wikimedia.org/wiki/File:Noble_K10U11.jpg,https://upload.wikimedia.org/wikipedia/commons/e/e2/Noble_K10U11.jpg?utm_source=commons.wikimedia.org&utm_campaign=imageinfo&utm_content=original,https://thumb.wikimedia.org/wikipedia/commons/thumb/e/e2/Noble_K10U11.jpg/960px-Noble_K10U11.jpg?utm_source=commons.wikimedia.org&utm_campaign=imageinfo&utm_content=thumbnail,Motorlegs,CC BY-SA 4.0,https://creativecommons.org/licenses/by-sa/4.0,commons-63016363,Codex visual inspection: one earphone pair/unit or listening set is primary,583482bc462f3e5f,960,720,2026-10-07T20:03:37+08:00,Commons file timestamp=2017-10-01T12:58:19Z; source sha1=b8b74424cfd23b60c6e739acaf101daa6ef6f85d; requested thumbnail=960px
commons-75136915,data/raw/commons/earphones/commons-75136915.jpg,3e70e713a82cfd66656886e6798921aed3fc1438f9138bd8bc04d6b2cfcf3483,6,,,commons-api,,train,approved,campus-public-expanded-v1,wikimedia_commons,75136915,https://commons.wikimedia.org/wiki/File:Shure_SE846_Wireless.jpg,https://upload.wikimedia.org/wikipedia/commons/2/22/Shure_SE846_Wireless.jpg?utm_source=commons.wikimedia.org&utm_campaign=imageinfo&utm_content=original,https://thumb.wikimedia.org/wikipedia/commons/thumb/2/22/Shure_SE846_Wireless.jpg/960px-Shure_SE846_Wireless.jpg?utm_source=commons.wikimedia.org&utm_campaign=imageinfo&utm_content=thumbnail,Tkommunikation,CC BY-SA 4.0,https://creativecommons.org/licenses/by-sa/4.0,commons-75136915,Codex visual inspection: one identifiable complete earphone unit/pair/listening set is principal,5616ebe3010907ff,960,960,2026-10-07T20:06:06+08:00,Commons file timestamp=2018-12-17T15:02:45Z; source sha1=6b1739abd85fe0d7fcb999a57d4fed276dae0815; requested thumbnail=960px
commons-131503467,data/raw/commons/earphones/commons-131503467.jpg,691670231f61fe197a675125932d5cd130b283c288518c1cb24a7769ce84645e,6,,,commons-api,,train,approved,campus-public-expanded-v1,wikimedia_commons,131503467,https://commons.wikimedia.org/wiki/File:Thinkplus_LivePods_LP40pro.jpg,https://upload.wikimedia.org/wikipedia/commons/f/ff/Thinkplus_LivePods_LP40pro.jpg?utm_source=commons.wikimedia.org&utm_campaign=imageinfo&utm_content=original,https://thumb.wikimedia.org/wikipedia/commons/thumb/f/ff/Thinkplus_LivePods_LP40pro.jpg/960px-Thinkplus_LivePods_LP40pro.jpg?utm_source=commons.wikimedia.org&utm_campaign=imageinfo&utm_content=thumbnail,Michael Rivera,CC BY-SA 4.0,https://creativecommons.org/licenses/by-sa/4.0,commons-131503467,Codex visual inspection: one identifiable complete earphone unit/pair/listening set is principal,639d4e616c399e25,960,1280,2026-10-07T20:07:09+08:00,Commons file timestamp=2023-05-03T23:15:30Z; source sha1=ab75593f538c14a22bb17e1cbd5d3f788903e673; requested thumbnail=960px
commons-119848128,data/raw/commons/earphones/commons-119848128.jpg,7f3c4fa9395910b6c04274317a9ce73f0a273a22cc052340f6490e2585e494fc,6,,,commons-api,,train,approved,campus-public-expanded-v1,wikimedia_commons,119848128,https://commons.wikimedia.org/wiki/File:Ear_set.jpg,https://upload.wikimedia.org/wikipedia/commons/f/f0/Ear_set.jpg?utm_source=commons.wikimedia.org&utm_campaign=imageinfo&utm_content=original,https://thumb.wikimedia.org/wikipedia/commons/thumb/f/f0/Ear_set.jpg/500px-Ear_set.jpg?utm_source=commons.wikimedia.org&utm_campaign=imageinfo&utm_content=thumbnail,ஜீவா சீனிவாசன்,CC BY-SA 4.0,https://creativecommons.org/licenses/by-sa/4.0,commons-119848128,Codex visual inspection: one earphone pair/unit or listening set is primary,4c599669b3946997,500,760,2026-10-07T20:01:48+08:00,Commons file timestamp=2022-06-28T12:02:19Z; source sha1=5d3b9d19bb31dfb9cba35443ffb3ae26196c991a; requested thumbnail=500px
oi-e7c519cd1695f3dd,data/raw/openimages/earphones/oi-e7c519cd1695f3dd.jpg,796f50a115abe9cc8f5b247aad683c562fa790508307234363ce1c4ff7de5dbf,6,,,open-images-official,,train,approved,campus-public-expanded-v1,open_images,e7c519cd1695f3dd,https://www.flickr.com/photos/robertnelson/2311802491,https://c6.staticflickr.com/3/2071/2311802491_2c3eb6949d_o.jpg,https://open-images-dataset.s3.amazonaws.com/test/e7c519cd1695f3dd.jpg,Robert Nelson,https://creativecommons.org/licenses/by/2.0/,https://creativecommons.org/licenses/by/2.0/,oi-e7c519cd1695f3dd,Codex visual inspection: one identifiable physical target within confirmed definition,0e83b3ecdb1a23a3,1024,768,2026-10-07T18:04:31+08:00,Open Images V7 public test image / V5 human boxable labels; one non-depicted box >=25% image area
commons-26811930,data/raw/commons/earphones/commons-26811930.jpg,ba46d9873dda2936a43545740aa40d5aaf4279abc6bff85075a8ecbfd318aea0,6,,,commons-api,,train,approved,campus-public-expanded-v1,wikimedia_commons,26811930,https://commons.wikimedia.org/wiki/File:Aurisonics_ASG-2_with_Bass_Port01.JPG,https://upload.wikimedia.org/wikipedia/commons/e/ed/Aurisonics_ASG-2_with_Bass_Port01.JPG?utm_source=commons.wikimedia.org&utm_campaign=imageinfo&utm_content=original,https://thumb.wikimedia.org/wikipedia/commons/thumb/e/ed/Aurisonics_ASG-2_with_Bass_Port01.JPG/1280px-Aurisonics_ASG-2_with_Bass_Port01.JPG?utm_source=commons.wikimedia.org&utm_campaign=imageinfo&utm_content=thumbnail,Kansai explorer,CC BY 3.0,https://creativecommons.org/licenses/by/3.0,commons-26811930,Codex visual review of contact sheet: one identifiable target within frozen category definition,363c98c33c69c937,1280,960,2026-10-07T15:03:34+08:00,Early collection; original source revision not retained; local downloaded rendition SHA-256=ba46d9873dda2936a43545740aa40d5aaf4279abc6bff85075a8ecbfd318aea0; download time recovered from original local file mtime
oi-6eb03384f25d3f01,data/raw/openimages/earphones/oi-6eb03384f25d3f01.jpg,930f96c49cafe7407106573f1cc8f9a789f10286fad3f6192fdcb7f4434a4abc,6,,,open-images-official,,train,approved,campus-public-expanded-v1,open_images,6eb03384f25d3f01,https://www.flickr.com/photos/macjerk/5847970149,https://farm2.staticflickr.com/5032/5847970149_82d6d7fd3b_o.jpg,https://open-images-dataset.s3.amazonaws.com/test/6eb03384f25d3f01.jpg,MacJerk2011,https://creativecommons.org/licenses/by/2.0/,https://creativecommons.org/licenses/by/2.0/,oi-6eb03384f25d3f01,Codex visual inspection: one identifiable physical target within confirmed definition,71678ce03c8c99f9,1024,423,2026-10-07T18:14:07+08:00,Open Images V7 public test image / V5 human boxable labels; one non-depicted box >=25% image area
commons-21702835,data/raw/commons/earphones/commons-21702835.png,c66ba307fa07b230d372680a19d96ea3c01df5cf8c9a9923f5950ff7792467cc,6,,,commons-api,,train,approved,campus-public-expanded-v1,wikimedia_commons,21702835,https://commons.wikimedia.org/wiki/File:In-ears-earphones.png,https://upload.wikimedia.org/wikipedia/commons/4/48/In-ears-earphones.png?utm_source=commons.wikimedia.org&utm_campaign=imageinfo&utm_content=original,https://thumb.wikimedia.org/wikipedia/commons/thumb/4/48/In-ears-earphones.png/500px-In-ears-earphones.png?utm_source=commons.wikimedia.org&utm_campaign=imageinfo&utm_content=thumbnail,Ballerinus,CC BY-SA 3.0,https://creativecommons.org/licenses/by-sa/3.0,commons-21702835,Codex visual inspection: one earphone pair/unit or listening set is primary,8f1bcc8947a53347,500,334,2026-10-07T20:02:42+08:00,Commons file timestamp=2012-09-28T03:58:10Z; source sha1=b95a5b01618d17ded6da234bb826b069fb117291; requested thumbnail=500px
oi-bfbf54bb17188d89,data/raw/openimages/earphones/oi-bfbf54bb17188d89.jpg,03f0ff3d755a5ffba1f60efa5bf947df97dce51884dbc3196856d5a4d85859b7,6,,,open-images-official,,train,approved,campus-public-expanded-v1,open_images,bfbf54bb17188d89,https://www.flickr.com/photos/photographybyobi/8092893694,https://c2.staticflickr.com/9/8054/8092893694_97b39edecc_o.jpg,https://open-images-dataset.s3.amazonaws.com/test/bfbf54bb17188d89.jpg,The photographer known as Obi,https://creativecommons.org/licenses/by/2.0/,https://creativecommons.org/licenses/by/2.0/,oi-bfbf54bb17188d89,Codex visual inspection: one identifiable physical target within confirmed definition,7c4a4b8b99dcab41,1024,745,2026-10-07T18:11:09+08:00,Open Images V7 public test image / V5 human boxable labels; one non-depicted box >=25% image area
commons-88552480,data/raw/commons/earphones/commons-88552480.jpg,3c6fbcbe246018e63d79f6e56bc758dd76f5a220ab07183f2722a400794ee3e4,6,,,commons-api,,train,approved,campus-public-expanded-v1,wikimedia_commons,88552480,"https://commons.wikimedia.org/wiki/File:RDW_(Dienst_Wegverkeer)_in-ear_headphones,_Oude_Pekela_(2020)_02.jpg",https://upload.wikimedia.org/wikipedia/commons/1/16/RDW_%28Dienst_Wegverkeer%29_in-ear_headphones%2C_Oude_Pekela_%282020%29_02.jpg?utm_source=commons.wikimedia.org&utm_campaign=imageinfo&utm_content=original,https://thumb.wikimedia.org/wikipedia/commons/thumb/1/16/RDW_%28Dienst_Wegverkeer%29_in-ear_headphones%2C_Oude_Pekela_%282020%29_02.jpg/960px-RDW_%28Dienst_Wegverkeer%29_in-ear_headphones%2C_Oude_Pekela_%282020%29_02.jpg?utm_source=commons.wikimedia.org&utm_campaign=imageinfo&utm_content=thumbnail,"Donald Trung Quoc Don (Chữ Hán: 徵國單) - Wikimedia Commons - © CC BY-SA 4.0 International.(Want to use this image?)Original publication 📤: --Donald Trung 『徵國單』 (No Fake News 💬) (WikiProject Numismatics 💴) (Articles 📚) 16:29, 25 March 2020 (UTC)",CC BY-SA 4.0,https://creativecommons.org/licenses/by-sa/4.0,commons-88552477,Codex visual inspection: one earphone pair/unit or listening set is primary,6e4c9c2c391ec3f1,960,540,2026-10-07T20:05:39+08:00,Commons file timestamp=2020-03-25T16:29:44Z; source sha1=5388d355349bee20bf6dfc3312a3e2f43f908599; requested thumbnail=960px
commons-88552489,data/raw/commons/earphones/commons-88552489.jpg,d2847c252a106036e3fe5d6feeeab0d3cdda3bce559cb789c52cf6d76bf41317,6,,,commons-api,,train,approved,campus-public-expanded-v1,wikimedia_commons,88552489,"https://commons.wikimedia.org/wiki/File:RDW_(Dienst_Wegverkeer)_in-ear_headphones,_Oude_Pekela_(2020)_05.jpg",https://upload.wikimedia.org/wikipedia/commons/5/51/RDW_%28Dienst_Wegverkeer%29_in-ear_headphones%2C_Oude_Pekela_%282020%29_05.jpg?utm_source=commons.wikimedia.org&utm_campaign=imageinfo&utm_content=original,https://thumb.wikimedia.org/wikipedia/commons/thumb/5/51/RDW_%28Dienst_Wegverkeer%29_in-ear_headphones%2C_Oude_Pekela_%282020%29_05.jpg/960px-RDW_%28Dienst_Wegverkeer%29_in-ear_headphones%2C_Oude_Pekela_%282020%29_05.jpg?utm_source=commons.wikimedia.org&utm_campaign=imageinfo&utm_content=thumbnail,"Donald Trung Quoc Don (Chữ Hán: 徵國單) - Wikimedia Commons - © CC BY-SA 4.0 International.(Want to use this image?)Original publication 📤: --Donald Trung 『徵國單』 (No Fake News 💬) (WikiProject Numismatics 💴) (Articles 📚) 16:29, 25 March 2020 (UTC)",CC BY-SA 4.0,https://creativecommons.org/licenses/by-sa/4.0,commons-88552477,Codex visual inspection: one earphone pair/unit or listening set is primary,5ee16987857e5a81,960,1707,2026-10-07T20:05:46+08:00,Commons file timestamp=2020-03-25T16:29:48Z; source sha1=6f9585a4547556f48a20d2d663a8114622ea85ff; requested thumbnail=960px
commons-5581959,data/raw/commons/earphones/commons-5581959.png,d6430f7f647b22b22c4e70b10e6708116394b909941ac390bbbb5aec6198d98c,6,,,commons-api,,train,approved,campus-public-expanded-v1,wikimedia_commons,5581959,https://commons.wikimedia.org/wiki/File:Super.fi_5.png,https://upload.wikimedia.org/wikipedia/commons/e/e0/Super.fi_5.png?utm_source=commons.wikimedia.org&utm_campaign=imageinfo&utm_content=original,https://thumb.wikimedia.org/wikipedia/commons/thumb/e/e0/Super.fi_5.png/960px-Super.fi_5.png?utm_source=commons.wikimedia.org&utm_campaign=imageinfo&utm_content=thumbnail,I created this from original by Jeff Wright,CC BY 2.0,https://creativecommons.org/licenses/by/2.0,commons-5581959,Codex visual inspection: one identifiable complete earphone unit/pair/listening set is principal,b93d16eaf9e04285,960,912,2026-10-07T20:06:38+08:00,Commons file timestamp=2008-12-27T18:47:03Z; source sha1=5c61641d217fe4bfe45696719658aae5ca24d948; requested thumbnail=960px
commons-48856047,data/raw/commons/earphones/commons-48856047.jpg,6e931c154a9718c530a0de64a7b34d6d3a6e91b170ceb51d3709d021de8647f0,6,,,commons-api,,train,approved,campus-public-expanded-v1,wikimedia_commons,48856047,https://commons.wikimedia.org/wiki/File:%EC%98%A4%ED%94%88%ED%98%95%EC%9D%B4%EC%96%B4%ED%8F%B0.jpg,https://upload.wikimedia.org/wikipedia/commons/e/ee/%EC%98%A4%ED%94%88%ED%98%95%EC%9D%B4%EC%96%B4%ED%8F%B0.jpg?utm_source=commons.wikimedia.org&utm_campaign=imageinfo&utm_content=original,https://thumb.wikimedia.org/wikipedia/commons/thumb/e/ee/%EC%98%A4%ED%94%88%ED%98%95%EC%9D%B4%EC%96%B4%ED%8F%B0.jpg/960px-%EC%98%A4%ED%94%88%ED%98%95%EC%9D%B4%EC%96%B4%ED%8F%B0.jpg?utm_source=commons.wikimedia.org&utm_campaign=imageinfo&utm_content=thumbnail,꿈결소리,CC BY-SA 4.0,https://creativecommons.org/licenses/by-sa/4.0,commons-48856046,Codex visual inspection: one identifiable complete earphone unit/pair/listening set is principal,1a8c35bcfa70c695,960,640,2026-10-07T20:08:59+08:00,Commons file timestamp=2016-05-18T02:23:54Z; source sha1=5f514c7d6edd3d2f6d6d17201683ca190f76f41c; requested thumbnail=960px
commons-48856050,data/raw/commons/earphones/commons-48856050.jpg,29edc0b26549c5973b28a467bce930e7ea631286d364ebf30d7333c2486eaf1b,6,,,commons-api,,train,approved,campus-public-expanded-v1,wikimedia_commons,48856050,https://commons.wikimedia.org/wiki/File:%EC%9C%A0%EB%8B%88%EB%B2%84%EC%85%9C_%ED%83%80%EC%9E%85_%EC%9D%B4%EC%96%B4%ED%8F%B0-%EC%95%84%ED%8A%B8%EB%A5%BC_%ED%99%9C%EC%9A%A9%ED%95%9C_%EA%B2%83-.jpg,https://upload.wikimedia.org/wikipedia/commons/0/0a/%EC%9C%A0%EB%8B%88%EB%B2%84%EC%85%9C_%ED%83%80%EC%9E%85_%EC%9D%B4%EC%96%B4%ED%8F%B0-%EC%95%84%ED%8A%B8%EB%A5%BC_%ED%99%9C%EC%9A%A9%ED%95%9C_%EA%B2%83-.jpg?utm_source=commons.wikimedia.org&utm_campaign=imageinfo&utm_content=original,https://thumb.wikimedia.org/wikipedia/commons/thumb/0/0a/%EC%9C%A0%EB%8B%88%EB%B2%84%EC%85%9C_%ED%83%80%EC%9E%85_%EC%9D%B4%EC%96%B4%ED%8F%B0-%EC%95%84%ED%8A%B8%EB%A5%BC_%ED%99%9C%EC%9A%A9%ED%95%9C_%EA%B2%83-.jpg/960px-%EC%9C%A0%EB%8B%88%EB%B2%84%EC%85%9C_%ED%83%80%EC%9E%85_%EC%9D%B4%EC%96%B4%ED%8F%B0-%EC%95%84%ED%8A%B8%EB%A5%BC_%ED%99%9C%EC%9A%A9%ED%95%9C_%EA%B2%83-.jpg?utm_source=commons.wikimedia.org&utm_campaign=imageinfo&utm_content=thumbnail,꿈결소리,CC BY-SA 4.0,https://creativecommons.org/licenses/by-sa/4.0,commons-48856046,Codex visual inspection: one identifiable complete earphone unit/pair/listening set is principal,b6f2c95934a6cb09,960,640,2026-10-07T20:09:14+08:00,Commons file timestamp=2016-05-18T02:23:56Z; source sha1=ca72ac6f7e3d60a671e4e4fdacb8156f24af5e95; requested thumbnail=960px
commons-48856052,data/raw/commons/earphones/commons-48856052.jpg,e0f40cb5306357127eb93ca336227c9567aecbc18599191b5cebc5080e248cbd,6,,,commons-api,,train,approved,campus-public-expanded-v1,wikimedia_commons,48856052,https://commons.wikimedia.org/wiki/File:%EC%9C%A0%EB%8B%88%EB%B2%84%EC%85%9C_%ED%83%80%EC%9E%85_%EC%9D%B4%EC%96%B4%ED%8F%B0-%EC%95%84%ED%8A%B8%EB%A5%BC_%EB%84%A3%EC%96%B4%EC%84%9C_%EB%AA%A8%EC%96%91%EC%9D%84_%EB%A7%8C%EB%93%A0_%EA%B2%83-.jpg,https://upload.wikimedia.org/wikipedia/commons/c/c5/%EC%9C%A0%EB%8B%88%EB%B2%84%EC%85%9C_%ED%83%80%EC%9E%85_%EC%9D%B4%EC%96%B4%ED%8F%B0-%EC%95%84%ED%8A%B8%EB%A5%BC_%EB%84%A3%EC%96%B4%EC%84%9C_%EB%AA%A8%EC%96%91%EC%9D%84_%EB%A7%8C%EB%93%A0_%EA%B2%83-.jpg?utm_source=commons.wikimedia.org&utm_campaign=imageinfo&utm_content=original,https://thumb.wikimedia.org/wikipedia/commons/thumb/c/c5/%EC%9C%A0%EB%8B%88%EB%B2%84%EC%85%9C_%ED%83%80%EC%9E%85_%EC%9D%B4%EC%96%B4%ED%8F%B0-%EC%95%84%ED%8A%B8%EB%A5%BC_%EB%84%A3%EC%96%B4%EC%84%9C_%EB%AA%A8%EC%96%91%EC%9D%84_%EB%A7%8C%EB%93%A0_%EA%B2%83-.jpg/960px-%EC%9C%A0%EB%8B%88%EB%B2%84%EC%85%9C_%ED%83%80%EC%9E%85_%EC%9D%B4%EC%96%B4%ED%8F%B0-%EC%95%84%ED%8A%B8%EB%A5%BC_%EB%84%A3%EC%96%B4%EC%84%9C_%EB%AA%A8%EC%96%91%EC%9D%84_%EB%A7%8C%EB%93%A0_%EA%B2%83-.jpg?utm_source=commons.wikimedia.org&utm_campaign=imageinfo&utm_content=thumbnail,꿈결소리,CC BY-SA 4.0,https://creativecommons.org/licenses/by-sa/4.0,commons-48856046,Codex visual inspection: one identifiable complete earphone unit/pair/listening set is principal,d35c91e62cd1d325,960,640,2026-10-07T20:09:21+08:00,Commons file timestamp=2016-05-18T02:23:58Z; source sha1=06508fa558e8336357cb1e8d579bcbcf5b44d6ce; requested thumbnail=960px
commons-48856053,data/raw/commons/earphones/commons-48856053.jpg,27118efd5e188d103d894537868ead7e2b61ab8abf0b39a36b68596756c15fa9,6,,,commons-api,,train,approved,campus-public-expanded-v1,wikimedia_commons,48856053,https://commons.wikimedia.org/wiki/File:%EC%9C%A0%EB%8B%88%EB%B2%84%EC%85%9C_%ED%83%80%EC%9E%85_%EC%9D%B4%EC%96%B4%ED%8F%B0-%EC%A3%BC%ED%99%A9%EC%83%89_%EC%95%88%EC%97%90_%EC%95%84%ED%8A%B8%EB%A5%BC_%EB%84%A3%EC%9D%80_%EA%B2%83-.jpg,https://upload.wikimedia.org/wikipedia/commons/f/f2/%EC%9C%A0%EB%8B%88%EB%B2%84%EC%85%9C_%ED%83%80%EC%9E%85_%EC%9D%B4%EC%96%B4%ED%8F%B0-%EC%A3%BC%ED%99%A9%EC%83%89_%EC%95%88%EC%97%90_%EC%95%84%ED%8A%B8%EB%A5%BC_%EB%84%A3%EC%9D%80_%EA%B2%83-.jpg?utm_source=commons.wikimedia.org&utm_campaign=imageinfo&utm_content=original,https://thumb.wikimedia.org/wikipedia/commons/thumb/f/f2/%EC%9C%A0%EB%8B%88%EB%B2%84%EC%85%9C_%ED%83%80%EC%9E%85_%EC%9D%B4%EC%96%B4%ED%8F%B0-%EC%A3%BC%ED%99%A9%EC%83%89_%EC%95%88%EC%97%90_%EC%95%84%ED%8A%B8%EB%A5%BC_%EB%84%A3%EC%9D%80_%EA%B2%83-.jpg/960px-%EC%9C%A0%EB%8B%88%EB%B2%84%EC%85%9C_%ED%83%80%EC%9E%85_%EC%9D%B4%EC%96%B4%ED%8F%B0-%EC%A3%BC%ED%99%A9%EC%83%89_%EC%95%88%EC%97%90_%EC%95%84%ED%8A%B8%EB%A5%BC_%EB%84%A3%EC%9D%80_%EA%B2%83-.jpg?utm_source=commons.wikimedia.org&utm_campaign=imageinfo&utm_content=thumbnail,꿈결소리,CC BY-SA 4.0,https://creativecommons.org/licenses/by-sa/4.0,commons-48856046,Codex visual inspection: one identifiable complete earphone unit/pair/listening set is principal,0dafe96a56c3c429,960,640,2026-10-07T20:09:23+08:00,Commons file timestamp=2016-05-18T02:23:58Z; source sha1=c27f79bb47ca159cedf6d7bdd118bfa1f39ced94; requested thumbnail=960px
commons-48856054,data/raw/commons/earphones/commons-48856054.jpg,ade03834aff8b482ad039c6189637eb5443396278a283cd2baadc6c8ed566f6a,6,,,commons-api,,train,approved,campus-public-expanded-v1,wikimedia_commons,48856054,https://commons.wikimedia.org/wiki/File:%EC%9C%A0%EB%8B%88%EB%B2%84%EC%85%9C_%ED%83%80%EC%9E%85_%EC%9D%B4%EC%96%B4%ED%8F%B0-%ED%95%9C_%EC%AA%BD%EC%9D%98_%EC%83%89%EA%B9%94%EC%9D%84_%EB%8B%A4%EB%A5%B4%EA%B2%8C_%ED%91%9C%ED%98%84%ED%95%9C_%EA%B2%83-.jpg,https://upload.wikimedia.org/wikipedia/commons/9/95/%EC%9C%A0%EB%8B%88%EB%B2%84%EC%85%9C_%ED%83%80%EC%9E%85_%EC%9D%B4%EC%96%B4%ED%8F%B0-%ED%95%9C_%EC%AA%BD%EC%9D%98_%EC%83%89%EA%B9%94%EC%9D%84_%EB%8B%A4%EB%A5%B4%EA%B2%8C_%ED%91%9C%ED%98%84%ED%95%9C_%EA%B2%83-.jpg?utm_source=commons.wikimedia.org&utm_campaign=imageinfo&utm_content=original,https://thumb.wikimedia.org/wikipedia/commons/thumb/9/95/%EC%9C%A0%EB%8B%88%EB%B2%84%EC%85%9C_%ED%83%80%EC%9E%85_%EC%9D%B4%EC%96%B4%ED%8F%B0-%ED%95%9C_%EC%AA%BD%EC%9D%98_%EC%83%89%EA%B9%94%EC%9D%84_%EB%8B%A4%EB%A5%B4%EA%B2%8C_%ED%91%9C%ED%98%84%ED%95%9C_%EA%B2%83-.jpg/960px-%EC%9C%A0%EB%8B%88%EB%B2%84%EC%85%9C_%ED%83%80%EC%9E%85_%EC%9D%B4%EC%96%B4%ED%8F%B0-%ED%95%9C_%EC%AA%BD%EC%9D%98_%EC%83%89%EA%B9%94%EC%9D%84_%EB%8B%A4%EB%A5%B4%EA%B2%8C_%ED%91%9C%ED%98%84%ED%95%9C_%EA%B2%83-.jpg?utm_source=commons.wikimedia.org&utm_campaign=imageinfo&utm_content=thumbnail,꿈결소리,CC BY-SA 4.0,https://creativecommons.org/licenses/by-sa/4.0,commons-48856046,Codex visual inspection: one identifiable complete earphone unit/pair/listening set is principal,d32cc33334d1cb35,960,640,2026-10-07T20:09:27+08:00,Commons file timestamp=2016-05-18T02:23:58Z; source sha1=2885ba9354b499cf32ceccb636af638fd0582d20; requested thumbnail=960px
commons-48856046,data/raw/commons/earphones/commons-48856046.jpg,e0ae9da27bc05e12fdfb645e1d5bf7df490b6f7e2a0a8d0b5c4e2df5adb1a1f4,6,,,commons-api,,train,approved,campus-public-expanded-v1,wikimedia_commons,48856046,https://commons.wikimedia.org/wiki/File:%EC%9D%B8%EC%9D%B4%EC%96%B4.jpg,https://upload.wikimedia.org/wikipedia/commons/1/17/%EC%9D%B8%EC%9D%B4%EC%96%B4.jpg?utm_source=commons.wikimedia.org&utm_campaign=imageinfo&utm_content=original,https://thumb.wikimedia.org/wikipedia/commons/thumb/1/17/%EC%9D%B8%EC%9D%B4%EC%96%B4.jpg/960px-%EC%9D%B8%EC%9D%B4%EC%96%B4.jpg?utm_source=commons.wikimedia.org&utm_campaign=imageinfo&utm_content=thumbnail,꿈결소리,CC BY-SA 4.0,https://creativecommons.org/licenses/by-sa/4.0,commons-48856046,Codex visual inspection: one identifiable complete earphone unit/pair/listening set is principal,afa42c4f72748785,960,640,2026-10-07T20:09:40+08:00,Commons file timestamp=2016-05-18T02:23:54Z; source sha1=db75cab653ea9f2a0198c7128d837999cee5967c; requested thumbnail=960px
commons-48856048,data/raw/commons/earphones/commons-48856048.jpg,a3d685414a2e68428f2bf306ae82cd0fdb6212b24a5de962fc0cee6f86695f8c,6,,,commons-api,,train,approved,campus-public-expanded-v1,wikimedia_commons,48856048,https://commons.wikimedia.org/wiki/File:%EC%9D%B8%EC%9D%B4%EC%96%B4-%EB%B3%B4%EC%8A%A4_%EC%9D%B8%EC%9D%B4%EC%96%B4-.jpg,https://upload.wikimedia.org/wikipedia/commons/6/62/%EC%9D%B8%EC%9D%B4%EC%96%B4-%EB%B3%B4%EC%8A%A4_%EC%9D%B8%EC%9D%B4%EC%96%B4-.jpg?utm_source=commons.wikimedia.org&utm_campaign=imageinfo&utm_content=original,https://thumb.wikimedia.org/wikipedia/commons/thumb/6/62/%EC%9D%B8%EC%9D%B4%EC%96%B4-%EB%B3%B4%EC%8A%A4_%EC%9D%B8%EC%9D%B4%EC%96%B4-.jpg/960px-%EC%9D%B8%EC%9D%B4%EC%96%B4-%EB%B3%B4%EC%8A%A4_%EC%9D%B8%EC%9D%B4%EC%96%B4-.jpg?utm_source=commons.wikimedia.org&utm_campaign=imageinfo&utm_content=thumbnail,꿈결소리,CC BY-SA 4.0,https://creativecommons.org/licenses/by-sa/4.0,commons-48856046,Codex visual inspection: one identifiable complete earphone unit/pair/listening set is principal,c2c51f1e38b0e763,960,640,2026-10-07T20:09:43+08:00,Commons file timestamp=2016-05-18T02:23:54Z; source sha1=4b685fb7a1aeed7dbe53c4fe1a7221d623592ff1; requested thumbnail=960px
commons-48856055,data/raw/commons/earphones/commons-48856055.jpg,ebbd1d187462f80cde4df5470b1fd91bc2c797353cbdc98ec1cb7f5c56918b37,6,,,commons-api,,train,approved,campus-public-expanded-v1,wikimedia_commons,48856055,https://commons.wikimedia.org/wiki/File:%EC%BB%A4%EC%8A%A4%ED%85%80_%ED%83%80%EC%9E%85_%EC%9D%B4%EC%96%B4%ED%8F%B0-%ED%88%AC%EB%AA%85%EC%95%88%EC%97%90_%EC%83%89%EC%9D%84_%EB%84%A3%EC%9D%80_%EA%B2%83-.jpg,https://upload.wikimedia.org/wikipedia/commons/b/bb/%EC%BB%A4%EC%8A%A4%ED%85%80_%ED%83%80%EC%9E%85_%EC%9D%B4%EC%96%B4%ED%8F%B0-%ED%88%AC%EB%AA%85%EC%95%88%EC%97%90_%EC%83%89%EC%9D%84_%EB%84%A3%EC%9D%80_%EA%B2%83-.jpg?utm_source=commons.wikimedia.org&utm_campaign=imageinfo&utm_content=original,https://thumb.wikimedia.org/wikipedia/commons/thumb/b/bb/%EC%BB%A4%EC%8A%A4%ED%85%80_%ED%83%80%EC%9E%85_%EC%9D%B4%EC%96%B4%ED%8F%B0-%ED%88%AC%EB%AA%85%EC%95%88%EC%97%90_%EC%83%89%EC%9D%84_%EB%84%A3%EC%9D%80_%EA%B2%83-.jpg/960px-%EC%BB%A4%EC%8A%A4%ED%85%80_%ED%83%80%EC%9E%85_%EC%9D%B4%EC%96%B4%ED%8F%B0-%ED%88%AC%EB%AA%85%EC%95%88%EC%97%90_%EC%83%89%EC%9D%84_%EB%84%A3%EC%9D%80_%EA%B2%83-.jpg?utm_source=commons.wikimedia.org&utm_campaign=imageinfo&utm_content=thumbnail,꿈결소리,CC BY-SA 4.0,https://creativecommons.org/licenses/by-sa/4.0,commons-48856046,Codex visual inspection: one identifiable complete earphone unit/pair/listening set is principal,269c78e3144963bf,960,640,2026-10-07T20:09:48+08:00,Commons file timestamp=2016-05-18T02:24:00Z; source sha1=bba9217b4268424ac5d8062b97fe79aedbd754c6; requested thumbnail=960px
commons-48856056,data/raw/commons/earphones/commons-48856056.jpg,0ccc132fda2f77f990dbdbdd032e80cd0415fd9bf0f3a20074fa97ea87428d89,6,,,commons-api,,train,approved,campus-public-expanded-v1,wikimedia_commons,48856056,https://commons.wikimedia.org/wiki/File:%EC%BB%A4%EC%8A%A4%ED%85%80_%ED%83%80%EC%9E%85_%EC%9D%B4%EC%96%B4%ED%8F%B0-%ED%95%9C_%EC%AA%BD%EC%9D%98_%EC%83%89%EA%B9%94%EC%9D%84_%EB%8B%A4%EB%A5%B4%EA%B2%8C_%ED%91%9C%ED%98%84%ED%95%9C_%EA%B2%83-.jpg,https://upload.wikimedia.org/wikipedia/commons/7/74/%EC%BB%A4%EC%8A%A4%ED%85%80_%ED%83%80%EC%9E%85_%EC%9D%B4%EC%96%B4%ED%8F%B0-%ED%95%9C_%EC%AA%BD%EC%9D%98_%EC%83%89%EA%B9%94%EC%9D%84_%EB%8B%A4%EB%A5%B4%EA%B2%8C_%ED%91%9C%ED%98%84%ED%95%9C_%EA%B2%83-.jpg?utm_source=commons.wikimedia.org&utm_campaign=imageinfo&utm_content=original,https://thumb.wikimedia.org/wikipedia/commons/thumb/7/74/%EC%BB%A4%EC%8A%A4%ED%85%80_%ED%83%80%EC%9E%85_%EC%9D%B4%EC%96%B4%ED%8F%B0-%ED%95%9C_%EC%AA%BD%EC%9D%98_%EC%83%89%EA%B9%94%EC%9D%84_%EB%8B%A4%EB%A5%B4%EA%B2%8C_%ED%91%9C%ED%98%84%ED%95%9C_%EA%B2%83-.jpg/960px-%EC%BB%A4%EC%8A%A4%ED%85%80_%ED%83%80%EC%9E%85_%EC%9D%B4%EC%96%B4%ED%8F%B0-%ED%95%9C_%EC%AA%BD%EC%9D%98_%EC%83%89%EA%B9%94%EC%9D%84_%EB%8B%A4%EB%A5%B4%EA%B2%8C_%ED%91%9C%ED%98%84%ED%95%9C_%EA%B2%83-.jpg?utm_source=commons.wikimedia.org&utm_campaign=imageinfo&utm_content=thumbnail,꿈결소리,CC BY-SA 4.0,https://creativecommons.org/licenses/by-sa/4.0,commons-48856046,Codex visual inspection: one identifiable complete earphone unit/pair/listening set is principal,3196156ed4a93997,960,639,2026-10-07T20:09:54+08:00,Commons file timestamp=2016-05-18T02:24:00Z; source sha1=23e8232afda5115af4344183c4dbc665d8077928; requested thumbnail=960px
commons-48856057,data/raw/commons/earphones/commons-48856057.jpg,11a8cfa29d1ca3db370fd507cd05025956d4c2fc9314f60bdc8408884f144f40,6,,,commons-api,,train,approved,campus-public-expanded-v1,wikimedia_commons,48856057,https://commons.wikimedia.org/wiki/File:%EC%BB%A4%EC%8A%A4%ED%85%80_%ED%83%80%EC%9E%85_%EC%9D%B4%EC%96%B4%ED%8F%B0-%EB%A0%88%EB%93%9C-.jpg,https://upload.wikimedia.org/wikipedia/commons/9/9c/%EC%BB%A4%EC%8A%A4%ED%85%80_%ED%83%80%EC%9E%85_%EC%9D%B4%EC%96%B4%ED%8F%B0-%EB%A0%88%EB%93%9C-.jpg?utm_source=commons.wikimedia.org&utm_campaign=imageinfo&utm_content=original,https://thumb.wikimedia.org/wikipedia/commons/thumb/9/9c/%EC%BB%A4%EC%8A%A4%ED%85%80_%ED%83%80%EC%9E%85_%EC%9D%B4%EC%96%B4%ED%8F%B0-%EB%A0%88%EB%93%9C-.jpg/960px-%EC%BB%A4%EC%8A%A4%ED%85%80_%ED%83%80%EC%9E%85_%EC%9D%B4%EC%96%B4%ED%8F%B0-%EB%A0%88%EB%93%9C-.jpg?utm_source=commons.wikimedia.org&utm_campaign=imageinfo&utm_content=thumbnail,꿈결소리,CC BY-SA 4.0,https://creativecommons.org/licenses/by-sa/4.0,commons-48856046,Codex visual inspection: one identifiable complete earphone unit/pair/listening set is principal,e68c9336784386bd,960,640,2026-10-07T20:09:58+08:00,Commons file timestamp=2016-05-18T02:24:00Z; source sha1=0a6116ba5d52b8ebd5d4d7a822335198ee4b7f5f; requested thumbnail=960px
commons-48856059,data/raw/commons/earphones/commons-48856059.jpg,1a6d1b0266d741d8816ab1658eb279821bd458b14872d0d3a6a44bce77baca00,6,,,commons-api,,train,approved,campus-public-expanded-v1,wikimedia_commons,48856059,https://commons.wikimedia.org/wiki/File:%EC%BB%A4%EC%8A%A4%ED%85%80_%ED%83%80%EC%9E%85_%EC%9D%B4%EC%96%B4%ED%8F%B0-%EB%B8%94%EB%9E%99-.jpg,https://upload.wikimedia.org/wikipedia/commons/e/ec/%EC%BB%A4%EC%8A%A4%ED%85%80_%ED%83%80%EC%9E%85_%EC%9D%B4%EC%96%B4%ED%8F%B0-%EB%B8%94%EB%9E%99-.jpg?utm_source=commons.wikimedia.org&utm_campaign=imageinfo&utm_content=original,https://thumb.wikimedia.org/wikipedia/commons/thumb/e/ec/%EC%BB%A4%EC%8A%A4%ED%85%80_%ED%83%80%EC%9E%85_%EC%9D%B4%EC%96%B4%ED%8F%B0-%EB%B8%94%EB%9E%99-.jpg/960px-%EC%BB%A4%EC%8A%A4%ED%85%80_%ED%83%80%EC%9E%85_%EC%9D%B4%EC%96%B4%ED%8F%B0-%EB%B8%94%EB%9E%99-.jpg?utm_source=commons.wikimedia.org&utm_campaign=imageinfo&utm_content=thumbnail,꿈결소리,CC BY-SA 4.0,https://creativecommons.org/licenses/by-sa/4.0,commons-48856046,Codex visual inspection: one identifiable complete earphone unit/pair/listening set is principal,e6a193166c6b9395,960,960,2026-10-07T20:10:01+08:00,Commons file timestamp=2016-05-18T02:24:02Z; source sha1=d35ad882ed6ed4816464955c62d49f0cfd93d548; requested thumbnail=960px
commons-48856060,data/raw/commons/earphones/commons-48856060.jpg,02e20dc82ee7fd1462a60259b5532498324f73294793570f1d4a466bae9a9123,6,,,commons-api,,train,approved,campus-public-expanded-v1,wikimedia_commons,48856060,https://commons.wikimedia.org/wiki/File:%EC%BB%A4%EC%8A%A4%ED%85%80_%ED%83%80%EC%9E%85_%EC%9D%B4%EC%96%B4%ED%8F%B0-%ED%99%94%EC%9D%B4%ED%8A%B8_%EC%83%89%EC%83%81%EC%9C%BC%EB%A1%9C_%EC%A1%B0%EA%B0%9C%EA%B0%99%EC%9D%80_%EB%8A%90%EB%82%8C%EC%9D%B4_%EB%82%9C%EB%8B%A4-.jpg,https://upload.wikimedia.org/wikipedia/commons/0/07/%EC%BB%A4%EC%8A%A4%ED%85%80_%ED%83%80%EC%9E%85_%EC%9D%B4%EC%96%B4%ED%8F%B0-%ED%99%94%EC%9D%B4%ED%8A%B8_%EC%83%89%EC%83%81%EC%9C%BC%EB%A1%9C_%EC%A1%B0%EA%B0%9C%EA%B0%99%EC%9D%80_%EB%8A%90%EB%82%8C%EC%9D%B4_%EB%82%9C%EB%8B%A4-.jpg?utm_source=commons.wikimedia.org&utm_campaign=imageinfo&utm_content=original,https://thumb.wikimedia.org/wikipedia/commons/thumb/0/07/%EC%BB%A4%EC%8A%A4%ED%85%80_%ED%83%80%EC%9E%85_%EC%9D%B4%EC%96%B4%ED%8F%B0-%ED%99%94%EC%9D%B4%ED%8A%B8_%EC%83%89%EC%83%81%EC%9C%BC%EB%A1%9C_%EC%A1%B0%EA%B0%9C%EA%B0%99%EC%9D%80_%EB%8A%90%EB%82%8C%EC%9D%B4_%EB%82%9C%EB%8B%A4-.jpg/960px-%EC%BB%A4%EC%8A%A4%ED%85%80_%ED%83%80%EC%9E%85_%EC%9D%B4%EC%96%B4%ED%8F%B0-%ED%99%94%EC%9D%B4%ED%8A%B8_%EC%83%89%EC%83%81%EC%9C%BC%EB%A1%9C_%EC%A1%B0%EA%B0%9C%EA%B0%99%EC%9D%80_%EB%8A%90%EB%82%8C%EC%9D%B4_%EB%82%9C%EB%8B%A4-.jpg?utm_source=commons.wikimedia.org&utm_campaign=imageinfo&utm_content=thumbnail,꿈결소리,CC BY-SA 4.0,https://creativecommons.org/licenses/by-sa/4.0,commons-48856046,Codex visual inspection: one identifiable complete earphone unit/pair/listening set is principal,1bcb7c29c3961c69,960,640,2026-10-07T20:10:04+08:00,Commons file timestamp=2016-05-18T02:24:03Z; source sha1=3440f134ff0e0196ef0d18e8bf9c824c371f7759; requested thumbnail=960px
commons-48856061,data/raw/commons/earphones/commons-48856061.jpg,42ee89c5f7539c9827510da1b3f2363cd89a0a7f97e973ba7adf3a348c28ea59,6,,,commons-api,,train,approved,campus-public-expanded-v1,wikimedia_commons,48856061,https://commons.wikimedia.org/wiki/File:%EC%BB%A4%EC%8A%A4%ED%85%80_%ED%83%80%EC%9E%85_%EC%9D%B4%EC%96%B4%ED%8F%B0-%EC%83%89%EC%9D%84_%ED%88%AC%EB%AA%85%EC%9C%A0%EB%8B%9B_%EC%95%88%EC%97%90%EB%8B%A4%EA%B0%80_%EB%84%A3%EC%9D%80_%EA%B2%83-.jpg,https://upload.wikimedia.org/wikipedia/commons/c/c7/%EC%BB%A4%EC%8A%A4%ED%85%80_%ED%83%80%EC%9E%85_%EC%9D%B4%EC%96%B4%ED%8F%B0-%EC%83%89%EC%9D%84_%ED%88%AC%EB%AA%85%EC%9C%A0%EB%8B%9B_%EC%95%88%EC%97%90%EB%8B%A4%EA%B0%80_%EB%84%A3%EC%9D%80_%EA%B2%83-.jpg?utm_source=commons.wikimedia.org&utm_campaign=imageinfo&utm_content=original,https://thumb.wikimedia.org/wikipedia/commons/thumb/c/c7/%EC%BB%A4%EC%8A%A4%ED%85%80_%ED%83%80%EC%9E%85_%EC%9D%B4%EC%96%B4%ED%8F%B0-%EC%83%89%EC%9D%84_%ED%88%AC%EB%AA%85%EC%9C%A0%EB%8B%9B_%EC%95%88%EC%97%90%EB%8B%A4%EA%B0%80_%EB%84%A3%EC%9D%80_%EA%B2%83-.jpg/960px-%EC%BB%A4%EC%8A%A4%ED%85%80_%ED%83%80%EC%9E%85_%EC%9D%B4%EC%96%B4%ED%8F%B0-%EC%83%89%EC%9D%84_%ED%88%AC%EB%AA%85%EC%9C%A0%EB%8B%9B_%EC%95%88%EC%97%90%EB%8B%A4%EA%B0%80_%EB%84%A3%EC%9D%80_%EA%B2%83-.jpg?utm_source=commons.wikimedia.org&utm_campaign=imageinfo&utm_content=thumbnail,꿈결소리,CC BY-SA 4.0,https://creativecommons.org/licenses/by-sa/4.0,commons-48856046,Codex visual inspection: one identifiable complete earphone unit/pair/listening set is principal,e36c91ba75cb8131,960,640,2026-10-07T20:10:07+08:00,Commons file timestamp=2016-05-18T02:24:04Z; source sha1=7135681e84a5d854474117cba4ab31556aa5da04; requested thumbnail=960px
commons-48856062,data/raw/commons/earphones/commons-48856062.jpg,1abe328f247fb5ed21ef484cf8f759f5695344fa9339fb0016e578ef8377c48e,6,,,commons-api,,train,approved,campus-public-expanded-v1,wikimedia_commons,48856062,https://commons.wikimedia.org/wiki/File:%EC%BB%A4%EC%8A%A4%ED%85%80_%ED%83%80%EC%9E%85_%EC%9D%B4%EC%96%B4%ED%8F%B0-%ED%88%AC%EB%AA%85%ED%95%9C%EB%A0%88%EB%93%9C-.jpg,https://upload.wikimedia.org/wikipedia/commons/2/26/%EC%BB%A4%EC%8A%A4%ED%85%80_%ED%83%80%EC%9E%85_%EC%9D%B4%EC%96%B4%ED%8F%B0-%ED%88%AC%EB%AA%85%ED%95%9C%EB%A0%88%EB%93%9C-.jpg?utm_source=commons.wikimedia.org&utm_campaign=imageinfo&utm_content=original,https://thumb.wikimedia.org/wikipedia/commons/thumb/2/26/%EC%BB%A4%EC%8A%A4%ED%85%80_%ED%83%80%EC%9E%85_%EC%9D%B4%EC%96%B4%ED%8F%B0-%ED%88%AC%EB%AA%85%ED%95%9C%EB%A0%88%EB%93%9C-.jpg/960px-%EC%BB%A4%EC%8A%A4%ED%85%80_%ED%83%80%EC%9E%85_%EC%9D%B4%EC%96%B4%ED%8F%B0-%ED%88%AC%EB%AA%85%ED%95%9C%EB%A0%88%EB%93%9C-.jpg?utm_source=commons.wikimedia.org&utm_campaign=imageinfo&utm_content=thumbnail,꿈결소리,CC BY-SA 4.0,https://creativecommons.org/licenses/by-sa/4.0,commons-48856046,Codex visual inspection: one identifiable complete earphone unit/pair/listening set is principal,c33c19366cc3933d,960,640,2026-10-07T20:10:09+08:00,Commons file timestamp=2016-05-18T02:24:04Z; source sha1=4a2c9f40b4e8342fa586e93dd12d9607e3414ce1; requested thumbnail=960px
commons-48856063,data/raw/commons/earphones/commons-48856063.jpg,f600e379ee84127c563eecd0f206de830a687da9a24847647ea00861e39e8dfb,6,,,commons-api,,train,approved,campus-public-expanded-v1,wikimedia_commons,48856063,https://commons.wikimedia.org/wiki/File:%EC%BB%A4%EC%8A%A4%ED%85%80_%ED%83%80%EC%9E%85_%EC%9D%B4%EC%96%B4%ED%8F%B0-%EB%B8%94%EB%9E%99.-.jpg,https://upload.wikimedia.org/wikipedia/commons/2/2a/%EC%BB%A4%EC%8A%A4%ED%85%80_%ED%83%80%EC%9E%85_%EC%9D%B4%EC%96%B4%ED%8F%B0-%EB%B8%94%EB%9E%99.-.jpg?utm_source=commons.wikimedia.org&utm_campaign=imageinfo&utm_content=original,https://thumb.wikimedia.org/wikipedia/commons/thumb/2/2a/%EC%BB%A4%EC%8A%A4%ED%85%80_%ED%83%80%EC%9E%85_%EC%9D%B4%EC%96%B4%ED%8F%B0-%EB%B8%94%EB%9E%99.-.jpg/960px-%EC%BB%A4%EC%8A%A4%ED%85%80_%ED%83%80%EC%9E%85_%EC%9D%B4%EC%96%B4%ED%8F%B0-%EB%B8%94%EB%9E%99.-.jpg?utm_source=commons.wikimedia.org&utm_campaign=imageinfo&utm_content=thumbnail,꿈결소리,CC BY-SA 4.0,https://creativecommons.org/licenses/by-sa/4.0,commons-48856046,Codex visual inspection: one identifiable complete earphone unit/pair/listening set is principal,c0195ff4a0ab4f55,960,960,2026-10-07T20:10:11+08:00,Commons file timestamp=2016-05-18T02:24:04Z; source sha1=f28f3325df2b8778457223dcdac99fb03d3290d5; requested thumbnail=960px
commons-48856058,data/raw/commons/earphones/commons-48856058.jpg,d08869ce63850c91f7f4d2b34e0d1def75da2aec737ce29f5ba1d5dfdac69eb9,6,,,commons-api,,train,approved,campus-public-expanded-v1,wikimedia_commons,48856058,https://commons.wikimedia.org/wiki/File:%EC%BB%A4%EC%8A%A4%ED%85%80_%ED%83%80%EC%9E%85_%EC%9D%B4%EC%96%B4%ED%8F%B0-%ED%99%94%EC%9D%B4%ED%8A%B8-.jpg,https://upload.wikimedia.org/wikipedia/commons/2/20/%EC%BB%A4%EC%8A%A4%ED%85%80_%ED%83%80%EC%9E%85_%EC%9D%B4%EC%96%B4%ED%8F%B0-%ED%99%94%EC%9D%B4%ED%8A%B8-.jpg?utm_source=commons.wikimedia.org&utm_campaign=imageinfo&utm_content=original,https://thumb.wikimedia.org/wikipedia/commons/thumb/2/20/%EC%BB%A4%EC%8A%A4%ED%85%80_%ED%83%80%EC%9E%85_%EC%9D%B4%EC%96%B4%ED%8F%B0-%ED%99%94%EC%9D%B4%ED%8A%B8-.jpg/960px-%EC%BB%A4%EC%8A%A4%ED%85%80_%ED%83%80%EC%9E%85_%EC%9D%B4%EC%96%B4%ED%8F%B0-%ED%99%94%EC%9D%B4%ED%8A%B8-.jpg?utm_source=commons.wikimedia.org&utm_campaign=imageinfo&utm_content=thumbnail,꿈결소리,CC BY-SA 4.0,https://creativecommons.org/licenses/by-sa/4.0,commons-48856046,Codex visual inspection: one identifiable complete earphone unit/pair/listening set is principal,9cf26989b63c49c3,960,640,2026-10-07T20:10:16+08:00,Commons file timestamp=2016-05-18T02:24:02Z; source sha1=cbb04dcd3508a8ef36cd8b3b7a45e0b14dbde3ef; requested thumbnail=960px
oi-c432eaa1c9288ab7,data/raw/openimages/earphones/oi-c432eaa1c9288ab7.jpg,d1c5c32f8fbf06e74b0850580fcb39c03909020c5f5af8abe5005eec918b3bd7,6,,,open-images-official,,train,approved,campus-public-expanded-v1,open_images,c432eaa1c9288ab7,https://www.flickr.com/photos/sigwyg20/1403422538,https://farm8.staticflickr.com/1339/1403422538_773a3863d7_o.jpg,https://open-images-dataset.s3.amazonaws.com/test/c432eaa1c9288ab7.jpg,Sig.,https://creativecommons.org/licenses/by/2.0/,https://creativecommons.org/licenses/by/2.0/,oi-c432eaa1c9288ab7,Codex visual inspection: one identifiable physical target within confirmed definition,b41af0e980bddad1,1024,683,2026-10-07T18:11:31+08:00,Open Images V7 public test image / V5 human boxable labels; one non-depicted box >=25% image area
commons-4736586,data/raw/commons/earphones/commons-4736586.jpg,117dc50ce6eb5fe3f75eb14962d4478d6709fb94db671d35ba374cc74d0d16ea,6,,,commons-api,,train,approved,campus-public-expanded-v1,wikimedia_commons,4736586,https://commons.wikimedia.org/wiki/File:ES-IN23.jpg,https://upload.wikimedia.org/wikipedia/commons/6/69/ES-IN23.jpg?utm_source=commons.wikimedia.org&utm_campaign=imageinfo&utm_content=original,https://thumb.wikimedia.org/wikipedia/commons/thumb/6/69/ES-IN23.jpg/500px-ES-IN23.jpg?utm_source=commons.wikimedia.org&utm_campaign=imageinfo&utm_content=thumbnail,Rekeylee,Public domain,,commons-4736586,Codex visual inspection: one earphone pair/unit or listening set is primary,ce93b44ccb219997,500,376,2026-10-07T20:01:58+08:00,Commons file timestamp=2008-09-07T11:11:58Z; source sha1=061741395e5af72c55fdca8c0c89ddbe459c3b8d; requested thumbnail=500px
commons-527585,data/raw/commons/earphones/commons-527585.jpg,bf9db6af7bf7b2387180fc0b23b2b50f97cbde21e451292a190aeb2530755f8f,6,,,commons-api,,train,approved,campus-public-expanded-v1,wikimedia_commons,527585,https://commons.wikimedia.org/wiki/File:ICplayer2006.jpg,https://upload.wikimedia.org/wikipedia/commons/c/cf/ICplayer2006.jpg?utm_source=commons.wikimedia.org&utm_campaign=imageinfo&utm_content=original,https://thumb.wikimedia.org/wikipedia/commons/thumb/c/cf/ICplayer2006.jpg/960px-ICplayer2006.jpg?utm_source=commons.wikimedia.org&utm_campaign=imageinfo&utm_content=thumbnail,Miya,CC BY-SA 3.0,http://creativecommons.org/licenses/by-sa/3.0/,commons-527585,Codex visual inspection: one earphone pair/unit or listening set is primary,3249b619ccb47997,960,840,2026-10-07T20:02:21+08:00,Commons file timestamp=2006-01-22T06:44:47Z; source sha1=0c9a831f6c36434b7b7aa5befee6729b2414dfc8; requested thumbnail=960px
commons-111898763,data/raw/commons/earphones/commons-111898763.jpg,2010ef20d13115395be7ba21eba358d742003b2cbfac2760c3c79d67bc9ee730,6,,,commons-api,,train,approved,campus-public-expanded-v1,wikimedia_commons,111898763,https://commons.wikimedia.org/wiki/File:ANKER_Zolo_Liberty-6_(39531463541).jpg,https://upload.wikimedia.org/wikipedia/commons/c/cb/ANKER_Zolo_Liberty-6_%2839531463541%29.jpg?utm_source=commons.wikimedia.org&utm_campaign=imageinfo&utm_content=original,https://thumb.wikimedia.org/wikipedia/commons/thumb/c/cb/ANKER_Zolo_Liberty-6_%2839531463541%29.jpg/960px-ANKER_Zolo_Liberty-6_%2839531463541%29.jpg?utm_source=commons.wikimedia.org&utm_campaign=imageinfo&utm_content=thumbnail,TAKA@P.P.R.S,CC BY-SA 2.0,https://creativecommons.org/licenses/by-sa/2.0,commons-111898763,Codex visual inspection: one identifiable complete earphone unit/pair/listening set is principal,7a1b13d36c691c87,960,641,2026-10-07T20:10:21+08:00,Commons file timestamp=2021-10-28T05:17:34Z; source sha1=d7b9e29d8ed3b4b0a861a5165b6069e650852d11; requested thumbnail=960px
oi-35fc9c29ed8fb5f6,data/raw/openimages/earphones/oi-35fc9c29ed8fb5f6.jpg,954f4f92ff53e38ce9c92c281f57325707bd6c3484d796049d05e95da79ced8b,6,,,open-images-official,,train,approved,campus-public-expanded-v1,open_images,35fc9c29ed8fb5f6,https://www.flickr.com/photos/bearmann/4809602663,https://farm7.staticflickr.com/4120/4809602663_d86620d073_o.jpg,https://open-images-dataset.s3.amazonaws.com/test/35fc9c29ed8fb5f6.jpg,EveryDamnNameIsInUse,https://creativecommons.org/licenses/by/2.0/,https://creativecommons.org/licenses/by/2.0/,oi-35fc9c29ed8fb5f6,Codex visual inspection: one identifiable physical target within confirmed definition,66d93662b2328bcd,1024,578,2026-10-07T18:12:49+08:00,Open Images V7 public test image / V5 human boxable labels; one non-depicted box >=25% image area
commons-74762808,data/raw/commons/earphones/commons-74762808.jpg,52c76eb059df5e226b8a33e7efc8afc114a4ebfcdd7ad7f6022f63fa0cb88a94,6,,,commons-api,,train,approved,campus-public-expanded-v1,wikimedia_commons,74762808,https://commons.wikimedia.org/wiki/File:Auriculares_Blancos.jpg,https://upload.wikimedia.org/wikipedia/commons/0/05/Auriculares_Blancos.jpg?utm_source=commons.wikimedia.org&utm_campaign=imageinfo&utm_content=original,https://thumb.wikimedia.org/wikipedia/commons/thumb/0/05/Auriculares_Blancos.jpg/1280px-Auriculares_Blancos.jpg?utm_source=commons.wikimedia.org&utm_campaign=imageinfo&utm_content=thumbnail,Alejandro SG97,CC BY-SA 4.0,https://creativecommons.org/licenses/by-sa/4.0,commons-74762808,Codex visual review of contact sheet: one identifiable target within frozen category definition,898dce133c7ed2a1,1280,852,2026-10-07T15:03:37+08:00,Early collection; original source revision not retained; local downloaded rendition SHA-256=52c76eb059df5e226b8a33e7efc8afc114a4ebfcdd7ad7f6022f63fa0cb88a94; download time recovered from original local file mtime
oi-0afed95b79ac15e3,data/raw/openimages/earphones/oi-0afed95b79ac15e3.jpg,1ef82f87d9981b8ea8fd76cc1033407d9e8f3625fa2b3ae6283fee2c5bbfdb80,6,,,open-images-official,,train,approved,campus-public-expanded-v1,open_images,0afed95b79ac15e3,https://www.flickr.com/photos/mariahagglof/8148535920,https://farm4.staticflickr.com/8194/8148535920_049db8c506_o.jpg,https://open-images-dataset.s3.amazonaws.com/test/0afed95b79ac15e3.jpg,Maria Hägglöf,https://creativecommons.org/licenses/by/2.0/,https://creativecommons.org/licenses/by/2.0/,oi-0afed95b79ac15e3,Codex visual inspection: one identifiable physical target within confirmed definition,31cec2238f9ebc23,1024,1024,2026-10-07T18:13:38+08:00,Open Images V7 public test image / V5 human boxable labels; one non-depicted box >=25% image area
commons-44837916,data/raw/commons/earphones/commons-44837916.jpg,1229c4d3f0b3057602c0f7c08c61852b85d7fa4b81e6defdf50199713b617526,6,,,commons-api,,train,approved,campus-public-expanded-v1,wikimedia_commons,44837916,https://commons.wikimedia.org/wiki/File:U-Series.jpg,https://upload.wikimedia.org/wikipedia/commons/6/60/U-Series.jpg?utm_source=commons.wikimedia.org&utm_campaign=imageinfo&utm_content=original,https://thumb.wikimedia.org/wikipedia/commons/thumb/6/60/U-Series.jpg/960px-U-Series.jpg?utm_source=commons.wikimedia.org&utm_campaign=imageinfo&utm_content=thumbnail,Josiahclanton,CC BY-SA 4.0,https://creativecommons.org/licenses/by-sa/4.0,commons-44837916,Codex visual inspection: one identifiable complete earphone unit/pair/listening set is principal,59d6b66849a69669,960,640,2026-10-07T20:06:55+08:00,Commons file timestamp=2015-11-07T01:19:47Z; source sha1=537d48f0375ab0aaec2bc32bb39b3642f0e8f990; requested thumbnail=960px
commons-60239636,data/raw/commons/charger/commons-60239636.jpg,cdb43602c48d41cf197bc6ddd215a85b88f0078ee2619fceaa4f23f1bb72f034,7,,,commons-api,,train,approved,campus-public-expanded-v1,wikimedia_commons,60239636,https://commons.wikimedia.org/wiki/File:Lenovo_Power_Adapter_AC_65W_20V.jpg,https://upload.wikimedia.org/wikipedia/commons/c/c8/Lenovo_Power_Adapter_AC_65W_20V.jpg?utm_source=commons.wikimedia.org&utm_campaign=imageinfo&utm_content=original,https://thumb.wikimedia.org/wikipedia/commons/thumb/c/c8/Lenovo_Power_Adapter_AC_65W_20V.jpg/960px-Lenovo_Power_Adapter_AC_65W_20V.jpg?utm_source=commons.wikimedia.org&utm_campaign=imageinfo&utm_content=thumbnail,Neozoon,CC0,http://creativecommons.org/publicdomain/zero/1.0/deed.en,commons-60239636,Codex visual inspection: clear phone or laptop power adapter is primary,8129f6a9ad760799,960,493,2026-10-07T19:15:21+08:00,Commons file timestamp=2017-06-21T22:24:04Z; source sha1=6bfddac66dbc5c6ec973754522cf89ece62d6402; requested thumbnail=960px
commons-141465068,data/raw/commons/charger/commons-141465068.jpg,f30a4ede743517019841d7a21e17b2d03a7d4eed89623a00a682bd0c14fe8800,7,,,commons-api,,train,approved,campus-public-expanded-v1,wikimedia_commons,141465068,https://commons.wikimedia.org/wiki/File:Cargador_de_celular.jpg,https://upload.wikimedia.org/wikipedia/commons/d/db/Cargador_de_celular.jpg?utm_source=commons.wikimedia.org&utm_campaign=imageinfo&utm_content=original,https://thumb.wikimedia.org/wikipedia/commons/thumb/d/db/Cargador_de_celular.jpg/1280px-Cargador_de_celular.jpg?utm_source=commons.wikimedia.org&utm_campaign=imageinfo&utm_content=thumbnail,Richard Chris 29,CC0,http://creativecommons.org/publicdomain/zero/1.0/deed.en,commons-141465068,Codex visual review of contact sheet: one identifiable target within frozen category definition,fc5638a5bc407aa3,1280,960,2026-10-07T14:34:08+08:00,Early collection; original source revision not retained; local downloaded rendition SHA-256=f30a4ede743517019841d7a21e17b2d03a7d4eed89623a00a682bd0c14fe8800; download time recovered from original local file mtime
commons-196293007,data/raw/commons/charger/commons-196293007.jpg,d9059d1e570098fbf1a9013fad0302162bea25dc2f9a7a8c73005746504cb1eb,7,,,commons-api,,train,approved,campus-public-expanded-v1,wikimedia_commons,196293007,https://commons.wikimedia.org/wiki/File:Power_adapter_and_tangled_cord_on_the_table_in_a_home_office_workspace_during_the_day.jpg,https://upload.wikimedia.org/wikipedia/commons/8/8b/Power_adapter_and_tangled_cord_on_the_table_in_a_home_office_workspace_during_the_day.jpg?utm_source=commons.wikimedia.org&utm_campaign=imageinfo&utm_content=original,https://thumb.wikimedia.org/wikipedia/commons/thumb/8/8b/Power_adapter_and_tangled_cord_on_the_table_in_a_home_office_workspace_during_the_day.jpg/960px-Power_adapter_and_tangled_cord_on_the_table_in_a_home_office_workspace_during_the_day.jpg?utm_source=commons.wikimedia.org&utm_campaign=imageinfo&utm_content=thumbnail,Shixart1985,CC BY 2.0,https://creativecommons.org/licenses/by/2.0,commons-196293007,Codex visual inspection: clear phone or laptop power adapter is primary,1b4cc73b3ac6a41b,960,641,2026-10-07T19:16:34+08:00,Commons file timestamp=2026-07-27T13:50:33Z; source sha1=938bdd0d3d856007fc48d0f747790bb966a39730; requested thumbnail=960px
commons-60311163,data/raw/commons/charger/commons-60311163.jpg,e9487fd7faf65bd542149fa6ec87916d25c16aec50a41f7e87bda18ed6684c14,7,,,commons-api,,train,approved,campus-public-expanded-v1,wikimedia_commons,60311163,https://commons.wikimedia.org/wiki/File:Lenovo_Power_Adapter_AC_135W_20V.jpg,https://upload.wikimedia.org/wikipedia/commons/7/7d/Lenovo_Power_Adapter_AC_135W_20V.jpg?utm_source=commons.wikimedia.org&utm_campaign=imageinfo&utm_content=original,https://thumb.wikimedia.org/wikipedia/commons/thumb/7/7d/Lenovo_Power_Adapter_AC_135W_20V.jpg/960px-Lenovo_Power_Adapter_AC_135W_20V.jpg?utm_source=commons.wikimedia.org&utm_campaign=imageinfo&utm_content=thumbnail,Neozoon,CC0,http://creativecommons.org/publicdomain/zero/1.0/deed.en,commons-60311163,Codex visual inspection: clear phone or laptop power adapter is primary,04a786b6a27e696b,960,444,2026-10-07T19:15:23+08:00,Commons file timestamp=2017-06-23T07:50:03Z; source sha1=5e9c05bb7fb4d2868055c5783aad8fef633e67dd; requested thumbnail=960px
commons-9400155,data/raw/commons/charger/commons-9400155.jpg,2c0e5057bcc80668d5a9ac068ff2cbfa13c2af57820dea4f4c08f20e289d48aa,7,,,commons-api,,train,approved,campus-public-expanded-v1,wikimedia_commons,9400155,https://commons.wikimedia.org/wiki/File:Netzteil_unbekannter_Mobilrechner_02.JPG,https://upload.wikimedia.org/wikipedia/commons/5/5d/Netzteil_unbekannter_Mobilrechner_02.JPG?utm_source=commons.wikimedia.org&utm_campaign=imageinfo&utm_content=original,https://thumb.wikimedia.org/wikipedia/commons/thumb/5/5d/Netzteil_unbekannter_Mobilrechner_02.JPG/960px-Netzteil_unbekannter_Mobilrechner_02.JPG?utm_source=commons.wikimedia.org&utm_campaign=imageinfo&utm_content=thumbnail,Baisemain,CC BY 3.0,https://creativecommons.org/licenses/by/3.0,commons-9400155,Codex visual inspection: clear phone or laptop power adapter is primary,e3b059c3930be43d,960,754,2026-10-07T19:15:37+08:00,Commons file timestamp=2010-02-05T14:02:38Z; source sha1=5b4a706d1480ba7fd21fbacaba23bb97f460de66; requested thumbnail=960px
commons-97158659,data/raw/commons/charger/commons-97158659.jpg,400f7529b9358d6273d332e4b189466bac18826c59674af9fc00cbf18104cf50,7,,,commons-api,,train,approved,campus-public-expanded-v1,wikimedia_commons,97158659,https://commons.wikimedia.org/wiki/File:Carregador_celular.jpg,https://upload.wikimedia.org/wikipedia/commons/e/ec/Carregador_celular.jpg?utm_source=commons.wikimedia.org&utm_campaign=imageinfo&utm_content=original,https://thumb.wikimedia.org/wikipedia/commons/thumb/e/ec/Carregador_celular.jpg/1280px-Carregador_celular.jpg?utm_source=commons.wikimedia.org&utm_campaign=imageinfo&utm_content=thumbnail,Simoni gandolfi,CC BY-SA 4.0,https://creativecommons.org/licenses/by-sa/4.0,commons-97158659,Codex visual review of contact sheet: one identifiable target within frozen category definition,ac5cd8b323871d4d,1280,1707,2026-10-07T14:33:40+08:00,Early collection; original source revision not retained; local downloaded rendition SHA-256=400f7529b9358d6273d332e4b189466bac18826c59674af9fc00cbf18104cf50; download time recovered from original local file mtime
commons-114076786,data/raw/commons/charger/commons-114076786.jpg,d4159a0740574c41f0c0b1e78bd63470556318e942f6fe7bc9afdae5dd3f4cea,7,,,commons-api,,train,approved,campus-public-expanded-v1,wikimedia_commons,114076786,https://commons.wikimedia.org/wiki/File:Charger_in_thoppur.jpg,https://upload.wikimedia.org/wikipedia/commons/f/fe/Charger_in_thoppur.jpg?utm_source=commons.wikimedia.org&utm_campaign=imageinfo&utm_content=original,https://upload.wikimedia.org/wikipedia/commons/f/fe/Charger_in_thoppur.jpg?utm_source=commons.wikimedia.org&utm_campaign=imageinfo&utm_content=thumbnail_unscaled,Dhivyabsk,CC BY-SA 4.0,https://creativecommons.org/licenses/by-sa/4.0,commons-114076786,Codex visual inspection: one identifiable target within frozen definition,239c9ce3e33c1ae1,590,814,2026-10-07T17:48:23+08:00,Commons file timestamp=2022-01-07T14:56:41Z; source sha1=dc71a6d5b37aa16db7d9173a88d623386284de7d; requested thumbnail=960px
commons-140790624,data/raw/commons/charger/commons-140790624.jpg,dbb3e98a654a44a5f8f432de5d3fc39048fac18016a9b005b354823e638a7d73,7,,,commons-api,,train,approved,campus-public-expanded-v1,wikimedia_commons,140790624,https://commons.wikimedia.org/wiki/File:Common-External-Power-Supply.jpg,https://upload.wikimedia.org/wikipedia/commons/6/64/Common-External-Power-Supply.jpg?utm_source=commons.wikimedia.org&utm_campaign=imageinfo&utm_content=original,https://thumb.wikimedia.org/wikipedia/commons/thumb/6/64/Common-External-Power-Supply.jpg/960px-Common-External-Power-Supply.jpg?utm_source=commons.wikimedia.org&utm_campaign=imageinfo&utm_content=thumbnail,MarcoTangerino,CC0,http://creativecommons.org/publicdomain/zero/1.0/deed.en,commons-140790624,Codex visual inspection: one identifiable target within frozen definition,c98d1ec387a1707d,960,764,2026-10-07T17:48:36+08:00,Commons file timestamp=2023-11-14T16:42:19Z; source sha1=6cba8012ae79724c272f45eb9fd20bc3ba68fcec; requested thumbnail=960px
commons-122018946,data/raw/commons/charger/commons-122018946.jpg,6645962b184c7bd754067a106da03220a6a0e72341b65e9d917718a4f61985bc,7,,,commons-api,,train,approved,campus-public-expanded-v1,wikimedia_commons,122018946,https://commons.wikimedia.org/wiki/File:LG_AC_ADAPTER_PA-1650-43.jpg,https://upload.wikimedia.org/wikipedia/commons/e/e0/LG_AC_ADAPTER_PA-1650-43.jpg?utm_source=commons.wikimedia.org&utm_campaign=imageinfo&utm_content=original,https://thumb.wikimedia.org/wikipedia/commons/thumb/e/e0/LG_AC_ADAPTER_PA-1650-43.jpg/960px-LG_AC_ADAPTER_PA-1650-43.jpg?utm_source=commons.wikimedia.org&utm_campaign=imageinfo&utm_content=thumbnail,Dinkun Chen,CC BY-SA 4.0,https://creativecommons.org/licenses/by-sa/4.0,commons-122018946,Codex visual inspection: clear phone or laptop power adapter is primary,3c6c93b36c1cb2a3,960,699,2026-10-07T19:15:26+08:00,Commons file timestamp=2022-08-19T12:18:36Z; source sha1=78828aa6212ae81cd348c59ab7dd6df1a6b0469f; requested thumbnail=960px
commons-29641364,data/raw/commons/charger/commons-29641364.jpg,f74f41db2868d455584491d258c6da5b4bfedc5731e79f5d1502583c2249aeb6,7,,,commons-api,,train,approved,campus-public-expanded-v1,wikimedia_commons,29641364,https://commons.wikimedia.org/wiki/File:X60Netzteil.JPG,https://upload.wikimedia.org/wikipedia/commons/2/23/X60Netzteil.JPG?utm_source=commons.wikimedia.org&utm_campaign=imageinfo&utm_content=original,https://thumb.wikimedia.org/wikipedia/commons/thumb/2/23/X60Netzteil.JPG/330px-X60Netzteil.JPG?utm_source=commons.wikimedia.org&utm_campaign=imageinfo&utm_content=thumbnail,Nintendere,CC BY-SA 3.0,http://creativecommons.org/licenses/by-sa/3.0/,commons-29641364,Codex visual inspection: clear phone or laptop power adapter is primary,3c56a5fb140fc079,330,248,2026-10-07T19:17:59+08:00,Commons file timestamp=2013-11-15T17:33:34Z; source sha1=c46d24a667aa747ff0016dc9a8d8cb4d9ccd262f; requested thumbnail=330px
commons-84791752,data/raw/commons/charger/commons-84791752.jpg,926fa3046996560101a9540cd208f72e2cf92e759a06bccb582f31fe4e9b6cfe,7,,,commons-api,,train,approved,campus-public-expanded-v1,wikimedia_commons,84791752,https://commons.wikimedia.org/wiki/File:Asus_ROG.jpg,https://upload.wikimedia.org/wikipedia/commons/3/3d/Asus_ROG.jpg?utm_source=commons.wikimedia.org&utm_campaign=imageinfo&utm_content=original,https://thumb.wikimedia.org/wikipedia/commons/thumb/3/3d/Asus_ROG.jpg/960px-Asus_ROG.jpg?utm_source=commons.wikimedia.org&utm_campaign=imageinfo&utm_content=thumbnail,Venky24O,CC BY-SA 4.0,https://creativecommons.org/licenses/by-sa/4.0,commons-84791752,Codex visual inspection: clear phone or laptop power adapter is primary,e161e5296c296e57,960,1976,2026-10-07T19:12:09+08:00,Commons file timestamp=2019-12-10T17:50:39Z; source sha1=674422b35cf371345c7b561f42ee495ab4388a54; requested thumbnail=960px
commons-114096479,data/raw/commons/charger/commons-114096479.jpg,fc0b80349700cd6c77710230d32759a74b2b3d6411c929b0f059c065d7f552e2,7,,,commons-api,,train,approved,campus-public-expanded-v1,wikimedia_commons,114096479,"https://commons.wikimedia.org/wiki/File:Charging,.jpg",https://upload.wikimedia.org/wikipedia/commons/6/67/Charging%2C.jpg?utm_source=commons.wikimedia.org&utm_campaign=imageinfo&utm_content=original,https://upload.wikimedia.org/wikipedia/commons/6/67/Charging%2C.jpg?utm_source=commons.wikimedia.org&utm_campaign=imageinfo&utm_content=thumbnail_unscaled,DIVYALAKSHWIN,CC BY-SA 4.0,https://creativecommons.org/licenses/by-sa/4.0,commons-114096479,Codex visual inspection: one identifiable target within frozen definition,49ee865988837dab,868,1156,2026-10-07T17:48:32+08:00,Commons file timestamp=2022-01-08T07:15:02Z; source sha1=1d1d38a91a892ae0a4afff09fe5fa0043f0fb134; requested thumbnail=960px
commons-56269145,data/raw/commons/charger/commons-56269145.jpg,ac7f22647eb43d35d9f6f54fee4282a0ad0b00e651077c30516ceb51ab0a2310,7,,,commons-api,,train,approved,campus-public-expanded-v1,wikimedia_commons,56269145,https://commons.wikimedia.org/wiki/File:Laptop_voeding_boven.jpg,https://upload.wikimedia.org/wikipedia/commons/b/b8/Laptop_voeding_boven.jpg?utm_source=commons.wikimedia.org&utm_campaign=imageinfo&utm_content=original,https://thumb.wikimedia.org/wikipedia/commons/thumb/b/b8/Laptop_voeding_boven.jpg/960px-Laptop_voeding_boven.jpg?utm_source=commons.wikimedia.org&utm_campaign=imageinfo&utm_content=thumbnail,Gerben49,CC BY-SA 4.0,https://creativecommons.org/licenses/by-sa/4.0,commons-56269145,Codex visual inspection: clear phone or laptop power adapter is primary,a847837d81bd6d51,960,429,2026-10-07T19:14:55+08:00,Commons file timestamp=2017-02-14T10:54:45Z; source sha1=2bc426a8e3730c58b01a1bc9afabc8a524756366; requested thumbnail=960px
commons-41931792,data/raw/commons/charger/commons-41931792.jpg,723fdc06c4fa5d07f7f419f26e21587a730b3e6e812c7d7523f1dafef2e56813,7,,,commons-api,,train,approved,campus-public-expanded-v1,wikimedia_commons,41931792,https://commons.wikimedia.org/wiki/File:Lenovo_X200s_AC_adapter.JPG,https://upload.wikimedia.org/wikipedia/commons/7/76/Lenovo_X200s_AC_adapter.JPG?utm_source=commons.wikimedia.org&utm_campaign=imageinfo&utm_content=original,https://thumb.wikimedia.org/wikipedia/commons/thumb/7/76/Lenovo_X200s_AC_adapter.JPG/960px-Lenovo_X200s_AC_adapter.JPG?utm_source=commons.wikimedia.org&utm_campaign=imageinfo&utm_content=thumbnail,Nemo,CC BY-SA 4.0,https://creativecommons.org/licenses/by-sa/4.0,commons-41931792,Codex visual inspection: clear phone or laptop power adapter is primary,295e958b1d3ec3c1,960,720,2026-10-07T19:15:15+08:00,Commons file timestamp=2015-07-28T21:13:29Z; source sha1=607e70aefdc712c2da95808c0b392526e20a66e0; requested thumbnail=960px
commons-97936372,data/raw/commons/charger/commons-97936372.jpg,186c1ce786260043123b116c664aec7ab3c68dce00610f649d163e07cf9fff19,7,,,commons-api,,train,approved,campus-public-expanded-v1,wikimedia_commons,97936372,https://commons.wikimedia.org/wiki/File:EA1203_7.jpg,https://upload.wikimedia.org/wikipedia/commons/e/ea/EA1203_7.jpg?utm_source=commons.wikimedia.org&utm_campaign=imageinfo&utm_content=original,https://thumb.wikimedia.org/wikipedia/commons/thumb/e/ea/EA1203_7.jpg/960px-EA1203_7.jpg?utm_source=commons.wikimedia.org&utm_campaign=imageinfo&utm_content=thumbnail,Wkoubnv,CC BY-SA 4.0,https://creativecommons.org/licenses/by-sa/4.0,commons-97936372,Codex visual inspection: clear phone or laptop power adapter is primary,1aa56699a663991f,960,960,2026-10-07T19:13:08+08:00,Commons file timestamp=2020-12-22T02:17:42Z; source sha1=8d5f30072a8a4bc86860a84f8411f9d6d08ab44b; requested thumbnail=960px
commons-191074065,data/raw/commons/charger/commons-191074065.jpg,07e5fc0ce046f4834589dda51f942fcc0a15c236e7aa143448dd618fc0096424,7,,,commons-api,,train,approved,campus-public-expanded-v1,wikimedia_commons,191074065,https://commons.wikimedia.org/wiki/File:GD_%E6%83%A0%E5%B7%9E%E5%B8%82_Huizhou_%E6%AD%A6%E8%8B%B1%E5%85%84%E5%BC%9F%E9%9B%BB%E6%BA%90_WuYing_Brothers_Sources_powerr_Adapter_white_May_2026_RA7P_01.jpg,https://upload.wikimedia.org/wikipedia/commons/d/df/GD_%E6%83%A0%E5%B7%9E%E5%B8%82_Huizhou_%E6%AD%A6%E8%8B%B1%E5%85%84%E5%BC%9F%E9%9B%BB%E6%BA%90_WuYing_Brothers_Sources_powerr_Adapter_white_May_2026_RA7P_01.jpg?utm_source=commons.wikimedia.org&utm_campaign=imageinfo&utm_content=original,https://thumb.wikimedia.org/wikipedia/commons/thumb/d/df/GD_%E6%83%A0%E5%B7%9E%E5%B8%82_Huizhou_%E6%AD%A6%E8%8B%B1%E5%85%84%E5%BC%9F%E9%9B%BB%E6%BA%90_WuYing_Brothers_Sources_powerr_Adapter_white_May_2026_RA7P_01.jpg/960px-GD_%E6%83%A0%E5%B7%9E%E5%B8%82_Huizhou_%E6%AD%A6%E8%8B%B1%E5%85%84%E5%BC%9F%E9%9B%BB%E6%BA%90_WuYing_Brothers_Sources_powerr_Adapter_white_May_2026_RA7P_01.jpg?utm_source=commons.wikimedia.org&utm_campaign=imageinfo&utm_content=thumbnail,AP22088 NgSaiKeaung Hooo,CC0,http://creativecommons.org/publicdomain/zero/1.0/deed.en,commons-191074065,Codex visual inspection: clear phone or laptop power adapter is primary,8d051d3e72f630ab,960,1295,2026-10-07T19:13:43+08:00,Commons file timestamp=2026-05-03T11:08:26Z; source sha1=43018a09a4efd823d83bd34aa63b5ff07abafb62; requested thumbnail=960px
commons-186222418,data/raw/commons/charger/commons-186222418.jpg,592a8940acb8d72541163512eb8d63bc4768483640cd6cd953cb28f7886cd03f,7,,,commons-api,,train,approved,campus-public-expanded-v1,wikimedia_commons,186222418,https://commons.wikimedia.org/wiki/File:ADTEC-USBcharger-APD-V140AC2-BK_003.jpg,https://upload.wikimedia.org/wikipedia/commons/6/6d/ADTEC-USBcharger-APD-V140AC2-BK_003.jpg?utm_source=commons.wikimedia.org&utm_campaign=imageinfo&utm_content=original,https://thumb.wikimedia.org/wikipedia/commons/thumb/6/6d/ADTEC-USBcharger-APD-V140AC2-BK_003.jpg/1280px-ADTEC-USBcharger-APD-V140AC2-BK_003.jpg?utm_source=commons.wikimedia.org&utm_campaign=imageinfo&utm_content=thumbnail,RuinDig/Yuki Uchida,CC BY 4.0,https://creativecommons.org/licenses/by/4.0,commons-186222418,Codex visual review of contact sheet: one identifiable target within frozen category definition,23662393e3d91c2f,1280,960,2026-10-07T14:49:49+08:00,Early collection; original source revision not retained; local downloaded rendition SHA-256=592a8940acb8d72541163512eb8d63bc4768483640cd6cd953cb28f7886cd03f; download time recovered from original local file mtime
commons-186222419,data/raw/commons/charger/commons-186222419.jpg,5ae82f1ce1fef09773148ced032264e8854967834833a7ac1d96f9aa5559707a,7,,,commons-api,,train,approved,campus-public-expanded-v1,wikimedia_commons,186222419,https://commons.wikimedia.org/wiki/File:ADTEC-USBcharger-APD-V140AC2-BK_002.jpg,https://upload.wikimedia.org/wikipedia/commons/8/87/ADTEC-USBcharger-APD-V140AC2-BK_002.jpg?utm_source=commons.wikimedia.org&utm_campaign=imageinfo&utm_content=original,https://thumb.wikimedia.org/wikipedia/commons/thumb/8/87/ADTEC-USBcharger-APD-V140AC2-BK_002.jpg/1280px-ADTEC-USBcharger-APD-V140AC2-BK_002.jpg?utm_source=commons.wikimedia.org&utm_campaign=imageinfo&utm_content=thumbnail,RuinDig/Yuki Uchida,CC BY 4.0,https://creativecommons.org/licenses/by/4.0,commons-186222418,Codex visual review of contact sheet: one identifiable target within frozen category definition,20662393e3d99d2f,1280,960,2026-10-07T14:49:51+08:00,Early collection; original source revision not retained; local downloaded rendition SHA-256=5ae82f1ce1fef09773148ced032264e8854967834833a7ac1d96f9aa5559707a; download time recovered from original local file mtime
commons-186222420,data/raw/commons/charger/commons-186222420.jpg,02f19dc96bf96ed2b6ac928299a294be6e221dd494b9117ceb636cf909b7d243,7,,,commons-api,,train,approved,campus-public-expanded-v1,wikimedia_commons,186222420,https://commons.wikimedia.org/wiki/File:ADTEC-USBcharger-APD-V140AC2-BK_001.jpg,https://upload.wikimedia.org/wikipedia/commons/c/cd/ADTEC-USBcharger-APD-V140AC2-BK_001.jpg?utm_source=commons.wikimedia.org&utm_campaign=imageinfo&utm_content=original,https://thumb.wikimedia.org/wikipedia/commons/thumb/c/cd/ADTEC-USBcharger-APD-V140AC2-BK_001.jpg/1280px-ADTEC-USBcharger-APD-V140AC2-BK_001.jpg?utm_source=commons.wikimedia.org&utm_campaign=imageinfo&utm_content=thumbnail,RuinDig/Yuki Uchida,CC BY 4.0,https://creativecommons.org/licenses/by/4.0,commons-186222418,Codex visual review of contact sheet: one identifiable target within frozen category definition,21e23393e3598da7,1280,960,2026-10-07T14:49:56+08:00,Early collection; original source revision not retained; local downloaded rendition SHA-256=02f19dc96bf96ed2b6ac928299a294be6e221dd494b9117ceb636cf909b7d243; download time recovered from original local file mtime
commons-186222425,data/raw/commons/charger/commons-186222425.jpg,e66c62ff3cffdae032c055f4f81e903ee882de01948fba20c70a4ce9dce00ce7,7,,,commons-api,,train,approved,campus-public-expanded-v1,wikimedia_commons,186222425,https://commons.wikimedia.org/wiki/File:ADTEC-USBcharger-APD-V140AC2-BK_005.jpg,https://upload.wikimedia.org/wikipedia/commons/0/01/ADTEC-USBcharger-APD-V140AC2-BK_005.jpg?utm_source=commons.wikimedia.org&utm_campaign=imageinfo&utm_content=original,https://thumb.wikimedia.org/wikipedia/commons/thumb/0/01/ADTEC-USBcharger-APD-V140AC2-BK_005.jpg/1280px-ADTEC-USBcharger-APD-V140AC2-BK_005.jpg?utm_source=commons.wikimedia.org&utm_campaign=imageinfo&utm_content=thumbnail,RuinDig/Yuki Uchida,CC BY 4.0,https://creativecommons.org/licenses/by/4.0,commons-186222418,Codex visual review of contact sheet: one identifiable target within frozen category definition,63a32393c3591d2f,1280,960,2026-10-07T14:49:58+08:00,Early collection; original source revision not retained; local downloaded rendition SHA-256=e66c62ff3cffdae032c055f4f81e903ee882de01948fba20c70a4ce9dce00ce7; download time recovered from original local file mtime
commons-186222426,data/raw/commons/charger/commons-186222426.jpg,2eb8f64da0a0ad2140260b261cd2ef3155c74810d2d80dae3fc7844b6eacc179,7,,,commons-api,,train,approved,campus-public-expanded-v1,wikimedia_commons,186222426,https://commons.wikimedia.org/wiki/File:ADTEC-USBcharger-APD-V140AC2-BK_004.jpg,https://upload.wikimedia.org/wikipedia/commons/e/e6/ADTEC-USBcharger-APD-V140AC2-BK_004.jpg?utm_source=commons.wikimedia.org&utm_campaign=imageinfo&utm_content=original,https://thumb.wikimedia.org/wikipedia/commons/thumb/e/e6/ADTEC-USBcharger-APD-V140AC2-BK_004.jpg/1280px-ADTEC-USBcharger-APD-V140AC2-BK_004.jpg?utm_source=commons.wikimedia.org&utm_campaign=imageinfo&utm_content=thumbnail,RuinDig/Yuki Uchida,CC BY 4.0,https://creativecommons.org/licenses/by/4.0,commons-186222418,Codex visual review of contact sheet: one identifiable target within frozen category definition,339333d9c3598c27,1280,960,2026-10-07T14:50:00+08:00,Early collection; original source revision not retained; local downloaded rendition SHA-256=2eb8f64da0a0ad2140260b261cd2ef3155c74810d2d80dae3fc7844b6eacc179; download time recovered from original local file mtime
commons-186222427,data/raw/commons/charger/commons-186222427.jpg,c0ef69d366475a55dceeeaffe28b48a6487e499795f5ee1ea7f6274e89bd7231,7,,,commons-api,,train,approved,campus-public-expanded-v1,wikimedia_commons,186222427,https://commons.wikimedia.org/wiki/File:ADTEC-USBcharger-APD-V140AC2-BK_006.jpg,https://upload.wikimedia.org/wikipedia/commons/0/0c/ADTEC-USBcharger-APD-V140AC2-BK_006.jpg?utm_source=commons.wikimedia.org&utm_campaign=imageinfo&utm_content=original,https://thumb.wikimedia.org/wikipedia/commons/thumb/0/0c/ADTEC-USBcharger-APD-V140AC2-BK_006.jpg/1280px-ADTEC-USBcharger-APD-V140AC2-BK_006.jpg?utm_source=commons.wikimedia.org&utm_campaign=imageinfo&utm_content=thumbnail,RuinDig/Yuki Uchida,CC BY 4.0,https://creativecommons.org/licenses/by/4.0,commons-186222418,Codex visual review of contact sheet: one identifiable target within frozen category definition,3199259917995b67,1280,960,2026-10-07T14:50:04+08:00,Early collection; original source revision not retained; local downloaded rendition SHA-256=c0ef69d366475a55dceeeaffe28b48a6487e499795f5ee1ea7f6274e89bd7231; download time recovered from original local file mtime
commons-186222435,data/raw/commons/charger/commons-186222435.jpg,03e204f154099e20576f4010cea237705889de1ec2258504acdb946dc9e29cda,7,,,commons-api,,train,approved,campus-public-expanded-v1,wikimedia_commons,186222435,https://commons.wikimedia.org/wiki/File:ADTEC-USBcharger-APD-V140AC2-BK_007.jpg,https://upload.wikimedia.org/wikipedia/commons/7/79/ADTEC-USBcharger-APD-V140AC2-BK_007.jpg?utm_source=commons.wikimedia.org&utm_campaign=imageinfo&utm_content=original,https://thumb.wikimedia.org/wikipedia/commons/thumb/7/79/ADTEC-USBcharger-APD-V140AC2-BK_007.jpg/1280px-ADTEC-USBcharger-APD-V140AC2-BK_007.jpg?utm_source=commons.wikimedia.org&utm_campaign=imageinfo&utm_content=thumbnail,RuinDig/Yuki Uchida,CC BY 4.0,https://creativecommons.org/licenses/by/4.0,commons-186222418,Codex visual review of contact sheet: one identifiable target within frozen category definition,a17e16e80601e9ff,1280,960,2026-10-07T14:50:07+08:00,Early collection; original source revision not retained; local downloaded rendition SHA-256=03e204f154099e20576f4010cea237705889de1ec2258504acdb946dc9e29cda; download time recovered from original local file mtime
commons-186222431,data/raw/commons/charger/commons-186222431.jpg,716cbfdff2c75c7810339226ab13676ad60a6c85bbddee6ae68f6b5d5abac8b6,7,,,commons-api,,train,approved,campus-public-expanded-v1,wikimedia_commons,186222431,https://commons.wikimedia.org/wiki/File:LEPLUS-USBcharger-LN-ACPD130WH_001.jpg,https://upload.wikimedia.org/wikipedia/commons/c/cf/LEPLUS-USBcharger-LN-ACPD130WH_001.jpg?utm_source=commons.wikimedia.org&utm_campaign=imageinfo&utm_content=original,https://thumb.wikimedia.org/wikipedia/commons/thumb/c/cf/LEPLUS-USBcharger-LN-ACPD130WH_001.jpg/960px-LEPLUS-USBcharger-LN-ACPD130WH_001.jpg?utm_source=commons.wikimedia.org&utm_campaign=imageinfo&utm_content=thumbnail,RuinDig/Yuki Uchida,CC BY 4.0,https://creativecommons.org/licenses/by/4.0,commons-186222418,Codex visual inspection: one identifiable target within frozen definition,3c18cc663c66e3d3,960,720,2026-10-07T17:46:05+08:00,Commons file timestamp=2026-03-15T14:39:06Z; source sha1=11c321e15007b0b7253188b7c7e2ffa219c7de92; requested thumbnail=960px
commons-186222432,data/raw/commons/charger/commons-186222432.jpg,238a34648665e738508008a4871a14e8ec0b38779899f8b57f82b8e22cdeddf7,7,,,commons-api,,train,approved,campus-public-expanded-v1,wikimedia_commons,186222432,https://commons.wikimedia.org/wiki/File:LEPLUS-USBcharger-LN-ACPD130WH_002.jpg,https://upload.wikimedia.org/wikipedia/commons/4/45/LEPLUS-USBcharger-LN-ACPD130WH_002.jpg?utm_source=commons.wikimedia.org&utm_campaign=imageinfo&utm_content=original,https://thumb.wikimedia.org/wikipedia/commons/thumb/4/45/LEPLUS-USBcharger-LN-ACPD130WH_002.jpg/960px-LEPLUS-USBcharger-LN-ACPD130WH_002.jpg?utm_source=commons.wikimedia.org&utm_campaign=imageinfo&utm_content=thumbnail,RuinDig/Yuki Uchida,CC BY 4.0,https://creativecommons.org/licenses/by/4.0,commons-186222418,Codex visual inspection: one identifiable target within frozen definition,1c99cc660ce673d9,960,720,2026-10-07T17:46:07+08:00,Commons file timestamp=2026-03-15T14:39:06Z; source sha1=371089e7502ebcd92b231a149c7630b103441065; requested thumbnail=960px
commons-186222433,data/raw/commons/charger/commons-186222433.jpg,5bedb13160982df6509eaea6e7736f3a86caf08350b8d0833b9302f62b7b4344,7,,,commons-api,,train,approved,campus-public-expanded-v1,wikimedia_commons,186222433,https://commons.wikimedia.org/wiki/File:LEPLUS-USBcharger-LN-ACPD130WH_003.jpg,https://upload.wikimedia.org/wikipedia/commons/a/aa/LEPLUS-USBcharger-LN-ACPD130WH_003.jpg?utm_source=commons.wikimedia.org&utm_campaign=imageinfo&utm_content=original,https://thumb.wikimedia.org/wikipedia/commons/thumb/a/aa/LEPLUS-USBcharger-LN-ACPD130WH_003.jpg/960px-LEPLUS-USBcharger-LN-ACPD130WH_003.jpg?utm_source=commons.wikimedia.org&utm_campaign=imageinfo&utm_content=thumbnail,RuinDig/Yuki Uchida,CC BY 4.0,https://creativecommons.org/licenses/by/4.0,commons-186222418,Codex visual inspection: one identifiable target within frozen definition,6666916665e69999,960,720,2026-10-07T17:46:10+08:00,Commons file timestamp=2026-03-15T14:39:06Z; source sha1=6e2fa9f2c4f37182652eb976842ba6711a10f730; requested thumbnail=960px
commons-186222434,data/raw/commons/charger/commons-186222434.jpg,da7f3715891ea09a7fb2a55f9717403a59f5a05cf6932d11bc4c98787df9e9b7,7,,,commons-api,,train,approved,campus-public-expanded-v1,wikimedia_commons,186222434,https://commons.wikimedia.org/wiki/File:LEPLUS-USBcharger-LN-ACPD130WH_004.jpg,https://upload.wikimedia.org/wikipedia/commons/0/0d/LEPLUS-USBcharger-LN-ACPD130WH_004.jpg?utm_source=commons.wikimedia.org&utm_campaign=imageinfo&utm_content=original,https://thumb.wikimedia.org/wikipedia/commons/thumb/0/0d/LEPLUS-USBcharger-LN-ACPD130WH_004.jpg/960px-LEPLUS-USBcharger-LN-ACPD130WH_004.jpg?utm_source=commons.wikimedia.org&utm_campaign=imageinfo&utm_content=thumbnail,RuinDig/Yuki Uchida,CC BY 4.0,https://creativecommons.org/licenses/by/4.0,commons-186222418,Codex visual inspection: one identifiable target within frozen definition,fea3aa0101fef903,960,720,2026-10-07T17:46:12+08:00,Commons file timestamp=2026-03-15T14:39:09Z; source sha1=cdcfbf551a7f44358697a319615e6e82da438f61; requested thumbnail=960px
commons-178326919,data/raw/commons/charger/commons-178326919.jpg,5492a361bf1280ea38858d30ba7b6a446ec9927164efd9caebddea79f0519c0c,7,,,commons-api,,train,approved,campus-public-expanded-v1,wikimedia_commons,178326919,https://commons.wikimedia.org/wiki/File:Lenovo_65W_20V_AC_adapter_(FRU_42T5283)_for_ThinkPad_laptops.jpg,https://upload.wikimedia.org/wikipedia/commons/7/79/Lenovo_65W_20V_AC_adapter_%28FRU_42T5283%29_for_ThinkPad_laptops.jpg?utm_source=commons.wikimedia.org&utm_campaign=imageinfo&utm_content=original,https://thumb.wikimedia.org/wikipedia/commons/thumb/7/79/Lenovo_65W_20V_AC_adapter_%28FRU_42T5283%29_for_ThinkPad_laptops.jpg/960px-Lenovo_65W_20V_AC_adapter_%28FRU_42T5283%29_for_ThinkPad_laptops.jpg?utm_source=commons.wikimedia.org&utm_campaign=imageinfo&utm_content=thumbnail,Siarhei Besarab,CC BY-SA 4.0,https://creativecommons.org/licenses/by-sa/4.0,commons-178326919,Codex visual inspection: clear phone or laptop power adapter is primary,918bcdb3268670dd,960,1770,2026-10-07T19:15:32+08:00,Commons file timestamp=2025-11-12T14:38:42Z; source sha1=4829c88af900adf6b92522e56195f21aaf334f29; requested thumbnail=960px
commons-119371248,data/raw/commons/charger/commons-119371248.jpg,ce555b0f9f67a78c43356332d8037a8af8a3625bb0734c9992f494dcf7af70d1,7,,,commons-api,,train,approved,campus-public-expanded-v1,wikimedia_commons,119371248,https://commons.wikimedia.org/wiki/File:NEC_Versa_2760MT_mains_adapter.jpg,https://upload.wikimedia.org/wikipedia/commons/d/d4/NEC_Versa_2760MT_mains_adapter.jpg?utm_source=commons.wikimedia.org&utm_campaign=imageinfo&utm_content=original,https://thumb.wikimedia.org/wikipedia/commons/thumb/d/d4/NEC_Versa_2760MT_mains_adapter.jpg/960px-NEC_Versa_2760MT_mains_adapter.jpg?utm_source=commons.wikimedia.org&utm_campaign=imageinfo&utm_content=thumbnail,WizardTim,CC BY 4.0,https://creativecommons.org/licenses/by/4.0,commons-119371248,Codex visual inspection: clear phone or laptop power adapter is primary,1ab4bc63d4090bf7,960,719,2026-10-07T19:16:01+08:00,Commons file timestamp=2022-06-16T23:23:57Z; source sha1=de479e9efb4dda8431841b5ba34ebf7e4b4150fb; requested thumbnail=960px
commons-121117254,data/raw/commons/charger/commons-121117254.jpg,ade285fc78130215d42487996d225507ad06013ca79fb0956c423fb0e28aa13d,7,,,commons-api,,train,approved,campus-public-expanded-v1,wikimedia_commons,121117254,https://commons.wikimedia.org/wiki/File:HP_Pavilion_15_AF06.jpg,https://upload.wikimedia.org/wikipedia/commons/d/d6/HP_Pavilion_15_AF06.jpg?utm_source=commons.wikimedia.org&utm_campaign=imageinfo&utm_content=original,https://thumb.wikimedia.org/wikipedia/commons/thumb/d/d6/HP_Pavilion_15_AF06.jpg/960px-HP_Pavilion_15_AF06.jpg?utm_source=commons.wikimedia.org&utm_campaign=imageinfo&utm_content=thumbnail,"Miguel Durán, Museo8bits",CC BY-SA 4.0,https://creativecommons.org/licenses/by-sa/4.0,commons-121117254,Codex visual inspection: clear phone or laptop power adapter is primary,13c983b4edb6ab41,960,399,2026-10-07T19:15:00+08:00,Commons file timestamp=2022-07-26T16:13:44Z; source sha1=4da7911e47eb7fc6276dbac0d5919d9856734feb; requested thumbnail=960px
commons-5553537,data/raw/commons/charger/commons-5553537.jpg,a864f7cff8002928af8714f02119209846e8e31fc118552a6b108d9e7b975e23,7,,,commons-api,,train,approved,campus-public-expanded-v1,wikimedia_commons,5553537,https://commons.wikimedia.org/wiki/File:Joes_Toshiba_brick_jeh.JPG,https://upload.wikimedia.org/wikipedia/commons/7/75/Joes_Toshiba_brick_jeh.JPG?utm_source=commons.wikimedia.org&utm_campaign=imageinfo&utm_content=original,https://thumb.wikimedia.org/wikipedia/commons/thumb/7/75/Joes_Toshiba_brick_jeh.JPG/960px-Joes_Toshiba_brick_jeh.JPG?utm_source=commons.wikimedia.org&utm_campaign=imageinfo&utm_content=thumbnail,Jim.henderson,Public domain,,commons-5553537,Codex visual inspection: clear phone or laptop power adapter is primary,f9a80696d869e687,960,545,2026-10-07T19:14:38+08:00,Commons file timestamp=2008-12-23T02:35:36Z; source sha1=5147957d08432e1a35603be950d032cbbd9b760e; requested thumbnail=960px
commons-43197161,data/raw/commons/key/commons-43197161.jpg,4a6675cc7d64d927197bfd9d8c3ed147f784680548ba133ed755db3ed99dabe7,8,,,commons-api,,train,approved,campus-public-expanded-v1,wikimedia_commons,43197161,https://commons.wikimedia.org/wiki/File:Chiave_Zeiss.JPG,https://upload.wikimedia.org/wikipedia/commons/5/5c/Chiave_Zeiss.JPG?utm_source=commons.wikimedia.org&utm_campaign=imageinfo&utm_content=original,https://thumb.wikimedia.org/wikipedia/commons/thumb/5/5c/Chiave_Zeiss.JPG/960px-Chiave_Zeiss.JPG?utm_source=commons.wikimedia.org&utm_campaign=imageinfo&utm_content=thumbnail,ItalianLocksmith,CC BY-SA 3.0,https://creativecommons.org/licenses/by-sa/3.0,commons-43197161,Codex visual inspection: one identifiable physical target within confirmed definition,0da6da2d36cd9269,960,539,2026-10-07T18:02:24+08:00,Commons file timestamp=2015-09-13T20:51:31Z; source sha1=92f738aad0ed734357bc31409a82ebb7344584bc; requested thumbnail=960px
commons-65790130,data/raw/commons/key/commons-65790130.jpg,56d3a4135fd1eed4fb73638d702486f2094069ce2152ea941ad76cbf826fe4ad,8,,,commons-api,,train,approved,campus-public-expanded-v1,wikimedia_commons,65790130,https://commons.wikimedia.org/wiki/File:Key_20180124_172203.jpg,https://upload.wikimedia.org/wikipedia/commons/d/d0/Key_20180124_172203.jpg?utm_source=commons.wikimedia.org&utm_campaign=imageinfo&utm_content=original,https://thumb.wikimedia.org/wikipedia/commons/thumb/d/d0/Key_20180124_172203.jpg/1280px-Key_20180124_172203.jpg?utm_source=commons.wikimedia.org&utm_campaign=imageinfo&utm_content=thumbnail,Slcreza,CC BY-SA 4.0,https://creativecommons.org/licenses/by-sa/4.0,commons-65790130,Codex visual review of contact sheet: one identifiable target within frozen category definition,167231cc7334ccf3,1280,720,2026-10-07T15:43:19+08:00,Early collection; original source revision not retained; local downloaded rendition SHA-256=56d3a4135fd1eed4fb73638d702486f2094069ce2152ea941ad76cbf826fe4ad; download time recovered from original local file mtime
commons-103945510,data/raw/commons/key/commons-103945510.jpg,7e58b83108bc8cbcd459f2b8ee2ecb7b3b33e5a19719472a6e09f29356596b08,8,,,commons-api,,train,approved,campus-public-expanded-v1,wikimedia_commons,103945510,https://commons.wikimedia.org/wiki/File:Bike_with_keys.jpg,https://upload.wikimedia.org/wikipedia/commons/f/f1/Bike_with_keys.jpg?utm_source=commons.wikimedia.org&utm_campaign=imageinfo&utm_content=original,https://upload.wikimedia.org/wikipedia/commons/f/f1/Bike_with_keys.jpg?utm_source=commons.wikimedia.org&utm_campaign=imageinfo&utm_content=thumbnail_unscaled,Karthikasree,CC BY-SA 4.0,https://creativecommons.org/licenses/by-sa/4.0,commons-103945510,Codex visual inspection: identifiable primary door/car key or one key ring,0b2335fdc3831c3d,718,718,2026-10-07T18:32:31+08:00,Commons file timestamp=2021-04-19T13:39:44Z; source sha1=516ade602bc9c9aeaeb63a81eac96f3bcd49dbb4; requested thumbnail=960px
commons-112481185,data/raw/commons/key/commons-112481185.jpg,ee3b6f55dcb15ec6908adedf9b22c613397b9ad6f7e815e5d75479f2bc784885,8,,,commons-api,,train,approved,campus-public-expanded-v1,wikimedia_commons,112481185,https://commons.wikimedia.org/wiki/File:Llaves_casa.jpg,https://upload.wikimedia.org/wikipedia/commons/9/91/Llaves_casa.jpg?utm_source=commons.wikimedia.org&utm_campaign=imageinfo&utm_content=original,https://thumb.wikimedia.org/wikipedia/commons/thumb/9/91/Llaves_casa.jpg/960px-Llaves_casa.jpg?utm_source=commons.wikimedia.org&utm_campaign=imageinfo&utm_content=thumbnail,Alejandro Navarro López,CC0,http://creativecommons.org/publicdomain/zero/1.0/deed.en,commons-112481185,Codex visual inspection: door/car key or connected keyring is primary,b6924c3199c933cf,960,540,2026-10-07T19:36:54+08:00,Commons file timestamp=2021-11-13T18:18:19Z; source sha1=6c4c9a25cba8adf52ed71e53c6e4c35020fa17ed; requested thumbnail=960px
commons-63523448,data/raw/commons/key/commons-63523448.jpg,cf7f1da77daada46fb486c8f1978b9531650738d37d3b90fe79e3faa67a1bf33,8,,,commons-api,,train,approved,campus-public-expanded-v1,wikimedia_commons,63523448,https://commons.wikimedia.org/wiki/File:Corroded_Keys.jpg,https://upload.wikimedia.org/wikipedia/commons/4/41/Corroded_Keys.jpg?utm_source=commons.wikimedia.org&utm_campaign=imageinfo&utm_content=original,https://thumb.wikimedia.org/wikipedia/commons/thumb/4/41/Corroded_Keys.jpg/1280px-Corroded_Keys.jpg?utm_source=commons.wikimedia.org&utm_campaign=imageinfo&utm_content=thumbnail,Saint xs,CC BY-SA 4.0,https://creativecommons.org/licenses/by-sa/4.0,commons-63523448,Codex visual review of contact sheet: one identifiable target within frozen category definition,3c3d06c623f9d925,1280,1280,2026-10-07T15:33:04+08:00,Early collection; original source revision not retained; local downloaded rendition SHA-256=cf7f1da77daada46fb486c8f1978b9531650738d37d3b90fe79e3faa67a1bf33; download time recovered from original local file mtime
commons-145838090,data/raw/commons/key/commons-145838090.jpg,f596b09f98bbe24ab082696f33998177eb8e83f856939c59ba9bf86646994785,8,,,commons-api,,train,approved,campus-public-expanded-v1,wikimedia_commons,145838090,https://commons.wikimedia.org/wiki/File:St._Lukas_-_Chorwochenende_in_Kloster_Rohr_9.jpg,https://upload.wikimedia.org/wikipedia/commons/a/ad/St._Lukas_-_Chorwochenende_in_Kloster_Rohr_9.jpg?utm_source=commons.wikimedia.org&utm_campaign=imageinfo&utm_content=original,https://thumb.wikimedia.org/wikipedia/commons/thumb/a/ad/St._Lukas_-_Chorwochenende_in_Kloster_Rohr_9.jpg/960px-St._Lukas_-_Chorwochenende_in_Kloster_Rohr_9.jpg?utm_source=commons.wikimedia.org&utm_campaign=imageinfo&utm_content=thumbnail,Burkhard Mücke,CC BY 4.0,https://creativecommons.org/licenses/by/4.0,commons-145838090,Codex visual inspection: identifiable primary door/car key or one key ring,daeda45251a98d55,960,603,2026-10-07T18:19:02+08:00,Commons file timestamp=2024-02-26T09:13:11Z; source sha1=871caa39da1b310e460d944d0acc25be5ec3efab; requested thumbnail=960px
commons-125037354,data/raw/commons/key/commons-125037354.jpg,2d50e7a3e667a1b7e46c3d5b571d87b4751045ed9be0f8680fd8438e780ad83f,8,,,commons-api,,train,approved,campus-public-expanded-v1,wikimedia_commons,125037354,https://commons.wikimedia.org/wiki/File:Door_key_from_lock_type_BKS_Janus_on_keyring_from_company_O%26K_(Orenstein_%26_Koppel).jpg,https://upload.wikimedia.org/wikipedia/commons/8/8b/Door_key_from_lock_type_BKS_Janus_on_keyring_from_company_O%26K_%28Orenstein_%26_Koppel%29.jpg?utm_source=commons.wikimedia.org&utm_campaign=imageinfo&utm_content=original,https://thumb.wikimedia.org/wikipedia/commons/thumb/8/8b/Door_key_from_lock_type_BKS_Janus_on_keyring_from_company_O%26K_%28Orenstein_%26_Koppel%29.jpg/1280px-Door_key_from_lock_type_BKS_Janus_on_keyring_from_company_O%26K_%28Orenstein_%26_Koppel%29.jpg?utm_source=commons.wikimedia.org&utm_campaign=imageinfo&utm_content=thumbnail,Pittigrilli,CC BY-SA 4.0,https://creativecommons.org/licenses/by-sa/4.0,commons-125037354,Codex visual review of contact sheet: one identifiable target within frozen category definition,cb5846fc66ad3883,1280,1070,2026-10-07T15:33:15+08:00,Early collection; original source revision not retained; local downloaded rendition SHA-256=2d50e7a3e667a1b7e46c3d5b571d87b4751045ed9be0f8680fd8438e780ad83f; download time recovered from original local file mtime
commons-115282068,data/raw/commons/key/commons-115282068.jpg,20421e135235601e7aa360b8df5e1a3540fe1752f48bbb3391875513e6a89eb5,8,,,commons-api,,train,approved,campus-public-expanded-v1,wikimedia_commons,115282068,https://commons.wikimedia.org/wiki/File:07_2018_Biblioteca_Oliveriana_8_Marika_Frapiccini.jpg,https://upload.wikimedia.org/wikipedia/commons/8/81/07_2018_Biblioteca_Oliveriana_8_Marika_Frapiccini.jpg?utm_source=commons.wikimedia.org&utm_campaign=imageinfo&utm_content=original,https://thumb.wikimedia.org/wikipedia/commons/thumb/8/81/07_2018_Biblioteca_Oliveriana_8_Marika_Frapiccini.jpg/960px-07_2018_Biblioteca_Oliveriana_8_Marika_Frapiccini.jpg?utm_source=commons.wikimedia.org&utm_campaign=imageinfo&utm_content=thumbnail,Marika Frapiccini,CC BY-SA 4.0,https://creativecommons.org/licenses/by-sa/4.0,commons-115282068,Codex visual inspection: identifiable primary door/car key or one key ring,939ba3f3c20838f3,960,636,2026-10-07T18:28:44+08:00,Commons file timestamp=2022-02-15T17:39:37Z; source sha1=aca9d8f776291c6316c965aed49a49b8bf31dceb; requested thumbnail=960px
commons-166847470,data/raw/commons/key/commons-166847470.jpg,4b56e36f396d0d8be064c9adfdbd62bf03da2c288d8993388ce3a5018fd5ee41,8,,,commons-api,,train,approved,campus-public-expanded-v1,wikimedia_commons,166847470,https://commons.wikimedia.org/wiki/File:Keys_on_ring.jpg,https://upload.wikimedia.org/wikipedia/commons/a/a8/Keys_on_ring.jpg?utm_source=commons.wikimedia.org&utm_campaign=imageinfo&utm_content=original,https://thumb.wikimedia.org/wikipedia/commons/thumb/a/a8/Keys_on_ring.jpg/960px-Keys_on_ring.jpg?utm_source=commons.wikimedia.org&utm_campaign=imageinfo&utm_content=thumbnail,Phoropter99,CC BY-SA 4.0,https://creativecommons.org/licenses/by-sa/4.0,commons-166847470,Codex visual inspection: door/car key or connected keyring is primary,93cc6d76b238c1c5,960,1280,2026-10-07T19:35:50+08:00,Commons file timestamp=2025-06-05T00:45:16Z; source sha1=7eece21f011337dd3fc5d933cfd8bdae0312ea02; requested thumbnail=960px
commons-190519542,data/raw/commons/key/commons-190519542.jpg,3d8dd12e4d98b461bdc0c565b44e03c22b1f58a58db9b526fcf9b3be205ded4e,8,,,commons-api,,train,approved,campus-public-expanded-v1,wikimedia_commons,190519542,"https://commons.wikimedia.org/wiki/File:Hand_holds_house_keys_near_door_lock,_symbolizing_new_beginnings_and_homeownership_journey_in_a_modern_setting.jpg",https://upload.wikimedia.org/wikipedia/commons/0/03/Hand_holds_house_keys_near_door_lock%2C_symbolizing_new_beginnings_and_homeownership_journey_in_a_modern_setting.jpg?utm_source=commons.wikimedia.org&utm_campaign=imageinfo&utm_content=original,https://thumb.wikimedia.org/wikipedia/commons/thumb/0/03/Hand_holds_house_keys_near_door_lock%2C_symbolizing_new_beginnings_and_homeownership_journey_in_a_modern_setting.jpg/960px-Hand_holds_house_keys_near_door_lock%2C_symbolizing_new_beginnings_and_homeownership_journey_in_a_modern_setting.jpg?utm_source=commons.wikimedia.org&utm_campaign=imageinfo&utm_content=thumbnail,Shixart1985,CC BY 2.0,https://creativecommons.org/licenses/by/2.0,commons-190519542,Codex visual inspection: one door/car key or connected keyring is primary,651a591a0dfa8d97,960,1440,2026-10-07T19:33:17+08:00,Commons file timestamp=2026-04-27T06:03:17Z; source sha1=6fd18eaf9630b3bc025bb50d381f2fba75d0b578; requested thumbnail=960px
commons-80620899,data/raw/commons/key/commons-80620899.jpg,fd5045b5057fc739746010c3a2f5fc0b125aeacef585bbb6d001870f93ee939d,8,,,commons-api,,train,approved,campus-public-expanded-v1,wikimedia_commons,80620899,https://commons.wikimedia.org/wiki/File:Key_to_success_(2334296873).jpg,https://upload.wikimedia.org/wikipedia/commons/f/f4/Key_to_success_%282334296873%29.jpg?utm_source=commons.wikimedia.org&utm_campaign=imageinfo&utm_content=original,https://thumb.wikimedia.org/wikipedia/commons/thumb/f/f4/Key_to_success_%282334296873%29.jpg/960px-Key_to_success_%282334296873%29.jpg?utm_source=commons.wikimedia.org&utm_campaign=imageinfo&utm_content=thumbnail,"Håkan Dahlström from Malmö, Sweden",CC BY 2.0,https://creativecommons.org/licenses/by/2.0,commons-80620899,Codex visual inspection: one door/car key or connected keyring is primary,de33dc63354e0b11,960,640,2026-10-07T19:34:08+08:00,Commons file timestamp=2019-07-22T09:25:55Z; source sha1=c90854970af50370af64fb668ce38ef9488da413; requested thumbnail=960px
commons-83474069,data/raw/commons/key/commons-83474069.jpg,9a5b9ac30a3d01507b8e65d4fd11a18ee905afd5c7318d83a25af11de078b1f2,8,,,commons-api,,train,approved,campus-public-expanded-v1,wikimedia_commons,83474069,https://commons.wikimedia.org/wiki/File:Colier_%22CC%22_Du_Cowax_Corp.jpg,https://upload.wikimedia.org/wikipedia/commons/9/9d/Colier_%22CC%22_Du_Cowax_Corp.jpg?utm_source=commons.wikimedia.org&utm_campaign=imageinfo&utm_content=original,https://thumb.wikimedia.org/wikipedia/commons/thumb/9/9d/Colier_%22CC%22_Du_Cowax_Corp.jpg/1280px-Colier_%22CC%22_Du_Cowax_Corp.jpg?utm_source=commons.wikimedia.org&utm_campaign=imageinfo&utm_content=thumbnail,Miiikow,CC BY-SA 4.0,https://creativecommons.org/licenses/by-sa/4.0,commons-83474069,Codex visual review of contact sheet: one identifiable target within frozen category definition,830f3c74ccc3372d,1280,1707,2026-10-07T15:33:10+08:00,Early collection; original source revision not retained; local downloaded rendition SHA-256=9a5b9ac30a3d01507b8e65d4fd11a18ee905afd5c7318d83a25af11de078b1f2; download time recovered from original local file mtime
commons-80017237,data/raw/commons/key/commons-80017237.jpg,67177714038ed5410f86dd155758e42ea79021918833dc3c73e424f9486e401a,8,,,commons-api,,train,approved,campus-public-expanded-v1,wikimedia_commons,80017237,https://commons.wikimedia.org/wiki/File:The_key_in_the_lock.jpg,https://upload.wikimedia.org/wikipedia/commons/1/10/The_key_in_the_lock.jpg?utm_source=commons.wikimedia.org&utm_campaign=imageinfo&utm_content=original,https://thumb.wikimedia.org/wikipedia/commons/thumb/1/10/The_key_in_the_lock.jpg/960px-The_key_in_the_lock.jpg?utm_source=commons.wikimedia.org&utm_campaign=imageinfo&utm_content=thumbnail,Star61,CC BY-SA 4.0,https://creativecommons.org/licenses/by-sa/4.0,commons-80017237,Codex visual inspection: identifiable primary door/car key or one key ring,dc184ccb1b73233d,960,1280,2026-10-07T18:21:36+08:00,Commons file timestamp=2019-06-28T21:56:16Z; source sha1=bf22eb0b782fa536f1aa53c0b6772cd66c8ed3f6; requested thumbnail=960px
commons-111557339,data/raw/commons/key/commons-111557339.jpg,f1754fc5ccfa2cc89b46cfb095a4b853e83d6b806d868e82a0f06824b34a4619,8,,,commons-api,,train,approved,campus-public-expanded-v1,wikimedia_commons,111557339,https://commons.wikimedia.org/wiki/File:Keys_and_leather_key_cover_(4601939799).jpg,https://upload.wikimedia.org/wikipedia/commons/4/47/Keys_and_leather_key_cover_%284601939799%29.jpg?utm_source=commons.wikimedia.org&utm_campaign=imageinfo&utm_content=original,https://thumb.wikimedia.org/wikipedia/commons/thumb/4/47/Keys_and_leather_key_cover_%284601939799%29.jpg/960px-Keys_and_leather_key_cover_%284601939799%29.jpg?utm_source=commons.wikimedia.org&utm_campaign=imageinfo&utm_content=thumbnail,plenty.r. from Frankfurt am Main,CC BY-SA 2.0,https://creativecommons.org/licenses/by-sa/2.0,commons-111557339,Codex visual inspection: door/car key or connected keyring is primary,7873934d24b6d689,960,549,2026-10-07T19:35:42+08:00,Commons file timestamp=2021-10-23T17:25:42Z; source sha1=fac31785d06552b3bd837327a3c3a3d693808725; requested thumbnail=960px
commons-156599701,data/raw/commons/key/commons-156599701.jpg,a17a9bf473ff57608a28557a0438570d5c7bb62a1603c3f31cf8081c96ad3a42,8,,,commons-api,,train,approved,campus-public-expanded-v1,wikimedia_commons,156599701,https://commons.wikimedia.org/wiki/File:Bossn%C3%B8kkel.jpg,https://upload.wikimedia.org/wikipedia/commons/f/ff/Bossn%C3%B8kkel.jpg?utm_source=commons.wikimedia.org&utm_campaign=imageinfo&utm_content=original,https://thumb.wikimedia.org/wikipedia/commons/thumb/f/ff/Bossn%C3%B8kkel.jpg/960px-Bossn%C3%B8kkel.jpg?utm_source=commons.wikimedia.org&utm_campaign=imageinfo&utm_content=thumbnail,Tollef Salemann,CC BY-SA 4.0,https://creativecommons.org/licenses/by-sa/4.0,commons-156599701,Codex visual inspection: one door/car key or connected keyring is primary,a516890757f8bb0d,960,995,2026-10-07T19:31:16+08:00,Commons file timestamp=2024-12-12T16:17:22Z; source sha1=702265549e51a1c55ded638de2902d43a2d2c69d; requested thumbnail=960px
commons-30904614,data/raw/commons/key/commons-30904614.jpg,1beb5a528c16d2b8523f82580f21c5db0d75666782a15b7f997d5296c61ae66a,8,,,commons-api,,train,approved,campus-public-expanded-v1,wikimedia_commons,30904614,https://commons.wikimedia.org/wiki/File:Stari_klju%C4%8Devi.JPG,https://upload.wikimedia.org/wikipedia/commons/c/c9/Stari_klju%C4%8Devi.JPG?utm_source=commons.wikimedia.org&utm_campaign=imageinfo&utm_content=original,https://thumb.wikimedia.org/wikipedia/commons/thumb/c/c9/Stari_klju%C4%8Devi.JPG/960px-Stari_klju%C4%8Devi.JPG?utm_source=commons.wikimedia.org&utm_campaign=imageinfo&utm_content=thumbnail,August Dominus,CC BY-SA 3.0,https://creativecommons.org/licenses/by-sa/3.0,commons-30904614,Codex visual inspection: identifiable primary door/car key or one key ring,9b7867849b58f489,960,720,2026-10-07T18:19:21+08:00,Commons file timestamp=2014-01-31T15:24:15Z; source sha1=bfc5639f7f4d2cff36dd153e163657575b7abbf4; requested thumbnail=960px
commons-127108997,data/raw/commons/key/commons-127108997.jpg,d332aa526bbd381735b3eda561a6816f850b1c5a44760401957d358461f308fe,8,,,commons-api,,train,approved,campus-public-expanded-v1,wikimedia_commons,127108997,https://commons.wikimedia.org/wiki/File:Bring_It_(5067801381).jpg,https://upload.wikimedia.org/wikipedia/commons/8/81/Bring_It_%285067801381%29.jpg?utm_source=commons.wikimedia.org&utm_campaign=imageinfo&utm_content=original,https://thumb.wikimedia.org/wikipedia/commons/thumb/8/81/Bring_It_%285067801381%29.jpg/960px-Bring_It_%285067801381%29.jpg?utm_source=commons.wikimedia.org&utm_campaign=imageinfo&utm_content=thumbnail,"Billy Bob Bain from Garland, TX",CC BY 2.0,https://creativecommons.org/licenses/by/2.0,commons-127108997,Codex visual inspection: one door/car key or connected keyring is primary,4e7d969f214c6c29,960,1038,2026-10-07T19:31:34+08:00,Commons file timestamp=2022-12-28T16:08:15Z; source sha1=b06ec72b7b9dcdd49ba3c9047f097f254ae500b4; requested thumbnail=960px
commons-45438305,data/raw/commons/key/commons-45438305.jpg,75fa02eaa05985fae4084943242a8b5b6ce9129545f70724f857ecf9f780087d,8,,,commons-api,,train,approved,campus-public-expanded-v1,wikimedia_commons,45438305,https://commons.wikimedia.org/wiki/File:Key_is_the_life_of_part.JPG,https://upload.wikimedia.org/wikipedia/commons/e/e3/Key_is_the_life_of_part.JPG?utm_source=commons.wikimedia.org&utm_campaign=imageinfo&utm_content=original,https://thumb.wikimedia.org/wikipedia/commons/thumb/e/e3/Key_is_the_life_of_part.JPG/1280px-Key_is_the_life_of_part.JPG?utm_source=commons.wikimedia.org&utm_campaign=imageinfo&utm_content=thumbnail,Mehedi Hasan Shohag,CC BY-SA 4.0,https://creativecommons.org/licenses/by-sa/4.0,commons-45438305,Codex visual review of contact sheet: one identifiable target within frozen category definition,1c5ce2c76313687d,1280,960,2026-10-07T15:43:12+08:00,Early collection; original source revision not retained; local downloaded rendition SHA-256=75fa02eaa05985fae4084943242a8b5b6ce9129545f70724f857ecf9f780087d; download time recovered from original local file mtime
commons-32309892,data/raw/commons/key/commons-32309892.jpg,dc4c4ff3c1e0c7572cb63437e40ebb6a92ff882a113b719c2e8f5171f351abba,8,,,commons-api,,train,approved,campus-public-expanded-v1,wikimedia_commons,32309892,https://commons.wikimedia.org/wiki/File:2014-03-03-N%C3%B8gler_(12911131855).jpg,https://upload.wikimedia.org/wikipedia/commons/0/00/2014-03-03-N%C3%B8gler_%2812911131855%29.jpg?utm_source=commons.wikimedia.org&utm_campaign=imageinfo&utm_content=original,https://thumb.wikimedia.org/wikipedia/commons/thumb/0/00/2014-03-03-N%C3%B8gler_%2812911131855%29.jpg/1280px-2014-03-03-N%C3%B8gler_%2812911131855%29.jpg?utm_source=commons.wikimedia.org&utm_campaign=imageinfo&utm_content=thumbnail,Ole Palnatoke Andersen,CC BY-SA 2.0,https://creativecommons.org/licenses/by-sa/2.0,commons-32309892,Codex visual review of contact sheet: one identifiable target within frozen category definition,8c8cc3cb595b2727,1280,960,2026-10-07T15:25:38+08:00,Early collection; original source revision not retained; local downloaded rendition SHA-256=dc4c4ff3c1e0c7572cb63437e40ebb6a92ff882a113b719c2e8f5171f351abba; download time recovered from original local file mtime
commons-74663713,data/raw/commons/key/commons-74663713.jpg,0a96eb49473b8c0b5bcff40bdbd24567298d73a45b1000df2468596f600d40eb,8,,,commons-api,,train,approved,campus-public-expanded-v1,wikimedia_commons,74663713,"https://commons.wikimedia.org/wiki/File:Llave_de_la_iglesia_del_Cristo_en_Abetxuko,_Vitoria.jpg",https://upload.wikimedia.org/wikipedia/commons/8/8c/Llave_de_la_iglesia_del_Cristo_en_Abetxuko%2C_Vitoria.jpg?utm_source=commons.wikimedia.org&utm_campaign=imageinfo&utm_content=original,https://thumb.wikimedia.org/wikipedia/commons/thumb/8/8c/Llave_de_la_iglesia_del_Cristo_en_Abetxuko%2C_Vitoria.jpg/960px-Llave_de_la_iglesia_del_Cristo_en_Abetxuko%2C_Vitoria.jpg?utm_source=commons.wikimedia.org&utm_campaign=imageinfo&utm_content=thumbnail,Aorivear,CC BY-SA 4.0,https://creativecommons.org/licenses/by-sa/4.0,commons-74663713,Codex visual inspection: door/car key or connected keyring is primary,093b12bf4df60339,960,1280,2026-10-07T19:36:45+08:00,Commons file timestamp=2018-11-25T20:11:41Z; source sha1=6e0935cc880eb52f10152dc85b0f2eb1cb01db2e; requested thumbnail=960px
commons-42617517,data/raw/commons/key/commons-42617517.jpg,3a6804f342f5dd435405e6cf922c9fa98445ab9effaab136e744065afc317e4c,8,,,commons-api,,train,approved,campus-public-expanded-v1,wikimedia_commons,42617517,https://commons.wikimedia.org/wiki/File:%D9%85%D9%81%D8%AA%D8%A7%D8%AD_%D9%85%D9%83%D8%B3%D9%88%D8%B1.jpg,https://upload.wikimedia.org/wikipedia/commons/f/f8/%D9%85%D9%81%D8%AA%D8%A7%D8%AD_%D9%85%D9%83%D8%B3%D9%88%D8%B1.jpg?utm_source=commons.wikimedia.org&utm_campaign=imageinfo&utm_content=original,https://thumb.wikimedia.org/wikipedia/commons/thumb/f/f8/%D9%85%D9%81%D8%AA%D8%A7%D8%AD_%D9%85%D9%83%D8%B3%D9%88%D8%B1.jpg/960px-%D9%85%D9%81%D8%AA%D8%A7%D8%AD_%D9%85%D9%83%D8%B3%D9%88%D8%B1.jpg?utm_source=commons.wikimedia.org&utm_campaign=imageinfo&utm_content=thumbnail,ديفيد عادل وهبة خليل 2,CC0,http://creativecommons.org/publicdomain/zero/1.0/deed.en,commons-42617517,Codex visual inspection: identifiable primary door/car key or one key ring,d443a9745a21b17f,960,1600,2026-10-07T18:26:03+08:00,Commons file timestamp=2015-08-24T17:13:21Z; source sha1=44a72eec6f824727668f920ff97787aa38743f94; requested thumbnail=960px
commons-76086465,data/raw/commons/key/commons-76086465.jpg,bba7a7d88d9606ca2ae4de85990079240156de518f9de953cf356050ac7a44a1,8,,,commons-api,,train,approved,campus-public-expanded-v1,wikimedia_commons,76086465,https://commons.wikimedia.org/wiki/File:Enterprise%27s_Chevy_keys_(5006077803).jpg,https://upload.wikimedia.org/wikipedia/commons/0/0a/Enterprise%27s_Chevy_keys_%285006077803%29.jpg?utm_source=commons.wikimedia.org&utm_campaign=imageinfo&utm_content=original,https://thumb.wikimedia.org/wikipedia/commons/thumb/0/0a/Enterprise%27s_Chevy_keys_%285006077803%29.jpg/960px-Enterprise%27s_Chevy_keys_%285006077803%29.jpg?utm_source=commons.wikimedia.org&utm_campaign=imageinfo&utm_content=thumbnail,"Atomic Taco from Seattle, WA, USA",CC BY-SA 2.0,https://creativecommons.org/licenses/by-sa/2.0,commons-76086465,Codex visual inspection: one door/car key or connected keyring is primary,932346fcfcdc0323,960,640,2026-10-07T19:33:06+08:00,Commons file timestamp=2019-01-25T07:08:49Z; source sha1=a269e3f6095bc25b7a1d036af81789bd6714a435; requested thumbnail=960px
commons-37141009,data/raw/commons/key/commons-37141009.jpg,8816c60b7e88cd72f52d7f588c6b81aca2f9c558085483dbb5394bc7cb0afe86,8,,,commons-api,,train,approved,campus-public-expanded-v1,wikimedia_commons,37141009,https://commons.wikimedia.org/wiki/File:A_House_Key_MOD_45158193.jpg,https://upload.wikimedia.org/wikipedia/commons/3/3c/A_House_Key_MOD_45158193.jpg?utm_source=commons.wikimedia.org&utm_campaign=imageinfo&utm_content=original,https://thumb.wikimedia.org/wikipedia/commons/thumb/3/3c/A_House_Key_MOD_45158193.jpg/1280px-A_House_Key_MOD_45158193.jpg?utm_source=commons.wikimedia.org&utm_campaign=imageinfo&utm_content=thumbnail,Harland Quarrington,OGL v1.0,http://NationalArchives.gov.uk/doc/open-government-licence/version/1/,commons-37141009,Codex visual review of contact sheet: one identifiable target within frozen category definition,d9638c326ce3331d,1280,853,2026-10-07T15:25:40+08:00,Early collection; original source revision not retained; local downloaded rendition SHA-256=8816c60b7e88cd72f52d7f588c6b81aca2f9c558085483dbb5394bc7cb0afe86; download time recovered from original local file mtime
commons-91590004,data/raw/commons/key/commons-91590004.jpg,975ca7fa71751c75a52c27e53fc8523a7b1b261ab14a89e0844a43ecc7970b44,8,,,commons-api,,train,approved,campus-public-expanded-v1,wikimedia_commons,91590004,https://commons.wikimedia.org/wiki/File:Ind_Suzuki_Key_Chain_Front.jpg,https://upload.wikimedia.org/wikipedia/commons/f/ff/Ind_Suzuki_Key_Chain_Front.jpg?utm_source=commons.wikimedia.org&utm_campaign=imageinfo&utm_content=original,https://thumb.wikimedia.org/wikipedia/commons/thumb/f/ff/Ind_Suzuki_Key_Chain_Front.jpg/960px-Ind_Suzuki_Key_Chain_Front.jpg?utm_source=commons.wikimedia.org&utm_campaign=imageinfo&utm_content=thumbnail,Arya.Akshay,CC BY-SA 4.0,https://creativecommons.org/licenses/by-sa/4.0,commons-91590004,Codex visual inspection: one door/car key or connected keyring is primary,863179a6599ca679,960,1280,2026-10-07T19:33:42+08:00,Commons file timestamp=2020-06-26T10:20:39Z; source sha1=6c0108e90c3b5df7ef292f0c8cd7681094e0cefb; requested thumbnail=960px
commons-91590190,data/raw/commons/key/commons-91590190.jpg,81d03a7cc7d5bf86698e2fec461f572355e3b02a56470b220fe6261d32510f33,8,,,commons-api,,train,approved,campus-public-expanded-v1,wikimedia_commons,91590190,https://commons.wikimedia.org/wiki/File:Ind_Suzuki_Key_Chain_Back.jpg,https://upload.wikimedia.org/wikipedia/commons/1/15/Ind_Suzuki_Key_Chain_Back.jpg?utm_source=commons.wikimedia.org&utm_campaign=imageinfo&utm_content=original,https://thumb.wikimedia.org/wikipedia/commons/thumb/1/15/Ind_Suzuki_Key_Chain_Back.jpg/960px-Ind_Suzuki_Key_Chain_Back.jpg?utm_source=commons.wikimedia.org&utm_campaign=imageinfo&utm_content=thumbnail,Arya.Akshay,CC BY-SA 4.0,https://creativecommons.org/licenses/by-sa/4.0,commons-91590004,Codex visual inspection: one door/car key or connected keyring is primary,a9f629c69998a669,960,1280,2026-10-07T19:33:45+08:00,Commons file timestamp=2020-06-26T10:28:50Z; source sha1=92c4092670666fd232d7c2ca8bb177da152f9bce; requested thumbnail=960px
commons-97463045,data/raw/commons/key/commons-97463045.jpg,20180cef3906cf38e34135bbe8dde5cac3e748b089c51bb3ca0f4b0688a9ca0e,8,,,commons-api,,train,approved,campus-public-expanded-v1,wikimedia_commons,97463045,https://commons.wikimedia.org/wiki/File:Schl%C3%BCsselanh%C3%A4nger_von_GEWFAG_02.jpg,https://upload.wikimedia.org/wikipedia/commons/c/c7/Schl%C3%BCsselanh%C3%A4nger_von_GEWFAG_02.jpg?utm_source=commons.wikimedia.org&utm_campaign=imageinfo&utm_content=original,https://thumb.wikimedia.org/wikipedia/commons/thumb/c/c7/Schl%C3%BCsselanh%C3%A4nger_von_GEWFAG_02.jpg/960px-Schl%C3%BCsselanh%C3%A4nger_von_GEWFAG_02.jpg?utm_source=commons.wikimedia.org&utm_campaign=imageinfo&utm_content=thumbnail,Burkhard Mücke,CC BY-SA 4.0,https://creativecommons.org/licenses/by-sa/4.0,commons-97463044,Codex visual inspection: identifiable primary door/car key or one key ring,f4a14ad3c60d9b69,960,540,2026-10-07T18:16:23+08:00,Commons file timestamp=2020-12-11T11:35:54Z; source sha1=bca55ceffee3b18898c00a5891685a5f0d3acbde; requested thumbnail=960px
commons-97463044,data/raw/commons/key/commons-97463044.jpg,e0993ff0925873837f2fc5385683b6cf0f37b18a6c2d789d87c1d08e3fcfd827,8,,,commons-api,,train,approved,campus-public-expanded-v1,wikimedia_commons,97463044,https://commons.wikimedia.org/wiki/File:Schl%C3%BCsselanh%C3%A4nger_von_GEWOFAG_01.jpg,https://upload.wikimedia.org/wikipedia/commons/0/05/Schl%C3%BCsselanh%C3%A4nger_von_GEWOFAG_01.jpg?utm_source=commons.wikimedia.org&utm_campaign=imageinfo&utm_content=original,https://thumb.wikimedia.org/wikipedia/commons/thumb/0/05/Schl%C3%BCsselanh%C3%A4nger_von_GEWOFAG_01.jpg/960px-Schl%C3%BCsselanh%C3%A4nger_von_GEWOFAG_01.jpg?utm_source=commons.wikimedia.org&utm_campaign=imageinfo&utm_content=thumbnail,Burkhard Mücke,CC BY-SA 4.0,https://creativecommons.org/licenses/by-sa/4.0,commons-97463044,Codex visual inspection: identifiable primary door/car key or one key ring,8c611b42798f31fb,960,540,2026-10-07T18:19:00+08:00,Commons file timestamp=2020-12-11T11:35:54Z; source sha1=c7686f3c25b1111add2c25ec38beff5c1c6f32a7; requested thumbnail=960px
commons-49427457,data/raw/commons/key/commons-49427457.jpg,b85d662a870da02750901682e7866c058d56d741bba579ad9e50fa7b112fecf4,8,,,commons-api,,train,approved,campus-public-expanded-v1,wikimedia_commons,49427457,https://commons.wikimedia.org/wiki/File:India_Victory_on_Kargil_War.jpg,https://upload.wikimedia.org/wikipedia/commons/7/72/India_Victory_on_Kargil_War.jpg?utm_source=commons.wikimedia.org&utm_campaign=imageinfo&utm_content=original,https://thumb.wikimedia.org/wikipedia/commons/thumb/7/72/India_Victory_on_Kargil_War.jpg/1280px-India_Victory_on_Kargil_War.jpg?utm_source=commons.wikimedia.org&utm_campaign=imageinfo&utm_content=thumbnail,Rajeshdagur,CC BY-SA 4.0,https://creativecommons.org/licenses/by-sa/4.0,commons-49427457,Codex visual review of contact sheet: one identifiable target within frozen category definition,e2f68e933c3c19a1,1280,653,2026-10-07T15:43:17+08:00,Early collection; original source revision not retained; local downloaded rendition SHA-256=b85d662a870da02750901682e7866c058d56d741bba579ad9e50fa7b112fecf4; download time recovered from original local file mtime
commons-195998077,data/raw/commons/key/commons-195998077.jpg,e692e4709a716eafca15b97c857c8349ee5826e0289e75e7274a35cc478f810f,8,,,commons-api,,train,approved,campus-public-expanded-v1,wikimedia_commons,195998077,https://commons.wikimedia.org/wiki/File:1970s_Mister_Minit_duplicate_key_for_Boda_locks_cut_on_Dominion_Lock_Co_B41B_blank.jpg,https://upload.wikimedia.org/wikipedia/commons/5/5e/1970s_Mister_Minit_duplicate_key_for_Boda_locks_cut_on_Dominion_Lock_Co_B41B_blank.jpg?utm_source=commons.wikimedia.org&utm_campaign=imageinfo&utm_content=original,https://thumb.wikimedia.org/wikipedia/commons/thumb/5/5e/1970s_Mister_Minit_duplicate_key_for_Boda_locks_cut_on_Dominion_Lock_Co_B41B_blank.jpg/960px-1970s_Mister_Minit_duplicate_key_for_Boda_locks_cut_on_Dominion_Lock_Co_B41B_blank.jpg?utm_source=commons.wikimedia.org&utm_campaign=imageinfo&utm_content=thumbnail,R. Henrik Nilsson,CC BY 4.0,https://creativecommons.org/licenses/by/4.0,commons-195998077,Codex visual inspection: identifiable primary door/car key or one key ring,c913de4393f96829,960,395,2026-10-07T18:28:52+08:00,Commons file timestamp=2026-07-22T06:20:21Z; source sha1=fbec7bc81b1909af15624e59d601e7eeb4f413dd; requested thumbnail=960px
commons-85202902,data/raw/commons/key/commons-85202902.jpg,4512524e10ca44b77720099498648f7919af5234b039eb52dcbd6fc19b62a8b2,8,,,commons-api,,train,approved,campus-public-expanded-v1,wikimedia_commons,85202902,https://commons.wikimedia.org/wiki/File:National_Key_Scheme_Key.jpg,https://upload.wikimedia.org/wikipedia/commons/c/c8/National_Key_Scheme_Key.jpg?utm_source=commons.wikimedia.org&utm_campaign=imageinfo&utm_content=original,https://thumb.wikimedia.org/wikipedia/commons/thumb/c/c8/National_Key_Scheme_Key.jpg/960px-National_Key_Scheme_Key.jpg?utm_source=commons.wikimedia.org&utm_campaign=imageinfo&utm_content=thumbnail,User:CircleGirl,CC0,http://creativecommons.org/publicdomain/zero/1.0/deed.en,commons-85202902,Codex visual inspection: door/car key or connected keyring is primary,f3db1c0c2cccd931,960,1280,2026-10-07T19:38:01+08:00,Commons file timestamp=2018-12-06T19:06:27Z; source sha1=4d4e5df4946af3214143627d341301b6c2e04dc6; requested thumbnail=960px
commons-57506581,data/raw/commons/key/commons-57506581.jpg,a153f9cd6f7a4398ada212b75ccc6a22296f59f9a6994b3f8d9717a8d6250eb4,8,,,commons-api,,train,approved,campus-public-expanded-v1,wikimedia_commons,57506581,"https://commons.wikimedia.org/wiki/File:2015,_Summer_in_Germany_(19658826732).jpg",https://upload.wikimedia.org/wikipedia/commons/d/d4/2015%2C_Summer_in_Germany_%2819658826732%29.jpg?utm_source=commons.wikimedia.org&utm_campaign=imageinfo&utm_content=original,https://thumb.wikimedia.org/wikipedia/commons/thumb/d/d4/2015%2C_Summer_in_Germany_%2819658826732%29.jpg/1280px-2015%2C_Summer_in_Germany_%2819658826732%29.jpg?utm_source=commons.wikimedia.org&utm_campaign=imageinfo&utm_content=thumbnail,marsupium photography,CC BY-SA 2.0,https://creativecommons.org/licenses/by-sa/2.0,commons-57506581,Codex visual review of contact sheet: one identifiable target within frozen category definition,2f5fd29190619877,1280,960,2026-10-07T15:25:54+08:00,Early collection; original source revision not retained; local downloaded rendition SHA-256=a153f9cd6f7a4398ada212b75ccc6a22296f59f9a6994b3f8d9717a8d6250eb4; download time recovered from original local file mtime
commons-148130282,data/raw/commons/key/commons-148130282.jpg,28e8f0299d66c2477c681bff69419da529472ec31f98ceac4315f8d802f7deed,8,,,commons-api,,train,approved,campus-public-expanded-v1,wikimedia_commons,148130282,https://commons.wikimedia.org/wiki/File:Euroschl%C3%BCssel_WC_vom_CBF_Darmstadt.jpg,https://upload.wikimedia.org/wikipedia/commons/7/73/Euroschl%C3%BCssel_WC_vom_CBF_Darmstadt.jpg?utm_source=commons.wikimedia.org&utm_campaign=imageinfo&utm_content=original,https://thumb.wikimedia.org/wikipedia/commons/thumb/7/73/Euroschl%C3%BCssel_WC_vom_CBF_Darmstadt.jpg/960px-Euroschl%C3%BCssel_WC_vom_CBF_Darmstadt.jpg?utm_source=commons.wikimedia.org&utm_campaign=imageinfo&utm_content=thumbnail,CVComposer,CC BY-SA 4.0,https://creativecommons.org/licenses/by-sa/4.0,commons-148130282,Codex visual inspection: one door/car key or connected keyring is primary,d9d833638e945a4b,960,641,2026-10-07T19:33:15+08:00,Commons file timestamp=2024-05-07T07:20:19Z; source sha1=cb1424ac0a730a1ca3dd46fda731cb4d4666c3a4; requested thumbnail=960px
commons-113193054,data/raw/commons/key/commons-113193054.jpg,6267f220f9bae630de7d82f533b7310b8bc407d55461455a3cad5f7bd0a1a1c9,8,,,commons-api,,train,approved,campus-public-expanded-v1,wikimedia_commons,113193054,https://commons.wikimedia.org/wiki/File:KEYS.jpg,https://upload.wikimedia.org/wikipedia/commons/f/f0/KEYS.jpg?utm_source=commons.wikimedia.org&utm_campaign=imageinfo&utm_content=original,https://thumb.wikimedia.org/wikipedia/commons/thumb/f/f0/KEYS.jpg/960px-KEYS.jpg?utm_source=commons.wikimedia.org&utm_campaign=imageinfo&utm_content=thumbnail,Kaviyadharshini Selvakumar,CC BY-SA 4.0,https://creativecommons.org/licenses/by-sa/4.0,commons-113193054,Codex visual inspection: door/car key or connected keyring is primary,cbb53649cbb49249,960,1280,2026-10-07T19:35:45+08:00,Commons file timestamp=2021-12-09T05:55:34Z; source sha1=a1b91f2bba2837a9c5025966c3939005ec4666ed; requested thumbnail=960px
commons-114075329,data/raw/commons/key/commons-114075329.jpg,b8de647c7ab011e357e6fcee9ab884516a8d8190b952b04c3707043912c82741,8,,,commons-api,,train,approved,campus-public-expanded-v1,wikimedia_commons,114075329,"https://commons.wikimedia.org/wiki/File:Key,.jpg",https://upload.wikimedia.org/wikipedia/commons/f/fd/Key%2C.jpg?utm_source=commons.wikimedia.org&utm_campaign=imageinfo&utm_content=original,https://thumb.wikimedia.org/wikipedia/commons/thumb/f/fd/Key%2C.jpg/960px-Key%2C.jpg?utm_source=commons.wikimedia.org&utm_campaign=imageinfo&utm_content=thumbnail,DIVYALAKSHWIN,CC BY-SA 4.0,https://creativecommons.org/licenses/by-sa/4.0,commons-114075329,Codex visual inspection: door/car key or connected keyring is primary,31e0c3c99bb62f45,960,2124,2026-10-07T19:35:11+08:00,Commons file timestamp=2022-01-07T14:08:47Z; source sha1=5c73330960872bdd3686f778c3d4f116f0a98f3a; requested thumbnail=960px
commons-43921766,data/raw/commons/key/commons-43921766.jpg,781b2da2a73c13b5180bddc3a49106165ffe3a3c6c4b8c152744df52345f33fa,8,,,commons-api,,train,approved,campus-public-expanded-v1,wikimedia_commons,43921766,https://commons.wikimedia.org/wiki/File:Key_to_DPR_(2885826311).jpg,https://upload.wikimedia.org/wikipedia/commons/7/78/Key_to_DPR_%282885826311%29.jpg?utm_source=commons.wikimedia.org&utm_campaign=imageinfo&utm_content=original,https://thumb.wikimedia.org/wikipedia/commons/thumb/7/78/Key_to_DPR_%282885826311%29.jpg/1280px-Key_to_DPR_%282885826311%29.jpg?utm_source=commons.wikimedia.org&utm_campaign=imageinfo&utm_content=thumbnail,Ricardo Liberato,CC BY-SA 2.0,https://creativecommons.org/licenses/by-sa/2.0,commons-43921766,Codex visual review of contact sheet: one identifiable target within frozen category definition,34d96019cb239eaf,1280,847,2026-10-07T15:43:08+08:00,Early collection; original source revision not retained; local downloaded rendition SHA-256=781b2da2a73c13b5180bddc3a49106165ffe3a3c6c4b8c152744df52345f33fa; download time recovered from original local file mtime
commons-141448835,data/raw/commons/key/commons-141448835.jpg,3318ec91033a8c5e7f58a6f7ed42ad3ad9dd543e72dc1db0c8f1412b0e706f30,8,,,commons-api,,train,approved,campus-public-expanded-v1,wikimedia_commons,141448835,https://commons.wikimedia.org/wiki/File:Key_to_Charles_I%27s_bedroom_at_Carisbrooke.jpg,https://upload.wikimedia.org/wikipedia/commons/b/ba/Key_to_Charles_I%27s_bedroom_at_Carisbrooke.jpg?utm_source=commons.wikimedia.org&utm_campaign=imageinfo&utm_content=original,https://thumb.wikimedia.org/wikipedia/commons/thumb/b/ba/Key_to_Charles_I%27s_bedroom_at_Carisbrooke.jpg/960px-Key_to_Charles_I%27s_bedroom_at_Carisbrooke.jpg?utm_source=commons.wikimedia.org&utm_campaign=imageinfo&utm_content=thumbnail,Northerner,CC0,http://creativecommons.org/publicdomain/zero/1.0/deed.en,commons-141448835,Codex visual inspection: one door/car key or connected keyring is primary,72628a8bd9887ee9,960,724,2026-10-07T19:34:32+08:00,Commons file timestamp=2023-11-26T18:37:56Z; source sha1=c4440c77c1bf6952baa8e34cb0b9cbebff770198; requested thumbnail=960px
commons-34342225,data/raw/commons/key/commons-34342225.jpg,bd7fb9cf8467a73dd12a11115509557bfe2f985856cfe408d04da6afff43d0a6,8,,,commons-api,,train,approved,campus-public-expanded-v1,wikimedia_commons,34342225,https://commons.wikimedia.org/wiki/File:Bort_License_Plate_Keychain.jpg,https://upload.wikimedia.org/wikipedia/commons/b/bc/Bort_License_Plate_Keychain.jpg?utm_source=commons.wikimedia.org&utm_campaign=imageinfo&utm_content=original,https://upload.wikimedia.org/wikipedia/commons/b/bc/Bort_License_Plate_Keychain.jpg?utm_source=commons.wikimedia.org&utm_campaign=imageinfo&utm_content=thumbnail_unscaled,Eric Steuer,CC BY 2.0,https://creativecommons.org/licenses/by/2.0,commons-34342225,Codex visual inspection: one identifiable physical target within confirmed definition,0d33cc2924f3f2cd,612,612,2026-10-07T18:00:14+08:00,Commons file timestamp=2014-07-30T17:20:23Z; source sha1=62783137de2681c45a541a0e605012232e307270; requested thumbnail=960px
commons-80010355,data/raw/commons/key/commons-80010355.jpg,dde326d5fce44dbbb4af168232a9bbf8fe52b7b319c92abfee6b237d6cd5045c,8,,,commons-api,,train,approved,campus-public-expanded-v1,wikimedia_commons,80010355,https://commons.wikimedia.org/wiki/File:001_2019_06_23_Schluessel_und_Schluesselloecher.jpg,https://upload.wikimedia.org/wikipedia/commons/0/0f/001_2019_06_23_Schluessel_und_Schluesselloecher.jpg?utm_source=commons.wikimedia.org&utm_campaign=imageinfo&utm_content=original,https://thumb.wikimedia.org/wikipedia/commons/thumb/0/0f/001_2019_06_23_Schluessel_und_Schluesselloecher.jpg/1280px-001_2019_06_23_Schluessel_und_Schluesselloecher.jpg?utm_source=commons.wikimedia.org&utm_campaign=imageinfo&utm_content=thumbnail,Friedrich Haag,CC BY-SA 4.0,https://creativecommons.org/licenses/by-sa/4.0,commons-80010355,Codex visual review of contact sheet: one identifiable target within frozen category definition,f269868e2c495bb5,1280,2429,2026-10-07T15:25:57+08:00,Early collection; original source revision not retained; local downloaded rendition SHA-256=dde326d5fce44dbbb4af168232a9bbf8fe52b7b319c92abfee6b237d6cd5045c; download time recovered from original local file mtime
commons-77561929,data/raw/commons/key/commons-77561929.jpg,7b77f11d62d944fa71febe3fef8d9a0289d4b2d96a2f75fe033593ed05f5b0b0,8,,,commons-api,,train,approved,campus-public-expanded-v1,wikimedia_commons,77561929,https://commons.wikimedia.org/wiki/File:Car_Keys_1.jpg,https://upload.wikimedia.org/wikipedia/commons/e/eb/Car_Keys_1.jpg?utm_source=commons.wikimedia.org&utm_campaign=imageinfo&utm_content=original,https://thumb.wikimedia.org/wikipedia/commons/thumb/e/eb/Car_Keys_1.jpg/1280px-Car_Keys_1.jpg?utm_source=commons.wikimedia.org&utm_campaign=imageinfo&utm_content=thumbnail,Gaurav Dhwaj Khadka,CC BY-SA 4.0,https://creativecommons.org/licenses/by-sa/4.0,commons-77561929,Codex visual review of contact sheet: one identifiable target within frozen category definition,966c3936ce90b32d,1280,1707,2026-10-07T15:33:07+08:00,Early collection; original source revision not retained; local downloaded rendition SHA-256=7b77f11d62d944fa71febe3fef8d9a0289d4b2d96a2f75fe033593ed05f5b0b0; download time recovered from original local file mtime
commons-79430231,data/raw/commons/key/commons-79430231.jpg,add24217fe16012910d03b6b1e4c8237c42e1ba2fb29bd3fee993a09cbd9b54d,8,,,commons-api,,train,approved,campus-public-expanded-v1,wikimedia_commons,79430231,https://commons.wikimedia.org/wiki/File:Trousseau_de_cl%C3%A9s.jpg,https://upload.wikimedia.org/wikipedia/commons/f/f7/Trousseau_de_cl%C3%A9s.jpg?utm_source=commons.wikimedia.org&utm_campaign=imageinfo&utm_content=original,https://thumb.wikimedia.org/wikipedia/commons/thumb/f/f7/Trousseau_de_cl%C3%A9s.jpg/960px-Trousseau_de_cl%C3%A9s.jpg?utm_source=commons.wikimedia.org&utm_campaign=imageinfo&utm_content=thumbnail,ADAMBITA,CC BY-SA 4.0,https://creativecommons.org/licenses/by-sa/4.0,commons-79430231,Codex visual inspection: identifiable primary door/car key or one key ring,965653232999dcc7,960,720,2026-10-07T18:21:32+08:00,Commons file timestamp=2019-06-02T23:07:46Z; source sha1=e3852b85f823026ab04f30e5f72eaa22a8714226; requested thumbnail=960px
commons-113021342,data/raw/commons/key/commons-113021342.jpg,c04c55da4eb75a0576dee7aeda29461e1e0a0235a1148540e5cf1fecf7ed264a,8,,,commons-api,,train,approved,campus-public-expanded-v1,wikimedia_commons,113021342,https://commons.wikimedia.org/wiki/File:Hyttnyckel_med_nyckelbricka_-_Sj%C3%B6fartsmuseet_Akvariet_-_SMG44325.jpg,https://upload.wikimedia.org/wikipedia/commons/c/c9/Hyttnyckel_med_nyckelbricka_-_Sj%C3%B6fartsmuseet_Akvariet_-_SMG44325.jpg?utm_source=commons.wikimedia.org&utm_campaign=imageinfo&utm_content=original,https://thumb.wikimedia.org/wikipedia/commons/thumb/c/c9/Hyttnyckel_med_nyckelbricka_-_Sj%C3%B6fartsmuseet_Akvariet_-_SMG44325.jpg/960px-Hyttnyckel_med_nyckelbricka_-_Sj%C3%B6fartsmuseet_Akvariet_-_SMG44325.jpg?utm_source=commons.wikimedia.org&utm_campaign=imageinfo&utm_content=thumbnail,,CC BY 4.0,https://creativecommons.org/licenses/by/4.0,commons-113021342,Codex visual inspection: one door/car key or connected keyring is primary,66b10c03f9e3077d,960,640,2026-10-07T19:33:09+08:00,Commons file timestamp=2021-12-03T09:41:11Z; source sha1=2696675d09bfba5a125ff8b71517c2f9934e453a; requested thumbnail=960px
commons-33132988,data/raw/commons/key/commons-33132988.jpg,6f3886c9b2c06548e56bd0c3e8ebf39ec2bd473e72a232b0886c26513f804044,8,,,commons-api,,train,approved,campus-public-expanded-v1,wikimedia_commons,33132988,https://commons.wikimedia.org/wiki/File:Truck_Keys.jpg,https://upload.wikimedia.org/wikipedia/commons/6/60/Truck_Keys.jpg?utm_source=commons.wikimedia.org&utm_campaign=imageinfo&utm_content=original,https://upload.wikimedia.org/wikipedia/commons/6/60/Truck_Keys.jpg?utm_source=commons.wikimedia.org&utm_campaign=imageinfo&utm_content=thumbnail_unscaled,Angelsharum,CC BY-SA 3.0,https://creativecommons.org/licenses/by-sa/3.0,commons-33132988,Codex visual inspection: identifiable primary door/car key or one key ring,9f9cd06263499c97,504,330,2026-10-07T18:21:27+08:00,Commons file timestamp=2014-06-01T15:29:35Z; source sha1=e063d464ed3eb48d98935c3c2843206598e22b49; requested thumbnail=960px
commons-64763291,data/raw/commons/key/commons-64763291.jpg,756777b27fc3760c444c65a3b0a9b9d7be5c2b422861ff4d6e3b797fbd7e5afb,8,,,commons-api,,train,approved,campus-public-expanded-v1,wikimedia_commons,64763291,https://commons.wikimedia.org/wiki/File:%D0%A1%D0%B2%D1%8F%D0%B7%D0%BA%D0%B0_%D0%BA%D0%BB%D1%8E%D1%87%D0%B5%D0%B9.jpg,https://upload.wikimedia.org/wikipedia/commons/e/ef/%D0%A1%D0%B2%D1%8F%D0%B7%D0%BA%D0%B0_%D0%BA%D0%BB%D1%8E%D1%87%D0%B5%D0%B9.jpg?utm_source=commons.wikimedia.org&utm_campaign=imageinfo&utm_content=original,https://thumb.wikimedia.org/wikipedia/commons/thumb/e/ef/%D0%A1%D0%B2%D1%8F%D0%B7%D0%BA%D0%B0_%D0%BA%D0%BB%D1%8E%D1%87%D0%B5%D0%B9.jpg/960px-%D0%A1%D0%B2%D1%8F%D0%B7%D0%BA%D0%B0_%D0%BA%D0%BB%D1%8E%D1%87%D0%B5%D0%B9.jpg?utm_source=commons.wikimedia.org&utm_campaign=imageinfo&utm_content=thumbnail,Андрюша Романов,CC BY 4.0,https://creativecommons.org/licenses/by/4.0,commons-64763291,Codex visual inspection: identifiable primary door/car key or one key ring,99d3660cccb3aa4d,960,1279,2026-10-07T18:26:16+08:00,Commons file timestamp=2017-12-12T10:18:31Z; source sha1=f993fe8d539ea953eeee65f7424781b22c0d43d9; requested thumbnail=960px
commons-79977746,data/raw/commons/key/commons-79977746.jpg,39ecdefa209398d65992c7cd053f78b0407f6cad19dbb565666eb5261099b09f,8,,,commons-api,,train,approved,campus-public-expanded-v1,wikimedia_commons,79977746,https://commons.wikimedia.org/wiki/File:Key_of_the_heart.jpg,https://upload.wikimedia.org/wikipedia/commons/5/5b/Key_of_the_heart.jpg?utm_source=commons.wikimedia.org&utm_campaign=imageinfo&utm_content=original,https://thumb.wikimedia.org/wikipedia/commons/thumb/5/5b/Key_of_the_heart.jpg/960px-Key_of_the_heart.jpg?utm_source=commons.wikimedia.org&utm_campaign=imageinfo&utm_content=thumbnail,Annatsach,CC BY-SA 4.0,https://creativecommons.org/licenses/by-sa/4.0,commons-79977746,Codex visual inspection: one identifiable physical target within confirmed definition,99999bec663c6461,960,641,2026-10-07T18:10:56+08:00,Commons file timestamp=2019-06-26T22:01:30Z; source sha1=382ca533f7609aaf4c021df41d454fcfe3ea9cc9; requested thumbnail=960px
commons-59318655,data/raw/commons/key/commons-59318655.jpg,f8d73d363588fc44abbc8878efccad301441629c44d7a948bf89c1542e927f6a,8,,,commons-api,,train,approved,campus-public-expanded-v1,wikimedia_commons,59318655,https://commons.wikimedia.org/wiki/File:GP_2016_FieldCamps-20_(29694783560).jpg,https://upload.wikimedia.org/wikipedia/commons/9/99/GP_2016_FieldCamps-20_%2829694783560%29.jpg?utm_source=commons.wikimedia.org&utm_campaign=imageinfo&utm_content=original,https://thumb.wikimedia.org/wikipedia/commons/thumb/9/99/GP_2016_FieldCamps-20_%2829694783560%29.jpg/1280px-GP_2016_FieldCamps-20_%2829694783560%29.jpg?utm_source=commons.wikimedia.org&utm_campaign=imageinfo&utm_content=thumbnail,Mines CERSE,CC BY 2.0,https://creativecommons.org/licenses/by/2.0,commons-59318655,Codex visual review of contact sheet: one identifiable target within frozen category definition,7f0071f7ac251e19,1280,960,2026-10-07T15:36:38+08:00,Early collection; original source revision not retained; local downloaded rendition SHA-256=f8d73d363588fc44abbc8878efccad301441629c44d7a948bf89c1542e927f6a; download time recovered from original local file mtime
commons-27870179,data/raw/commons/key/commons-27870179.jpg,e9754893e9a8f23439e705c3a0098390b43e30feb3f258b3c833f0e63a348525,8,,,commons-api,,train,approved,campus-public-expanded-v1,wikimedia_commons,27870179,https://commons.wikimedia.org/wiki/File:Euscorpius_italicus_-_Scorpione_Italiano.JPG,https://upload.wikimedia.org/wikipedia/commons/2/23/Euscorpius_italicus_-_Scorpione_Italiano.JPG?utm_source=commons.wikimedia.org&utm_campaign=imageinfo&utm_content=original,https://thumb.wikimedia.org/wikipedia/commons/thumb/2/23/Euscorpius_italicus_-_Scorpione_Italiano.JPG/1280px-Euscorpius_italicus_-_Scorpione_Italiano.JPG?utm_source=commons.wikimedia.org&utm_campaign=imageinfo&utm_content=thumbnail,Albert9910,CC BY-SA 3.0,https://creativecommons.org/licenses/by-sa/3.0,commons-27870179,Codex visual review of contact sheet: one identifiable target within frozen category definition,0df03c4b921fe11f,1280,853,2026-10-07T15:36:33+08:00,Early collection; original source revision not retained; local downloaded rendition SHA-256=e9754893e9a8f23439e705c3a0098390b43e30feb3f258b3c833f0e63a348525; download time recovered from original local file mtime
commons-45065041,data/raw/commons/key/commons-45065041.jpg,72279887a7aa7852056df04d1410dd086f74bca0d4af659c50fce6cf18a8aec3,8,,,commons-api,,train,approved,campus-public-expanded-v1,wikimedia_commons,45065041,https://commons.wikimedia.org/wiki/File:Cl%C3%A9_maison.jpg,https://upload.wikimedia.org/wikipedia/commons/c/c9/Cl%C3%A9_maison.jpg?utm_source=commons.wikimedia.org&utm_campaign=imageinfo&utm_content=original,https://thumb.wikimedia.org/wikipedia/commons/thumb/c/c9/Cl%C3%A9_maison.jpg/1280px-Cl%C3%A9_maison.jpg?utm_source=commons.wikimedia.org&utm_campaign=imageinfo&utm_content=thumbnail,EnZiGuRi25,CC BY-SA 4.0,https://creativecommons.org/licenses/by-sa/4.0,commons-45065041,Codex visual review of contact sheet: one identifiable target within frozen category definition,6b1b13eebc1202dd,1280,1707,2026-10-07T15:32:59+08:00,Early collection; original source revision not retained; local downloaded rendition SHA-256=72279887a7aa7852056df04d1410dd086f74bca0d4af659c50fce6cf18a8aec3; download time recovered from original local file mtime
commons-104588442,data/raw/commons/key/commons-104588442.jpg,7689fe84dd6a2d0a07da9be3b39638910735627ff45cc3626bf45300bde83686,8,,,commons-api,,train,approved,campus-public-expanded-v1,wikimedia_commons,104588442,https://commons.wikimedia.org/wiki/File:Lada_110_keys.jpg,https://upload.wikimedia.org/wikipedia/commons/e/e5/Lada_110_keys.jpg?utm_source=commons.wikimedia.org&utm_campaign=imageinfo&utm_content=original,https://thumb.wikimedia.org/wikipedia/commons/thumb/e/e5/Lada_110_keys.jpg/960px-Lada_110_keys.jpg?utm_source=commons.wikimedia.org&utm_campaign=imageinfo&utm_content=thumbnail,Вазовик110,CC BY-SA 4.0,https://creativecommons.org/licenses/by-sa/4.0,commons-104588442,Codex visual inspection: door/car key or connected keyring is primary,c61b39e4937c6c83,960,1862,2026-10-07T19:36:16+08:00,Commons file timestamp=2021-04-28T22:53:51Z; source sha1=c40c2686592ced71e811ca7c1af047723bc5e847; requested thumbnail=960px
commons-23355327,data/raw/commons/key/commons-23355327.jpg,fe32b2ebc9fa52e8ca46b2d95fd7ab8e49db4431bff4e2d5302a3afef2a28212,8,,,commons-api,,train,approved,campus-public-expanded-v1,wikimedia_commons,23355327,https://commons.wikimedia.org/wiki/File:Time_to_go_(5319004968).jpg,https://upload.wikimedia.org/wikipedia/commons/f/f0/Time_to_go_%285319004968%29.jpg?utm_source=commons.wikimedia.org&utm_campaign=imageinfo&utm_content=original,https://thumb.wikimedia.org/wikipedia/commons/thumb/f/f0/Time_to_go_%285319004968%29.jpg/960px-Time_to_go_%285319004968%29.jpg?utm_source=commons.wikimedia.org&utm_campaign=imageinfo&utm_content=thumbnail,"Marcus Quigmire from Florida, USA",CC BY-SA 2.0,https://creativecommons.org/licenses/by-sa/2.0,commons-23355327,Codex visual inspection: identifiable primary door/car key or one key ring,64e0c90673f3dc39,960,640,2026-10-07T18:19:18+08:00,Commons file timestamp=2012-12-27T05:05:51Z; source sha1=aeee027122cc85a87d91513e6ef3fb52fcfdb57e; requested thumbnail=960px
commons-34870531,data/raw/commons/key/commons-34870531.jpg,38f032db12d9af1aa35c8b0e17c3afc43451c2858cbdfaf47bdd996bb018f138,8,,,commons-api,,train,approved,campus-public-expanded-v1,wikimedia_commons,34870531,https://commons.wikimedia.org/wiki/File:Klucz_przyklad_01.JPG,https://upload.wikimedia.org/wikipedia/commons/6/6d/Klucz_przyklad_01.JPG?utm_source=commons.wikimedia.org&utm_campaign=imageinfo&utm_content=original,https://thumb.wikimedia.org/wikipedia/commons/thumb/6/6d/Klucz_przyklad_01.JPG/960px-Klucz_przyklad_01.JPG?utm_source=commons.wikimedia.org&utm_campaign=imageinfo&utm_content=thumbnail,Szlomo Lejb,CC BY-SA 3.0,https://creativecommons.org/licenses/by-sa/3.0,commons-34870531,Codex visual inspection: one identifiable physical target within confirmed definition,191966c4cb332bcf,960,665,2026-10-07T18:13:54+08:00,Commons file timestamp=2014-08-21T17:41:41Z; source sha1=1a0719f3d80ff5e75abfde49a9a890569ad7429a; requested thumbnail=960px
commons-17404329,data/raw/commons/key/commons-17404329.jpg,bb737b854fad70e433fade38b339a27bfc171b75dd06cd392ff10f7143bd7425,8,,,commons-api,,train,approved,campus-public-expanded-v1,wikimedia_commons,17404329,https://commons.wikimedia.org/wiki/File:Little_Bug_%26_Key.jpg,https://upload.wikimedia.org/wikipedia/commons/c/cb/Little_Bug_%26_Key.jpg?utm_source=commons.wikimedia.org&utm_campaign=imageinfo&utm_content=original,https://thumb.wikimedia.org/wikipedia/commons/thumb/c/cb/Little_Bug_%26_Key.jpg/960px-Little_Bug_%26_Key.jpg?utm_source=commons.wikimedia.org&utm_campaign=imageinfo&utm_content=thumbnail,Tamara de Koning,CC BY-SA 3.0,https://creativecommons.org/licenses/by-sa/3.0,commons-17404329,Codex visual inspection: door/car key or connected keyring is primary,0e0cf17c5c4c23fb,960,640,2026-10-07T19:36:34+08:00,Commons file timestamp=2011-11-19T10:17:12Z; source sha1=7d709c40bb482e7820de2309e843973c54609973; requested thumbnail=960px
commons-80014246,data/raw/commons/key/commons-80014246.jpg,6980149c6837b619da268cd6c979b773c085b9a125533730f75ba9ddad9020e5,8,,,commons-api,,train,approved,campus-public-expanded-v1,wikimedia_commons,80014246,https://commons.wikimedia.org/wiki/File:Mix_of_keys_2019-06-28.jpg,https://upload.wikimedia.org/wikipedia/commons/6/6a/Mix_of_keys_2019-06-28.jpg?utm_source=commons.wikimedia.org&utm_campaign=imageinfo&utm_content=original,https://thumb.wikimedia.org/wikipedia/commons/thumb/6/6a/Mix_of_keys_2019-06-28.jpg/960px-Mix_of_keys_2019-06-28.jpg?utm_source=commons.wikimedia.org&utm_campaign=imageinfo&utm_content=thumbnail,Andreas Lakso,CC BY-SA 4.0,https://creativecommons.org/licenses/by-sa/4.0,commons-80014246,Codex visual inspection: identifiable primary door/car key or one key ring,7a943158c3f49c3b,960,1280,2026-10-07T18:16:20+08:00,Commons file timestamp=2019-06-28T18:32:12Z; source sha1=5aea45c651b50a6f18a77b8b1f9311bb5af85016; requested thumbnail=960px
commons-29240238,data/raw/commons/key/commons-29240238.jpg,ffd342ce9d930a3c1119bbfc81cc82e32d8754a6d659e35b3cfed4326b7a7eaf,8,,,commons-api,,train,approved,campus-public-expanded-v1,wikimedia_commons,29240238,https://commons.wikimedia.org/wiki/File:DSCN1034_(4213250870)_(2).jpg,https://upload.wikimedia.org/wikipedia/commons/b/be/DSCN1034_%284213250870%29_%282%29.jpg?utm_source=commons.wikimedia.org&utm_campaign=imageinfo&utm_content=original,https://thumb.wikimedia.org/wikipedia/commons/thumb/b/be/DSCN1034_%284213250870%29_%282%29.jpg/1280px-DSCN1034_%284213250870%29_%282%29.jpg?utm_source=commons.wikimedia.org&utm_campaign=imageinfo&utm_content=thumbnail,"upyernoz from Haverford, USA",CC BY 2.0,https://creativecommons.org/licenses/by/2.0,commons-29240238,Codex visual review of contact sheet: one identifiable target within frozen category definition,e944037c694cb7ab,1280,960,2026-10-07T15:30:50+08:00,Early collection; original source revision not retained; local downloaded rendition SHA-256=ffd342ce9d930a3c1119bbfc81cc82e32d8754a6d659e35b3cfed4326b7a7eaf; download time recovered from original local file mtime
commons-79718113,data/raw/commons/key/commons-79718113.jpg,52038edff4816b09de6a15354c5e85e3327aa31596bc54178cb67746f66cd766,8,,,commons-api,,train,approved,campus-public-expanded-v1,wikimedia_commons,79718113,https://commons.wikimedia.org/wiki/File:KLCZ_EXP_108_(ubt).JPG,https://upload.wikimedia.org/wikipedia/commons/6/6c/KLCZ_EXP_108_%28ubt%29.JPG?utm_source=commons.wikimedia.org&utm_campaign=imageinfo&utm_content=original,https://thumb.wikimedia.org/wikipedia/commons/thumb/6/6c/KLCZ_EXP_108_%28ubt%29.JPG/960px-KLCZ_EXP_108_%28ubt%29.JPG?utm_source=commons.wikimedia.org&utm_campaign=imageinfo&utm_content=thumbnail,"Tomasz Sienicki [user: tsca, mail: tomasz.sienicki at gmail.com]",CC BY 4.0,https://creativecommons.org/licenses/by/4.0,commons-79718113,Codex visual inspection: door/car key or connected keyring is primary,c662b27873f2cc89,960,604,2026-10-07T19:36:05+08:00,Commons file timestamp=2019-06-15T14:42:43Z; source sha1=c68baf4bc7893512f66a9988cab71119208cb25d; requested thumbnail=960px
commons-64263427,data/raw/commons/key/commons-64263427.jpg,d7cb627b00a68ae583e14a86289fdb8193ff5b406d3fc6aa92ce11289c9f7e2e,8,,,commons-api,,train,approved,campus-public-expanded-v1,wikimedia_commons,64263427,"https://commons.wikimedia.org/wiki/File:Key,_1770%E2%80%931810_(CH_18391243-2).jpg",https://upload.wikimedia.org/wikipedia/commons/3/3a/Key%2C_1770%E2%80%931810_%28CH_18391243-2%29.jpg?utm_source=commons.wikimedia.org&utm_campaign=imageinfo&utm_content=original,https://thumb.wikimedia.org/wikipedia/commons/thumb/3/3a/Key%2C_1770%E2%80%931810_%28CH_18391243-2%29.jpg/960px-Key%2C_1770%E2%80%931810_%28CH_18391243-2%29.jpg?utm_source=commons.wikimedia.org&utm_campaign=imageinfo&utm_content=thumbnail,Unknown artistUnknown artist,Public domain,,commons-64263427,Codex visual inspection: one door/car key or connected keyring is primary,3659a6cbc33318e5,960,2283,2026-10-07T19:34:02+08:00,Commons file timestamp=2017-11-22T17:27:44Z; source sha1=dceebb13abe79e1c1359138acd8436da35433534; requested thumbnail=960px
commons-15680188,data/raw/commons/key/commons-15680188.jpg,5008b8ce14dc3ba01365e4eec84eb23311d6723ea5f7c941d6c96c52ed04a825,8,,,commons-api,,train,approved,campus-public-expanded-v1,wikimedia_commons,15680188,https://commons.wikimedia.org/wiki/File:Keys_indian_nationalemblem.jpg,https://upload.wikimedia.org/wikipedia/commons/6/6b/Keys_indian_nationalemblem.jpg?utm_source=commons.wikimedia.org&utm_campaign=imageinfo&utm_content=original,https://thumb.wikimedia.org/wikipedia/commons/thumb/6/6b/Keys_indian_nationalemblem.jpg/960px-Keys_indian_nationalemblem.jpg?utm_source=commons.wikimedia.org&utm_campaign=imageinfo&utm_content=thumbnail,Hindustanilanguage,CC BY-SA 3.0,https://creativecommons.org/licenses/by-sa/3.0,commons-15680188,Codex visual inspection: one identifiable physical target within confirmed definition,304b87d6799e2761,960,1280,2026-10-07T18:11:12+08:00,Commons file timestamp=2011-07-02T10:47:05Z; source sha1=78d36fb9fcc51d747435f6b0bb5e197ca1e0628b; requested thumbnail=960px
commons-30394003,data/raw/commons/key/commons-30394003.jpg,54cdf3e31657ab956bdb6b10ad41164aaac7f030c85e68be0d278d41f19d5840,8,,,commons-api,,train,approved,campus-public-expanded-v1,wikimedia_commons,30394003,https://commons.wikimedia.org/wiki/File:Volkswagen_internal_cut_key.jpg,https://upload.wikimedia.org/wikipedia/commons/1/12/Volkswagen_internal_cut_key.jpg?utm_source=commons.wikimedia.org&utm_campaign=imageinfo&utm_content=original,https://thumb.wikimedia.org/wikipedia/commons/thumb/1/12/Volkswagen_internal_cut_key.jpg/330px-Volkswagen_internal_cut_key.jpg?utm_source=commons.wikimedia.org&utm_campaign=imageinfo&utm_content=thumbnail,"My_key_fob.jpg: Stubacca
derivative work: Moxfyre",CC BY-SA 3.0,https://creativecommons.org/licenses/by-sa/3.0,commons-30394003,Codex visual inspection: one door/car key or connected keyring is primary,a979cca3a189361f,330,636,2026-10-07T19:30:27+08:00,Commons file timestamp=2017-07-27T14:36:15Z; source sha1=403b3cfbb4d25ff245d59bebc9bdd600763b8687; requested thumbnail=330px
commons-139566716,data/raw/commons/key/commons-139566716.jpg,aec327b4120a46d9850a600702279b6ae820c9a3cd7ec5b9c9faacf7b2d288aa,8,,,commons-api,,train,approved,campus-public-expanded-v1,wikimedia_commons,139566716,https://commons.wikimedia.org/wiki/File:Broken_key_IMG_7123.JPG,https://upload.wikimedia.org/wikipedia/commons/9/9a/Broken_key_IMG_7123.JPG?utm_source=commons.wikimedia.org&utm_campaign=imageinfo&utm_content=original,https://thumb.wikimedia.org/wikipedia/commons/thumb/9/9a/Broken_key_IMG_7123.JPG/960px-Broken_key_IMG_7123.JPG?utm_source=commons.wikimedia.org&utm_campaign=imageinfo&utm_content=thumbnail,01x07x2022000,CC0,http://creativecommons.org/publicdomain/zero/1.0/deed.en,commons-139566716,Codex visual inspection: one door/car key or connected keyring is primary,f68963349c63631d,960,720,2026-10-07T19:31:41+08:00,Commons file timestamp=2023-10-26T10:09:35Z; source sha1=e8e9657358915301265410797d848469694aab9d; requested thumbnail=960px
commons-139566726,data/raw/commons/key/commons-139566726.jpg,e8df1840fb5e708c135c422bf7ccd5db991f1c64b22ce3929ae668d9db8fd998,8,,,commons-api,,train,approved,campus-public-expanded-v1,wikimedia_commons,139566726,https://commons.wikimedia.org/wiki/File:Broken_key_IMG_7122.JPG,https://upload.wikimedia.org/wikipedia/commons/9/99/Broken_key_IMG_7122.JPG?utm_source=commons.wikimedia.org&utm_campaign=imageinfo&utm_content=original,https://thumb.wikimedia.org/wikipedia/commons/thumb/9/99/Broken_key_IMG_7122.JPG/960px-Broken_key_IMG_7122.JPG?utm_source=commons.wikimedia.org&utm_campaign=imageinfo&utm_content=thumbnail,01x07x2022000,CC0,http://creativecommons.org/publicdomain/zero/1.0/deed.en,commons-139566716,Codex visual inspection: one door/car key or connected keyring is primary,0c98e3b41bdb813f,960,720,2026-10-07T19:31:44+08:00,Commons file timestamp=2023-10-26T10:09:54Z; source sha1=f21efcbcc0204cef77d6525126d938c8cbaf80a2; requested thumbnail=960px
commons-141539898,data/raw/commons/key/commons-141539898.jpg,87383d2ee03a24908f987f98413c044d7770f7f4981aba66ff4a3f93afb23779,8,,,commons-api,,train,approved,campus-public-expanded-v1,wikimedia_commons,141539898,https://commons.wikimedia.org/wiki/File:Broken_key_IMG_8341.JPG,https://upload.wikimedia.org/wikipedia/commons/1/1d/Broken_key_IMG_8341.JPG?utm_source=commons.wikimedia.org&utm_campaign=imageinfo&utm_content=original,https://thumb.wikimedia.org/wikipedia/commons/thumb/1/1d/Broken_key_IMG_8341.JPG/960px-Broken_key_IMG_8341.JPG?utm_source=commons.wikimedia.org&utm_campaign=imageinfo&utm_content=thumbnail,01x07x2022000,CC0,http://creativecommons.org/publicdomain/zero/1.0/deed.en,commons-139566716,Codex visual inspection: one door/car key or connected keyring is primary,606579134659367f,960,720,2026-10-07T19:31:46+08:00,Commons file timestamp=2023-11-29T07:06:18Z; source sha1=e0b84a8fbd68b1a62207b48fc6319d4347575051; requested thumbnail=960px
commons-8372162,data/raw/commons/key/commons-8372162.jpg,e05c70ea4f6cdda0178f9a41e49c8656a3d7e86af9448dba71d79ec4547dee48,8,,,commons-api,,train,approved,campus-public-expanded-v1,wikimedia_commons,8372162,https://commons.wikimedia.org/wiki/File:My_key_fob.jpg,https://upload.wikimedia.org/wikipedia/commons/8/88/My_key_fob.jpg?utm_source=commons.wikimedia.org&utm_campaign=imageinfo&utm_content=original,https://thumb.wikimedia.org/wikipedia/commons/thumb/8/88/My_key_fob.jpg/960px-My_key_fob.jpg?utm_source=commons.wikimedia.org&utm_campaign=imageinfo&utm_content=thumbnail,Stubacca,CC BY-SA 3.0,https://creativecommons.org/licenses/by-sa/3.0,commons-8372162,Codex visual inspection: identifiable primary door/car key or one key ring,6627cc31d131a7d3,960,1280,2026-10-07T18:16:13+08:00,Commons file timestamp=2009-11-07T14:16:23Z; source sha1=b5a20924abcabba37deb1560ef6326623e464485; requested thumbnail=960px
commons-18157629,data/raw/commons/key/commons-18157629.jpg,fab2ed3065c1ee92ba825a7835a53a28d24d4a743a2c981891b0b73f8a108413,8,,,commons-api,,train,approved,campus-public-expanded-v1,wikimedia_commons,18157629,https://commons.wikimedia.org/wiki/File:Keys_with_pink_background.JPG,https://upload.wikimedia.org/wikipedia/commons/5/56/Keys_with_pink_background.JPG?utm_source=commons.wikimedia.org&utm_campaign=imageinfo&utm_content=original,https://thumb.wikimedia.org/wikipedia/commons/thumb/5/56/Keys_with_pink_background.JPG/960px-Keys_with_pink_background.JPG?utm_source=commons.wikimedia.org&utm_campaign=imageinfo&utm_content=thumbnail,Eviatar Bach,CC0,http://creativecommons.org/publicdomain/zero/1.0/deed.en,commons-18157629,Codex visual inspection: one identifiable physical target within confirmed definition,593b26c699996467,960,638,2026-10-07T18:11:15+08:00,Commons file timestamp=2012-01-24T23:30:02Z; source sha1=2369bc13c8c8f3944720743f93c5a04a049d5fa1; requested thumbnail=960px
commons-17046761,data/raw/commons/key/commons-17046761.jpg,10ed23b958616335799176e2c4d3dee9c6742408d20dea16cd5442cbe80c456c,8,,,commons-api,,train,approved,campus-public-expanded-v1,wikimedia_commons,17046761,https://commons.wikimedia.org/wiki/File:Kljucevi_svezanj.JPG,https://upload.wikimedia.org/wikipedia/commons/5/50/Kljucevi_svezanj.JPG?utm_source=commons.wikimedia.org&utm_campaign=imageinfo&utm_content=original,https://thumb.wikimedia.org/wikipedia/commons/thumb/5/50/Kljucevi_svezanj.JPG/960px-Kljucevi_svezanj.JPG?utm_source=commons.wikimedia.org&utm_campaign=imageinfo&utm_content=thumbnail,Cveleglg at Serbian Wikipedia,Public domain,,commons-17046761,Codex visual inspection: one identifiable physical target within confirmed definition,7c96c6793386c531,960,720,2026-10-07T18:13:43+08:00,Commons file timestamp=2011-10-20T09:08:19Z; source sha1=618f6cf2abac59e07a0be3dc5599ef25d66404d4; requested thumbnail=960px
commons-53137915,data/raw/commons/key/commons-53137915.jpg,0600923c59b0c54de11e75d8b6bccf24074aa5e121ad5c098b269edadc75f48c,8,,,commons-api,,train,approved,campus-public-expanded-v1,wikimedia_commons,53137915,https://commons.wikimedia.org/wiki/File:Museo_Etnol%C3%B3gico_de_Puerto_Seguro_-_Llaves_4_(30931997746).jpg,https://upload.wikimedia.org/wikipedia/commons/e/e4/Museo_Etnol%C3%B3gico_de_Puerto_Seguro_-_Llaves_4_%2830931997746%29.jpg?utm_source=commons.wikimedia.org&utm_campaign=imageinfo&utm_content=original,https://thumb.wikimedia.org/wikipedia/commons/thumb/e/e4/Museo_Etnol%C3%B3gico_de_Puerto_Seguro_-_Llaves_4_%2830931997746%29.jpg/960px-Museo_Etnol%C3%B3gico_de_Puerto_Seguro_-_Llaves_4_%2830931997746%29.jpg?utm_source=commons.wikimedia.org&utm_campaign=imageinfo&utm_content=thumbnail,Frontera hispano-portuguesa (FRONTESPO),CC BY-SA 2.0,https://creativecommons.org/licenses/by-sa/2.0,commons-53137915,Codex visual inspection: door/car key or connected keyring is primary,4da0a60b70f9c3af,960,1365,2026-10-07T19:37:22+08:00,Commons file timestamp=2016-11-14T01:25:08Z; source sha1=2ddb3cf344c16a370847a954756db7e0b26b62df; requested thumbnail=960px
commons-43116100,data/raw/commons/key/commons-43116100.jpg,bb142eb92907728c1d126c97133b9278ba0140d2e425e4647bc8df0ee3691561,8,,,commons-api,,train,approved,campus-public-expanded-v1,wikimedia_commons,43116100,https://commons.wikimedia.org/wiki/File:Lol_key_escrow.jpg,https://upload.wikimedia.org/wikipedia/commons/b/bf/Lol_key_escrow.jpg?utm_source=commons.wikimedia.org&utm_campaign=imageinfo&utm_content=original,https://thumb.wikimedia.org/wikipedia/commons/thumb/b/bf/Lol_key_escrow.jpg/330px-Lol_key_escrow.jpg?utm_source=commons.wikimedia.org&utm_campaign=imageinfo&utm_content=thumbnail,Github user Xylitol,CC BY-SA 4.0,https://creativecommons.org/licenses/by-sa/4.0,commons-43116100,Codex visual inspection: one door/car key or connected keyring is primary,ec195fb01ec6f109,330,269,2026-10-07T19:29:36+08:00,Commons file timestamp=2015-09-11T16:53:09Z; source sha1=1aa4f6e374981694f907a5a219a934999bf4d0c0; requested thumbnail=330px
commons-86501857,data/raw/commons/key/commons-86501857.jpg,444098ba26eb062c2c69ae6964fe99c6456cf846ae16c662a7507921e3b09a85,8,,,commons-api,,train,approved,campus-public-expanded-v1,wikimedia_commons,86501857,https://commons.wikimedia.org/wiki/File:G_locket.jpg,https://upload.wikimedia.org/wikipedia/commons/9/9c/G_locket.jpg?utm_source=commons.wikimedia.org&utm_campaign=imageinfo&utm_content=original,https://thumb.wikimedia.org/wikipedia/commons/thumb/9/9c/G_locket.jpg/1280px-G_locket.jpg?utm_source=commons.wikimedia.org&utm_campaign=imageinfo&utm_content=thumbnail,Raman Deep,CC BY-SA 4.0,https://creativecommons.org/licenses/by-sa/4.0,commons-86501857,Codex visual review of contact sheet: one identifiable target within frozen category definition,094d6ee3f639098d,1280,1707,2026-10-07T15:36:42+08:00,Early collection; original source revision not retained; local downloaded rendition SHA-256=444098ba26eb062c2c69ae6964fe99c6456cf846ae16c662a7507921e3b09a85; download time recovered from original local file mtime
commons-10697352,data/raw/commons/key/commons-10697352.jpg,7ae5fc7825696dbcb53bfa0e1a34ef2a15c148348518d7f03dc4129e24faa50b,8,,,commons-api,,train,approved,campus-public-expanded-v1,wikimedia_commons,10697352,https://commons.wikimedia.org/wiki/File:Conjunto_de_llaves_con_un_llavero_para_una_mochila.jpg,https://upload.wikimedia.org/wikipedia/commons/4/4c/Conjunto_de_llaves_con_un_llavero_para_una_mochila.jpg?utm_source=commons.wikimedia.org&utm_campaign=imageinfo&utm_content=original,https://thumb.wikimedia.org/wikipedia/commons/thumb/4/4c/Conjunto_de_llaves_con_un_llavero_para_una_mochila.jpg/500px-Conjunto_de_llaves_con_un_llavero_para_una_mochila.jpg?utm_source=commons.wikimedia.org&utm_campaign=imageinfo&utm_content=thumbnail,Jcaceres93,Public domain,,commons-10697352,Codex visual inspection: one door/car key or connected keyring is primary,9471a144690f9f9f,500,797,2026-10-07T19:28:24+08:00,Commons file timestamp=2010-06-21T22:34:56Z; source sha1=dd9f82b09b07ecbe1373a6da8a88036ec8ecfe41; requested thumbnail=500px
commons-197807256,data/raw/commons/key/commons-197807256.jpg,64c9b480adc80a073bc498716e4b2c418cf1ea37846846cc898331e84e00236f,8,,,commons-api,,train,approved,campus-public-expanded-v1,wikimedia_commons,197807256,https://commons.wikimedia.org/wiki/File:Close-up_of_the_key_with_house_keychain.jpg,https://upload.wikimedia.org/wikipedia/commons/7/74/Close-up_of_the_key_with_house_keychain.jpg?utm_source=commons.wikimedia.org&utm_campaign=imageinfo&utm_content=original,https://thumb.wikimedia.org/wikipedia/commons/thumb/7/74/Close-up_of_the_key_with_house_keychain.jpg/960px-Close-up_of_the_key_with_house_keychain.jpg?utm_source=commons.wikimedia.org&utm_campaign=imageinfo&utm_content=thumbnail,Shixart1985,CC BY 2.0,https://creativecommons.org/licenses/by/2.0,commons-197807256,Codex visual inspection: one door/car key or connected keyring is primary,d2692db699694987,960,641,2026-10-07T19:32:28+08:00,Commons file timestamp=2026-08-19T09:24:44Z; source sha1=dcb22e69d260e8565b3b682cbefb534febddb4df; requested thumbnail=960px
commons-197293305,data/raw/commons/key/commons-197293305.jpg,4d9ae1c9a4878328eca7236eb493e15994e759488f5d2e7c000b851543da435a,8,,,commons-api,,train,approved,campus-public-expanded-v1,wikimedia_commons,197293305,https://commons.wikimedia.org/wiki/File:A_key_is_inserted_in_a_door_lock.jpg,https://upload.wikimedia.org/wikipedia/commons/d/d9/A_key_is_inserted_in_a_door_lock.jpg?utm_source=commons.wikimedia.org&utm_campaign=imageinfo&utm_content=original,https://thumb.wikimedia.org/wikipedia/commons/thumb/d/d9/A_key_is_inserted_in_a_door_lock.jpg/960px-A_key_is_inserted_in_a_door_lock.jpg?utm_source=commons.wikimedia.org&utm_campaign=imageinfo&utm_content=thumbnail,Shixart1985,CC BY 2.0,https://creativecommons.org/licenses/by/2.0,commons-197293305,Codex visual inspection: identifiable primary door/car key or one key ring,ac73717133685c93,960,641,2026-10-07T18:29:16+08:00,Commons file timestamp=2026-08-12T09:45:25Z; source sha1=936274eeb6bc6c0b5e6ae4e027ef6e6b22f11421; requested thumbnail=960px
commons-110353914,data/raw/commons/key/commons-110353914.jpg,accfa7b108bbe49d4795c914ffff27ef03a2433a2301aced6a2f0d2bb7588f3f,8,,,commons-api,,train,approved,campus-public-expanded-v1,wikimedia_commons,110353914,https://commons.wikimedia.org/wiki/File:Chateau_de_Beynac_3_(26384770152).jpg,https://upload.wikimedia.org/wikipedia/commons/5/55/Chateau_de_Beynac_3_%2826384770152%29.jpg?utm_source=commons.wikimedia.org&utm_campaign=imageinfo&utm_content=original,https://thumb.wikimedia.org/wikipedia/commons/thumb/5/55/Chateau_de_Beynac_3_%2826384770152%29.jpg/960px-Chateau_de_Beynac_3_%2826384770152%29.jpg?utm_source=commons.wikimedia.org&utm_campaign=imageinfo&utm_content=thumbnail,Sébastien FAILLON,CC BY 2.0,https://creativecommons.org/licenses/by/2.0,commons-110353914,Codex visual inspection: one door/car key or connected keyring is primary,234b5afc3430cdb5,960,640,2026-10-07T19:31:28+08:00,Commons file timestamp=2021-09-23T11:29:46Z; source sha1=ec28bf288862cf0ffc417716770f0a2c71d9932b; requested thumbnail=960px
commons-188894143,data/raw/commons/key/commons-188894143.jpg,28ccf218cfbfd5f3f8369d63dd470821f422ac56edfb64c1d9f0ed0dea200fe9,8,,,commons-api,,train,approved,campus-public-expanded-v1,wikimedia_commons,188894143,https://commons.wikimedia.org/wiki/File:Key_hanging_from_a_door_lock_at_an_entrance_near_a_building.jpg,https://upload.wikimedia.org/wikipedia/commons/6/63/Key_hanging_from_a_door_lock_at_an_entrance_near_a_building.jpg?utm_source=commons.wikimedia.org&utm_campaign=imageinfo&utm_content=original,https://thumb.wikimedia.org/wikipedia/commons/thumb/6/63/Key_hanging_from_a_door_lock_at_an_entrance_near_a_building.jpg/960px-Key_hanging_from_a_door_lock_at_an_entrance_near_a_building.jpg?utm_source=commons.wikimedia.org&utm_campaign=imageinfo&utm_content=thumbnail,Shixart1985,CC BY 2.0,https://creativecommons.org/licenses/by/2.0,commons-188894143,Codex visual inspection: one door/car key or connected keyring is primary,fe4eeab089ba4305,960,1440,2026-10-07T19:33:57+08:00,Commons file timestamp=2026-04-12T07:05:13Z; source sha1=d971eed2c99acb4a479d64ab965569afa51b7757; requested thumbnail=960px
commons-106862903,data/raw/commons/key/commons-106862903.jpg,decc720ff4b642c85d5e6164d443feaf9aa39b0993d0d3812ecc2d7882455405,8,,,commons-api,,train,approved,campus-public-expanded-v1,wikimedia_commons,106862903,https://commons.wikimedia.org/wiki/File:Bit_Key_by_Russell_%26_Erwin_Mfg.jpg,https://upload.wikimedia.org/wikipedia/commons/2/21/Bit_Key_by_Russell_%26_Erwin_Mfg.jpg?utm_source=commons.wikimedia.org&utm_campaign=imageinfo&utm_content=original,https://thumb.wikimedia.org/wikipedia/commons/thumb/2/21/Bit_Key_by_Russell_%26_Erwin_Mfg.jpg/960px-Bit_Key_by_Russell_%26_Erwin_Mfg.jpg?utm_source=commons.wikimedia.org&utm_campaign=imageinfo&utm_content=thumbnail,Skintigh,CC BY-SA 4.0,https://creativecommons.org/licenses/by-sa/4.0,commons-106862903,Codex visual inspection: identifiable primary door/car key or one key ring,99aba4a478490ff9,960,354,2026-10-07T18:32:33+08:00,Commons file timestamp=2021-06-22T03:52:09Z; source sha1=a42814b68ce68c1c8eebd738f7474439f6e17f1b; requested thumbnail=960px
commons-27563768,data/raw/commons/key/commons-27563768.jpg,ad358a2c0d02542168505056fdc5949418324f41f3007c43cc966bed58d7c594,8,,,commons-api,,train,approved,campus-public-expanded-v1,wikimedia_commons,27563768,https://commons.wikimedia.org/wiki/File:Sleutels.JPG,https://upload.wikimedia.org/wikipedia/commons/4/49/Sleutels.JPG?utm_source=commons.wikimedia.org&utm_campaign=imageinfo&utm_content=original,https://thumb.wikimedia.org/wikipedia/commons/thumb/4/49/Sleutels.JPG/960px-Sleutels.JPG?utm_source=commons.wikimedia.org&utm_campaign=imageinfo&utm_content=thumbnail,Onderwijsgek,CC BY-SA 3.0,https://creativecommons.org/licenses/by-sa/3.0,commons-27563768,Codex visual inspection: identifiable primary door/car key or one key ring,61e0843713c3d67f,960,638,2026-10-07T18:16:52+08:00,Commons file timestamp=2013-08-04T16:08:30Z; source sha1=eb71eceeea43ac9efbca892e2f4f258daf64c747; requested thumbnail=960px
commons-81355886,data/raw/commons/key/commons-81355886.jpeg,0f64771b55777b915808c6beda5624720b7fe77c588faa4eb8c81631313d3bd6,8,,,commons-api,,train,approved,campus-public-expanded-v1,wikimedia_commons,81355886,https://commons.wikimedia.org/wiki/File:Key_(72103325).jpeg,https://upload.wikimedia.org/wikipedia/commons/7/75/Key_%2872103325%29.jpeg?utm_source=commons.wikimedia.org&utm_campaign=imageinfo&utm_content=original,https://thumb.wikimedia.org/wikipedia/commons/thumb/7/75/Key_%2872103325%29.jpeg/960px-Key_%2872103325%29.jpeg?utm_source=commons.wikimedia.org&utm_campaign=imageinfo&utm_content=thumbnail,Hjnitschke,CC BY 3.0,https://creativecommons.org/licenses/by/3.0,commons-81355886,Codex visual inspection: one door/car key or connected keyring is primary,8783299dd5fc9a09,960,638,2026-10-07T19:33:35+08:00,Commons file timestamp=2019-08-15T17:42:29Z; source sha1=00e4a1934fe038dbe3e4da3ba260c6690aa98c22; requested thumbnail=960px
commons-61891150,data/raw/commons/key/commons-61891150.jpg,66f96cffec383b01f19b87ee2b7ff4e5b729e328d032d99192ac88b5e37e8cb0,8,,,commons-api,,train,approved,campus-public-expanded-v1,wikimedia_commons,61891150,https://commons.wikimedia.org/wiki/File:Engraved_key_on_a_branch_(Unsplash).jpg,https://upload.wikimedia.org/wikipedia/commons/6/6d/Engraved_key_on_a_branch_%28Unsplash%29.jpg?utm_source=commons.wikimedia.org&utm_campaign=imageinfo&utm_content=original,https://thumb.wikimedia.org/wikipedia/commons/thumb/6/6d/Engraved_key_on_a_branch_%28Unsplash%29.jpg/960px-Engraved_key_on_a_branch_%28Unsplash%29.jpg?utm_source=commons.wikimedia.org&utm_campaign=imageinfo&utm_content=thumbnail,Katy Belcher katybelcher,CC0,http://creativecommons.org/publicdomain/zero/1.0/deed.en,commons-61891150,Codex visual inspection: one door/car key or connected keyring is primary,ab29d4d499089dbb,960,640,2026-10-07T19:33:03+08:00,Commons file timestamp=2017-08-23T17:11:03Z; source sha1=e561df89a8741bc9fcfe81efefb9d27729f0b738; requested thumbnail=960px
commons-32394029,data/raw/commons/key/commons-32394029.jpg,b128d7b78789bb358b90b78fed975ded83c0ff2dc0f1181357d0ac0eb0588d50,8,,,commons-api,,train,approved,campus-public-expanded-v1,wikimedia_commons,32394029,https://commons.wikimedia.org/wiki/File:Chinese_writing_2014-04-25_18-57.jpg,https://upload.wikimedia.org/wikipedia/commons/0/00/Chinese_writing_2014-04-25_18-57.jpg?utm_source=commons.wikimedia.org&utm_campaign=imageinfo&utm_content=original,https://thumb.wikimedia.org/wikipedia/commons/thumb/0/00/Chinese_writing_2014-04-25_18-57.jpg/960px-Chinese_writing_2014-04-25_18-57.jpg?utm_source=commons.wikimedia.org&utm_campaign=imageinfo&utm_content=thumbnail,User:Machuca29,CC BY-SA 3.0,https://creativecommons.org/licenses/by-sa/3.0,commons-32394029,Codex visual inspection: one door/car key or connected keyring is primary,63648c3b1ce3d52b,960,720,2026-10-07T19:31:59+08:00,Commons file timestamp=2014-04-26T01:59:05Z; source sha1=23abd0f82bc416ebc4d88d22c395aa87495a0d36; requested thumbnail=960px
commons-71354507,data/raw/commons/key/commons-71354507.jpeg,ea58e9ea6b080a8a9a10510d1e5f081ad876a9271449503d082986bd39c0dacc,8,,,commons-api,,train,approved,campus-public-expanded-v1,wikimedia_commons,71354507,https://commons.wikimedia.org/wiki/File:Keys_(44377186).jpeg,https://upload.wikimedia.org/wikipedia/commons/7/7f/Keys_%2844377186%29.jpeg?utm_source=commons.wikimedia.org&utm_campaign=imageinfo&utm_content=original,https://thumb.wikimedia.org/wikipedia/commons/thumb/7/7f/Keys_%2844377186%29.jpeg/960px-Keys_%2844377186%29.jpeg?utm_source=commons.wikimedia.org&utm_campaign=imageinfo&utm_content=thumbnail,Alan Mok,CC BY 3.0,https://creativecommons.org/licenses/by/3.0,commons-71354507,Codex visual inspection: one door/car key or connected keyring is primary,f88ccc6ce4c31b8b,960,960,2026-10-07T19:34:50+08:00,Commons file timestamp=2018-08-04T23:12:01Z; source sha1=4159a38b9f41d48ecc5bceaaa7e89bb341edadd6; requested thumbnail=960px
commons-63545233,data/raw/commons/key/commons-63545233.jpg,d167bcfd63b12cc0abc1ed9e4a18c17c83e03242309f5e8208c187b2b3c27a2a,8,,,commons-api,,train,approved,campus-public-expanded-v1,wikimedia_commons,63545233,https://commons.wikimedia.org/wiki/File:Keys_(11015633).jpg,https://upload.wikimedia.org/wikipedia/commons/1/1d/Keys_%2811015633%29.jpg?utm_source=commons.wikimedia.org&utm_campaign=imageinfo&utm_content=original,https://thumb.wikimedia.org/wikipedia/commons/thumb/1/1d/Keys_%2811015633%29.jpg/500px-Keys_%2811015633%29.jpg?utm_source=commons.wikimedia.org&utm_campaign=imageinfo&utm_content=thumbnail,bongo vongo,CC BY-SA 2.0,https://creativecommons.org/licenses/by-sa/2.0,commons-63545233,Codex visual inspection: one door/car key or connected keyring is primary,36925e692d3992c7,500,375,2026-10-07T19:29:21+08:00,Commons file timestamp=2017-10-23T14:11:00Z; source sha1=aefb8737ce0d3dc64fd3be87ff2693cb9b9f13eb; requested thumbnail=500px
oi-4491ce28dbbaf88d,data/raw/openimages/backpack/oi-4491ce28dbbaf88d.jpg,acc2e83c18e5a4f79c4c3476ef6970f7962387342d4d32792aa3e524048b2c5f,9,,,open-images-official,,train,approved,campus-public-expanded-v1,open_images,4491ce28dbbaf88d,https://www.flickr.com/photos/larsjuh/4101335212/,https://c6.staticflickr.com/3/2424/4101335212_dcda5a988d_o.jpg,https://open-images-dataset.s3.amazonaws.com/test/4491ce28dbbaf88d.jpg,larsjuh,https://creativecommons.org/licenses/by/2.0/,https://creativecommons.org/licenses/by/2.0/,oi-4491ce28dbbaf88d,Codex visual inspection: one identifiable physical target within confirmed definition,1cb61cd32ce9e21d,1024,768,2026-10-07T18:09:37+08:00,Open Images V7 public test image / V5 human boxable labels; one non-depicted box >=25% image area
oi-c5a63dc05121e7d4,data/raw/openimages/backpack/oi-c5a63dc05121e7d4.jpg,ad97adebc44a621926e8fa175c40fff9a6d87e589a579be697f9e2338d563876,9,,,open-images-official,,train,approved,campus-public-expanded-v1,open_images,c5a63dc05121e7d4,https://www.flickr.com/photos/slifex/36289207,https://farm5.staticflickr.com/26/36289207_417c7f1261_o.jpg,https://open-images-dataset.s3.amazonaws.com/test/c5a63dc05121e7d4.jpg,slifex,https://creativecommons.org/licenses/by/2.0/,https://creativecommons.org/licenses/by/2.0/,oi-c5a63dc05121e7d4,Codex visual inspection: one identifiable physical target within confirmed definition,8f316433b4cbd287,1024,1024,2026-10-07T18:14:37+08:00,Open Images V7 public test image / V5 human boxable labels; one non-depicted box >=25% image area
oi-99c396d655c7f4bb,data/raw/openimages/backpack/oi-99c396d655c7f4bb.jpg,505d997725faeb192ffbf46e1a7b04cdc7630366fffcd9369aa7bf41fb9ef8ce,9,,,open-images-official,,train,approved,campus-public-expanded-v1,open_images,99c396d655c7f4bb,https://www.flickr.com/photos/jetalone/17206034787,https://c4.staticflickr.com/9/8855/17206034787_ffc6b51641_o.jpg,https://open-images-dataset.s3.amazonaws.com/test/99c396d655c7f4bb.jpg,Hajime NAKANO,https://creativecommons.org/licenses/by/2.0/,https://creativecommons.org/licenses/by/2.0/,oi-99c396d655c7f4bb,Codex visual inspection: one identifiable physical target within confirmed definition,3a35f314432f05f9,768,1024,2026-10-07T18:08:54+08:00,Open Images V7 public test image / V5 human boxable labels; one non-depicted box >=25% image area
commons-141117441,data/raw/commons/backpack/commons-141117441.jpg,8c6de8376630eb8aadaf6bd6a1631c66222f50c4049c22a85ae376f11bda31db,9,,,commons-api,,train,approved,campus-public-expanded-v1,wikimedia_commons,141117441,https://commons.wikimedia.org/wiki/File:College_stylish_bag.jpg,https://upload.wikimedia.org/wikipedia/commons/8/85/College_stylish_bag.jpg?utm_source=commons.wikimedia.org&utm_campaign=imageinfo&utm_content=original,https://thumb.wikimedia.org/wikipedia/commons/thumb/8/85/College_stylish_bag.jpg/500px-College_stylish_bag.jpg?utm_source=commons.wikimedia.org&utm_campaign=imageinfo&utm_content=thumbnail,KarthigadeviRavichandran,CC BY-SA 4.0,https://creativecommons.org/licenses/by-sa/4.0,commons-141117441,Codex visual inspection: one identifiable backpack is principal,a4e97f012a83d15f,500,666,2026-10-07T19:52:01+08:00,Commons file timestamp=2023-11-20T10:10:30Z; source sha1=a925506d04ad22bcbe9106446c68c1c82f52ee97; requested thumbnail=500px
commons-2319036,data/raw/commons/backpack/commons-2319036.jpg,9eb1a488692e8e4e26421126b483399292e1b3a697f5d971bfd1ac5d042cec24,9,,,commons-api,,train,approved,campus-public-expanded-v1,wikimedia_commons,2319036,https://commons.wikimedia.org/wiki/File:Eastpak1.jpg,https://upload.wikimedia.org/wikipedia/commons/d/dd/Eastpak1.jpg?utm_source=commons.wikimedia.org&utm_campaign=imageinfo&utm_content=original,https://thumb.wikimedia.org/wikipedia/commons/thumb/d/dd/Eastpak1.jpg/1280px-Eastpak1.jpg?utm_source=commons.wikimedia.org&utm_campaign=imageinfo&utm_content=thumbnail,User:Willem 90,CC BY-SA 3.0,http://creativecommons.org/licenses/by-sa/3.0/,commons-2319036,Codex visual review of contact sheet: one identifiable target within frozen category definition,aa9956634c83a977,1280,1583,2026-10-07T17:15:52+08:00,Early collection; original source revision not retained; local downloaded rendition SHA-256=9eb1a488692e8e4e26421126b483399292e1b3a697f5d971bfd1ac5d042cec24; download time recovered from original local file mtime
oi-f46abc3b39b2f1e4,data/raw/openimages/backpack/oi-f46abc3b39b2f1e4.jpg,6c768b4e5e416aa7721e4be60f4fc7e2faa220980511eef9582129ee3c003c3c,9,,,open-images-official,,train,approved,campus-public-expanded-v1,open_images,f46abc3b39b2f1e4,https://www.flickr.com/photos/koadla/2442701255,https://farm5.staticflickr.com/2198/2442701255_f575b2fce9_o.jpg,https://open-images-dataset.s3.amazonaws.com/validation/f46abc3b39b2f1e4.jpg,krebsmaus07,https://creativecommons.org/licenses/by/2.0/,https://creativecommons.org/licenses/by/2.0/,oi-f46abc3b39b2f1e4,Codex visual inspection: one identifiable target within frozen definition,f2e340a30027bfd7,768,1024,2026-10-07T17:48:34+08:00,Open Images V7 public validation image / V5 human boxable labels
oi-3a8eacfce3f15a7a,data/raw/openimages/backpack/oi-3a8eacfce3f15a7a.jpg,2bdca0d0ed3a4d8d57236aa93a2f11e3e572ac7f14f6155e1a8e835f6843ec32,9,,,open-images-official,,train,approved,campus-public-expanded-v1,open_images,3a8eacfce3f15a7a,https://www.flickr.com/photos/mako10/440639325,https://c3.staticflickr.com/1/189/440639325_00991356d0_o.jpg,https://open-images-dataset.s3.amazonaws.com/test/3a8eacfce3f15a7a.jpg,mako10,https://creativecommons.org/licenses/by/2.0/,https://creativecommons.org/licenses/by/2.0/,oi-3a8eacfce3f15a7a,Codex visual inspection: one identifiable physical target within confirmed definition,ed694869f10317b5,678,1024,2026-10-07T18:12:25+08:00,Open Images V7 public test image / V5 human boxable labels; one non-depicted box >=25% image area
commons-9759382,data/raw/commons/backpack/commons-9759382.jpg,b0f942e7b63ecb98ba6da3d20f80e8e51fbd06dce772bd9bfafce6f215b90d6a,9,,,commons-api,,train,approved,campus-public-expanded-v1,wikimedia_commons,9759382,https://commons.wikimedia.org/wiki/File:Leather_backpack_Asian_Art_Museum_SF_2006.3.692.JPG,https://upload.wikimedia.org/wikipedia/commons/4/43/Leather_backpack_Asian_Art_Museum_SF_2006.3.692.JPG?utm_source=commons.wikimedia.org&utm_campaign=imageinfo&utm_content=original,https://thumb.wikimedia.org/wikipedia/commons/thumb/4/43/Leather_backpack_Asian_Art_Museum_SF_2006.3.692.JPG/960px-Leather_backpack_Asian_Art_Museum_SF_2006.3.692.JPG?utm_source=commons.wikimedia.org&utm_campaign=imageinfo&utm_content=thumbnail,BrokenSphere,CC BY-SA 3.0,https://creativecommons.org/licenses/by-sa/3.0,commons-9759382,Codex visual inspection: one clear backpack is principal,43b1830bb7235cd7,960,1401,2026-10-07T19:58:09+08:00,Commons file timestamp=2010-03-16T22:33:40Z; source sha1=9e1a80bff3059fa5e357d315ae0d7eb48487d25c; requested thumbnail=960px
commons-120191736,data/raw/commons/backpack/commons-120191736.jpg,741c53e94c24f9aff2e115ec0ef12c0dba385a9b07b4d5418877577733421cc1,9,,,commons-api,,train,approved,campus-public-expanded-v1,wikimedia_commons,120191736,https://commons.wikimedia.org/wiki/File:Cat_photo_backpack.jpg,https://upload.wikimedia.org/wikipedia/commons/b/bb/Cat_photo_backpack.jpg?utm_source=commons.wikimedia.org&utm_campaign=imageinfo&utm_content=original,https://thumb.wikimedia.org/wikipedia/commons/thumb/b/bb/Cat_photo_backpack.jpg/500px-Cat_photo_backpack.jpg?utm_source=commons.wikimedia.org&utm_campaign=imageinfo&utm_content=thumbnail,Всевидяче Око,CC BY-SA 4.0,https://creativecommons.org/licenses/by-sa/4.0,commons-120191736,Codex visual inspection: one identifiable backpack is principal,59a360c76907679d,500,569,2026-10-07T19:51:35+08:00,Commons file timestamp=2022-07-07T18:29:38Z; source sha1=cafedc363916226881346f6d47aa53a4a42cce75; requested thumbnail=500px
oi-89b1e7d636e0c5f8,data/raw/openimages/backpack/oi-89b1e7d636e0c5f8.jpg,182c1508d1a216179c32bd8ad2b2c362b6eead67acde360d187fa8d242600f4a,9,,,open-images-official,,train,approved,campus-public-expanded-v1,open_images,89b1e7d636e0c5f8,https://www.flickr.com/photos/imamon/16058309369,https://c1.staticflickr.com/9/8587/16058309369_876256f87a_o.jpg,https://open-images-dataset.s3.amazonaws.com/validation/89b1e7d636e0c5f8.jpg,Imamon,https://creativecommons.org/licenses/by/2.0/,https://creativecommons.org/licenses/by/2.0/,oi-89b1e7d636e0c5f8,Codex visual inspection: one identifiable target within frozen definition,7dd02fbb50e90345,1024,683,2026-10-07T17:55:15+08:00,Open Images V7 public validation image / V5 human boxable labels
commons-129439813,data/raw/commons/backpack/commons-129439813.jpg,d4178cd3e7419aec140ccef6b7208ad57d926de591315070afbde2ff34773558,9,,,commons-api,,train,approved,campus-public-expanded-v1,wikimedia_commons,129439813,https://commons.wikimedia.org/wiki/File:Gray_Backpack.jpg,https://upload.wikimedia.org/wikipedia/commons/7/73/Gray_Backpack.jpg?utm_source=commons.wikimedia.org&utm_campaign=imageinfo&utm_content=original,https://thumb.wikimedia.org/wikipedia/commons/thumb/7/73/Gray_Backpack.jpg/960px-Gray_Backpack.jpg?utm_source=commons.wikimedia.org&utm_campaign=imageinfo&utm_content=thumbnail,Tylerskipworth64,CC BY-SA 4.0,https://creativecommons.org/licenses/by-sa/4.0,commons-129439813,Codex visual inspection: one clearly identifiable backpack is primary,1c3b99697887037b,960,1282,2026-10-07T19:53:39+08:00,Commons file timestamp=2023-03-09T03:01:20Z; source sha1=d009164435d2269b19b4b5905b7f9153d19a66ea; requested thumbnail=960px
commons-32607324,data/raw/commons/backpack/commons-32607324.jpg,9596cebd96a00943f4482fd478cacf9244c78dd21fea55b3605554ed9d4ce6d0,9,,,commons-api,,train,approved,campus-public-expanded-v1,wikimedia_commons,32607324,https://commons.wikimedia.org/wiki/File:Campamento_de_Orinoco.jpg,https://upload.wikimedia.org/wikipedia/commons/8/8b/Campamento_de_Orinoco.jpg?utm_source=commons.wikimedia.org&utm_campaign=imageinfo&utm_content=original,https://thumb.wikimedia.org/wikipedia/commons/thumb/8/8b/Campamento_de_Orinoco.jpg/960px-Campamento_de_Orinoco.jpg?utm_source=commons.wikimedia.org&utm_campaign=imageinfo&utm_content=thumbnail,Katepalitava,CC BY-SA 3.0,https://creativecommons.org/licenses/by-sa/3.0,commons-32607324,Codex visual inspection: one identifiable backpack is principal,e4ded7491e215899,960,638,2026-10-07T19:51:09+08:00,Commons file timestamp=2014-05-05T20:58:52Z; source sha1=633d0c151742712dbecaa0585cfac92533a8b807; requested thumbnail=960px
oi-ba17a42100323ba3,data/raw/openimages/backpack/oi-ba17a42100323ba3.jpg,687892ab4b6a3813be0ecd77054180ffe861ca6d4c745b30bce615a51dd760a2,9,,,open-images-official,,train,approved,campus-public-expanded-v1,open_images,ba17a42100323ba3,https://www.flickr.com/photos/duffbert/17358176521,https://farm4.staticflickr.com/7720/17358176521_fb7a4ae99a_o.jpg,https://open-images-dataset.s3.amazonaws.com/test/ba17a42100323ba3.jpg,Thomas Duff,https://creativecommons.org/licenses/by/2.0/,https://creativecommons.org/licenses/by/2.0/,oi-ba17a42100323ba3,Codex visual inspection: one identifiable physical target within confirmed definition,152b69a53ed5aa15,1024,1024,2026-10-07T18:07:49+08:00,Open Images V7 public test image / V5 human boxable labels; one non-depicted box >=25% image area
commons-15062457,data/raw/commons/backpack/commons-15062457.jpg,070fab6d329c1dd50af9197788ae91a7baa59f34f6722f4a07f3259de4733ddb,9,,,commons-api,,train,approved,campus-public-expanded-v1,wikimedia_commons,15062457,https://commons.wikimedia.org/wiki/File:Mt._Damavand_2.JPG,https://upload.wikimedia.org/wikipedia/commons/5/55/Mt._Damavand_2.JPG?utm_source=commons.wikimedia.org&utm_campaign=imageinfo&utm_content=original,https://thumb.wikimedia.org/wikipedia/commons/thumb/5/55/Mt._Damavand_2.JPG/960px-Mt._Damavand_2.JPG?utm_source=commons.wikimedia.org&utm_campaign=imageinfo&utm_content=thumbnail,Fritz Rudolf Loewa,CC BY-SA 3.0,https://creativecommons.org/licenses/by-sa/3.0,commons-15062457,Codex visual inspection: one clear backpack is principal,85a93a7664856d3b,960,640,2026-10-07T19:59:59+08:00,Commons file timestamp=2011-04-29T13:47:16Z; source sha1=a73e2774e22015465977d9b2bd0eacd314fa210c; requested thumbnail=960px
commons-72005320,data/raw/commons/backpack/commons-72005320.png,1c9448914f5cbfd89eee0b89682c1718cbff5a15ab43a0acc884847923d905f8,9,,,commons-api,,train,approved,campus-public-expanded-v1,wikimedia_commons,72005320,https://commons.wikimedia.org/wiki/File:2-Position_bag.png,https://upload.wikimedia.org/wikipedia/commons/6/66/2-Position_bag.png?utm_source=commons.wikimedia.org&utm_campaign=imageinfo&utm_content=original,https://thumb.wikimedia.org/wikipedia/commons/thumb/6/66/2-Position_bag.png/1280px-2-Position_bag.png?utm_source=commons.wikimedia.org&utm_campaign=imageinfo&utm_content=thumbnail,Tiia Monto,CC BY-SA 3.0,https://creativecommons.org/licenses/by-sa/3.0,commons-72005320,Codex visual review of contact sheet: one identifiable target within frozen category definition,c3dc0ecb646c9393,1280,1276,2026-10-07T17:21:49+08:00,Early collection; original source revision not retained; local downloaded rendition SHA-256=1c9448914f5cbfd89eee0b89682c1718cbff5a15ab43a0acc884847923d905f8; download time recovered from original local file mtime
commons-123443314,data/raw/commons/backpack/commons-123443314.jpg,45677a8d2cfabd90569e012c49290881536c697c6450aec10397f40ff983419a,9,,,commons-api,,train,approved,campus-public-expanded-v1,wikimedia_commons,123443314,https://commons.wikimedia.org/wiki/File:HK_backpack_bag_XD_Design_Bobby_Urban_grey_September_2022_Px3_01.jpg,https://upload.wikimedia.org/wikipedia/commons/2/29/HK_backpack_bag_XD_Design_Bobby_Urban_grey_September_2022_Px3_01.jpg?utm_source=commons.wikimedia.org&utm_campaign=imageinfo&utm_content=original,https://thumb.wikimedia.org/wikipedia/commons/thumb/2/29/HK_backpack_bag_XD_Design_Bobby_Urban_grey_September_2022_Px3_01.jpg/960px-HK_backpack_bag_XD_Design_Bobby_Urban_grey_September_2022_Px3_01.jpg?utm_source=commons.wikimedia.org&utm_campaign=imageinfo&utm_content=thumbnail,Hjfm 003,CC BY-SA 4.0,https://creativecommons.org/licenses/by-sa/4.0,commons-123443314,Codex visual inspection: one clearly identifiable backpack is primary,9505d58e4b8e4b57,960,1280,2026-10-07T19:54:48+08:00,Commons file timestamp=2022-09-27T12:21:56Z; source sha1=83e0387c4ae8350e6f082c6382b03a80f12c1766; requested thumbnail=960px
commons-123443315,data/raw/commons/backpack/commons-123443315.jpg,f63cd90f055ef07cc428150acdd26e7cb904845f5a0e2a7a79f3f409ca122d7d,9,,,commons-api,,train,approved,campus-public-expanded-v1,wikimedia_commons,123443315,https://commons.wikimedia.org/wiki/File:HK_backpack_bag_XD_Design_Bobby_Urban_grey_September_2022_Px3_02.jpg,https://upload.wikimedia.org/wikipedia/commons/2/24/HK_backpack_bag_XD_Design_Bobby_Urban_grey_September_2022_Px3_02.jpg?utm_source=commons.wikimedia.org&utm_campaign=imageinfo&utm_content=original,https://thumb.wikimedia.org/wikipedia/commons/thumb/2/24/HK_backpack_bag_XD_Design_Bobby_Urban_grey_September_2022_Px3_02.jpg/960px-HK_backpack_bag_XD_Design_Bobby_Urban_grey_September_2022_Px3_02.jpg?utm_source=commons.wikimedia.org&utm_campaign=imageinfo&utm_content=thumbnail,Hjfm 003,CC BY-SA 4.0,https://creativecommons.org/licenses/by-sa/4.0,commons-123443314,Codex visual inspection: one clearly identifiable backpack is primary,1546d58ecb8c4bd5,960,1280,2026-10-07T19:54:52+08:00,Commons file timestamp=2022-09-27T12:21:56Z; source sha1=37ce634263771412f672d3f7a62eb3b919bf1f00; requested thumbnail=960px
commons-7788332,data/raw/commons/backpack/commons-7788332.jpg,b5c5aa1637eec32df3ab510f81025d604b4666ff06c1fabf9fae5a39e558bacc,9,,,commons-api,,train,approved,campus-public-expanded-v1,wikimedia_commons,7788332,https://commons.wikimedia.org/wiki/File:My_alice_pack.JPG,https://upload.wikimedia.org/wikipedia/commons/c/cf/My_alice_pack.JPG?utm_source=commons.wikimedia.org&utm_campaign=imageinfo&utm_content=original,https://thumb.wikimedia.org/wikipedia/commons/thumb/c/cf/My_alice_pack.JPG/960px-My_alice_pack.JPG?utm_source=commons.wikimedia.org&utm_campaign=imageinfo&utm_content=thumbnail,John Bessa,Public domain,,commons-7788332,Codex visual inspection: one clear backpack is principal,36b697c78c3c2983,960,640,2026-10-07T19:59:57+08:00,Commons file timestamp=2009-09-11T20:46:01Z; source sha1=bee45a7e335a058867be5c654e53836e9327dcc1; requested thumbnail=960px
oi-42ff928c38bdfcae,data/raw/openimages/backpack/oi-42ff928c38bdfcae.jpg,2e1dbc56662a00574ab07711b8db3ef31c72ac1d9f0cc0545b3201633c881d17,9,,,open-images-official,,train,approved,campus-public-expanded-v1,open_images,42ff928c38bdfcae,https://www.flickr.com/photos/pengdo/4613402925,https://c7.staticflickr.com/5/4049/4613402925_a2b5e18e12_o.jpg,https://open-images-dataset.s3.amazonaws.com/test/42ff928c38bdfcae.jpg,Sungdo Cho,https://creativecommons.org/licenses/by/2.0/,https://creativecommons.org/licenses/by/2.0/,oi-42ff928c38bdfcae,Codex visual inspection: one identifiable target within frozen definition,a6a395f35a09293d,768,1024,2026-10-07T18:04:15+08:00,Open Images V7 public test image / V5 human boxable labels; one non-depicted box >=25% image area
commons-147628688,data/raw/commons/backpack/commons-147628688.jpg,00dd49b6f6f8e994f3bbc0e71ba2c7158148b46aae440ad17b781de89fc74dbf,9,,,commons-api,,train,approved,campus-public-expanded-v1,wikimedia_commons,147628688,https://commons.wikimedia.org/wiki/File:Karrimor_SF_THOR_35.jpg,https://upload.wikimedia.org/wikipedia/commons/c/ca/Karrimor_SF_THOR_35.jpg?utm_source=commons.wikimedia.org&utm_campaign=imageinfo&utm_content=original,https://thumb.wikimedia.org/wikipedia/commons/thumb/c/ca/Karrimor_SF_THOR_35.jpg/500px-Karrimor_SF_THOR_35.jpg?utm_source=commons.wikimedia.org&utm_campaign=imageinfo&utm_content=thumbnail,NobuttoO,CC0,http://creativecommons.org/publicdomain/zero/1.0/deed.en,commons-147628688,Codex visual inspection: one clear backpack is principal,276686acb8f8e187,500,667,2026-10-07T19:57:38+08:00,Commons file timestamp=2024-04-22T16:02:20Z; source sha1=e4cbfe5ba778129640bce899044c7361aa69ba76; requested thumbnail=500px
commons-147628689,data/raw/commons/backpack/commons-147628689.jpg,4a996eb57b31b02abf98ce4302036eca8abbc57e1c315d755c1cd4cd72dcfba6,9,,,commons-api,,train,approved,campus-public-expanded-v1,wikimedia_commons,147628689,https://commons.wikimedia.org/wiki/File:Karrimor_SF_Odin_75.jpg,https://upload.wikimedia.org/wikipedia/commons/0/03/Karrimor_SF_Odin_75.jpg?utm_source=commons.wikimedia.org&utm_campaign=imageinfo&utm_content=original,https://thumb.wikimedia.org/wikipedia/commons/thumb/0/03/Karrimor_SF_Odin_75.jpg/960px-Karrimor_SF_Odin_75.jpg?utm_source=commons.wikimedia.org&utm_campaign=imageinfo&utm_content=thumbnail,NobuttoO,CC0,http://creativecommons.org/publicdomain/zero/1.0/deed.en,commons-147628688,Codex visual inspection: one clear backpack is principal,967346ccc26c59d3,960,1280,2026-10-07T19:57:41+08:00,Commons file timestamp=2024-04-22T16:02:20Z; source sha1=d63370252fc0e5eb4ce9c40a59b39c7f912431f7; requested thumbnail=960px
commons-175182557,data/raw/commons/backpack/commons-175182557.jpg,51780c40d47637b549795ac58b4a95fcd2f12ac20a6700708396b4020b1ba737,9,,,commons-api,,train,approved,campus-public-expanded-v1,wikimedia_commons,175182557,https://commons.wikimedia.org/wiki/File:Karrimor_SF_THOR_35_(cropped).jpg,https://upload.wikimedia.org/wikipedia/commons/0/0d/Karrimor_SF_THOR_35_%28cropped%29.jpg?utm_source=commons.wikimedia.org&utm_campaign=imageinfo&utm_content=original,https://thumb.wikimedia.org/wikipedia/commons/thumb/0/0d/Karrimor_SF_THOR_35_%28cropped%29.jpg/500px-Karrimor_SF_THOR_35_%28cropped%29.jpg?utm_source=commons.wikimedia.org&utm_campaign=imageinfo&utm_content=thumbnail,NobuttoO,CC0,http://creativecommons.org/publicdomain/zero/1.0/deed.en,commons-147628688,Codex visual inspection: one clear backpack is principal,d8789838f938e387,500,542,2026-10-07T19:57:49+08:00,Commons file timestamp=2025-09-17T17:07:16Z; source sha1=80d7d771a79c8fb80b5037f35a0170c1c1a0089f; requested thumbnail=500px
commons-175182582,data/raw/commons/backpack/commons-175182582.jpg,e91dc813c1d9135bcf0955409c989838e9af6bc3b0cd3b0dc291e4a8cff9d7f4,9,,,commons-api,,train,approved,campus-public-expanded-v1,wikimedia_commons,175182582,https://commons.wikimedia.org/wiki/File:Karrimor_SF_Odin_75_(cropped).jpg,https://upload.wikimedia.org/wikipedia/commons/8/84/Karrimor_SF_Odin_75_%28cropped%29.jpg?utm_source=commons.wikimedia.org&utm_campaign=imageinfo&utm_content=original,https://thumb.wikimedia.org/wikipedia/commons/thumb/8/84/Karrimor_SF_Odin_75_%28cropped%29.jpg/960px-Karrimor_SF_Odin_75_%28cropped%29.jpg?utm_source=commons.wikimedia.org&utm_campaign=imageinfo&utm_content=thumbnail,NobuttoO,CC0,http://creativecommons.org/publicdomain/zero/1.0/deed.en,commons-147628688,Codex visual inspection: one clear backpack is principal,cb78ce8ce8781993,960,1119,2026-10-07T19:57:54+08:00,Commons file timestamp=2025-09-17T17:07:57Z; source sha1=29a7a3a4b51aa06876972f34a738e2344736f697; requested thumbnail=960px
oi-5a6a4b7bb3362ff0,data/raw/openimages/backpack/oi-5a6a4b7bb3362ff0.jpg,5520c2e45290e5b57d755643c7ba5003afd3f0aa426d3bab10bae4eb44763e9f,9,,,open-images-official,,train,approved,campus-public-expanded-v1,open_images,5a6a4b7bb3362ff0,https://www.flickr.com/photos/ncmichael2k3/18550518059,https://farm1.staticflickr.com/548/18550518059_04e2d2f16e_o.jpg,https://open-images-dataset.s3.amazonaws.com/test/5a6a4b7bb3362ff0.jpg,Mike P.,https://creativecommons.org/licenses/by/2.0/,https://creativecommons.org/licenses/by/2.0/,oi-5a6a4b7bb3362ff0,Codex visual inspection: one identifiable physical target within confirmed definition,2cd32c7b901bf82d,1024,1024,2026-10-07T18:12:20+08:00,Open Images V7 public test image / V5 human boxable labels; one non-depicted box >=25% image area
commons-12468349,data/raw/commons/backpack/commons-12468349.jpg,a356b44c79e51e364d600e086884517c24bf7bb7517c7b7d111fae9683f9d924,9,,,commons-api,,train,approved,campus-public-expanded-v1,wikimedia_commons,12468349,https://commons.wikimedia.org/wiki/File:BNRADIO1.jpg,https://upload.wikimedia.org/wikipedia/commons/7/7a/BNRADIO1.jpg?utm_source=commons.wikimedia.org&utm_campaign=imageinfo&utm_content=original,https://thumb.wikimedia.org/wikipedia/commons/thumb/7/7a/BNRADIO1.jpg/500px-BNRADIO1.jpg?utm_source=commons.wikimedia.org&utm_campaign=imageinfo&utm_content=thumbnail,The original uploader was Leonce49 at German Wikipedia.,CC BY-SA 2.0 de,https://creativecommons.org/licenses/by-sa/2.0/de/deed.en,commons-12468349,Codex visual inspection: one identifiable backpack is principal,1753dec1cb0b01dd,500,514,2026-10-07T19:49:13+08:00,Commons file timestamp=2010-12-29T01:34:13Z; source sha1=09cb2682fc1f0105e008e3fe0a364f07eda4f3eb; requested thumbnail=500px
commons-137443342,data/raw/commons/backpack/commons-137443342.jpg,15058bc16a28266b779d6b491fe24f4ebe898fb677eeaceadb767650674ede33,9,,,commons-api,,train,approved,campus-public-expanded-v1,wikimedia_commons,137443342,https://commons.wikimedia.org/wiki/File:HK_Chic_In_Paris_brand_backpack_September_2023_SS2.jpg,https://upload.wikimedia.org/wikipedia/commons/a/a5/HK_Chic_In_Paris_brand_backpack_September_2023_SS2.jpg?utm_source=commons.wikimedia.org&utm_campaign=imageinfo&utm_content=original,https://thumb.wikimedia.org/wikipedia/commons/thumb/a/a5/HK_Chic_In_Paris_brand_backpack_September_2023_SS2.jpg/960px-HK_Chic_In_Paris_brand_backpack_September_2023_SS2.jpg?utm_source=commons.wikimedia.org&utm_campaign=imageinfo&utm_content=thumbnail,Guandyweenria,CC BY-SA 4.0,https://creativecommons.org/licenses/by-sa/4.0,commons-137443342,Codex visual inspection: one clearly identifiable backpack is primary,537234a9360b2dbd,960,1280,2026-10-07T19:55:01+08:00,Commons file timestamp=2023-09-12T07:04:18Z; source sha1=aad6c0f431b297f84a6111069b0dccb1ce0db53f; requested thumbnail=960px
oi-6ea3590bdc6f214a,data/raw/openimages/backpack/oi-6ea3590bdc6f214a.jpg,7dae346e59a8f1258d0152973cb33cdf11de1ae9364b093e1b96170addd661b1,9,,,open-images-official,,train,approved,campus-public-expanded-v1,open_images,6ea3590bdc6f214a,https://www.flickr.com/photos/ehrenbergkommunikation/16441383021,https://c3.staticflickr.com/8/7380/16441383021_d7dd105398_o.jpg,https://open-images-dataset.s3.amazonaws.com/test/6ea3590bdc6f214a.jpg,EHRENBERG Kommunikation,https://creativecommons.org/licenses/by/2.0/,https://creativecommons.org/licenses/by/2.0/,oi-6ea3590bdc6f214a,Codex visual inspection: one identifiable physical target within confirmed definition,e6d386639ac3390d,1024,677,2026-10-07T18:12:12+08:00,Open Images V7 public test image / V5 human boxable labels; one non-depicted box >=25% image area
commons-139356417,data/raw/commons/backpack/commons-139356417.jpg,3212693b5154f35f63b2df6a3190bf32ecc41ff6733a9b94391d1b70990b098e,9,,,commons-api,,train,approved,campus-public-expanded-v1,wikimedia_commons,139356417,https://commons.wikimedia.org/wiki/File:Mochila_de_la_JMJ_2011.jpg,https://upload.wikimedia.org/wikipedia/commons/a/a5/Mochila_de_la_JMJ_2011.jpg?utm_source=commons.wikimedia.org&utm_campaign=imageinfo&utm_content=original,https://thumb.wikimedia.org/wikipedia/commons/thumb/a/a5/Mochila_de_la_JMJ_2011.jpg/960px-Mochila_de_la_JMJ_2011.jpg?utm_source=commons.wikimedia.org&utm_campaign=imageinfo&utm_content=thumbnail,Fumedecaroso,CC0,http://creativecommons.org/publicdomain/zero/1.0/deed.en,commons-139356417,Codex visual inspection: one clear backpack is principal,b8e3b30b4a2fa155,960,1200,2026-10-07T20:00:22+08:00,Commons file timestamp=2023-10-22T18:07:02Z; source sha1=3eae3b5767609da6e4b9a0b430ed0abfc2734888; requested thumbnail=960px
commons-69102595,data/raw/commons/backpack/commons-69102595.jpg,180a2e101129ee5c635eeee13fd1cc16f036321d1630b0325e66eb2d73f567ca,9,,,commons-api,,train,approved,campus-public-expanded-v1,wikimedia_commons,69102595,https://commons.wikimedia.org/wiki/File:Eastpak_Sugarbush_backpack_black.jpg,https://upload.wikimedia.org/wikipedia/commons/0/02/Eastpak_Sugarbush_backpack_black.jpg?utm_source=commons.wikimedia.org&utm_campaign=imageinfo&utm_content=original,https://thumb.wikimedia.org/wikipedia/commons/thumb/0/02/Eastpak_Sugarbush_backpack_black.jpg/1280px-Eastpak_Sugarbush_backpack_black.jpg?utm_source=commons.wikimedia.org&utm_campaign=imageinfo&utm_content=thumbnail,Ubcule,CC BY-SA 4.0,https://creativecommons.org/licenses/by-sa/4.0,commons-69102595,Codex visual review of contact sheet: one identifiable target within frozen category definition,993661e9dce92615,1280,1280,2026-10-07T17:19:28+08:00,Early collection; original source revision not retained; local downloaded rendition SHA-256=180a2e101129ee5c635eeee13fd1cc16f036321d1630b0325e66eb2d73f567ca; download time recovered from original local file mtime
commons-27687902,data/raw/commons/backpack/commons-27687902.jpg,5ec2f770d3757e583fd0bd171070a2f1c61727cffc36ae73280891e7ff37d2ec,9,,,commons-api,,train,approved,campus-public-expanded-v1,wikimedia_commons,27687902,https://commons.wikimedia.org/wiki/File:Backpack_1_2013-08-04.jpg,https://upload.wikimedia.org/wikipedia/commons/2/26/Backpack_1_2013-08-04.jpg?utm_source=commons.wikimedia.org&utm_campaign=imageinfo&utm_content=original,https://thumb.wikimedia.org/wikipedia/commons/thumb/2/26/Backpack_1_2013-08-04.jpg/1280px-Backpack_1_2013-08-04.jpg?utm_source=commons.wikimedia.org&utm_campaign=imageinfo&utm_content=thumbnail,FASTILY,CC BY-SA 3.0,https://creativecommons.org/licenses/by-sa/3.0,commons-27687902,Codex visual review of contact sheet: one identifiable target within frozen category definition,749cc6991c79e1a5,1280,1707,2026-10-07T17:26:31+08:00,Early collection; original source revision not retained; local downloaded rendition SHA-256=5ec2f770d3757e583fd0bd171070a2f1c61727cffc36ae73280891e7ff37d2ec; download time recovered from original local file mtime
commons-51703982,data/raw/commons/backpack/commons-51703982.png,3137f78c14b5e4599270e0f3015ae53c89777f28cfc65bd7a9994919af4625fd,9,,,commons-api,,train,approved,campus-public-expanded-v1,wikimedia_commons,51703982,https://commons.wikimedia.org/wiki/File:Backpack_with_non_flexible_composite_straps.png,https://upload.wikimedia.org/wikipedia/commons/6/6e/Backpack_with_non_flexible_composite_straps.png?utm_source=commons.wikimedia.org&utm_campaign=imageinfo&utm_content=original,https://thumb.wikimedia.org/wikipedia/commons/thumb/6/6e/Backpack_with_non_flexible_composite_straps.png/1280px-Backpack_with_non_flexible_composite_straps.png?utm_source=commons.wikimedia.org&utm_campaign=imageinfo&utm_content=thumbnail,Jvdmehrdad,CC BY-SA 4.0,https://creativecommons.org/licenses/by-sa/4.0,commons-27687902,Codex visual review of contact sheet: one identifiable target within frozen category definition,b687e9896d380357,1280,1489,2026-10-07T17:26:34+08:00,Early collection; original source revision not retained; local downloaded rendition SHA-256=3137f78c14b5e4599270e0f3015ae53c89777f28cfc65bd7a9994919af4625fd; download time recovered from original local file mtime
commons-93759462,data/raw/commons/backpack/commons-93759462.jpg,17c3a559b2b55752f6dc376c84bf6222bf891f4b413cb2bbe7b54092efeb4e31,9,,,commons-api,,train,approved,campus-public-expanded-v1,wikimedia_commons,93759462,https://commons.wikimedia.org/wiki/File:JAM_SESSION_WEB_BELAKANG.jpg,https://upload.wikimedia.org/wikipedia/commons/0/0b/JAM_SESSION_WEB_BELAKANG.jpg?utm_source=commons.wikimedia.org&utm_campaign=imageinfo&utm_content=original,https://thumb.wikimedia.org/wikipedia/commons/thumb/0/0b/JAM_SESSION_WEB_BELAKANG.jpg/960px-JAM_SESSION_WEB_BELAKANG.jpg?utm_source=commons.wikimedia.org&utm_campaign=imageinfo&utm_content=thumbnail,CupangBetta,CC BY-SA 4.0,https://creativecommons.org/licenses/by-sa/4.0,commons-93759462,Codex visual inspection: one clear backpack is principal,0f032d69cec3d0bd,960,960,2026-10-07T19:56:15+08:00,Commons file timestamp=2020-09-02T07:45:11Z; source sha1=c803672dde17b0693e842d026bf408f2142b5206; requested thumbnail=960px
commons-93759463,data/raw/commons/backpack/commons-93759463.jpg,bf582d0ffd722385ed298d04af94859f2761e4bedc5b66acbca9a59efc8112f0,9,,,commons-api,,train,approved,campus-public-expanded-v1,wikimedia_commons,93759463,https://commons.wikimedia.org/wiki/File:JAM_SESSION_NAVY.jpg,https://upload.wikimedia.org/wikipedia/commons/4/4d/JAM_SESSION_NAVY.jpg?utm_source=commons.wikimedia.org&utm_campaign=imageinfo&utm_content=original,https://thumb.wikimedia.org/wikipedia/commons/thumb/4/4d/JAM_SESSION_NAVY.jpg/960px-JAM_SESSION_NAVY.jpg?utm_source=commons.wikimedia.org&utm_campaign=imageinfo&utm_content=thumbnail,CupangBetta,CC BY-SA 4.0,https://creativecommons.org/licenses/by-sa/4.0,commons-93759462,Codex visual inspection: one clear backpack is principal,2c0b2d4363c3d3bd,960,960,2026-10-07T19:56:18+08:00,Commons file timestamp=2020-09-02T07:45:10Z; source sha1=e46525d5f8641e20f8501e134b3d9405b556fa54; requested thumbnail=960px
commons-93759464,data/raw/commons/backpack/commons-93759464.jpg,119f2f4e31e9ecf4cb5e62dba84497b078dc08e627ad7e04449a5711f011f084,9,,,commons-api,,train,approved,campus-public-expanded-v1,wikimedia_commons,93759464,https://commons.wikimedia.org/wiki/File:JAM_SESSION_WEB.jpg,https://upload.wikimedia.org/wikipedia/commons/1/1a/JAM_SESSION_WEB.jpg?utm_source=commons.wikimedia.org&utm_campaign=imageinfo&utm_content=original,https://thumb.wikimedia.org/wikipedia/commons/thumb/1/1a/JAM_SESSION_WEB.jpg/960px-JAM_SESSION_WEB.jpg?utm_source=commons.wikimedia.org&utm_campaign=imageinfo&utm_content=thumbnail,CupangBetta,CC BY-SA 4.0,https://creativecommons.org/licenses/by-sa/4.0,commons-93759462,Codex visual inspection: one clear backpack is principal,b82b4e4bca5943ad,960,960,2026-10-07T19:56:20+08:00,Commons file timestamp=2020-09-02T07:45:12Z; source sha1=7aeabf1be0293c56aaedd5ebd618b21dbaf3a0a8; requested thumbnail=960px
commons-93759467,data/raw/commons/backpack/commons-93759467.jpg,0a35e834674ec5d3d85df70a150e6db84637415c5a584bbb4b5d20f2b55fec96,9,,,commons-api,,train,approved,campus-public-expanded-v1,wikimedia_commons,93759467,https://commons.wikimedia.org/wiki/File:JAM_SESSION_WEB-1.jpg,https://upload.wikimedia.org/wikipedia/commons/d/db/JAM_SESSION_WEB-1.jpg?utm_source=commons.wikimedia.org&utm_campaign=imageinfo&utm_content=original,https://thumb.wikimedia.org/wikipedia/commons/thumb/d/db/JAM_SESSION_WEB-1.jpg/960px-JAM_SESSION_WEB-1.jpg?utm_source=commons.wikimedia.org&utm_campaign=imageinfo&utm_content=thumbnail,CupangBetta,CC BY-SA 4.0,https://creativecommons.org/licenses/by-sa/4.0,commons-93759462,Codex visual inspection: one clear backpack is principal,1b0b8ba969e1e11f,960,960,2026-10-07T19:56:26+08:00,Commons file timestamp=2020-09-02T07:45:18Z; source sha1=7509782a39817d8d93ab6986bb716f7476c02b1d; requested thumbnail=960px
commons-93759469,data/raw/commons/backpack/commons-93759469.jpg,9b4c260b400efa342f124eebc89c8d16b4266713c9580dd32f593f8fcdb146b2,9,,,commons-api,,train,approved,campus-public-expanded-v1,wikimedia_commons,93759469,https://commons.wikimedia.org/wiki/File:JAM_SESSON_NAVY_BARU.jpg,https://upload.wikimedia.org/wikipedia/commons/b/b5/JAM_SESSON_NAVY_BARU.jpg?utm_source=commons.wikimedia.org&utm_campaign=imageinfo&utm_content=original,https://thumb.wikimedia.org/wikipedia/commons/thumb/b/b5/JAM_SESSON_NAVY_BARU.jpg/960px-JAM_SESSON_NAVY_BARU.jpg?utm_source=commons.wikimedia.org&utm_campaign=imageinfo&utm_content=thumbnail,CupangBetta,CC BY-SA 4.0,https://creativecommons.org/licenses/by-sa/4.0,commons-93759462,Codex visual inspection: one clear backpack is principal,2f0b630b43c343fd,960,960,2026-10-07T19:56:29+08:00,Commons file timestamp=2020-09-02T07:45:18Z; source sha1=532698579ab850262e141fbb3273937363d58780; requested thumbnail=960px
oi-c028944212bdc80c,data/raw/openimages/backpack/oi-c028944212bdc80c.jpg,6145fa4ecc6f1fd4127315ce2946f309d91683bc079c31a43a29362bd78d116a,9,,,open-images-official,,train,approved,campus-public-expanded-v1,open_images,c028944212bdc80c,https://www.flickr.com/photos/ikoka/15074433649,https://c5.staticflickr.com/6/5588/15074433649_ecdef537b8_o.jpg,https://open-images-dataset.s3.amazonaws.com/test/c028944212bdc80c.jpg,koka_sexton,https://creativecommons.org/licenses/by/2.0/,https://creativecommons.org/licenses/by/2.0/,oi-c028944212bdc80c,Codex visual inspection: one identifiable physical target within confirmed definition,ccce4c31d0cd3b35,768,768,2026-10-07T18:08:51+08:00,Open Images V7 public test image / V5 human boxable labels; one non-depicted box >=25% image area
commons-38834597,data/raw/commons/backpack/commons-38834597.jpg,35d17cba1bfa5ca2ac7d7e25de162f5c054be5672f33d99570c4c4cb16bca4ef,9,,,commons-api,,train,approved,campus-public-expanded-v1,wikimedia_commons,38834597,https://commons.wikimedia.org/wiki/File:Coocazoo.jpg,https://upload.wikimedia.org/wikipedia/commons/d/d8/Coocazoo.jpg?utm_source=commons.wikimedia.org&utm_campaign=imageinfo&utm_content=original,https://thumb.wikimedia.org/wikipedia/commons/thumb/d/d8/Coocazoo.jpg/960px-Coocazoo.jpg?utm_source=commons.wikimedia.org&utm_campaign=imageinfo&utm_content=thumbnail,Hama GmbH & Co KG,CC BY-SA 3.0 de,https://creativecommons.org/licenses/by-sa/3.0/de/deed.en,commons-38834597,Codex visual inspection: one identifiable backpack is principal,36d91ce1f243691d,960,960,2026-10-07T19:51:41+08:00,Commons file timestamp=2014-12-18T10:21:22Z; source sha1=85de3c73a8c55230ff4f6251837ae077b3d3b725; requested thumbnail=960px
commons-66120189,data/raw/commons/backpack/commons-66120189.jpg,213978d843e4109c695f91e830a2a0bbc397c03a4467d4f5f864a630adb264d6,9,,,commons-api,,train,approved,campus-public-expanded-v1,wikimedia_commons,66120189,"https://commons.wikimedia.org/wiki/File:Jagd_%26_Hund,_3._Februar_2018_-_(32).jpg",https://upload.wikimedia.org/wikipedia/commons/e/eb/Jagd_%26_Hund%2C_3._Februar_2018_-_%2832%29.jpg?utm_source=commons.wikimedia.org&utm_campaign=imageinfo&utm_content=original,https://thumb.wikimedia.org/wikipedia/commons/thumb/e/eb/Jagd_%26_Hund%2C_3._Februar_2018_-_%2832%29.jpg/960px-Jagd_%26_Hund%2C_3._Februar_2018_-_%2832%29.jpg?utm_source=commons.wikimedia.org&utm_campaign=imageinfo&utm_content=thumbnail,"Kürschner (talk) 13:53, 4 February 2018 (UTC)",Public domain,,commons-66120189,Codex visual inspection: one clear backpack is principal,2a9183833471fd5f,960,1261,2026-10-07T19:56:10+08:00,Commons file timestamp=2018-02-04T13:53:06Z; source sha1=4d687d07d77c7c9578a70ebc04dc064e214792b0; requested thumbnail=960px
commons-53744814,data/raw/commons/backpack/commons-53744814.jpg,458ad1398379a0653a2607f41d477ef3dabede8a0992ab44e46f152d21c3add7,9,,,commons-api,,train,approved,campus-public-expanded-v1,wikimedia_commons,53744814,https://commons.wikimedia.org/wiki/File:Hagl%C3%B6fs_tight_medium_backpack.jpg,https://upload.wikimedia.org/wikipedia/commons/0/09/Hagl%C3%B6fs_tight_medium_backpack.jpg?utm_source=commons.wikimedia.org&utm_campaign=imageinfo&utm_content=original,https://thumb.wikimedia.org/wikipedia/commons/thumb/0/09/Hagl%C3%B6fs_tight_medium_backpack.jpg/960px-Hagl%C3%B6fs_tight_medium_backpack.jpg?utm_source=commons.wikimedia.org&utm_campaign=imageinfo&utm_content=thumbnail,Jorchr,CC BY-SA 3.0,https://creativecommons.org/licenses/by-sa/3.0,commons-53744814,Codex visual inspection: one clearly identifiable backpack is primary,4399e6719ee1601f,960,1440,2026-10-07T19:53:56+08:00,Commons file timestamp=2016-12-03T17:41:42Z; source sha1=5cd095bfcdd6a98e9d34f11284586b2c26104e40; requested thumbnail=960px
oi-5b286cb11a433cf2,data/raw/openimages/backpack/oi-5b286cb11a433cf2.jpg,dee5b4561757a7395970438d10b980240cca38854b2ca28809a8a0d80e3227b9,9,,,open-images-official,,train,approved,campus-public-expanded-v1,open_images,5b286cb11a433cf2,https://www.flickr.com/photos/62358412@N03/5872198481,https://farm3.staticflickr.com/5305/5872198481_66ca8f3767_o.jpg,https://open-images-dataset.s3.amazonaws.com/test/5b286cb11a433cf2.jpg,Harsha Goonewardana,https://creativecommons.org/licenses/by/2.0/,https://creativecommons.org/licenses/by/2.0/,oi-5b286cb11a433cf2,Codex visual inspection: one identifiable physical target within confirmed definition,8343432b2bad759d,683,1024,2026-10-07T18:07:37+08:00,Open Images V7 public test image / V5 human boxable labels; one non-depicted box >=25% image area
oi-f9ecba243c6b8a07,data/raw/openimages/backpack/oi-f9ecba243c6b8a07.jpg,df9daf4ec3142d575cc9b2ab705a8337d55bbacba08d4a3150d790bdd4d480c6,9,,,open-images-official,,train,approved,campus-public-expanded-v1,open_images,f9ecba243c6b8a07,https://www.flickr.com/photos/hightechdad/5824744831,https://farm8.staticflickr.com/2094/5824744831_5b52d85feb_o.jpg,https://open-images-dataset.s3.amazonaws.com/validation/f9ecba243c6b8a07.jpg,Michael Sheehan,https://creativecommons.org/licenses/by/2.0/,https://creativecommons.org/licenses/by/2.0/,oi-f9ecba243c6b8a07,Codex visual inspection: one identifiable target within frozen definition,b22cd37ea6a70159,681,1024,2026-10-07T17:53:21+08:00,Open Images V7 public validation image / V5 human boxable labels
commons-17845940,data/raw/commons/backpack/commons-17845940.jpg,f79e957c948ac3c1429f9a0c641ea577e4ab7c34e6e966ce973fa1ff2f8190c6,9,,,commons-api,,train,approved,campus-public-expanded-v1,wikimedia_commons,17845940,https://commons.wikimedia.org/wiki/File:Backpack1.JPG,https://upload.wikimedia.org/wikipedia/commons/3/3b/Backpack1.JPG?utm_source=commons.wikimedia.org&utm_campaign=imageinfo&utm_content=original,https://thumb.wikimedia.org/wikipedia/commons/thumb/3/3b/Backpack1.JPG/1280px-Backpack1.JPG?utm_source=commons.wikimedia.org&utm_campaign=imageinfo&utm_content=thumbnail,Trongphu,CC BY-SA 3.0,https://creativecommons.org/licenses/by-sa/3.0,commons-17845940,Codex visual review of contact sheet: one identifiable target within frozen category definition,3b00792be0c72fd5,1280,1707,2026-10-07T17:18:08+08:00,Early collection; original source revision not retained; local downloaded rendition SHA-256=f79e957c948ac3c1429f9a0c641ea577e4ab7c34e6e966ce973fa1ff2f8190c6; download time recovered from original local file mtime
commons-88399381,data/raw/commons/backpack/commons-88399381.png,402b19129d89465e9044d087a869b8ee13dfe13a0e72c4cefa54adccdccbf97a,9,,,commons-api,,train,approved,campus-public-expanded-v1,wikimedia_commons,88399381,https://commons.wikimedia.org/wiki/File:HighKey_Backpack.png,https://upload.wikimedia.org/wikipedia/commons/4/42/HighKey_Backpack.png?utm_source=commons.wikimedia.org&utm_campaign=imageinfo&utm_content=original,https://thumb.wikimedia.org/wikipedia/commons/thumb/4/42/HighKey_Backpack.png/960px-HighKey_Backpack.png?utm_source=commons.wikimedia.org&utm_campaign=imageinfo&utm_content=thumbnail,Trent Huss,CC BY-SA 4.0,https://creativecommons.org/licenses/by-sa/4.0,commons-88399381,Codex visual inspection: one clearly identifiable backpack is primary,073e147e36fc490b,960,1194,2026-10-07T19:54:18+08:00,Commons file timestamp=2020-03-21T02:05:48Z; source sha1=07ccb467e29fece1eddf640b98dd6064e716c83e; requested thumbnail=960px
commons-75254563,data/raw/commons/backpack/commons-75254563.jpg,ab92aa64dc47b6fdbf66bb2cbc99757efd4ee0c8da15ba764f424b28a8f07d50,9,,,commons-api,,train,approved,campus-public-expanded-v1,wikimedia_commons,75254563,https://commons.wikimedia.org/wiki/File:Backpack_mounted_knife_D.D._Teoli_Jr..jpg,https://upload.wikimedia.org/wikipedia/commons/d/df/Backpack_mounted_knife_D.D._Teoli_Jr..jpg?utm_source=commons.wikimedia.org&utm_campaign=imageinfo&utm_content=original,https://upload.wikimedia.org/wikipedia/commons/d/df/Backpack_mounted_knife_D.D._Teoli_Jr..jpg?utm_source=commons.wikimedia.org&utm_campaign=imageinfo&utm_content=thumbnail_unscaled,Danielteolijr,CC BY-SA 4.0,https://creativecommons.org/licenses/by-sa/4.0,commons-75254563,Codex visual review of contact sheet: one identifiable target within frozen category definition,83496b59838f3575,912,1368,2026-10-07T17:29:43+08:00,Early collection; original source revision not retained; local downloaded rendition SHA-256=ab92aa64dc47b6fdbf66bb2cbc99757efd4ee0c8da15ba764f424b28a8f07d50; download time recovered from original local file mtime
commons-123690571,data/raw/commons/backpack/commons-123690571.jpg,5f8b64e4d1e70e9fefbb17fb8fd012f36f21a62ae55ba4addb3762044b4611ca,9,,,commons-api,,train,approved,campus-public-expanded-v1,wikimedia_commons,123690571,https://commons.wikimedia.org/wiki/File:HK_%E5%B0%BC%E9%BE%8D_Tumi_%E5%87%BA%E5%B7%AE_%E6%89%8B%E6%8F%90%E5%8C%85_%E9%9B%99%E8%82%A9%E5%8C%85_October_2022_Px3.jpg,https://upload.wikimedia.org/wikipedia/commons/a/a4/HK_%E5%B0%BC%E9%BE%8D_Tumi_%E5%87%BA%E5%B7%AE_%E6%89%8B%E6%8F%90%E5%8C%85_%E9%9B%99%E8%82%A9%E5%8C%85_October_2022_Px3.jpg?utm_source=commons.wikimedia.org&utm_campaign=imageinfo&utm_content=original,https://thumb.wikimedia.org/wikipedia/commons/thumb/a/a4/HK_%E5%B0%BC%E9%BE%8D_Tumi_%E5%87%BA%E5%B7%AE_%E6%89%8B%E6%8F%90%E5%8C%85_%E9%9B%99%E8%82%A9%E5%8C%85_October_2022_Px3.jpg/960px-HK_%E5%B0%BC%E9%BE%8D_Tumi_%E5%87%BA%E5%B7%AE_%E6%89%8B%E6%8F%90%E5%8C%85_%E9%9B%99%E8%82%A9%E5%8C%85_October_2022_Px3.jpg?utm_source=commons.wikimedia.org&utm_campaign=imageinfo&utm_content=thumbnail,Hjfm 003,CC BY-SA 4.0,https://creativecommons.org/licenses/by-sa/4.0,commons-123690571,Codex visual inspection: one clearly identifiable backpack is primary,c48cd55981495bbf,960,1280,2026-10-07T19:54:55+08:00,Commons file timestamp=2022-10-03T16:36:14Z; source sha1=4188ee04e52423bcf364729d6739b204456e03cd; requested thumbnail=960px
commons-119098848,data/raw/commons/backpack/commons-119098848.jpg,c0a04056a9d455909cebe2dfa4265385754556e44be4d5c3ddb6ca0c4cd3f16f,9,,,commons-api,,train,approved,campus-public-expanded-v1,wikimedia_commons,119098848,https://commons.wikimedia.org/wiki/File:Bags_love.jpg,https://upload.wikimedia.org/wikipedia/commons/f/fc/Bags_love.jpg?utm_source=commons.wikimedia.org&utm_campaign=imageinfo&utm_content=original,https://thumb.wikimedia.org/wikipedia/commons/thumb/f/fc/Bags_love.jpg/960px-Bags_love.jpg?utm_source=commons.wikimedia.org&utm_campaign=imageinfo&utm_content=thumbnail,Elavarasi.v,CC BY-SA 4.0,https://creativecommons.org/licenses/by-sa/4.0,commons-119098848,Codex visual inspection: one identifiable backpack is principal,41fa0354ffe8c1a9,960,1275,2026-10-07T19:50:48+08:00,Commons file timestamp=2022-06-09T09:11:04Z; source sha1=9bd52b8851bfef3e80109f47282875ebf25f0321; requested thumbnail=960px
oi-7491dc5b881626cd,data/raw/openimages/backpack/oi-7491dc5b881626cd.jpg,63c153d37aef667d07c623ccbee941199cdc5ce412ca23fb5f10537a363cd78f,9,,,open-images-official,,train,approved,campus-public-expanded-v1,open_images,7491dc5b881626cd,https://www.flickr.com/photos/yukochatulapoly/5055254596,https://c6.staticflickr.com/5/4092/5055254596_87a6920104_o.jpg,https://open-images-dataset.s3.amazonaws.com/validation/7491dc5b881626cd.jpg,watashiwani,https://creativecommons.org/licenses/by/2.0/,https://creativecommons.org/licenses/by/2.0/,oi-7491dc5b881626cd,Codex visual inspection: one identifiable target within frozen definition,6431b3d387d9192d,1024,685,2026-10-07T17:56:04+08:00,Open Images V7 public validation image / V5 human boxable labels
commons-126697098,data/raw/commons/backpack/commons-126697098.jpg,95399ea8da5639043513f3b018e8b4084997702f5440cc35c4fb359226ae5b36,9,,,commons-api,,train,approved,campus-public-expanded-v1,wikimedia_commons,126697098,https://commons.wikimedia.org/wiki/File:Blackpack-001.jpg,https://upload.wikimedia.org/wikipedia/commons/7/77/Blackpack-001.jpg?utm_source=commons.wikimedia.org&utm_campaign=imageinfo&utm_content=original,https://thumb.wikimedia.org/wikipedia/commons/thumb/7/77/Blackpack-001.jpg/960px-Blackpack-001.jpg?utm_source=commons.wikimedia.org&utm_campaign=imageinfo&utm_content=thumbnail,Kent Madsen,CC BY-SA 4.0,https://creativecommons.org/licenses/by-sa/4.0,commons-126697098,Codex visual inspection: one identifiable backpack is principal,cc06961e71b1a78f,960,960,2026-10-07T19:50:51+08:00,Commons file timestamp=2022-12-16T17:59:30Z; source sha1=8f3ab1394c759acf97659d6b05177c6f21d2013a; requested thumbnail=960px
commons-91677457,data/raw/commons/backpack/commons-91677457.jpg,65793f27a6e8f1d6675e7c69bfa351fd35f6c5f6eb23bddcff366d9f19dddcd6,9,,,commons-api,,train,approved,campus-public-expanded-v1,wikimedia_commons,91677457,https://commons.wikimedia.org/wiki/File:JavaOne_backpack_and_phone_case.jpg,https://upload.wikimedia.org/wikipedia/commons/9/93/JavaOne_backpack_and_phone_case.jpg?utm_source=commons.wikimedia.org&utm_campaign=imageinfo&utm_content=original,https://thumb.wikimedia.org/wikipedia/commons/thumb/9/93/JavaOne_backpack_and_phone_case.jpg/960px-JavaOne_backpack_and_phone_case.jpg?utm_source=commons.wikimedia.org&utm_campaign=imageinfo&utm_content=thumbnail,Jonathan Schilling,CC BY-SA 4.0,https://creativecommons.org/licenses/by-sa/4.0,commons-91677457,Codex visual inspection: one clear backpack is principal,2acde3bc1415927d,960,1280,2026-10-07T19:57:06+08:00,Commons file timestamp=2020-06-28T21:12:30Z; source sha1=b365d9c6fdddcb7df40067227656decd05607ccc; requested thumbnail=960px
oi-8f0dbb0ef168dc46,data/raw/openimages/backpack/oi-8f0dbb0ef168dc46.jpg,7ac24bb3e0843f529f748d6e2d66b41187600cd7fb0548cbca559df672ba8d06,9,,,open-images-official,,train,approved,campus-public-expanded-v1,open_images,8f0dbb0ef168dc46,https://www.flickr.com/photos/plusea/18426219840,https://farm7.staticflickr.com/256/18426219840_3d5f4fb008_o.jpg,https://open-images-dataset.s3.amazonaws.com/test/8f0dbb0ef168dc46.jpg,Plusea,https://creativecommons.org/licenses/by/2.0/,https://creativecommons.org/licenses/by/2.0/,oi-8f0dbb0ef168dc46,Codex visual inspection: one identifiable physical target within confirmed definition,3793d643d821897d,768,1024,2026-10-07T18:14:15+08:00,Open Images V7 public test image / V5 human boxable labels; one non-depicted box >=25% image area
commons-45115981,data/raw/commons/backpack/commons-45115981.jpg,0c4cc06afc7fb740bf7c861c24799d336ae8b1e491792e47e84f84c2432bacc4,9,,,commons-api,,train,approved,campus-public-expanded-v1,wikimedia_commons,45115981,https://commons.wikimedia.org/wiki/File:Mohamed_Azzi.jpg,https://upload.wikimedia.org/wikipedia/commons/f/f0/Mohamed_Azzi.jpg?utm_source=commons.wikimedia.org&utm_campaign=imageinfo&utm_content=original,https://thumb.wikimedia.org/wikipedia/commons/thumb/f/f0/Mohamed_Azzi.jpg/960px-Mohamed_Azzi.jpg?utm_source=commons.wikimedia.org&utm_campaign=imageinfo&utm_content=thumbnail,Mohamedazzi,CC BY-SA 4.0,https://creativecommons.org/licenses/by-sa/4.0,commons-45115981,Codex visual inspection: one clear backpack is principal,bcc2c563071313fd,960,638,2026-10-07T20:00:03+08:00,Commons file timestamp=2015-11-19T23:22:00Z; source sha1=7d873433ded0a7bb4646bd605a9d066087e835fb; requested thumbnail=960px
commons-141117448,data/raw/commons/backpack/commons-141117448.jpg,3b6707e6d4e5ba855470ad2566f25627d8ab9f6d4887660c972c8f716e8fa1c1,9,,,commons-api,,train,approved,campus-public-expanded-v1,wikimedia_commons,141117448,https://commons.wikimedia.org/wiki/File:Collage_stylish_blue_color_bag.jpg,https://upload.wikimedia.org/wikipedia/commons/b/b6/Collage_stylish_blue_color_bag.jpg?utm_source=commons.wikimedia.org&utm_campaign=imageinfo&utm_content=original,https://thumb.wikimedia.org/wikipedia/commons/thumb/b/b6/Collage_stylish_blue_color_bag.jpg/500px-Collage_stylish_blue_color_bag.jpg?utm_source=commons.wikimedia.org&utm_campaign=imageinfo&utm_content=thumbnail,KarthigadeviRavichandran,CC BY-SA 4.0,https://creativecommons.org/licenses/by-sa/4.0,commons-141117448,Codex visual inspection: one identifiable backpack is principal,6e7b584948cb4a1f,500,666,2026-10-07T19:52:06+08:00,Commons file timestamp=2023-11-20T10:10:34Z; source sha1=4dc3271ab7ba561cc47a08ca5ac087520c8542c2; requested thumbnail=500px
oi-3184492d5235d598,data/raw/openimages/backpack/oi-3184492d5235d598.jpg,a8d4ee057da260cffbbfe69da8bb5036cc92473b2c757d2a3d0d1d0374b25bd0,9,,,open-images-official,,train,approved,campus-public-expanded-v1,open_images,3184492d5235d598,https://www.flickr.com/photos/philippeclerjon/8551198489,https://c1.staticflickr.com/9/8086/8551198489_b0311a1a19_o.jpg,https://open-images-dataset.s3.amazonaws.com/validation/3184492d5235d598.jpg,philippe,https://creativecommons.org/licenses/by/2.0/,https://creativecommons.org/licenses/by/2.0/,oi-3184492d5235d598,Codex visual inspection: one identifiable target within frozen definition,1a0efce585494b97,680,1024,2026-10-07T17:55:30+08:00,Open Images V7 public validation image / V5 human boxable labels
commons-78778889,data/raw/commons/backpack/commons-78778889.jpg,573004da96d4a3249c23074d1e49ea5903411450162be7d67c20f99bc17813bf,9,,,commons-api,,train,approved,campus-public-expanded-v1,wikimedia_commons,78778889,https://commons.wikimedia.org/wiki/File:Backpack_Bone.jpg,https://upload.wikimedia.org/wikipedia/commons/7/72/Backpack_Bone.jpg?utm_source=commons.wikimedia.org&utm_campaign=imageinfo&utm_content=original,https://thumb.wikimedia.org/wikipedia/commons/thumb/7/72/Backpack_Bone.jpg/1280px-Backpack_Bone.jpg?utm_source=commons.wikimedia.org&utm_campaign=imageinfo&utm_content=thumbnail,Monoklon,CC BY 4.0,https://creativecommons.org/licenses/by/4.0,commons-78778889,Codex visual review of contact sheet: one identifiable target within frozen category definition,7a31b1d7d1e12515,1280,2313,2026-10-07T17:29:47+08:00,Early collection; original source revision not retained; local downloaded rendition SHA-256=573004da96d4a3249c23074d1e49ea5903411450162be7d67c20f99bc17813bf; download time recovered from original local file mtime
oi-ffa382be7e2deb98,data/raw/openimages/backpack/oi-ffa382be7e2deb98.jpg,bb94248fae0141d0684b264dc320e7eb722adb06063817aa395520ebc6590d20,9,,,open-images-official,,train,approved,campus-public-expanded-v1,open_images,ffa382be7e2deb98,https://www.flickr.com/photos/janitors/6892582924,https://c1.staticflickr.com/8/7047/6892582924_8dd8625900_o.jpg,https://open-images-dataset.s3.amazonaws.com/test/ffa382be7e2deb98.jpg,Kārlis Dambrāns,https://creativecommons.org/licenses/by/2.0/,https://creativecommons.org/licenses/by/2.0/,oi-ffa382be7e2deb98,Codex visual inspection: one identifiable physical target within confirmed definition,02186aa97cf1af57,765,1024,2026-10-07T18:12:42+08:00,Open Images V7 public test image / V5 human boxable labels; one non-depicted box >=25% image area
commons-57937043,data/raw/commons/backpack/commons-57937043.jpg,677d3ce546bc205cd24a8d014946b0828101882a068f13afef142cc6e88923f4,9,,,commons-api,,train,approved,campus-public-expanded-v1,wikimedia_commons,57937043,https://commons.wikimedia.org/wiki/File:Backpack_(2839798165).jpg,https://upload.wikimedia.org/wikipedia/commons/e/e2/Backpack_%282839798165%29.jpg?utm_source=commons.wikimedia.org&utm_campaign=imageinfo&utm_content=original,https://thumb.wikimedia.org/wikipedia/commons/thumb/e/e2/Backpack_%282839798165%29.jpg/330px-Backpack_%282839798165%29.jpg?utm_source=commons.wikimedia.org&utm_campaign=imageinfo&utm_content=thumbnail,absentee_redstate,CC BY 2.0,https://creativecommons.org/licenses/by/2.0,commons-57937043,Codex visual inspection: one identifiable backpack is principal,7444786effe0e013,330,278,2026-10-07T19:50:06+08:00,Commons file timestamp=2017-04-11T20:50:50Z; source sha1=edda9d7960b2b061db0271ef04bd591704ca0ee9; requested thumbnail=330px
commons-120221284,data/raw/commons/backpack/commons-120221284.jpg,a7aa97000dc3161acd684700fd6e249233cf68bc94bbb37bec6e509613d08a15,9,,,commons-api,,train,approved,campus-public-expanded-v1,wikimedia_commons,120221284,https://commons.wikimedia.org/wiki/File:Esbit_portable_stove_IMG_0645.jpg,https://upload.wikimedia.org/wikipedia/commons/1/19/Esbit_portable_stove_IMG_0645.jpg?utm_source=commons.wikimedia.org&utm_campaign=imageinfo&utm_content=original,https://thumb.wikimedia.org/wikipedia/commons/thumb/1/19/Esbit_portable_stove_IMG_0645.jpg/960px-Esbit_portable_stove_IMG_0645.jpg?utm_source=commons.wikimedia.org&utm_campaign=imageinfo&utm_content=thumbnail,Staffan Enbom,CC BY 2.0,https://creativecommons.org/licenses/by/2.0,commons-120221284,Codex visual inspection: one clearly identifiable backpack is primary,1c0123c83d13fef7,960,1280,2026-10-07T19:52:57+08:00,Commons file timestamp=2022-07-08T17:31:36Z; source sha1=3d98aa98f8476627f61fce240df4f336e7a1f669; requested thumbnail=960px
commons-86130316,data/raw/commons/backpack/commons-86130316.jpg,2ffbec167fd3f2311333c3e2e2bf6735253bc0dead16949a05305b03c78ff7a3,9,,,commons-api,,train,approved,campus-public-expanded-v1,wikimedia_commons,86130316,https://commons.wikimedia.org/wiki/File:Bagpack.jpg,https://upload.wikimedia.org/wikipedia/commons/f/f9/Bagpack.jpg?utm_source=commons.wikimedia.org&utm_campaign=imageinfo&utm_content=original,https://thumb.wikimedia.org/wikipedia/commons/thumb/f/f9/Bagpack.jpg/960px-Bagpack.jpg?utm_source=commons.wikimedia.org&utm_campaign=imageinfo&utm_content=thumbnail,Gaurav Dhwaj Khadka,CC BY-SA 4.0,https://creativecommons.org/licenses/by-sa/4.0,commons-86130316,Codex visual inspection: one identifiable backpack is principal,b6b076431641e39f,960,1280,2026-10-07T19:50:39+08:00,Commons file timestamp=2020-01-20T16:15:04Z; source sha1=8fe58066ec36128267688b27c4e96d3758fc9be4; requested thumbnail=960px
oi-425e746b1b3ff4d8,data/raw/openimages/backpack/oi-425e746b1b3ff4d8.jpg,88f5893f9e97262d306701e1f1a1c31f1583ae320d6900e8cea95c45fece2b8b,9,,,open-images-official,,train,approved,campus-public-expanded-v1,open_images,425e746b1b3ff4d8,https://www.flickr.com/photos/bilora/5692915190,https://c1.staticflickr.com/6/5267/5692915190_86f94a3a3e_o.jpg,https://open-images-dataset.s3.amazonaws.com/test/425e746b1b3ff4d8.jpg,The Photo Company NL,https://creativecommons.org/licenses/by/2.0/,https://creativecommons.org/licenses/by/2.0/,oi-425e746b1b3ff4d8,Codex visual inspection: one identifiable physical target within confirmed definition,1479365379c3c32d,1024,680,2026-10-07T18:12:30+08:00,Open Images V7 public test image / V5 human boxable labels; one non-depicted box >=25% image area
commons-72029520,data/raw/commons/backpack/commons-72029520.jpg,8c3d14824e86942cfa25c5b94737a4a7402b2c6bba3cac799597df030e655ac0,9,,,commons-api,,train,approved,campus-public-expanded-v1,wikimedia_commons,72029520,https://commons.wikimedia.org/wiki/File:Detachable_Load_Carriage_Equipment_.jpg,https://upload.wikimedia.org/wikipedia/commons/9/98/Detachable_Load_Carriage_Equipment_.jpg?utm_source=commons.wikimedia.org&utm_campaign=imageinfo&utm_content=original,https://thumb.wikimedia.org/wikipedia/commons/thumb/9/98/Detachable_Load_Carriage_Equipment_.jpg/960px-Detachable_Load_Carriage_Equipment_.jpg?utm_source=commons.wikimedia.org&utm_campaign=imageinfo&utm_content=thumbnail,Eagle precision 27.et,CC BY-SA 4.0,https://creativecommons.org/licenses/by-sa/4.0,commons-72029520,Codex visual inspection: one identifiable backpack is principal,6933ed0ba521469f,960,1280,2026-10-07T19:51:50+08:00,Commons file timestamp=2018-08-26T09:18:03Z; source sha1=bda1eb546338eb621bc843d064ebbd09bedc247d; requested thumbnail=960px
commons-53744813,data/raw/commons/backpack/commons-53744813.jpg,a5c84c5726efc47a0449411795dae95b7c795d9e5eccbc3d02d6b0de040833c5,9,,,commons-api,,train,approved,campus-public-expanded-v1,wikimedia_commons,53744813,https://commons.wikimedia.org/wiki/File:Hagl%C3%B6fs_Alaska_backpack.jpg,https://upload.wikimedia.org/wikipedia/commons/f/f3/Hagl%C3%B6fs_Alaska_backpack.jpg?utm_source=commons.wikimedia.org&utm_campaign=imageinfo&utm_content=original,https://thumb.wikimedia.org/wikipedia/commons/thumb/f/f3/Hagl%C3%B6fs_Alaska_backpack.jpg/960px-Hagl%C3%B6fs_Alaska_backpack.jpg?utm_source=commons.wikimedia.org&utm_campaign=imageinfo&utm_content=thumbnail,Jorchr,CC BY-SA 3.0,https://creativecommons.org/licenses/by-sa/3.0,commons-53744813,Codex visual inspection: one clearly identifiable backpack is primary,9d754e9abc2902c7,960,1184,2026-10-07T19:53:24+08:00,Commons file timestamp=2016-12-03T17:41:42Z; source sha1=f5429356fe47b36e772cd75bb6a1b3368a46432f; requested thumbnail=960px
commons-62251717,data/raw/commons/backpack/commons-62251717.jpg,3a40da4028e4010e7f1ec38f71b4f3db0d92381b5c510f4b04f2e489d2f11698,9,,,commons-api,,train,approved,campus-public-expanded-v1,wikimedia_commons,62251717,https://commons.wikimedia.org/wiki/File:Quechua_backpack_-_A.jpg,https://upload.wikimedia.org/wikipedia/commons/8/83/Quechua_backpack_-_A.jpg?utm_source=commons.wikimedia.org&utm_campaign=imageinfo&utm_content=original,https://thumb.wikimedia.org/wikipedia/commons/thumb/8/83/Quechua_backpack_-_A.jpg/1280px-Quechua_backpack_-_A.jpg?utm_source=commons.wikimedia.org&utm_campaign=imageinfo&utm_content=thumbnail,Fructibus,CC0,http://creativecommons.org/publicdomain/zero/1.0/deed.en,commons-62251717,Codex visual review of contact sheet: one identifiable target within frozen category definition,d9432b0b442f36f5,1280,1707,2026-10-07T17:19:23+08:00,Early collection; original source revision not retained; local downloaded rendition SHA-256=3a40da4028e4010e7f1ec38f71b4f3db0d92381b5c510f4b04f2e489d2f11698; download time recovered from original local file mtime
commons-62251718,data/raw/commons/backpack/commons-62251718.jpg,afae7c65947c553477617927eace6b59df87aa0645fe03d3e40fa4da3dd78c11,9,,,commons-api,,train,approved,campus-public-expanded-v1,wikimedia_commons,62251718,https://commons.wikimedia.org/wiki/File:Quechua_backpack_-_B.jpg,https://upload.wikimedia.org/wikipedia/commons/7/73/Quechua_backpack_-_B.jpg?utm_source=commons.wikimedia.org&utm_campaign=imageinfo&utm_content=original,https://thumb.wikimedia.org/wikipedia/commons/thumb/7/73/Quechua_backpack_-_B.jpg/1280px-Quechua_backpack_-_B.jpg?utm_source=commons.wikimedia.org&utm_campaign=imageinfo&utm_content=thumbnail,Fructibus,CC0,http://creativecommons.org/publicdomain/zero/1.0/deed.en,commons-62251717,Codex visual review of contact sheet: one identifiable target within frozen category definition,f0ab71a1ea85055f,1280,1707,2026-10-07T17:19:25+08:00,Early collection; original source revision not retained; local downloaded rendition SHA-256=afae7c65947c553477617927eace6b59df87aa0645fe03d3e40fa4da3dd78c11; download time recovered from original local file mtime
commons-32791227,data/raw/commons/backpack/commons-32791227.jpg,2dc528f0b9c93fa75a89926f1b414e558dab5655718afe8cebbb9b96bc115303,9,,,commons-api,,train,approved,campus-public-expanded-v1,wikimedia_commons,32791227,https://commons.wikimedia.org/wiki/File:GOLDEN_LABEL.jpg,https://upload.wikimedia.org/wikipedia/commons/2/2f/GOLDEN_LABEL.jpg?utm_source=commons.wikimedia.org&utm_campaign=imageinfo&utm_content=original,https://thumb.wikimedia.org/wikipedia/commons/thumb/2/2f/GOLDEN_LABEL.jpg/1280px-GOLDEN_LABEL.jpg?utm_source=commons.wikimedia.org&utm_campaign=imageinfo&utm_content=thumbnail,Eastpack,CC BY-SA 3.0,https://creativecommons.org/licenses/by-sa/3.0,commons-32791227,Codex visual review of contact sheet: one identifiable target within frozen category definition,3699dcc97003add5,1280,1720,2026-10-07T17:21:38+08:00,Early collection; original source revision not retained; local downloaded rendition SHA-256=2dc528f0b9c93fa75a89926f1b414e558dab5655718afe8cebbb9b96bc115303; download time recovered from original local file mtime
oi-8eb63dd5f3f7b7f4,data/raw/openimages/backpack/oi-8eb63dd5f3f7b7f4.jpg,723f1a7a595812fc6668dfc2d187794c7f5853175e5a01351d7651a61265ba78,9,,,open-images-official,,train,approved,campus-public-expanded-v1,open_images,8eb63dd5f3f7b7f4,https://www.flickr.com/photos/albertoziveri/9415914033,https://farm5.staticflickr.com/2877/9415914033_4a66450a5d_o.jpg,https://open-images-dataset.s3.amazonaws.com/test/8eb63dd5f3f7b7f4.jpg,Alberto Ziveri,https://creativecommons.org/licenses/by/2.0/,https://creativecommons.org/licenses/by/2.0/,oi-8eb63dd5f3f7b7f4,Codex visual inspection: one identifiable physical target within confirmed definition,e69886d30c7959a7,1024,1024,2026-10-07T18:11:06+08:00,Open Images V7 public test image / V5 human boxable labels; one non-depicted box >=25% image area
commons-101027337,data/raw/commons/backpack/commons-101027337.jpg,84201530f817fc4c23f3077990f0851dbfea3318fd313fb3132e4d3f657b1aa9,9,,,commons-api,,train,approved,campus-public-expanded-v1,wikimedia_commons,101027337,https://commons.wikimedia.org/wiki/File:005Aa._Lightweight_fabric_backpack.jpg,https://upload.wikimedia.org/wikipedia/commons/e/e8/005Aa._Lightweight_fabric_backpack.jpg?utm_source=commons.wikimedia.org&utm_campaign=imageinfo&utm_content=original,https://thumb.wikimedia.org/wikipedia/commons/thumb/e/e8/005Aa._Lightweight_fabric_backpack.jpg/1280px-005Aa._Lightweight_fabric_backpack.jpg?utm_source=commons.wikimedia.org&utm_campaign=imageinfo&utm_content=thumbnail,GAlexandrova,CC BY-SA 4.0,https://creativecommons.org/licenses/by-sa/4.0,commons-101027337,Codex visual review of contact sheet: one identifiable target within frozen category definition,add6921978a98557,1280,1707,2026-10-07T17:21:55+08:00,Early collection; original source revision not retained; local downloaded rendition SHA-256=84201530f817fc4c23f3077990f0851dbfea3318fd313fb3132e4d3f657b1aa9; download time recovered from original local file mtime
commons-101027338,data/raw/commons/backpack/commons-101027338.jpg,3a934c354d77b371720fab97e209ead77633642afd8df2996a9d5beb7daccfa5,9,,,commons-api,,train,approved,campus-public-expanded-v1,wikimedia_commons,101027338,https://commons.wikimedia.org/wiki/File:005Aa._Lightweight_fabric_backpack_(2).jpg,https://upload.wikimedia.org/wikipedia/commons/5/5d/005Aa._Lightweight_fabric_backpack_%282%29.jpg?utm_source=commons.wikimedia.org&utm_campaign=imageinfo&utm_content=original,https://thumb.wikimedia.org/wikipedia/commons/thumb/5/5d/005Aa._Lightweight_fabric_backpack_%282%29.jpg/1280px-005Aa._Lightweight_fabric_backpack_%282%29.jpg?utm_source=commons.wikimedia.org&utm_campaign=imageinfo&utm_content=thumbnail,GAlexandrova,CC BY-SA 4.0,https://creativecommons.org/licenses/by-sa/4.0,commons-101027337,Codex visual review of contact sheet: one identifiable target within frozen category definition,0ca33e89d84be33d,1280,1523,2026-10-07T17:21:59+08:00,Early collection; original source revision not retained; local downloaded rendition SHA-256=3a934c354d77b371720fab97e209ead77633642afd8df2996a9d5beb7daccfa5; download time recovered from original local file mtime
oi-177f23404855017b,data/raw/openimages/backpack/oi-177f23404855017b.jpg,591270918e29173067adbb30957bb46f51fe77976eae3afa9bec273fa12baa6f,9,,,open-images-official,,train,approved,campus-public-expanded-v1,open_images,177f23404855017b,https://www.flickr.com/photos/shonk/3890538563,https://c4.staticflickr.com/3/2497/3890538563_85bd614ca4_o.jpg,https://open-images-dataset.s3.amazonaws.com/test/177f23404855017b.jpg,Clayton Shonkwiler,https://creativecommons.org/licenses/by/2.0/,https://creativecommons.org/licenses/by/2.0/,oi-177f23404855017b,Codex visual inspection: one identifiable physical target within confirmed definition,b7279281530b29fd,1024,768,2026-10-07T18:10:12+08:00,Open Images V7 public test image / V5 human boxable labels; one non-depicted box >=25% image area
commons-60528441,data/raw/commons/backpack/commons-60528441.jpg,794651b139dea3abca90e41d4fcfbbd2401997e26c4f2c71ce86d267d067971b,9,,,commons-api,,train,approved,campus-public-expanded-v1,wikimedia_commons,60528441,https://commons.wikimedia.org/wiki/File:Deuter_Futura_R%C3%BCcken.jpg,https://upload.wikimedia.org/wikipedia/commons/d/da/Deuter_Futura_R%C3%BCcken.jpg?utm_source=commons.wikimedia.org&utm_campaign=imageinfo&utm_content=original,https://thumb.wikimedia.org/wikipedia/commons/thumb/d/da/Deuter_Futura_R%C3%BCcken.jpg/960px-Deuter_Futura_R%C3%BCcken.jpg?utm_source=commons.wikimedia.org&utm_campaign=imageinfo&utm_content=thumbnail,DeuterSport,CC BY-SA 4.0,https://creativecommons.org/licenses/by-sa/4.0,commons-60528441,Codex visual inspection: one identifiable backpack is principal,023d0299b9837dfd,960,1238,2026-10-07T19:52:33+08:00,Commons file timestamp=2017-06-30T08:48:43Z; source sha1=b21ce70ffaed93601e271eb4f097b0cb60fb4675; requested thumbnail=960px
commons-77152417,data/raw/commons/backpack/commons-77152417.jpg,be69d780e0a53412d1a32e35e6f5f8144fad2f7930ba78ae5c64503c5b5cace6,9,,,commons-api,,train,approved,campus-public-expanded-v1,wikimedia_commons,77152417,https://commons.wikimedia.org/wiki/File:Jansport_Backpack_1_2019-03-07.jpg,https://upload.wikimedia.org/wikipedia/commons/9/9f/Jansport_Backpack_1_2019-03-07.jpg?utm_source=commons.wikimedia.org&utm_campaign=imageinfo&utm_content=original,https://thumb.wikimedia.org/wikipedia/commons/thumb/9/9f/Jansport_Backpack_1_2019-03-07.jpg/960px-Jansport_Backpack_1_2019-03-07.jpg?utm_source=commons.wikimedia.org&utm_campaign=imageinfo&utm_content=thumbnail,FASTILY,CC BY-SA 4.0,https://creativecommons.org/licenses/by-sa/4.0,commons-77152417,Codex visual inspection: one clear backpack is principal,86933059f1250bff,960,1280,2026-10-07T19:56:13+08:00,Commons file timestamp=2019-03-07T08:30:44Z; source sha1=b099e450502d7c67acab7ef4ec9bfba601147857; requested thumbnail=960px
commons-77152423,data/raw/commons/backpack/commons-77152423.jpg,a8ec4b70797371596708052f581befd4cc0718491dd81148e158ae114a06c786,9,,,commons-api,,train,approved,campus-public-expanded-v1,wikimedia_commons,77152423,https://commons.wikimedia.org/wiki/File:Jansport_Backpack_2_2019-03-07.jpg,https://upload.wikimedia.org/wikipedia/commons/4/47/Jansport_Backpack_2_2019-03-07.jpg?utm_source=commons.wikimedia.org&utm_campaign=imageinfo&utm_content=original,https://thumb.wikimedia.org/wikipedia/commons/thumb/4/47/Jansport_Backpack_2_2019-03-07.jpg/960px-Jansport_Backpack_2_2019-03-07.jpg?utm_source=commons.wikimedia.org&utm_campaign=imageinfo&utm_content=thumbnail,FASTILY,CC BY-SA 4.0,https://creativecommons.org/licenses/by-sa/4.0,commons-77152417,Codex visual inspection: one clear backpack is principal,4ca79cd9d9212937,960,1280,2026-10-07T19:56:52+08:00,Commons file timestamp=2019-03-07T08:31:00Z; source sha1=c080e709f7c9a8cb2020e69061af9c8ac524c077; requested thumbnail=960px
commons-77152446,data/raw/commons/backpack/commons-77152446.jpg,6bed97141d1e57dcdf12d7a22b47e504c8b77369090b49e825d13c196266515e,9,,,commons-api,,train,approved,campus-public-expanded-v1,wikimedia_commons,77152446,https://commons.wikimedia.org/wiki/File:Jansport_Backpack_3_2019-03-07.jpg,https://upload.wikimedia.org/wikipedia/commons/f/f1/Jansport_Backpack_3_2019-03-07.jpg?utm_source=commons.wikimedia.org&utm_campaign=imageinfo&utm_content=original,https://thumb.wikimedia.org/wikipedia/commons/thumb/f/f1/Jansport_Backpack_3_2019-03-07.jpg/960px-Jansport_Backpack_3_2019-03-07.jpg?utm_source=commons.wikimedia.org&utm_campaign=imageinfo&utm_content=thumbnail,FASTILY,CC BY-SA 4.0,https://creativecommons.org/licenses/by-sa/4.0,commons-77152417,Codex visual inspection: one clear backpack is principal,941f9cf17183231f,960,1280,2026-10-07T19:56:56+08:00,Commons file timestamp=2019-03-07T08:31:19Z; source sha1=cbda8fed633e862825500f8e3bf85f880c1a94b7; requested thumbnail=960px
commons-77152459,data/raw/commons/backpack/commons-77152459.jpg,00ecb665696ea186528d9801f0e1ca221586d7721ecc0290adaae512058409a6,9,,,commons-api,,train,approved,campus-public-expanded-v1,wikimedia_commons,77152459,https://commons.wikimedia.org/wiki/File:Jansport_Backpack_4_2019-03-07.jpg,https://upload.wikimedia.org/wikipedia/commons/c/ca/Jansport_Backpack_4_2019-03-07.jpg?utm_source=commons.wikimedia.org&utm_campaign=imageinfo&utm_content=original,https://thumb.wikimedia.org/wikipedia/commons/thumb/c/ca/Jansport_Backpack_4_2019-03-07.jpg/960px-Jansport_Backpack_4_2019-03-07.jpg?utm_source=commons.wikimedia.org&utm_campaign=imageinfo&utm_content=thumbnail,FASTILY,CC BY-SA 4.0,https://creativecommons.org/licenses/by-sa/4.0,commons-77152417,Codex visual inspection: one clear backpack is principal,4039f9e1c987057f,960,1280,2026-10-07T19:57:00+08:00,Commons file timestamp=2019-03-07T08:31:35Z; source sha1=c7ec27b943bae87e2c6fb545e64766400950dcbb; requested thumbnail=960px
commons-47870418,data/raw/commons/backpack/commons-47870418.jpg,0d369e4acf55edc3269bdc8285cf2dee9fdec5c8dc46ef5b86b5d1f10651d3d3,9,,,commons-api,,train,approved,campus-public-expanded-v1,wikimedia_commons,47870418,https://commons.wikimedia.org/wiki/File:20150722_144603ffefdfisbfhskbdpis.jpg,https://upload.wikimedia.org/wikipedia/commons/0/04/20150722_144603ffefdfisbfhskbdpis.jpg?utm_source=commons.wikimedia.org&utm_campaign=imageinfo&utm_content=original,https://thumb.wikimedia.org/wikipedia/commons/thumb/0/04/20150722_144603ffefdfisbfhskbdpis.jpg/1280px-20150722_144603ffefdfisbfhskbdpis.jpg?utm_source=commons.wikimedia.org&utm_campaign=imageinfo&utm_content=thumbnail,Xmzx12,CC BY-SA 4.0,https://creativecommons.org/licenses/by-sa/4.0,commons-47870418,Codex visual review of contact sheet: one identifiable target within frozen category definition,b1c3c1c3436b6b69,1280,2133,2026-10-07T17:21:42+08:00,Early collection; original source revision not retained; local downloaded rendition SHA-256=0d369e4acf55edc3269bdc8285cf2dee9fdec5c8dc46ef5b86b5d1f10651d3d3; download time recovered from original local file mtime
oi-854bbae71c1315f0,data/raw/openimages/backpack/oi-854bbae71c1315f0.jpg,5c4a7e6ed80d2c0c0cc2a2d7e17a1600013c6ed81fc0e4c73ee1d885e41f631f,9,,,open-images-official,,train,approved,campus-public-expanded-v1,open_images,854bbae71c1315f0,https://www.flickr.com/photos/onepointfour/6526607393,https://farm1.staticflickr.com/7171/6526607393_b12da4c1af_o.jpg,https://open-images-dataset.s3.amazonaws.com/validation/854bbae71c1315f0.jpg,Dustin Gaffke,https://creativecommons.org/licenses/by/2.0/,https://creativecommons.org/licenses/by/2.0/,oi-854bbae71c1315f0,Codex visual inspection: one identifiable target within frozen definition,6a3962e9ae499157,759,1024,2026-10-07T17:52:54+08:00,Open Images V7 public validation image / V5 human boxable labels
commons-23133650,data/raw/commons/backpack/commons-23133650.jpg,7afaa630da55b8f16de3651dfce8ecd40afe637870ebca47b481247d63fac161,9,,,commons-api,,train,approved,campus-public-expanded-v1,wikimedia_commons,23133650,"https://commons.wikimedia.org/wiki/File:Adidas_bag,_frong.jpg",https://upload.wikimedia.org/wikipedia/commons/7/70/Adidas_bag%2C_frong.jpg?utm_source=commons.wikimedia.org&utm_campaign=imageinfo&utm_content=original,https://thumb.wikimedia.org/wikipedia/commons/thumb/7/70/Adidas_bag%2C_frong.jpg/1280px-Adidas_bag%2C_frong.jpg?utm_source=commons.wikimedia.org&utm_campaign=imageinfo&utm_content=thumbnail,Juandev,CC BY-SA 3.0,https://creativecommons.org/licenses/by-sa/3.0,commons-23133650,Codex visual review of contact sheet: one identifiable target within frozen category definition,53a4a593524b2cfd,1280,1707,2026-10-07T17:18:12+08:00,Early collection; original source revision not retained; local downloaded rendition SHA-256=7afaa630da55b8f16de3651dfce8ecd40afe637870ebca47b481247d63fac161; download time recovered from original local file mtime
commons-53116195,data/raw/commons/backpack/commons-53116195.jpg,a7b4e15a9596907be3b8a6a16191c69bb7ff00340379410eaac4971ab9751ddf,9,,,commons-api,,train,approved,campus-public-expanded-v1,wikimedia_commons,53116195,https://commons.wikimedia.org/wiki/File:Mochila_Luan_santana_-_panoramio.jpg,https://upload.wikimedia.org/wikipedia/commons/3/39/Mochila_Luan_santana_-_panoramio.jpg?utm_source=commons.wikimedia.org&utm_campaign=imageinfo&utm_content=original,https://thumb.wikimedia.org/wikipedia/commons/thumb/3/39/Mochila_Luan_santana_-_panoramio.jpg/330px-Mochila_Luan_santana_-_panoramio.jpg?utm_source=commons.wikimedia.org&utm_campaign=imageinfo&utm_content=thumbnail,jacquemarques,CC BY 3.0,https://creativecommons.org/licenses/by/3.0,commons-53116195,Codex visual inspection: one clear backpack is principal,e279426978a3ad17,330,295,2026-10-07T20:00:07+08:00,Commons file timestamp=2016-11-13T10:45:05Z; source sha1=98746e7ecbcbcab6d280dd6c4f59c3339f4b8e39; requested thumbnail=330px
commons-61886491,data/raw/commons/backpack/commons-61886491.jpg,0c63c13a3faba28018ec13153e5aaea207cb8b3b017d39d580cd9ba421155c5b,9,,,commons-api,,train,approved,campus-public-expanded-v1,wikimedia_commons,61886491,https://commons.wikimedia.org/wiki/File:Andrew_Neel_2016-09-20_(Unsplash).jpg,https://upload.wikimedia.org/wikipedia/commons/d/d0/Andrew_Neel_2016-09-20_%28Unsplash%29.jpg?utm_source=commons.wikimedia.org&utm_campaign=imageinfo&utm_content=original,https://thumb.wikimedia.org/wikipedia/commons/thumb/d/d0/Andrew_Neel_2016-09-20_%28Unsplash%29.jpg/1280px-Andrew_Neel_2016-09-20_%28Unsplash%29.jpg?utm_source=commons.wikimedia.org&utm_campaign=imageinfo&utm_content=thumbnail,Andrew Neel andrewtneel,CC0,http://creativecommons.org/publicdomain/zero/1.0/deed.en,commons-61886491,Codex visual review of contact sheet: one identifiable target within frozen category definition,7b0cc1baba6616d1,1280,1920,2026-10-07T17:25:02+08:00,Early collection; original source revision not retained; local downloaded rendition SHA-256=0c63c13a3faba28018ec13153e5aaea207cb8b3b017d39d580cd9ba421155c5b; download time recovered from original local file mtime
commons-85498952,data/raw/commons/backpack/commons-85498952.png,2be4669491eaf2a4a99ee3230e79ca8a18dc0ebf659f388d48f4f37c800e640f,9,,,commons-api,,train,approved,campus-public-expanded-v1,wikimedia_commons,85498952,https://commons.wikimedia.org/wiki/File:Hadiah_Respati_WMID_Tas_Wikimedia.png,https://upload.wikimedia.org/wikipedia/commons/f/f8/Hadiah_Respati_WMID_Tas_Wikimedia.png?utm_source=commons.wikimedia.org&utm_campaign=imageinfo&utm_content=original,https://thumb.wikimedia.org/wikipedia/commons/thumb/f/f8/Hadiah_Respati_WMID_Tas_Wikimedia.png/500px-Hadiah_Respati_WMID_Tas_Wikimedia.png?utm_source=commons.wikimedia.org&utm_campaign=imageinfo&utm_content=thumbnail,Dwi Satria Utama for WMID,CC BY-SA 4.0,https://creativecommons.org/licenses/by-sa/4.0,commons-85498952,Codex visual inspection: one clearly identifiable backpack is primary,3bbc2df48cd0720b,500,667,2026-10-07T19:53:30+08:00,Commons file timestamp=2020-01-01T09:45:09Z; source sha1=1a39a29e6048b4962e89242057f22cfff91d97f0; requested thumbnail=500px
commons-37136373,data/raw/commons/backpack/commons-37136373.jpg,005ffe7f5bfdb24009355e5154826c4dc6bb5b1a2b916dad52edeb7d45743696,9,,,commons-api,,train,approved,campus-public-expanded-v1,wikimedia_commons,37136373,https://commons.wikimedia.org/wiki/File:Liviya_Bag_Light_green_with_black.jpg,https://upload.wikimedia.org/wikipedia/commons/7/71/Liviya_Bag_Light_green_with_black.jpg?utm_source=commons.wikimedia.org&utm_campaign=imageinfo&utm_content=original,https://thumb.wikimedia.org/wikipedia/commons/thumb/7/71/Liviya_Bag_Light_green_with_black.jpg/500px-Liviya_Bag_Light_green_with_black.jpg?utm_source=commons.wikimedia.org&utm_campaign=imageinfo&utm_content=thumbnail,Manoj Samani,CC BY-SA 4.0,https://creativecommons.org/licenses/by-sa/4.0,commons-37136373,Codex visual inspection: one clear backpack is principal,6ba9e4a1e4070f57,500,605,2026-10-07T19:58:27+08:00,Commons file timestamp=2014-12-04T12:29:44Z; source sha1=3605eeeff50c2eb86a89f51d52827eae9437739f; requested thumbnail=500px
commons-37136374,data/raw/commons/backpack/commons-37136374.jpg,46896471f37f99cdaea002390d8e61007038655fe6052267b89f476934b3ab05,9,,,commons-api,,train,approved,campus-public-expanded-v1,wikimedia_commons,37136374,https://commons.wikimedia.org/wiki/File:LiviyaYellow_and_Black_Circle.jpg,https://upload.wikimedia.org/wikipedia/commons/9/93/LiviyaYellow_and_Black_Circle.jpg?utm_source=commons.wikimedia.org&utm_campaign=imageinfo&utm_content=original,https://thumb.wikimedia.org/wikipedia/commons/thumb/9/93/LiviyaYellow_and_Black_Circle.jpg/500px-LiviyaYellow_and_Black_Circle.jpg?utm_source=commons.wikimedia.org&utm_campaign=imageinfo&utm_content=thumbnail,Manoj Samani,CC BY-SA 4.0,https://creativecommons.org/licenses/by-sa/4.0,commons-37136373,Codex visual inspection: one clear backpack is principal,d0ad0ce9f881a95f,500,593,2026-10-07T19:58:33+08:00,Commons file timestamp=2014-12-04T12:29:44Z; source sha1=b33e4dcd8129c3a10ec57cf4baff5dd1c903d34d; requested thumbnail=500px
commons-46405520,data/raw/commons/backpack/commons-46405520.jpg,5c214a031c15f146be945692b88b3d252e0117f79a089500a5a31b532dfa037a,9,,,commons-api,,train,approved,campus-public-expanded-v1,wikimedia_commons,46405520,https://commons.wikimedia.org/wiki/File:Hartschalenrucksack_zur_Dji_Phantom_III_Advanced_Drohne.JPG,https://upload.wikimedia.org/wikipedia/commons/a/ac/Hartschalenrucksack_zur_Dji_Phantom_III_Advanced_Drohne.JPG?utm_source=commons.wikimedia.org&utm_campaign=imageinfo&utm_content=original,https://thumb.wikimedia.org/wikipedia/commons/thumb/a/ac/Hartschalenrucksack_zur_Dji_Phantom_III_Advanced_Drohne.JPG/960px-Hartschalenrucksack_zur_Dji_Phantom_III_Advanced_Drohne.JPG?utm_source=commons.wikimedia.org&utm_campaign=imageinfo&utm_content=thumbnail,Wikimedia Deutschland,CC BY-SA 4.0,https://creativecommons.org/licenses/by-sa/4.0,commons-46405520,Codex visual inspection: one clearly identifiable backpack is primary,c1e913a94745437f,960,1449,2026-10-07T19:53:52+08:00,Commons file timestamp=2016-01-15T13:51:57Z; source sha1=c767a543ef227a921595a169a4a079b13a0733fa; requested thumbnail=960px
commons-94124791,data/raw/commons/backpack/commons-94124791.jpg,2f2a84412864f729c1bbc96187db0099666b55b995b9faa130db59c3115bdf80,9,,,commons-api,,train,approved,campus-public-expanded-v1,wikimedia_commons,94124791,https://commons.wikimedia.org/wiki/File:Karrimor_Outward_Bound_Rucksac_Back_View.jpg,https://upload.wikimedia.org/wikipedia/commons/c/c0/Karrimor_Outward_Bound_Rucksac_Back_View.jpg?utm_source=commons.wikimedia.org&utm_campaign=imageinfo&utm_content=original,https://thumb.wikimedia.org/wikipedia/commons/thumb/c/c0/Karrimor_Outward_Bound_Rucksac_Back_View.jpg/960px-Karrimor_Outward_Bound_Rucksac_Back_View.jpg?utm_source=commons.wikimedia.org&utm_campaign=imageinfo&utm_content=thumbnail,Aaronwarduk,CC BY-SA 4.0,https://creativecommons.org/licenses/by-sa/4.0,commons-94124650,Codex visual inspection: one clear backpack is principal,6ec3e4c307a1d89d,960,1148,2026-10-07T19:57:10+08:00,Commons file timestamp=2020-09-15T11:42:57Z; source sha1=de9d1eb84d4fd7284988078f796ee86bb7699a3a; requested thumbnail=960px
commons-94124650,data/raw/commons/backpack/commons-94124650.jpg,dd4526153efe8553c6e6401b82ca0bb01f06e12b23bff8293bcc30ffe4d1b22a,9,,,commons-api,,train,approved,campus-public-expanded-v1,wikimedia_commons,94124650,https://commons.wikimedia.org/wiki/File:Karrimor_Outward_Bound_Rucksac_ob1.jpg,https://upload.wikimedia.org/wikipedia/commons/4/44/Karrimor_Outward_Bound_Rucksac_ob1.jpg?utm_source=commons.wikimedia.org&utm_campaign=imageinfo&utm_content=original,https://thumb.wikimedia.org/wikipedia/commons/thumb/4/44/Karrimor_Outward_Bound_Rucksac_ob1.jpg/960px-Karrimor_Outward_Bound_Rucksac_ob1.jpg?utm_source=commons.wikimedia.org&utm_campaign=imageinfo&utm_content=thumbnail,Aaronwarduk,CC BY-SA 4.0,https://creativecommons.org/licenses/by-sa/4.0,commons-94124650,Codex visual inspection: one clear backpack is principal,f44372c18f0bd23d,960,1219,2026-10-07T19:57:21+08:00,Commons file timestamp=2020-09-15T11:37:01Z; source sha1=2aee058d685b5d711fc241de30592abbbe6bde88; requested thumbnail=960px
oi-26ab3b2dc3c7826e,data/raw/openimages/backpack/oi-26ab3b2dc3c7826e.jpg,bab4083edaff9ea51d1ee1ffd8cee67236b19f5cbd9613eee303759a030c170f,9,,,open-images-official,,train,approved,campus-public-expanded-v1,open_images,26ab3b2dc3c7826e,https://www.flickr.com/photos/codecop/8595479851,https://c7.staticflickr.com/9/8513/8595479851_29a4fd4c51_o.jpg,https://open-images-dataset.s3.amazonaws.com/test/26ab3b2dc3c7826e.jpg,Peter Kofler,https://creativecommons.org/licenses/by/2.0/,https://creativecommons.org/licenses/by/2.0/,oi-26ab3b2dc3c7826e,Codex visual inspection: one identifiable physical target within confirmed definition,67c9d63c0e62e991,1024,686,2026-10-07T18:14:39+08:00,Open Images V7 public test image / V5 human boxable labels; one non-depicted box >=25% image area
