sample_id,image_path,image_sha256,category_id,object_id,session_id,collector,captured_at,split_name,review_status,data_version,source_dataset,source_id,source_url,original_url,download_url,author,license,license_url,group_id,review_reason,phash,width,height,downloaded_at,source_version
oi-dcdbabe52cb921f4,data/raw/openimages/cup/oi-dcdbabe52cb921f4.jpg,6223dafc10399ff5793ce3c7b70a65a75cf5124a287a264d20c6c2ceca426615,0,,,open-images-official,,train,approved,campus-public-pilot-v1,open_images,dcdbabe52cb921f4,https://www.flickr.com/photos/jenumfamily/5423247351,https://farm5.staticflickr.com/5259/5423247351_47f8da85d8_o.jpg,https://open-images-dataset.s3.amazonaws.com/validation/dcdbabe52cb921f4.jpg,Jeremy Jenum,https://creativecommons.org/licenses/by/2.0/,https://creativecommons.org/licenses/by/2.0/,oi-dcdbabe52cb921f4,Codex visual inspection: one identifiable target within frozen definition,fa42032dfd7c02ad,712,1024,2026-10-07T17:51:07+08:00,Open Images V7 public validation image / V5 human boxable labels
commons-87762212,data/raw/commons/cup/commons-87762212.jpeg,f31de239b8f02b4d3c766d04ad140b0f2204ea857732d498f1deeffe0e4cb43e,0,,,commons-api,,train,approved,campus-public-pilot-v1,wikimedia_commons,87762212,https://commons.wikimedia.org/wiki/File:Bad_Day_Mug_(100032675).jpeg,https://upload.wikimedia.org/wikipedia/commons/8/8c/Bad_Day_Mug_%28100032675%29.jpeg?utm_source=commons.wikimedia.org&utm_campaign=imageinfo&utm_content=original,https://thumb.wikimedia.org/wikipedia/commons/thumb/8/8c/Bad_Day_Mug_%28100032675%29.jpeg/1280px-Bad_Day_Mug_%28100032675%29.jpeg?utm_source=commons.wikimedia.org&utm_campaign=imageinfo&utm_content=thumbnail,Luis Ezcurdia,CC BY-SA 3.0,https://creativecommons.org/licenses/by-sa/3.0,commons-87762212,Codex visual review of contact sheet: one identifiable target within frozen category definition,da9c12cc73664733,1280,851,,
oi-b31c712320a70ed1,data/raw/openimages/cup/oi-b31c712320a70ed1.jpg,da24e8f4248cccbc634055f1ce64fd96ad4ac20a9e2e4dd3dbf61f18634b4c19,0,,,open-images-official,,train,approved,campus-public-pilot-v1,open_images,b31c712320a70ed1,https://www.flickr.com/photos/vintage-aura/11818909833,https://farm2.staticflickr.com/7355/11818909833_9032d93613_o.jpg,https://open-images-dataset.s3.amazonaws.com/validation/b31c712320a70ed1.jpg,Shanaz AL,https://creativecommons.org/licenses/by/2.0/,https://creativecommons.org/licenses/by/2.0/,oi-b31c712320a70ed1,Codex visual inspection: one identifiable target within frozen definition,86861e5ed6f07929,768,768,2026-10-07T17:55:25+08:00,Open Images V7 public validation image / V5 human boxable labels
oi-a0e4f1b5b3a876fd,data/raw/openimages/cup/oi-a0e4f1b5b3a876fd.jpg,e9c2cb2335379b4d4b1d9a8768aa091ce304280302b178529a372f3c2f7481cc,0,,,open-images-official,,train,approved,campus-public-pilot-v1,open_images,a0e4f1b5b3a876fd,https://www.flickr.com/photos/ratha/383416067,https://c6.staticflickr.com/1/128/383416067_587997a7a3_o.jpg,https://open-images-dataset.s3.amazonaws.com/test/a0e4f1b5b3a876fd.jpg,Ratha Grimes,https://creativecommons.org/licenses/by/2.0/,https://creativecommons.org/licenses/by/2.0/,oi-a0e4f1b5b3a876fd,Codex visual inspection: one identifiable physical target within confirmed definition,b2269b86f3384d4b,1024,768,2026-10-07T18:10:27+08:00,Open Images V7 public test image / V5 human boxable labels; one non-depicted box >=25% image area
oi-cd7f62ec61b117b6,data/raw/openimages/cup/oi-cd7f62ec61b117b6.jpg,16454717ebef632b3b4c58e97e2539bc880bad8e4a4ed91f846b23c1cad3bc75,0,,,open-images-official,,train,approved,campus-public-pilot-v1,open_images,cd7f62ec61b117b6,https://www.flickr.com/photos/kaythaney/9445233205,https://farm7.staticflickr.com/2820/9445233205_94fd43921f_o.jpg,https://open-images-dataset.s3.amazonaws.com/validation/cd7f62ec61b117b6.jpg,kaythaney,https://creativecommons.org/licenses/by/2.0/,https://creativecommons.org/licenses/by/2.0/,oi-cd7f62ec61b117b6,Codex visual inspection: one identifiable target within frozen definition,a50a56ab2b42d27f,1024,1024,2026-10-07T17:50:28+08:00,Open Images V7 public validation image / V5 human boxable labels
oi-c347be877115df4b,data/raw/openimages/cup/oi-c347be877115df4b.jpg,57ae05d6276883c90ba43494becbedc5ad8e1a1dba752a7d21d3b6e819ffc4b6,0,,,open-images-official,,train,approved,campus-public-pilot-v1,open_images,c347be877115df4b,https://www.flickr.com/photos/clove_miminari/3464778935,https://c4.staticflickr.com/4/3517/3464778935_4bb323d6c5_o.jpg,https://open-images-dataset.s3.amazonaws.com/test/c347be877115df4b.jpg,mimi nari,https://creativecommons.org/licenses/by/2.0/,https://creativecommons.org/licenses/by/2.0/,oi-c347be877115df4b,Codex visual inspection: one identifiable target within frozen definition,9bf094b46e036b1b,768,1024,2026-10-07T18:04:36+08:00,Open Images V7 public test image / V5 human boxable labels; one non-depicted box >=25% image area
oi-afaf8927dde6af1d,data/raw/openimages/cup/oi-afaf8927dde6af1d.jpg,1a0107902c9f2dea5251b9626360ee8fc6ac3328efbee50c0bbab23e55ef702a,0,,,open-images-official,,train,approved,campus-public-pilot-v1,open_images,afaf8927dde6af1d,https://www.flickr.com/photos/aloha75/9539249566,https://c6.staticflickr.com/3/2868/9539249566_2119a8f950_o.jpg,https://open-images-dataset.s3.amazonaws.com/test/afaf8927dde6af1d.jpg,Sam Howzit,https://creativecommons.org/licenses/by/2.0/,https://creativecommons.org/licenses/by/2.0/,oi-afaf8927dde6af1d,Codex visual inspection: one identifiable physical target within confirmed definition,52b4695385937a6d,683,1024,2026-10-07T18:11:00+08:00,Open Images V7 public test image / V5 human boxable labels; one non-depicted box >=25% image area
oi-7e956a04c4e6f886,data/raw/openimages/cup/oi-7e956a04c4e6f886.jpg,f9c33ee9c50f2b5951af7f99f90cd4c7cfd85b0a9561ec68cfa3b457356440dd,0,,,open-images-official,,train,approved,campus-public-pilot-v1,open_images,7e956a04c4e6f886,https://www.flickr.com/photos/euacreditava/7844082872,https://farm7.staticflickr.com/8285/7844082872_5edbc3b1f9_o.jpg,https://open-images-dataset.s3.amazonaws.com/test/7e956a04c4e6f886.jpg,Cássia Afini,https://creativecommons.org/licenses/by/2.0/,https://creativecommons.org/licenses/by/2.0/,oi-7e956a04c4e6f886,Codex visual inspection: one identifiable physical target within confirmed definition,564d2cacf03e0bd3,1024,1024,2026-10-07T18:08:07+08:00,Open Images V7 public test image / V5 human boxable labels; one non-depicted box >=25% image area
oi-12ae3e29de392848,data/raw/openimages/cup/oi-12ae3e29de392848.jpg,ab401fd639f19758e8855c3a2ab41ba2b48d6acdca140053849057244032ae81,0,,,open-images-official,,train,approved,campus-public-pilot-v1,open_images,12ae3e29de392848,https://www.flickr.com/photos/45696337@N05/19876346010,https://c1.staticflickr.com/1/523/19876346010_502db1fd4b_o.jpg,https://open-images-dataset.s3.amazonaws.com/test/12ae3e29de392848.jpg,Gustavo La Rotta Amaya,https://creativecommons.org/licenses/by/2.0/,https://creativecommons.org/licenses/by/2.0/,oi-12ae3e29de392848,Codex visual inspection: one identifiable target within frozen definition,bcad96466998c935,1024,740,2026-10-07T18:04:03+08:00,Open Images V7 public test image / V5 human boxable labels; one non-depicted box >=25% image area
oi-bff7108553d5ca53,data/raw/openimages/cup/oi-bff7108553d5ca53.jpg,340ba869e7e3753a69d48ef16dec829a096d9883c4a081d93557ad2386ef6087,0,,,open-images-official,,train,approved,campus-public-pilot-v1,open_images,bff7108553d5ca53,https://www.flickr.com/photos/tschiae/8666057433,https://farm4.staticflickr.com/8255/8666057433_62a386804c_o.jpg,https://open-images-dataset.s3.amazonaws.com/test/bff7108553d5ca53.jpg,Markus Grossalber,https://creativecommons.org/licenses/by/2.0/,https://creativecommons.org/licenses/by/2.0/,oi-bff7108553d5ca53,Codex visual inspection: one identifiable physical target within confirmed definition,f336a3e00986e679,1024,972,2026-10-07T18:13:55+08:00,Open Images V7 public test image / V5 human boxable labels; one non-depicted box >=25% image area
oi-f864f023cb5cf02d,data/raw/openimages/cup/oi-f864f023cb5cf02d.jpg,1c64a182b807f1d28560f92e64c02c2d1536eff133c5aae95dfbc055ede65777,0,,,open-images-official,,train,approved,campus-public-pilot-v1,open_images,f864f023cb5cf02d,https://www.flickr.com/photos/bridgmanpottery/156523303,https://c6.staticflickr.com/1/45/156523303_2f6833b4b3_o.jpg,https://open-images-dataset.s3.amazonaws.com/test/f864f023cb5cf02d.jpg,Melissa Bridgman,https://creativecommons.org/licenses/by/2.0/,https://creativecommons.org/licenses/by/2.0/,oi-f864f023cb5cf02d,Codex visual inspection: one identifiable physical target within confirmed definition,b666b6cc9b3c6821,1024,683,2026-10-07T18:05:43+08:00,Open Images V7 public test image / V5 human boxable labels; one non-depicted box >=25% image area
oi-b71a63b9c3a6bde3,data/raw/openimages/cup/oi-b71a63b9c3a6bde3.jpg,7e1e947275e8cf51b448bd2eb370c8b176b32973ab4d8d9daf8401d54c180728,0,,,open-images-official,,train,approved,campus-public-pilot-v1,open_images,b71a63b9c3a6bde3,https://www.flickr.com/photos/124594841@N03/14446402422,https://farm4.staticflickr.com/3851/14446402422_27a4863f03_o.jpg,https://open-images-dataset.s3.amazonaws.com/test/b71a63b9c3a6bde3.jpg,Dominic Melton,https://creativecommons.org/licenses/by/2.0/,https://creativecommons.org/licenses/by/2.0/,oi-b71a63b9c3a6bde3,Codex visual inspection: one identifiable physical target within confirmed definition,688a89d0c7bd672d,1024,681,2026-10-07T18:12:23+08:00,Open Images V7 public test image / V5 human boxable labels; one non-depicted box >=25% image area
commons-18673206,data/raw/commons/cup/commons-18673206.jpg,9694495ca9e9bcf874b9f1d064def279070e6e46411131f92d98def5a78ff589,0,,,commons-api,,train,approved,campus-public-pilot-v1,wikimedia_commons,18673206,https://commons.wikimedia.org/wiki/File:Children%27s_art_about_the_MDGs.JPG,https://upload.wikimedia.org/wikipedia/commons/c/cd/Children%27s_art_about_the_MDGs.JPG?utm_source=commons.wikimedia.org&utm_campaign=imageinfo&utm_content=original,https://thumb.wikimedia.org/wikipedia/commons/thumb/c/cd/Children%27s_art_about_the_MDGs.JPG/1280px-Children%27s_art_about_the_MDGs.JPG?utm_source=commons.wikimedia.org&utm_campaign=imageinfo&utm_content=thumbnail,Development education,CC BY-SA 3.0,https://creativecommons.org/licenses/by-sa/3.0,commons-18673206,Codex visual review of contact sheet: one identifiable target within frozen category definition,027e63024d6fecab,1280,853,,
commons-18673211,data/raw/commons/cup/commons-18673211.jpg,2b8e839de3f3575334cb3c698ba4210aed4e2f3f521c5e43bd100402a8796c47,0,,,commons-api,,train,approved,campus-public-pilot-v1,wikimedia_commons,18673211,https://commons.wikimedia.org/wiki/File:Children%27s_art_relating_to_the_8th_MDG.JPG,https://upload.wikimedia.org/wikipedia/commons/1/13/Children%27s_art_relating_to_the_8th_MDG.JPG?utm_source=commons.wikimedia.org&utm_campaign=imageinfo&utm_content=original,https://thumb.wikimedia.org/wikipedia/commons/thumb/1/13/Children%27s_art_relating_to_the_8th_MDG.JPG/1280px-Children%27s_art_relating_to_the_8th_MDG.JPG?utm_source=commons.wikimedia.org&utm_campaign=imageinfo&utm_content=thumbnail,Development education,CC BY-SA 3.0,https://creativecommons.org/licenses/by-sa/3.0,commons-18673206,Codex visual review of contact sheet: one identifiable target within frozen category definition,ccac263239e7838f,1280,853,,
commons-18673213,data/raw/commons/cup/commons-18673213.jpg,08171632f86f32900d38351a1401d88598cfa8f4403ec1fbfd047097e882a8ef,0,,,commons-api,,train,approved,campus-public-pilot-v1,wikimedia_commons,18673213,https://commons.wikimedia.org/wiki/File:Children%27s_art_relation_to_the_MDGs.JPG,https://upload.wikimedia.org/wikipedia/commons/5/59/Children%27s_art_relation_to_the_MDGs.JPG?utm_source=commons.wikimedia.org&utm_campaign=imageinfo&utm_content=original,https://thumb.wikimedia.org/wikipedia/commons/thumb/5/59/Children%27s_art_relation_to_the_MDGs.JPG/1280px-Children%27s_art_relation_to_the_MDGs.JPG?utm_source=commons.wikimedia.org&utm_campaign=imageinfo&utm_content=thumbnail,Development education,CC BY-SA 3.0,https://creativecommons.org/licenses/by-sa/3.0,commons-18673206,Codex visual review of contact sheet: one identifiable target within frozen category definition,d3f2872f36324b81,1280,853,,
oi-ed52f03ad1a8ef84,data/raw/openimages/cup/oi-ed52f03ad1a8ef84.jpg,2105a7b640ee6a2ec41fbf5abfb642ac95d9f4547f420b4c8c0add3a304f274e,0,,,open-images-official,,train,approved,campus-public-pilot-v1,open_images,ed52f03ad1a8ef84,https://www.flickr.com/photos/61192399@N04/10874878613,https://farm5.staticflickr.com/3792/10874878613_90f36db8d1_o.jpg,https://open-images-dataset.s3.amazonaws.com/validation/ed52f03ad1a8ef84.jpg,Katie,https://creativecommons.org/licenses/by/2.0/,https://creativecommons.org/licenses/by/2.0/,oi-ed52f03ad1a8ef84,Codex visual inspection: one identifiable target within frozen definition,29d6a3b2355acc87,758,1024,2026-10-07T17:53:23+08:00,Open Images V7 public validation image / V5 human boxable labels
oi-e12d3e0517297b73,data/raw/openimages/cup/oi-e12d3e0517297b73.jpg,fd5a11a16eff4c3888c1b110fd58cda77648804ad037a16025094659029b786f,0,,,open-images-official,,train,approved,campus-public-pilot-v1,open_images,e12d3e0517297b73,https://www.flickr.com/photos/darioalvarez/13331653244,https://farm4.staticflickr.com/7371/13331653244_bda2f7fba9_o.jpg,https://open-images-dataset.s3.amazonaws.com/validation/e12d3e0517297b73.jpg,Dario Alvarez,https://creativecommons.org/licenses/by/2.0/,https://creativecommons.org/licenses/by/2.0/,oi-e12d3e0517297b73,Codex visual inspection: one identifiable target within frozen definition,d6f4878705787847,1024,1024,2026-10-07T17:46:45+08:00,Open Images V7 public validation image / V5 human boxable labels
oi-e6da0447cf622db3,data/raw/openimages/cup/oi-e6da0447cf622db3.jpg,351e2e1b046b9aea97182d277a6053529d9d8f8694a97c16d2a9e85680a56194,0,,,open-images-official,,train,approved,campus-public-pilot-v1,open_images,e6da0447cf622db3,https://www.flickr.com/photos/wstryder/7388081530,https://farm4.staticflickr.com/7084/7388081530_f39bd8088d_o.jpg,https://open-images-dataset.s3.amazonaws.com/test/e6da0447cf622db3.jpg,Lauri Rantala,https://creativecommons.org/licenses/by/2.0/,https://creativecommons.org/licenses/by/2.0/,oi-e6da0447cf622db3,Codex visual inspection: one identifiable target within frozen definition,e4164836b9ad875b,1024,683,2026-10-07T18:03:49+08:00,Open Images V7 public test image / V5 human boxable labels; one non-depicted box >=25% image area
oi-999bcc0c129d4f79,data/raw/openimages/cup/oi-999bcc0c129d4f79.jpg,b994e922f1baa49bf37aff9af5b0f4bbbcd15f107cd2fc79478e9da846bc428b,0,,,open-images-official,,train,approved,campus-public-pilot-v1,open_images,999bcc0c129d4f79,https://www.flickr.com/photos/dylan20/5713124839,https://c2.staticflickr.com/4/3168/5713124839_1890ec1b84_o.jpg,https://open-images-dataset.s3.amazonaws.com/test/999bcc0c129d4f79.jpg,Dylan Tweney,https://creativecommons.org/licenses/by/2.0/,https://creativecommons.org/licenses/by/2.0/,oi-999bcc0c129d4f79,Codex visual inspection: one identifiable target within frozen definition,adf0b5074676a88b,1024,1024,2026-10-07T18:03:53+08:00,Open Images V7 public test image / V5 human boxable labels; one non-depicted box >=25% image area
commons-37316229,data/raw/commons/cup/commons-37316229.jpg,1a55fc186c427fc8ef131ed6ea5b4279d28666e68ea5067588b2d338b8f11a83,0,,,commons-api,,train,approved,campus-public-pilot-v1,wikimedia_commons,37316229,https://commons.wikimedia.org/wiki/File:Donut_et_caf%C3%A9_avant_la_pause_d%C3%A9j_(5120397540).jpg,https://upload.wikimedia.org/wikipedia/commons/c/c3/Donut_et_caf%C3%A9_avant_la_pause_d%C3%A9j_%285120397540%29.jpg?utm_source=commons.wikimedia.org&utm_campaign=imageinfo&utm_content=original,https://thumb.wikimedia.org/wikipedia/commons/thumb/c/c3/Donut_et_caf%C3%A9_avant_la_pause_d%C3%A9j_%285120397540%29.jpg/1280px-Donut_et_caf%C3%A9_avant_la_pause_d%C3%A9j_%285120397540%29.jpg?utm_source=commons.wikimedia.org&utm_campaign=imageinfo&utm_content=thumbnail,"Guillaume Capron from Issy les Moulineaux, France",CC BY-SA 2.0,https://creativecommons.org/licenses/by-sa/2.0,commons-37316229,Codex visual review of contact sheet: one identifiable target within frozen category definition,66c3d36a2191f879,1280,960,,
oi-e68fdc0e1599c679,data/raw/openimages/cup/oi-e68fdc0e1599c679.jpg,b0c7fdf0d3a91679fb37898d6ff7d25f1860b9532ca26eea96345d454f91c93b,0,,,open-images-official,,train,approved,campus-public-pilot-v1,open_images,e68fdc0e1599c679,https://www.flickr.com/photos/23927132@N05/2367999358,https://c2.staticflickr.com/3/2211/2367999358_6093d200bb_o.jpg,https://open-images-dataset.s3.amazonaws.com/test/e68fdc0e1599c679.jpg,Benjamin Thomas,https://creativecommons.org/licenses/by/2.0/,https://creativecommons.org/licenses/by/2.0/,oi-e68fdc0e1599c679,Codex visual inspection: one identifiable physical target within confirmed definition,c67934631c19c33f,1024,683,2026-10-07T18:09:21+08:00,Open Images V7 public test image / V5 human boxable labels; one non-depicted box >=25% image area
oi-0ea1549299380eec,data/raw/openimages/cup/oi-0ea1549299380eec.jpg,360fbf1601b1824532072a96e882627548c84e5378420d44d1ee3dd74b75dc45,0,,,open-images-official,,train,approved,campus-public-pilot-v1,open_images,0ea1549299380eec,https://www.flickr.com/photos/thesaleswhisperer/8745073815,https://c5.staticflickr.com/9/8116/8745073815_b8d4308464_o.jpg,https://open-images-dataset.s3.amazonaws.com/test/0ea1549299380eec.jpg,Wes Schaeffer,https://creativecommons.org/licenses/by/2.0/,https://creativecommons.org/licenses/by/2.0/,oi-0ea1549299380eec,Codex visual inspection: one identifiable physical target within confirmed definition,271dd14d336334d9,1024,1024,2026-10-07T18:06:58+08:00,Open Images V7 public test image / V5 human boxable labels; one non-depicted box >=25% image area
oi-7331dc00776c06a3,data/raw/openimages/cup/oi-7331dc00776c06a3.jpg,4f5af29d06d80bb1241707f47b3e94ee71873b9a753ae1db64225d2c6a1d8f58,0,,,open-images-official,,train,approved,campus-public-pilot-v1,open_images,7331dc00776c06a3,https://www.flickr.com/photos/jimwolffman/6435711437,https://farm4.staticflickr.com/7022/6435711437_258ee64571_o.jpg,https://open-images-dataset.s3.amazonaws.com/test/7331dc00776c06a3.jpg,Jim Wolff,https://creativecommons.org/licenses/by/2.0/,https://creativecommons.org/licenses/by/2.0/,oi-7331dc00776c06a3,Codex visual inspection: one identifiable physical target within confirmed definition,16f0d1b246d2ba2f,1024,1024,2026-10-07T18:06:42+08:00,Open Images V7 public test image / V5 human boxable labels; one non-depicted box >=25% image area
commons-197215241,data/raw/commons/cup/commons-197215241.jpg,29acb64b13b14cf928029a546cbb9f8651cd99c718d5bfacea73a369659b40b5,0,,,commons-api,,train,approved,campus-public-pilot-v1,wikimedia_commons,197215241,https://commons.wikimedia.org/wiki/File:A_white_mug_sits_on_open_books_beside_a_window.jpg,https://upload.wikimedia.org/wikipedia/commons/d/d9/A_white_mug_sits_on_open_books_beside_a_window.jpg?utm_source=commons.wikimedia.org&utm_campaign=imageinfo&utm_content=original,https://thumb.wikimedia.org/wikipedia/commons/thumb/d/d9/A_white_mug_sits_on_open_books_beside_a_window.jpg/1280px-A_white_mug_sits_on_open_books_beside_a_window.jpg?utm_source=commons.wikimedia.org&utm_campaign=imageinfo&utm_content=thumbnail,Shixart1985,CC BY 2.0,https://creativecommons.org/licenses/by/2.0,commons-197215241,Codex visual review of contact sheet: one identifiable target within frozen category definition,6ae19c6325dcdb03,1280,1917,,
oi-a234b17c1813407c,data/raw/openimages/cup/oi-a234b17c1813407c.jpg,564f94f529a73eb7de44756dc5c22774f15576639ed2a592cee9a0c7296277f9,0,,,open-images-official,,train,approved,campus-public-pilot-v1,open_images,a234b17c1813407c,https://www.flickr.com/photos/clownfish/12580109095,https://c5.staticflickr.com/3/2836/12580109095_4930f09414_o.jpg,https://open-images-dataset.s3.amazonaws.com/validation/a234b17c1813407c.jpg,Mike Spasoff,https://creativecommons.org/licenses/by/2.0/,https://creativecommons.org/licenses/by/2.0/,oi-a234b17c1813407c,Codex visual inspection: one identifiable target within frozen definition,73266b5e89b0b689,768,1024,2026-10-07T17:51:37+08:00,Open Images V7 public validation image / V5 human boxable labels
oi-b322d0102768fb7f,data/raw/openimages/cup/oi-b322d0102768fb7f.jpg,0b9fad48ce8b5d372148f8d99beed94cb30db252b58b36c84e1179284ecc1920,0,,,open-images-official,,train,approved,campus-public-pilot-v1,open_images,b322d0102768fb7f,https://www.flickr.com/photos/visitmelbourne/15047084231,https://c8.staticflickr.com/6/5559/15047084231_2535d803b1_o.jpg,https://open-images-dataset.s3.amazonaws.com/test/b322d0102768fb7f.jpg,Tourism Victoria,https://creativecommons.org/licenses/by/2.0/,https://creativecommons.org/licenses/by/2.0/,oi-b322d0102768fb7f,Codex visual inspection: one identifiable physical target within confirmed definition,e1d94f2c04f2ba59,1024,768,2026-10-07T18:10:55+08:00,Open Images V7 public test image / V5 human boxable labels; one non-depicted box >=25% image area
oi-c1f5cd6f7afd96ab,data/raw/openimages/cup/oi-c1f5cd6f7afd96ab.jpg,ae3bd7b009b7c20372b51b982ab457e03d1d97b4787688e1605b2b38c468dba5,0,,,open-images-official,,train,approved,campus-public-pilot-v1,open_images,c1f5cd6f7afd96ab,https://www.flickr.com/photos/pviojoenchile/3740788418,https://c4.staticflickr.com/3/2480/3740788418_d8d99388cb_o.jpg,https://open-images-dataset.s3.amazonaws.com/test/c1f5cd6f7afd96ab.jpg,Pablo Viojo,https://creativecommons.org/licenses/by/2.0/,https://creativecommons.org/licenses/by/2.0/,oi-c1f5cd6f7afd96ab,Codex visual inspection: one identifiable target within frozen definition,3c2d3c65f80dc2b3,1024,768,2026-10-07T18:04:44+08:00,Open Images V7 public test image / V5 human boxable labels; one non-depicted box >=25% image area
commons-101216081,data/raw/commons/cup/commons-101216081.jpg,4cebeed979634c5d832308b521d0026070429b3b182ae2a15bddbf91f7d49a13,0,,,commons-api,,train,approved,campus-public-pilot-v1,wikimedia_commons,101216081,https://commons.wikimedia.org/wiki/File:2021-02-14_12-37-51_ILCE-7C_DSC02877_DxO_(51014283441).jpg,https://upload.wikimedia.org/wikipedia/commons/1/1e/2021-02-14_12-37-51_ILCE-7C_DSC02877_DxO_%2851014283441%29.jpg?utm_source=commons.wikimedia.org&utm_campaign=imageinfo&utm_content=original,https://thumb.wikimedia.org/wikipedia/commons/thumb/1/1e/2021-02-14_12-37-51_ILCE-7C_DSC02877_DxO_%2851014283441%29.jpg/1280px-2021-02-14_12-37-51_ILCE-7C_DSC02877_DxO_%2851014283441%29.jpg?utm_source=commons.wikimedia.org&utm_campaign=imageinfo&utm_content=thumbnail,"Miguel Discart from Bruxelles, Belgique",CC BY-SA 2.0,https://creativecommons.org/licenses/by-sa/2.0,commons-101216081,Codex visual review of contact sheet: one identifiable target within frozen category definition,1c6039dafe7603a9,1280,1886,,
commons-177385086,data/raw/commons/cup/commons-177385086.jpg,8247fd0633ff306b2d243ace21ccddf58bada2cc705ce4c5173a0aa7f26f9ba8,0,,,commons-api,,train,approved,campus-public-pilot-v1,wikimedia_commons,177385086,https://commons.wikimedia.org/wiki/File:Coffee_cup_in_the_morning_%F0%9F%8C%84.jpg,https://upload.wikimedia.org/wikipedia/commons/f/f6/Coffee_cup_in_the_morning_%F0%9F%8C%84.jpg?utm_source=commons.wikimedia.org&utm_campaign=imageinfo&utm_content=original,https://thumb.wikimedia.org/wikipedia/commons/thumb/f/f6/Coffee_cup_in_the_morning_%F0%9F%8C%84.jpg/1280px-Coffee_cup_in_the_morning_%F0%9F%8C%84.jpg?utm_source=commons.wikimedia.org&utm_campaign=imageinfo&utm_content=thumbnail,Jothisettu,CC0,http://creativecommons.org/publicdomain/zero/1.0/deed.en,commons-177385086,Codex visual review of contact sheet: one identifiable target within frozen category definition,fc7035ad421b29c7,1280,1700,,
oi-1df6e430c821910b,data/raw/openimages/cup/oi-1df6e430c821910b.jpg,3a3592a2acaf450ff96291c0f6d021ec0ca8d70cd7585cfa06340fdf09410f3c,0,,,open-images-official,,train,approved,campus-public-pilot-v1,open_images,1df6e430c821910b,https://www.flickr.com/photos/pepemartin/8044306354,https://c4.staticflickr.com/9/8442/8044306354_2d571f0fb8_o.jpg,https://open-images-dataset.s3.amazonaws.com/test/1df6e430c821910b.jpg,Pepe Martin (Mário José Martins),https://creativecommons.org/licenses/by/2.0/,https://creativecommons.org/licenses/by/2.0/,oi-1df6e430c821910b,Codex visual inspection: one identifiable target within frozen definition,d22753363bd8cc43,1024,768,2026-10-07T18:03:44+08:00,Open Images V7 public test image / V5 human boxable labels; one non-depicted box >=25% image area
oi-b8ab60e81b8b3ab3,data/raw/openimages/cup/oi-b8ab60e81b8b3ab3.jpg,d911a1ac6a1d4ec530ce1322771bfbb630949c0872230509bb76ee7d0237143d,0,,,open-images-official,,train,approved,campus-public-pilot-v1,open_images,b8ab60e81b8b3ab3,https://www.flickr.com/photos/larryontheprairie/21423612159/,https://farm4.staticflickr.com/5674/21423612159_f950ae67b6_o.jpg,https://open-images-dataset.s3.amazonaws.com/test/b8ab60e81b8b3ab3.jpg,larryontheprairie,https://creativecommons.org/licenses/by/2.0/,https://creativecommons.org/licenses/by/2.0/,oi-b8ab60e81b8b3ab3,Codex visual inspection: one identifiable physical target within confirmed definition,56100febf37e0b03,768,895,2026-10-07T18:09:39+08:00,Open Images V7 public test image / V5 human boxable labels; one non-depicted box >=25% image area
oi-5e7860330b1ce233,data/raw/openimages/cup/oi-5e7860330b1ce233.jpg,85e837dd4cba662e19873b0587ee1733e449f1fe19b46a84a8df412c2c51aaf9,0,,,open-images-official,,train,approved,campus-public-pilot-v1,open_images,5e7860330b1ce233,https://www.flickr.com/photos/scottfeldstein/421413768,https://farm4.staticflickr.com/183/421413768_5527889fb5_o.jpg,https://open-images-dataset.s3.amazonaws.com/validation/5e7860330b1ce233.jpg,scott feldstein,https://creativecommons.org/licenses/by/2.0/,https://creativecommons.org/licenses/by/2.0/,oi-5e7860330b1ce233,Codex visual inspection: one identifiable target within frozen definition,1907d3ac679a1967,1024,681,2026-10-07T17:45:23+08:00,Open Images V7 public validation image / V5 human boxable labels
oi-27e46f5f25ce1d6a,data/raw/openimages/cup/oi-27e46f5f25ce1d6a.jpg,d21b1c3435ad6333b9d3493c07f6134a8b228fa2d8ca330edc80549181aff751,0,,,open-images-official,,train,approved,campus-public-pilot-v1,open_images,27e46f5f25ce1d6a,https://www.flickr.com/photos/ryusuke/473190502,https://c3.staticflickr.com/1/189/473190502_1a74993855_o.jpg,https://open-images-dataset.s3.amazonaws.com/test/27e46f5f25ce1d6a.jpg,Ryusuke,https://creativecommons.org/licenses/by/2.0/,https://creativecommons.org/licenses/by/2.0/,oi-27e46f5f25ce1d6a,Codex visual inspection: one identifiable physical target within confirmed definition,03af0f2cfcd940ad,1024,768,2026-10-07T18:09:25+08:00,Open Images V7 public test image / V5 human boxable labels; one non-depicted box >=25% image area
oi-1e6104d5518cb3f9,data/raw/openimages/cup/oi-1e6104d5518cb3f9.jpg,fea429dafbfca86bc1799aaf7b2c48156ebd37ce8533598eb3b5a398f2efac19,0,,,open-images-official,,train,approved,campus-public-pilot-v1,open_images,1e6104d5518cb3f9,https://www.flickr.com/photos/46695600@N03/6641737061,https://c2.staticflickr.com/8/7169/6641737061_0ea0bbb63c_o.jpg,https://open-images-dataset.s3.amazonaws.com/validation/1e6104d5518cb3f9.jpg,mi),https://creativecommons.org/licenses/by/2.0/,https://creativecommons.org/licenses/by/2.0/,oi-1e6104d5518cb3f9,Codex visual inspection: one identifiable target within frozen definition,2ff52356f09242e3,1024,1024,2026-10-07T17:47:29+08:00,Open Images V7 public validation image / V5 human boxable labels
commons-97134894,data/raw/commons/cup/commons-97134894.jpg,89cb7ce42a410dc627bf4982763fa461bf979ec2c1426b93951f36318e04f770,0,,,commons-api,,train,approved,campus-public-pilot-v1,wikimedia_commons,97134894,https://commons.wikimedia.org/wiki/File:A_mug_with_Ogham_letters_-_Tasse_mit_Ogham-Zeichen.jpg,https://upload.wikimedia.org/wikipedia/commons/4/46/A_mug_with_Ogham_letters_-_Tasse_mit_Ogham-Zeichen.jpg?utm_source=commons.wikimedia.org&utm_campaign=imageinfo&utm_content=original,https://thumb.wikimedia.org/wikipedia/commons/thumb/4/46/A_mug_with_Ogham_letters_-_Tasse_mit_Ogham-Zeichen.jpg/1280px-A_mug_with_Ogham_letters_-_Tasse_mit_Ogham-Zeichen.jpg?utm_source=commons.wikimedia.org&utm_campaign=imageinfo&utm_content=thumbnail,Runologe,CC BY 4.0,https://creativecommons.org/licenses/by/4.0,commons-97134894,Codex visual review of contact sheet: one identifiable target within frozen category definition,4cac2cf4b47a7c83,1280,1423,,
commons-120419084,data/raw/commons/cup/commons-120419084.jpg,26f24d9096a304180a5395a8d3d4bc00756a5bf181dbd61cf5e08a4e3ce18487,0,,,commons-api,,train,approved,campus-public-pilot-v1,wikimedia_commons,120419084,https://commons.wikimedia.org/wiki/File:A_mug.jpg,https://upload.wikimedia.org/wikipedia/commons/8/8f/A_mug.jpg?utm_source=commons.wikimedia.org&utm_campaign=imageinfo&utm_content=original,https://thumb.wikimedia.org/wikipedia/commons/thumb/8/8f/A_mug.jpg/1280px-A_mug.jpg?utm_source=commons.wikimedia.org&utm_campaign=imageinfo&utm_content=thumbnail,Taoheedah,CC BY-SA 4.0,https://creativecommons.org/licenses/by-sa/4.0,commons-120419084,Codex visual review of contact sheet: one identifiable target within frozen category definition,73717edc94216863,1280,1707,,
oi-780a4baa7c50d6e8,data/raw/openimages/cup/oi-780a4baa7c50d6e8.jpg,49361b835e965cdfc0ad9f163ca97c57729fa20b4c87cfed83e507f610e8e21e,0,,,open-images-official,,train,approved,campus-public-pilot-v1,open_images,780a4baa7c50d6e8,https://www.flickr.com/photos/pixel-sallo/16122341715,https://c1.staticflickr.com/9/8595/16122341715_ef086fe339_o.jpg,https://open-images-dataset.s3.amazonaws.com/validation/780a4baa7c50d6e8.jpg,Stefan Salich,https://creativecommons.org/licenses/by/2.0/,https://creativecommons.org/licenses/by/2.0/,oi-780a4baa7c50d6e8,Codex visual inspection: one identifiable target within frozen definition,2798c8632f9c99e3,682,1024,2026-10-07T17:45:21+08:00,Open Images V7 public validation image / V5 human boxable labels
oi-d5bbc03da4938635,data/raw/openimages/cup/oi-d5bbc03da4938635.jpg,d263f66d10bb81126ea25c8f5dbee91f4f3ccb4cc95d3a0e1dd9a44ffb97f247,0,,,open-images-official,,train,approved,campus-public-pilot-v1,open_images,d5bbc03da4938635,https://www.flickr.com/photos/midorisyu/2892843017,https://farm6.staticflickr.com/3250/2892843017_ddf600b7af_o.jpg,https://open-images-dataset.s3.amazonaws.com/test/d5bbc03da4938635.jpg,midorisyu,https://creativecommons.org/licenses/by/2.0/,https://creativecommons.org/licenses/by/2.0/,oi-d5bbc03da4938635,Codex visual inspection: one identifiable physical target within confirmed definition,cc640e6e3333cdc3,1024,768,2026-10-07T18:05:41+08:00,Open Images V7 public test image / V5 human boxable labels; one non-depicted box >=25% image area
oi-4ef03696007ad64f,data/raw/openimages/cup/oi-4ef03696007ad64f.jpg,365d903b56312f0c2efa54f3d36f6f8322296aecabf0b52687c4ed4f43c14ef3,0,,,open-images-official,,train,approved,campus-public-pilot-v1,open_images,4ef03696007ad64f,https://www.flickr.com/photos/pheezy/19770249723,https://c8.staticflickr.com/1/255/19770249723_925bca1d26_o.jpg,https://open-images-dataset.s3.amazonaws.com/test/4ef03696007ad64f.jpg,evan p. cordes,https://creativecommons.org/licenses/by/2.0/,https://creativecommons.org/licenses/by/2.0/,oi-4ef03696007ad64f,Codex visual inspection: one identifiable physical target within confirmed definition,dee63cb4f910e061,1024,1024,2026-10-07T18:13:05+08:00,Open Images V7 public test image / V5 human boxable labels; one non-depicted box >=25% image area
commons-96352216,data/raw/commons/cup/commons-96352216.jpg,21a572c8a6c03c8f8fd765e96c62757ab60a908d7f1a8f03f9156434d1ebff7d,0,,,commons-api,,train,approved,campus-public-pilot-v1,wikimedia_commons,96352216,https://commons.wikimedia.org/wiki/File:Battle_of_the_Nile_Mug.jpg,https://upload.wikimedia.org/wikipedia/commons/8/8e/Battle_of_the_Nile_Mug.jpg?utm_source=commons.wikimedia.org&utm_campaign=imageinfo&utm_content=original,https://thumb.wikimedia.org/wikipedia/commons/thumb/8/8e/Battle_of_the_Nile_Mug.jpg/1280px-Battle_of_the_Nile_Mug.jpg?utm_source=commons.wikimedia.org&utm_campaign=imageinfo&utm_content=thumbnail,Catlemur,CC BY-SA 4.0,https://creativecommons.org/licenses/by-sa/4.0,commons-96352216,Codex visual review of contact sheet: one identifiable target within frozen category definition,2941b64f1da2c97b,1280,1707,,
oi-4e719f59d2411d9b,data/raw/openimages/cup/oi-4e719f59d2411d9b.jpg,323e47a3e5d20630603078e7c83b5cb4897e754859911e6ee32198cf97658a1d,0,,,open-images-official,,train,approved,campus-public-pilot-v1,open_images,4e719f59d2411d9b,https://www.flickr.com/photos/woolgenie/16808739051,https://c4.staticflickr.com/9/8660/16808739051_a7338f9155_o.jpg,https://open-images-dataset.s3.amazonaws.com/test/4e719f59d2411d9b.jpg,Heather,https://creativecommons.org/licenses/by/2.0/,https://creativecommons.org/licenses/by/2.0/,oi-4e719f59d2411d9b,Codex visual inspection: one identifiable physical target within confirmed definition,344c4cd0b336c3fd,1024,683,2026-10-07T18:13:11+08:00,Open Images V7 public test image / V5 human boxable labels; one non-depicted box >=25% image area
oi-9e66e9a2bbc72972,data/raw/openimages/cup/oi-9e66e9a2bbc72972.jpg,1b6d4c59d648a9537dc057067551c7d6c9f47ce3784698e429ac66b979da0ef1,0,,,open-images-official,,train,approved,campus-public-pilot-v1,open_images,9e66e9a2bbc72972,https://www.flickr.com/photos/adselwood/3155462396,https://farm3.staticflickr.com/3249/3155462396_b2a2316f20_o.jpg,https://open-images-dataset.s3.amazonaws.com/test/9e66e9a2bbc72972.jpg,Adam Selwood,https://creativecommons.org/licenses/by/2.0/,https://creativecommons.org/licenses/by/2.0/,oi-9e66e9a2bbc72972,Codex visual inspection: one identifiable target within frozen definition,6993cc5b5be1340d,1024,683,2026-10-07T18:04:10+08:00,Open Images V7 public test image / V5 human boxable labels; one non-depicted box >=25% image area
oi-81f1bf204d4edf0b,data/raw/openimages/cup/oi-81f1bf204d4edf0b.jpg,4b7e551b6f3e2617dcc03fe5157d95240ad4999e444e1f4610659cd0818d4cfb,0,,,open-images-official,,train,approved,campus-public-pilot-v1,open_images,81f1bf204d4edf0b,https://www.flickr.com/photos/iruben/4341685688,https://c4.staticflickr.com/5/4058/4341685688_afcde4226d_o.jpg,https://open-images-dataset.s3.amazonaws.com/test/81f1bf204d4edf0b.jpg,iRubén,https://creativecommons.org/licenses/by/2.0/,https://creativecommons.org/licenses/by/2.0/,oi-81f1bf204d4edf0b,Codex visual inspection: one identifiable physical target within confirmed definition,dc976c6c2309b29d,1024,1024,2026-10-07T18:14:05+08:00,Open Images V7 public test image / V5 human boxable labels; one non-depicted box >=25% image area
oi-52072b5c865a4f30,data/raw/openimages/cup/oi-52072b5c865a4f30.jpg,d1f3978e5991f099764426d103e5160db272fba1fe5fc77966835131c2da2dd9,0,,,open-images-official,,train,approved,campus-public-pilot-v1,open_images,52072b5c865a4f30,https://www.flickr.com/photos/m-nicolson/3115946285,https://farm1.staticflickr.com/3140/3115946285_945ebb5d65_o.jpg,https://open-images-dataset.s3.amazonaws.com/validation/52072b5c865a4f30.jpg,Mark Nicolson,https://creativecommons.org/licenses/by/2.0/,https://creativecommons.org/licenses/by/2.0/,oi-52072b5c865a4f30,Codex visual inspection: one identifiable target within frozen definition,56a9914d5bb46cc3,866,768,2026-10-07T17:44:54+08:00,Open Images V7 public validation image / V5 human boxable labels
commons-31914538,data/raw/commons/cup/commons-31914538.jpg,421f12f515f71353087167f05bea85ca94ba1f4baac98236c760a81f3086151c,0,,,commons-api,,train,approved,campus-public-pilot-v1,wikimedia_commons,31914538,"https://commons.wikimedia.org/wiki/File:1842_Preston_Guild_mug,_Harris_Museum_(2).JPG",https://upload.wikimedia.org/wikipedia/commons/7/7e/1842_Preston_Guild_mug%2C_Harris_Museum_%282%29.JPG?utm_source=commons.wikimedia.org&utm_campaign=imageinfo&utm_content=original,https://thumb.wikimedia.org/wikipedia/commons/thumb/7/7e/1842_Preston_Guild_mug%2C_Harris_Museum_%282%29.JPG/1280px-1842_Preston_Guild_mug%2C_Harris_Museum_%282%29.JPG?utm_source=commons.wikimedia.org&utm_campaign=imageinfo&utm_content=thumbnail,Rept0n1x,CC BY-SA 3.0,https://creativecommons.org/licenses/by-sa/3.0,commons-31914538,Codex visual review of contact sheet: one identifiable target within frozen category definition,a5269d5ea65a56a1,1280,1707,,
commons-31914539,data/raw/commons/cup/commons-31914539.jpg,c9c836475147564e9d93d56044f6362c7d355d7ecbf2a231f65d5460d90606fe,0,,,commons-api,,train,approved,campus-public-pilot-v1,wikimedia_commons,31914539,"https://commons.wikimedia.org/wiki/File:1842_Preston_Guild_mug,_Harris_Museum_(1).JPG",https://upload.wikimedia.org/wikipedia/commons/1/1a/1842_Preston_Guild_mug%2C_Harris_Museum_%281%29.JPG?utm_source=commons.wikimedia.org&utm_campaign=imageinfo&utm_content=original,https://thumb.wikimedia.org/wikipedia/commons/thumb/1/1a/1842_Preston_Guild_mug%2C_Harris_Museum_%281%29.JPG/1280px-1842_Preston_Guild_mug%2C_Harris_Museum_%281%29.JPG?utm_source=commons.wikimedia.org&utm_campaign=imageinfo&utm_content=thumbnail,Rept0n1x,CC BY-SA 3.0,https://creativecommons.org/licenses/by-sa/3.0,commons-31914538,Codex visual review of contact sheet: one identifiable target within frozen category definition,a1bc4d36a156d6a9,1280,1707,,
oi-f11d5d1588572cd1,data/raw/openimages/cup/oi-f11d5d1588572cd1.jpg,3d235c3c18232074e2abd4c468b7d698595d9fff61c19630d7eaec840d559985,0,,,open-images-official,,train,approved,campus-public-pilot-v1,open_images,f11d5d1588572cd1,https://www.flickr.com/photos/62905337@N02/9169922866,https://farm2.staticflickr.com/7307/9169922866_a7bccb01b6_o.jpg,https://open-images-dataset.s3.amazonaws.com/test/f11d5d1588572cd1.jpg,Siwar Horchani,https://creativecommons.org/licenses/by/2.0/,https://creativecommons.org/licenses/by/2.0/,oi-f11d5d1588572cd1,Codex visual inspection: one identifiable physical target within confirmed definition,646298a05af9787f,1024,958,2026-10-07T18:13:40+08:00,Open Images V7 public test image / V5 human boxable labels; one non-depicted box >=25% image area
oi-731e999acdb6ae99,data/raw/openimages/cup/oi-731e999acdb6ae99.jpg,e3940bc3872504c3ad1632f878be9361e1c773edc784befc1e818236ff18c512,0,,,open-images-official,,train,approved,campus-public-pilot-v1,open_images,731e999acdb6ae99,https://www.flickr.com/photos/43584526@N06/16988704402,https://c2.staticflickr.com/8/7603/16988704402_005096c0a8_o.jpg,https://open-images-dataset.s3.amazonaws.com/test/731e999acdb6ae99.jpg,Mae Catherine Melchor,https://creativecommons.org/licenses/by/2.0/,https://creativecommons.org/licenses/by/2.0/,oi-731e999acdb6ae99,Codex visual inspection: one identifiable physical target within confirmed definition,4e2e25b4f85633c3,1024,1024,2026-10-07T18:07:01+08:00,Open Images V7 public test image / V5 human boxable labels; one non-depicted box >=25% image area
oi-596de74177faef2d,data/raw/openimages/cup/oi-596de74177faef2d.jpg,dc3e75bf3e12d508a8c983ecc3a94490dbaef64787cfc5ff516375ba13d2256e,0,,,open-images-official,,train,approved,campus-public-pilot-v1,open_images,596de74177faef2d,https://www.flickr.com/photos/31403417@N00/5520788613,https://c6.staticflickr.com/6/5020/5520788613_5e684e5ec5_o.jpg,https://open-images-dataset.s3.amazonaws.com/test/596de74177faef2d.jpg,kizzzbeth,https://creativecommons.org/licenses/by/2.0/,https://creativecommons.org/licenses/by/2.0/,oi-596de74177faef2d,Codex visual inspection: one identifiable physical target within confirmed definition,174f8c0e7d390a6d,1024,685,2026-10-07T18:13:16+08:00,Open Images V7 public test image / V5 human boxable labels; one non-depicted box >=25% image area
oi-e0a775234f9c2d01,data/raw/openimages/cup/oi-e0a775234f9c2d01.jpg,79db348481e58f2b20b1c1cfa107ca701472b8cf161debe8e5d7bc2754f55167,0,,,open-images-official,,train,approved,campus-public-pilot-v1,open_images,e0a775234f9c2d01,https://www.flickr.com/photos/jbozanowski/3445399982/,https://farm2.staticflickr.com/3626/3445399982_9e861d3c3e_o.jpg,https://open-images-dataset.s3.amazonaws.com/test/e0a775234f9c2d01.jpg,Kuba Bożanowski,https://creativecommons.org/licenses/by/2.0/,https://creativecommons.org/licenses/by/2.0/,oi-e0a775234f9c2d01,Codex visual inspection: one identifiable physical target within confirmed definition,8ec473f135d0b01f,1024,680,2026-10-07T18:06:36+08:00,Open Images V7 public test image / V5 human boxable labels; one non-depicted box >=25% image area
oi-62fc277894fa3150,data/raw/openimages/cup/oi-62fc277894fa3150.jpg,60b1d1da0d4541977bbc9108384f9220c698b23e95f092c120bdcdcf3eeebf66,0,,,open-images-official,,train,approved,campus-public-pilot-v1,open_images,62fc277894fa3150,https://www.flickr.com/photos/gialiat/7996343796,https://farm1.staticflickr.com/8034/7996343796_a0da837e60_o.jpg,https://open-images-dataset.s3.amazonaws.com/test/62fc277894fa3150.jpg,KATH,https://creativecommons.org/licenses/by/2.0/,https://creativecommons.org/licenses/by/2.0/,oi-62fc277894fa3150,Codex visual inspection: one identifiable physical target within confirmed definition,52d303ab4309bcf7,1024,1024,2026-10-07T18:12:47+08:00,Open Images V7 public test image / V5 human boxable labels; one non-depicted box >=25% image area
oi-8d279daa12ffc691,data/raw/openimages/cup/oi-8d279daa12ffc691.jpg,104703adf3885f8638cdc9a1fd1053af5050b93f45a224fb2fd14e548d0aca0e,0,,,open-images-official,,train,approved,campus-public-pilot-v1,open_images,8d279daa12ffc691,https://www.flickr.com/photos/davidw/1289167157,https://farm2.staticflickr.com/1333/1289167157_23c2c9f2d5_o.jpg,https://open-images-dataset.s3.amazonaws.com/validation/8d279daa12ffc691.jpg,David,https://creativecommons.org/licenses/by/2.0/,https://creativecommons.org/licenses/by/2.0/,oi-8d279daa12ffc691,Codex visual inspection: one identifiable target within frozen definition,415e69f6075edc81,1024,726,2026-10-07T17:47:48+08:00,Open Images V7 public validation image / V5 human boxable labels
oi-d728be97da33a806,data/raw/openimages/cup/oi-d728be97da33a806.jpg,2b55d1468d0dd7fde110085b442720df4920d748992e17ef11d8a00b89161535,0,,,open-images-official,,train,approved,campus-public-pilot-v1,open_images,d728be97da33a806,https://www.flickr.com/photos/35168673@N03/3734983349,https://farm7.staticflickr.com/3418/3734983349_a40b121365_o.jpg,https://open-images-dataset.s3.amazonaws.com/test/d728be97da33a806.jpg,tiffany terry,https://creativecommons.org/licenses/by/2.0/,https://creativecommons.org/licenses/by/2.0/,oi-d728be97da33a806,Codex visual inspection: one identifiable physical target within confirmed definition,68dbb6c8b235c887,1024,768,2026-10-07T18:09:44+08:00,Open Images V7 public test image / V5 human boxable labels; one non-depicted box >=25% image area
oi-2ae5575f39119c7d,data/raw/openimages/cup/oi-2ae5575f39119c7d.jpg,7125edd42606fdd387d897d983aa81146e137ddc1518d6f09824f980b95bcec0,0,,,open-images-official,,train,approved,campus-public-pilot-v1,open_images,2ae5575f39119c7d,https://www.flickr.com/photos/miguelvaca/4102752839,https://c6.staticflickr.com/3/2668/4102752839_2ebf1b9cbd_o.jpg,https://open-images-dataset.s3.amazonaws.com/test/2ae5575f39119c7d.jpg,Miguel Vaca,https://creativecommons.org/licenses/by/2.0/,https://creativecommons.org/licenses/by/2.0/,oi-2ae5575f39119c7d,Codex visual inspection: one identifiable physical target within confirmed definition,63731d8b4c1ba1c7,1024,685,2026-10-07T18:12:03+08:00,Open Images V7 public test image / V5 human boxable labels; one non-depicted box >=25% image area
oi-4dda76f455c64d61,data/raw/openimages/cup/oi-4dda76f455c64d61.jpg,6efecd419022f1d4d62371a8e7677396244a391ea924c995ee148f40bb89af92,0,,,open-images-official,,train,approved,campus-public-pilot-v1,open_images,4dda76f455c64d61,https://www.flickr.com/photos/erix/16525367624,https://farm2.staticflickr.com/8725/16525367624_2e1a784464_o.jpg,https://open-images-dataset.s3.amazonaws.com/test/4dda76f455c64d61.jpg,Erich Ferdinand,https://creativecommons.org/licenses/by/2.0/,https://creativecommons.org/licenses/by/2.0/,oi-4dda76f455c64d61,Codex visual inspection: one identifiable physical target within confirmed definition,62a189e617a351bf,1024,683,2026-10-07T18:08:30+08:00,Open Images V7 public test image / V5 human boxable labels; one non-depicted box >=25% image area
oi-f98bd2fa48070821,data/raw/openimages/cup/oi-f98bd2fa48070821.jpg,981cf257724d1f86eb3783bd8f3fd08d0fb667c6d400a6b00bbb1b0182a944a3,0,,,open-images-official,,train,approved,campus-public-pilot-v1,open_images,f98bd2fa48070821,https://www.flickr.com/photos/allenburt/11334905754,https://farm2.staticflickr.com/5481/11334905754_594afb52b3_o.jpg,https://open-images-dataset.s3.amazonaws.com/validation/f98bd2fa48070821.jpg,Allen Burt,https://creativecommons.org/licenses/by/2.0/,https://creativecommons.org/licenses/by/2.0/,oi-f98bd2fa48070821,Codex visual inspection: one identifiable target within frozen definition,e619826f66b4a659,1024,1024,2026-10-07T17:50:20+08:00,Open Images V7 public validation image / V5 human boxable labels
oi-ce1f66c25b26ac2e,data/raw/openimages/cup/oi-ce1f66c25b26ac2e.jpg,2e3f1592ed8c3f88bc9736b135a7b9df020d19ce8bf7bfee9c34bade38d4144d,0,,,open-images-official,,train,approved,campus-public-pilot-v1,open_images,ce1f66c25b26ac2e,https://www.flickr.com/photos/kalleboo/5953288350,https://c7.staticflickr.com/7/6141/5953288350_48d99c42de_o.jpg,https://open-images-dataset.s3.amazonaws.com/validation/ce1f66c25b26ac2e.jpg,Karl Baron,https://creativecommons.org/licenses/by/2.0/,https://creativecommons.org/licenses/by/2.0/,oi-ce1f66c25b26ac2e,Codex visual inspection: one identifiable target within frozen definition,b72f5e1c80fb01e1,768,1024,2026-10-07T17:49:33+08:00,Open Images V7 public validation image / V5 human boxable labels
oi-17a108a78c12f568,data/raw/openimages/cup/oi-17a108a78c12f568.jpg,c646fbb574b018ba1cb162af56dc9b3e246a29da4405bbec262dd6cf866f425c,0,,,open-images-official,,train,approved,campus-public-pilot-v1,open_images,17a108a78c12f568,https://www.flickr.com/photos/feelingmyage/8234413508,https://c1.staticflickr.com/9/8347/8234413508_e86351690a_o.jpg,https://open-images-dataset.s3.amazonaws.com/test/17a108a78c12f568.jpg,Feeling My Age,https://creativecommons.org/licenses/by/2.0/,https://creativecommons.org/licenses/by/2.0/,oi-17a108a78c12f568,Codex visual inspection: one identifiable physical target within confirmed definition,4d13e88b0d0da3fd,1024,1024,2026-10-07T18:12:40+08:00,Open Images V7 public test image / V5 human boxable labels; one non-depicted box >=25% image area
oi-e52acedd24eeabd9,data/raw/openimages/cup/oi-e52acedd24eeabd9.jpg,b9c2f63cef2dd1d5590e65895144f97ff1f6f677b9f773be9352585043d5c4d3,0,,,open-images-official,,train,approved,campus-public-pilot-v1,open_images,e52acedd24eeabd9,https://www.flickr.com/photos/katefisher/9642512842,https://c2.staticflickr.com/3/2894/9642512842_2c0c4a6e9f_o.jpg,https://open-images-dataset.s3.amazonaws.com/test/e52acedd24eeabd9.jpg,Kate Fisher,https://creativecommons.org/licenses/by/2.0/,https://creativecommons.org/licenses/by/2.0/,oi-e52acedd24eeabd9,Codex visual inspection: one identifiable physical target within confirmed definition,17a2155a9d1153f7,1024,683,2026-10-07T18:13:43+08:00,Open Images V7 public test image / V5 human boxable labels; one non-depicted box >=25% image area
commons-62119136,data/raw/commons/cup/commons-62119136.jpg,e12cc61ef0f2ad40ede4de54a30c40b6c2710b9708af86653db50cefe254c9a1,0,,,commons-api,,train,approved,campus-public-pilot-v1,wikimedia_commons,62119136,https://commons.wikimedia.org/wiki/File:Aliis_Sinisalu_2016-03-03_(Unsplash_5S8G5_N_RpQ).jpg,https://upload.wikimedia.org/wikipedia/commons/c/c6/Aliis_Sinisalu_2016-03-03_%28Unsplash_5S8G5_N_RpQ%29.jpg?utm_source=commons.wikimedia.org&utm_campaign=imageinfo&utm_content=original,https://thumb.wikimedia.org/wikipedia/commons/thumb/c/c6/Aliis_Sinisalu_2016-03-03_%28Unsplash_5S8G5_N_RpQ%29.jpg/1280px-Aliis_Sinisalu_2016-03-03_%28Unsplash_5S8G5_N_RpQ%29.jpg?utm_source=commons.wikimedia.org&utm_campaign=imageinfo&utm_content=thumbnail,Aliis Sinisalu aliissinisalu,CC0,http://creativecommons.org/publicdomain/zero/1.0/deed.en,commons-62119136,Codex visual review of contact sheet: one identifiable target within frozen category definition,38b5a5784adaa707,1280,862,,
oi-a9dbe21059c9bc99,data/raw/openimages/cup/oi-a9dbe21059c9bc99.jpg,91322b8cbc48284def5b81734c5a443db6f8620692a1a05b66150bfdf84102e7,0,,,open-images-official,,train,approved,campus-public-pilot-v1,open_images,a9dbe21059c9bc99,https://www.flickr.com/photos/banumiel/977036574/,https://c2.staticflickr.com/2/1334/977036574_d3d0593f30_o.jpg,https://open-images-dataset.s3.amazonaws.com/test/a9dbe21059c9bc99.jpg,"Banumiel, el cubil",https://creativecommons.org/licenses/by/2.0/,https://creativecommons.org/licenses/by/2.0/,oi-a9dbe21059c9bc99,Codex visual inspection: one identifiable physical target within confirmed definition,66ac2698d079c9e7,1024,826,2026-10-07T18:06:37+08:00,Open Images V7 public test image / V5 human boxable labels; one non-depicted box >=25% image area
oi-ef8ab729f1850d16,data/raw/openimages/cup/oi-ef8ab729f1850d16.jpg,1e8b4e7fb6dcd694cccd33f856cba662615b6b4219dcee172c7a3e1c9011afa5,0,,,open-images-official,,train,approved,campus-public-pilot-v1,open_images,ef8ab729f1850d16,https://www.flickr.com/photos/jeffreyww/6422114111/in/photostream/,https://farm7.staticflickr.com/7013/6422114111_8293c6bcd2_o.jpg,https://open-images-dataset.s3.amazonaws.com/test/ef8ab729f1850d16.jpg,jeffreyw,https://creativecommons.org/licenses/by/2.0/,https://creativecommons.org/licenses/by/2.0/,oi-ef8ab729f1850d16,Codex visual inspection: one identifiable physical target within confirmed definition,e68b96d6867958c1,1024,739,2026-10-07T18:10:43+08:00,Open Images V7 public test image / V5 human boxable labels; one non-depicted box >=25% image area
commons-113794896,data/raw/commons/cup/commons-113794896.jpg,7bfb3d47a859c30ab8bbbe5a1afb313c1ea0410c774128f2407a9d61d544b64c,0,,,commons-api,,train,approved,campus-public-pilot-v1,wikimedia_commons,113794896,https://commons.wikimedia.org/wiki/File:Back_view_of_a_Carr_Workplaces_mug.jpg,https://upload.wikimedia.org/wikipedia/commons/e/e7/Back_view_of_a_Carr_Workplaces_mug.jpg?utm_source=commons.wikimedia.org&utm_campaign=imageinfo&utm_content=original,https://thumb.wikimedia.org/wikipedia/commons/thumb/e/e7/Back_view_of_a_Carr_Workplaces_mug.jpg/1280px-Back_view_of_a_Carr_Workplaces_mug.jpg?utm_source=commons.wikimedia.org&utm_campaign=imageinfo&utm_content=thumbnail,Ser Amantio di Nicolao,CC BY-SA 3.0,https://creativecommons.org/licenses/by-sa/3.0,commons-113794896,Codex visual review of contact sheet: one identifiable target within frozen category definition,e4e5a523495995a7,1280,1707,,
oi-20fcb54990387431,data/raw/openimages/cup/oi-20fcb54990387431.jpg,ff0d441d254c2fed00eaa658bf2e661af13a18a85e84c2dc1e4c441afe124f42,0,,,open-images-official,,train,approved,campus-public-pilot-v1,open_images,20fcb54990387431,https://www.flickr.com/photos/bibliothekarin/18460486174,https://farm2.staticflickr.com/296/18460486174_ef9bcb5883_o.jpg,https://open-images-dataset.s3.amazonaws.com/test/20fcb54990387431.jpg,bibliothekarin,https://creativecommons.org/licenses/by/2.0/,https://creativecommons.org/licenses/by/2.0/,oi-20fcb54990387431,Codex visual inspection: one identifiable physical target within confirmed definition,dae4f160d9b60749,1024,1024,2026-10-07T18:09:32+08:00,Open Images V7 public test image / V5 human boxable labels; one non-depicted box >=25% image area
commons-99408689,data/raw/commons/cup/commons-99408689.jpg,0d0a496e07cd20a2dcea60fb812d38115a7f8b7b17af8a3bff23ae9394f9cbd1,0,,,commons-api,,train,approved,campus-public-pilot-v1,wikimedia_commons,99408689,https://commons.wikimedia.org/wiki/File:Caf%C3%A8_al_meu_escriptori.jpg,https://upload.wikimedia.org/wikipedia/commons/0/0c/Caf%C3%A8_al_meu_escriptori.jpg?utm_source=commons.wikimedia.org&utm_campaign=imageinfo&utm_content=original,https://thumb.wikimedia.org/wikipedia/commons/thumb/0/0c/Caf%C3%A8_al_meu_escriptori.jpg/1280px-Caf%C3%A8_al_meu_escriptori.jpg?utm_source=commons.wikimedia.org&utm_campaign=imageinfo&utm_content=thumbnail,Ratosa5,CC BY-SA 4.0,https://creativecommons.org/licenses/by-sa/4.0,commons-99408689,Codex visual review of contact sheet: one identifiable target within frozen category definition,ea0a1fdbc26b5981,1280,1707,,
commons-180333543,data/raw/commons/cup/commons-180333543.jpg,767ab708d1f1db257b93bc50ec68287a655e4db0bc0a6ddcea770d751fc2d567,0,,,commons-api,,train,approved,campus-public-pilot-v1,wikimedia_commons,180333543,https://commons.wikimedia.org/wiki/File:Coffee_steaming_in_a_mug.jpg,https://upload.wikimedia.org/wikipedia/commons/4/46/Coffee_steaming_in_a_mug.jpg?utm_source=commons.wikimedia.org&utm_campaign=imageinfo&utm_content=original,https://thumb.wikimedia.org/wikipedia/commons/thumb/4/46/Coffee_steaming_in_a_mug.jpg/1280px-Coffee_steaming_in_a_mug.jpg?utm_source=commons.wikimedia.org&utm_campaign=imageinfo&utm_content=thumbnail,PedanticNarrativeController,CC0,http://creativecommons.org/publicdomain/zero/1.0/deed.en,commons-180333543,Codex visual review of contact sheet: one identifiable target within frozen category definition,c03997ed4e4339c3,1280,873,,
oi-42894a81eca95732,data/raw/openimages/cup/oi-42894a81eca95732.jpg,a1dd11b2cfdae041a6413324ccfe52d7395152b6288d4ba806aae6fea89e7663,0,,,open-images-official,,train,approved,campus-public-pilot-v1,open_images,42894a81eca95732,https://www.flickr.com/photos/rankingfuuta/4645322024,https://farm3.staticflickr.com/3405/4645322024_58a73d5ce8_o.jpg,https://open-images-dataset.s3.amazonaws.com/validation/42894a81eca95732.jpg,Aaron Stidwell,https://creativecommons.org/licenses/by/2.0/,https://creativecommons.org/licenses/by/2.0/,oi-42894a81eca95732,Codex visual inspection: one identifiable target within frozen definition,7ecfc3b36c0091a3,1024,677,2026-10-07T17:49:51+08:00,Open Images V7 public validation image / V5 human boxable labels
oi-34aebaebe39bfaf0,data/raw/openimages/cup/oi-34aebaebe39bfaf0.jpg,b43cc96718b4edee827705d4bf11859cf044bd3e3e28540cd4233122bd3a3b1d,0,,,open-images-official,,train,approved,campus-public-pilot-v1,open_images,34aebaebe39bfaf0,https://www.flickr.com/photos/carlescv/6429975597,https://farm1.staticflickr.com/7168/6429975597_7da50aca8d_o.jpg,https://open-images-dataset.s3.amazonaws.com/validation/34aebaebe39bfaf0.jpg,Carles Caño Valls,https://creativecommons.org/licenses/by/2.0/,https://creativecommons.org/licenses/by/2.0/,oi-34aebaebe39bfaf0,Codex visual inspection: one identifiable target within frozen definition,540d2c6592f32d5f,1024,1024,2026-10-07T17:50:54+08:00,Open Images V7 public validation image / V5 human boxable labels
oi-c88aa18f9fffa58d,data/raw/openimages/cup/oi-c88aa18f9fffa58d.jpg,01c24b76f8f6156a6571c0c5b9766042b4291c40829378663e0702340ed2f71b,0,,,open-images-official,,train,approved,campus-public-pilot-v1,open_images,c88aa18f9fffa58d,https://www.flickr.com/photos/wapster/8296913114,https://c6.staticflickr.com/9/8356/8296913114_7cdb966f2c_o.jpg,https://open-images-dataset.s3.amazonaws.com/validation/c88aa18f9fffa58d.jpg,Wapster,https://creativecommons.org/licenses/by/2.0/,https://creativecommons.org/licenses/by/2.0/,oi-c88aa18f9fffa58d,Codex visual inspection: one identifiable target within frozen definition,b46c5c1cea6e49c3,768,768,2026-10-07T17:53:00+08:00,Open Images V7 public validation image / V5 human boxable labels
commons-147245454,data/raw/commons/cup/commons-147245454.jpg,737d645e5d1a48e1f35c5ef4d1bb564134bf9b7641b33d1b61f71f4f6d99e8c4,0,,,commons-api,,train,approved,campus-public-pilot-v1,wikimedia_commons,147245454,https://commons.wikimedia.org/wiki/File:3coins%E3%81%AE%E3%83%9E%E3%82%B0%E3%82%AB%E3%83%83%E3%83%97_-_1.jpg,https://upload.wikimedia.org/wikipedia/commons/6/6f/3coins%E3%81%AE%E3%83%9E%E3%82%B0%E3%82%AB%E3%83%83%E3%83%97_-_1.jpg?utm_source=commons.wikimedia.org&utm_campaign=imageinfo&utm_content=original,https://thumb.wikimedia.org/wikipedia/commons/thumb/6/6f/3coins%E3%81%AE%E3%83%9E%E3%82%B0%E3%82%AB%E3%83%83%E3%83%97_-_1.jpg/1280px-3coins%E3%81%AE%E3%83%9E%E3%82%B0%E3%82%AB%E3%83%83%E3%83%97_-_1.jpg?utm_source=commons.wikimedia.org&utm_campaign=imageinfo&utm_content=thumbnail,Kyu3a,CC BY-SA 4.0,https://creativecommons.org/licenses/by-sa/4.0,commons-147245454,Codex visual review of contact sheet: one identifiable target within frozen category definition,4f0e33a0b16c5cf5,1280,720,,
commons-147245455,data/raw/commons/cup/commons-147245455.jpg,bc1ebb5e3b4cf190fbae149558a2107b88cc04eae362cc9ae50df42f50a40bc4,0,,,commons-api,,train,approved,campus-public-pilot-v1,wikimedia_commons,147245455,https://commons.wikimedia.org/wiki/File:3coins%E3%81%AE%E3%83%9E%E3%82%B0%E3%82%AB%E3%83%83%E3%83%97_-_2.jpg,https://upload.wikimedia.org/wikipedia/commons/f/fa/3coins%E3%81%AE%E3%83%9E%E3%82%B0%E3%82%AB%E3%83%83%E3%83%97_-_2.jpg?utm_source=commons.wikimedia.org&utm_campaign=imageinfo&utm_content=original,https://thumb.wikimedia.org/wikipedia/commons/thumb/f/fa/3coins%E3%81%AE%E3%83%9E%E3%82%B0%E3%82%AB%E3%83%83%E3%83%97_-_2.jpg/1280px-3coins%E3%81%AE%E3%83%9E%E3%82%B0%E3%82%AB%E3%83%83%E3%83%97_-_2.jpg?utm_source=commons.wikimedia.org&utm_campaign=imageinfo&utm_content=thumbnail,Kyu3a,CC BY-SA 4.0,https://creativecommons.org/licenses/by-sa/4.0,commons-147245454,Codex visual review of contact sheet: one identifiable target within frozen category definition,c6d04d49391f3e39,1280,1707,,
commons-114290196,data/raw/commons/cup/commons-114290196.jpg,bd57bbb0ed2fb6ab477744586c11de72d2d3d692c03000a190e6e65738ac58df,0,,,commons-api,,train,approved,campus-public-pilot-v1,wikimedia_commons,114290196,https://commons.wikimedia.org/wiki/File:Cardboard_cutout_for_Amstel_beer_mugs_(1958).jpg,https://upload.wikimedia.org/wikipedia/commons/e/e3/Cardboard_cutout_for_Amstel_beer_mugs_%281958%29.jpg?utm_source=commons.wikimedia.org&utm_campaign=imageinfo&utm_content=original,https://thumb.wikimedia.org/wikipedia/commons/thumb/e/e3/Cardboard_cutout_for_Amstel_beer_mugs_%281958%29.jpg/1280px-Cardboard_cutout_for_Amstel_beer_mugs_%281958%29.jpg?utm_source=commons.wikimedia.org&utm_campaign=imageinfo&utm_content=thumbnail,Pleasme,CC BY-SA 4.0,https://creativecommons.org/licenses/by-sa/4.0,commons-114290196,Codex visual review of contact sheet: one identifiable target within frozen category definition,fcb72776e0901741,1280,1884,,
oi-bce902c227b435da,data/raw/openimages/cup/oi-bce902c227b435da.jpg,72f69c2ad6071aef1a938cf304544a5a43e015b5a26d04f2e6dc8dfc2ba833b6,0,,,open-images-official,,train,approved,campus-public-pilot-v1,open_images,bce902c227b435da,https://www.flickr.com/photos/loneymops/4208457671,https://c3.staticflickr.com/3/2608/4208457671_d6aa043525_o.jpg,https://open-images-dataset.s3.amazonaws.com/test/bce902c227b435da.jpg,loneyvs,https://creativecommons.org/licenses/by/2.0/,https://creativecommons.org/licenses/by/2.0/,oi-bce902c227b435da,Codex visual inspection: one identifiable physical target within confirmed definition,27677ed2940258b7,1024,768,2026-10-07T18:12:27+08:00,Open Images V7 public test image / V5 human boxable labels; one non-depicted box >=25% image area
oi-fb934a9e61fcc8dd,data/raw/openimages/umbrella/oi-fb934a9e61fcc8dd.jpg,13fdaf0a9b4cf417b42e7d6b0a03ef3d8a63fe9937f71856bf5d4509ce576435,1,,,open-images-official,,train,approved,campus-public-pilot-v1,open_images,fb934a9e61fcc8dd,https://www.flickr.com/photos/73451587@N05/9807463876/,https://c6.staticflickr.com/8/7451/9807463876_d61a0220ae_o.jpg,https://open-images-dataset.s3.amazonaws.com/test/fb934a9e61fcc8dd.jpg,luisjoRN,https://creativecommons.org/licenses/by/2.0/,https://creativecommons.org/licenses/by/2.0/,oi-fb934a9e61fcc8dd,Codex visual inspection: one identifiable physical target within confirmed definition,46ceda38258bd8a7,1024,683,2026-10-07T18:13:50+08:00,Open Images V7 public test image / V5 human boxable labels; one non-depicted box >=25% image area
commons-97399313,data/raw/commons/umbrella/commons-97399313.jpg,5aa62e1bbadf3f03dba1c6ec89a04a42ddb50c80d0d991ce0eae8e2c69ab0e36,1,,,commons-api,,train,approved,campus-public-pilot-v1,wikimedia_commons,97399313,https://commons.wikimedia.org/wiki/File:Against_the_wind_(6792993194).jpg,https://upload.wikimedia.org/wikipedia/commons/e/e1/Against_the_wind_%286792993194%29.jpg?utm_source=commons.wikimedia.org&utm_campaign=imageinfo&utm_content=original,https://thumb.wikimedia.org/wikipedia/commons/thumb/e/e1/Against_the_wind_%286792993194%29.jpg/1280px-Against_the_wind_%286792993194%29.jpg?utm_source=commons.wikimedia.org&utm_campaign=imageinfo&utm_content=thumbnail,"Ed Schipul from Houston, TX, US",CC BY 2.0,https://creativecommons.org/licenses/by/2.0,commons-97399313,Codex visual review of contact sheet: one identifiable target within frozen category definition,96a15fe4199ea169,1280,720,,
oi-2ae47fa15fea397b,data/raw/openimages/umbrella/oi-2ae47fa15fea397b.jpg,9166e1ce3abba954498d19b52931b3cd59b3cc968c4fe4bdd0ff85f6764ea5ca,1,,,open-images-official,,train,approved,campus-public-pilot-v1,open_images,2ae47fa15fea397b,https://www.flickr.com/photos/girlguidesofcan/15870845868,https://c4.staticflickr.com/8/7476/15870845868_6d5dbf6a56_o.jpg,https://open-images-dataset.s3.amazonaws.com/validation/2ae47fa15fea397b.jpg,Girl Guides of Canada,https://creativecommons.org/licenses/by/2.0/,https://creativecommons.org/licenses/by/2.0/,oi-2ae47fa15fea397b,Codex visual inspection: one identifiable target within frozen definition,2cd94c59b1984b77,1024,1024,2026-10-07T17:52:58+08:00,Open Images V7 public validation image / V5 human boxable labels
oi-0d5af6c966512522,data/raw/openimages/umbrella/oi-0d5af6c966512522.jpg,1ce6cd54a31bfa08a8e5ebd02d6876428e6a843e5c1a9cad1dd495950a05d276,1,,,open-images-official,,train,approved,campus-public-pilot-v1,open_images,0d5af6c966512522,https://www.flickr.com/photos/88526197@N00/3184772593,https://farm3.staticflickr.com/3360/3184772593_76cb248f49_o.jpg,https://open-images-dataset.s3.amazonaws.com/test/0d5af6c966512522.jpg,DymphieH,https://creativecommons.org/licenses/by/2.0/,https://creativecommons.org/licenses/by/2.0/,oi-0d5af6c966512522,Codex visual inspection: one identifiable physical target within confirmed definition,c0e0d8ae0f76bd23,1024,870,2026-10-07T18:14:13+08:00,Open Images V7 public test image / V5 human boxable labels; one non-depicted box >=25% image area
oi-175aa1739edb9890,data/raw/openimages/umbrella/oi-175aa1739edb9890.jpg,a84bb08fa81dfcdea366e7eda26f164913bdc4418c5fe4609b6f11d7c2a36692,1,,,open-images-official,,train,approved,campus-public-pilot-v1,open_images,175aa1739edb9890,https://www.flickr.com/photos/oakleyoriginals/5042126836,https://farm1.staticflickr.com/4087/5042126836_14ef55663c_o.jpg,https://open-images-dataset.s3.amazonaws.com/validation/175aa1739edb9890.jpg,OakleyOriginals,https://creativecommons.org/licenses/by/2.0/,https://creativecommons.org/licenses/by/2.0/,oi-175aa1739edb9890,Codex visual inspection: one identifiable target within frozen definition,d4c9cb0e0f3c5ce1,768,1024,2026-10-07T17:43:37+08:00,Open Images V7 public validation image / V5 human boxable labels
commons-100844475,data/raw/commons/umbrella/commons-100844475.jpg,559e245509a26ced792531d45e9329e6f250179406b4f4e0cbf23319f93dc5f5,1,,,commons-api,,train,approved,campus-public-pilot-v1,wikimedia_commons,100844475,"https://commons.wikimedia.org/wiki/File:2020-04-23_18_57_29_A_Calico_cat_investigating_an_umbrella_in_the_Franklin_Farm_section_of_Oak_Hill,_Fairfax_County,_Virginia.jpg",https://upload.wikimedia.org/wikipedia/commons/e/e9/2020-04-23_18_57_29_A_Calico_cat_investigating_an_umbrella_in_the_Franklin_Farm_section_of_Oak_Hill%2C_Fairfax_County%2C_Virginia.jpg?utm_source=commons.wikimedia.org&utm_campaign=imageinfo&utm_content=original,https://thumb.wikimedia.org/wikipedia/commons/thumb/e/e9/2020-04-23_18_57_29_A_Calico_cat_investigating_an_umbrella_in_the_Franklin_Farm_section_of_Oak_Hill%2C_Fairfax_County%2C_Virginia.jpg/1280px-2020-04-23_18_57_29_A_Calico_cat_investigating_an_umbrella_in_the_Franklin_Farm_section_of_Oak_Hill%2C_Fairfax_County%2C_Virginia.jpg?utm_source=commons.wikimedia.org&utm_campaign=imageinfo&utm_content=thumbnail,Famartin,CC BY-SA 4.0,https://creativecommons.org/licenses/by-sa/4.0,commons-100844475,Codex visual review of contact sheet: one identifiable target within frozen category definition,a526b7d7532328c5,1280,1707,,
commons-100844480,data/raw/commons/umbrella/commons-100844480.jpg,817f764e225f0f42fb2fb9fb2f056d6d871e621d0410a6cc41fe18d460f28a86,1,,,commons-api,,train,approved,campus-public-pilot-v1,wikimedia_commons,100844480,"https://commons.wikimedia.org/wiki/File:2020-04-23_18_57_31_A_tabby_cat_and_Calico_cat_investigating_an_umbrella_in_the_Franklin_Farm_section_of_Oak_Hill,_Fairfax_County,_Virginia.jpg",https://upload.wikimedia.org/wikipedia/commons/6/6e/2020-04-23_18_57_31_A_tabby_cat_and_Calico_cat_investigating_an_umbrella_in_the_Franklin_Farm_section_of_Oak_Hill%2C_Fairfax_County%2C_Virginia.jpg?utm_source=commons.wikimedia.org&utm_campaign=imageinfo&utm_content=original,https://thumb.wikimedia.org/wikipedia/commons/thumb/6/6e/2020-04-23_18_57_31_A_tabby_cat_and_Calico_cat_investigating_an_umbrella_in_the_Franklin_Farm_section_of_Oak_Hill%2C_Fairfax_County%2C_Virginia.jpg/1280px-2020-04-23_18_57_31_A_tabby_cat_and_Calico_cat_investigating_an_umbrella_in_the_Franklin_Farm_section_of_Oak_Hill%2C_Fairfax_County%2C_Virginia.jpg?utm_source=commons.wikimedia.org&utm_campaign=imageinfo&utm_content=thumbnail,Famartin,CC BY-SA 4.0,https://creativecommons.org/licenses/by-sa/4.0,commons-100844475,Codex visual review of contact sheet: one identifiable target within frozen category definition,2466b797b32368a9,1280,1707,,
oi-f8ca116285a527c4,data/raw/openimages/umbrella/oi-f8ca116285a527c4.jpg,d214192a5aac41aaddc7b4c701f0d2cfbaec51c935a79c1cfa1c82a1ed882ef9,1,,,open-images-official,,train,approved,campus-public-pilot-v1,open_images,f8ca116285a527c4,https://www.flickr.com/photos/caspargirl/7531060532/,https://farm5.staticflickr.com/8009/7531060532_5aa988e1ec_o.jpg,https://open-images-dataset.s3.amazonaws.com/validation/f8ca116285a527c4.jpg,CasparGirl,https://creativecommons.org/licenses/by/2.0/,https://creativecommons.org/licenses/by/2.0/,oi-f8ca116285a527c4,Codex visual inspection: one identifiable target within frozen definition,30f6d216e3d22da9,1024,576,2026-10-07T17:46:12+08:00,Open Images V7 public validation image / V5 human boxable labels
oi-0a0aa9e4a5d037e5,data/raw/openimages/umbrella/oi-0a0aa9e4a5d037e5.jpg,f7ada0d60de18cbf789715785c8361d8db98d0d820118266146eecc4d81f05ab,1,,,open-images-official,,train,approved,campus-public-pilot-v1,open_images,0a0aa9e4a5d037e5,https://www.flickr.com/photos/nevillewootton/6393404903,https://farm6.staticflickr.com/7027/6393404903_f96c65732d_o.jpg,https://open-images-dataset.s3.amazonaws.com/test/0a0aa9e4a5d037e5.jpg,Neville Wootton,https://creativecommons.org/licenses/by/2.0/,https://creativecommons.org/licenses/by/2.0/,oi-0a0aa9e4a5d037e5,Codex visual inspection: one identifiable target within frozen definition,2e25b5d7254203fd,682,1024,2026-10-07T18:04:12+08:00,Open Images V7 public test image / V5 human boxable labels; one non-depicted box >=25% image area
oi-c31aac45ea17d3f4,data/raw/openimages/book/oi-c31aac45ea17d3f4.jpg,e21197280b410601d2e867032ff87dc393da67bd162120ba77e2472acdd4198c,2,,,open-images-official,,train,approved,campus-public-pilot-v1,open_images,c31aac45ea17d3f4,https://www.flickr.com/photos/dinah/2155097413,https://farm5.staticflickr.com/2179/2155097413_30ae292c38_o.jpg,https://open-images-dataset.s3.amazonaws.com/test/c31aac45ea17d3f4.jpg,Dinah Sanders,https://creativecommons.org/licenses/by/2.0/,https://creativecommons.org/licenses/by/2.0/,oi-c31aac45ea17d3f4,Codex visual inspection: one identifiable physical target within confirmed definition,de56525656e62703,1024,768,2026-10-07T18:10:48+08:00,Open Images V7 public test image / V5 human boxable labels; one non-depicted box >=25% image area
oi-34d24329ff8adfeb,data/raw/openimages/book/oi-34d24329ff8adfeb.jpg,0c854c47e35bb038b3174dd3df34896c67a69635df1af2d1af05789c035429ec,2,,,open-images-official,,train,approved,campus-public-pilot-v1,open_images,34d24329ff8adfeb,https://www.flickr.com/photos/rosenbach/9686500213,https://c4.staticflickr.com/8/7358/9686500213_22f268de91_o.jpg,https://open-images-dataset.s3.amazonaws.com/test/34d24329ff8adfeb.jpg,Rosenbach Museum &amp; Library,https://creativecommons.org/licenses/by/2.0/,https://creativecommons.org/licenses/by/2.0/,oi-34d24329ff8adfeb,Codex visual inspection: one identifiable physical target within confirmed definition,cce69cb5104556bb,812,1024,2026-10-07T18:14:48+08:00,Open Images V7 public test image / V5 human boxable labels; one non-depicted box >=25% image area
oi-a13ad60d2ae08729,data/raw/openimages/book/oi-a13ad60d2ae08729.jpg,b5d56876f6dc04bf38ec13b9b96d0b19478cfe18df93da006c802350e834be43,2,,,open-images-official,,train,approved,campus-public-pilot-v1,open_images,a13ad60d2ae08729,https://www.flickr.com/photos/pensarenlouquece/4545380757,https://c2.staticflickr.com/5/4005/4545380757_16bf3e66d8_o.jpg,https://open-images-dataset.s3.amazonaws.com/test/a13ad60d2ae08729.jpg,Alexandre Inagaki,https://creativecommons.org/licenses/by/2.0/,https://creativecommons.org/licenses/by/2.0/,oi-a13ad60d2ae08729,Codex visual inspection: one identifiable physical target within confirmed definition,fef066f06f60018b,1024,760,2026-10-07T18:08:49+08:00,Open Images V7 public test image / V5 human boxable labels; one non-depicted box >=25% image area
oi-ad0b84fa69dbb904,data/raw/openimages/book/oi-ad0b84fa69dbb904.jpg,8fbf2ba7607c6e254958e602a9b36551b0a27883b6d2d533633f10806802af0b,2,,,open-images-official,,train,approved,campus-public-pilot-v1,open_images,ad0b84fa69dbb904,https://www.flickr.com/photos/cdrummbks/6348140415,https://farm5.staticflickr.com/6056/6348140415_009ee261f9_o.jpg,https://open-images-dataset.s3.amazonaws.com/test/ad0b84fa69dbb904.jpg,CHRIS DRUMM,https://creativecommons.org/licenses/by/2.0/,https://creativecommons.org/licenses/by/2.0/,oi-ad0b84fa69dbb904,Codex visual inspection: one identifiable physical target within confirmed definition,e7e9991e0664e951,730,1024,2026-10-07T18:05:07+08:00,Open Images V7 public test image / V5 human boxable labels; one non-depicted box >=25% image area
oi-7a1a3c57093f0653,data/raw/openimages/book/oi-7a1a3c57093f0653.jpg,276e4f4d111dc63262654221bc724637d9b947ad209891f382b0ea9e3bbc5e4a,2,,,open-images-official,,train,approved,campus-public-pilot-v1,open_images,7a1a3c57093f0653,https://www.flickr.com/photos/simbe/3953175645,https://farm4.staticflickr.com/2555/3953175645_bb56c8457c_o.jpg,https://open-images-dataset.s3.amazonaws.com/test/7a1a3c57093f0653.jpg,Simbe90,https://creativecommons.org/licenses/by/2.0/,https://creativecommons.org/licenses/by/2.0/,oi-7a1a3c57093f0653,Codex visual inspection: one identifiable physical target within confirmed definition,d9cbce643c1c83c3,1024,768,2026-10-07T18:13:48+08:00,Open Images V7 public test image / V5 human boxable labels; one non-depicted box >=25% image area
oi-396a525890209734,data/raw/openimages/book/oi-396a525890209734.jpg,49d9f6e5f43c1ad8bd0e6fc497a2a8b4c7822cdf8a5b853cabebd790e6b9f32a,2,,,open-images-official,,train,approved,campus-public-pilot-v1,open_images,396a525890209734,https://www.flickr.com/photos/earthlightbooks/5414640239,https://farm5.staticflickr.com/5092/5414640239_3ef7787623_o.jpg,https://open-images-dataset.s3.amazonaws.com/test/396a525890209734.jpg,earthlightbooks,https://creativecommons.org/licenses/by/2.0/,https://creativecommons.org/licenses/by/2.0/,oi-396a525890209734,Codex visual inspection: one identifiable physical target within confirmed definition,3348e5d835c1b4af,1024,768,2026-10-07T18:09:53+08:00,Open Images V7 public test image / V5 human boxable labels; one non-depicted box >=25% image area
oi-a1300bd90ba889d4,data/raw/openimages/book/oi-a1300bd90ba889d4.jpg,0cc6a8c3f82c43bf279f5bc9504ea0aac0747e83ed858a41b7e065fe075a3056,2,,,open-images-official,,train,approved,campus-public-pilot-v1,open_images,a1300bd90ba889d4,https://www.flickr.com/photos/textfiles/3343713833,https://farm5.staticflickr.com/3599/3343713833_19097925bb_o.jpg,https://open-images-dataset.s3.amazonaws.com/test/a1300bd90ba889d4.jpg,Jason Scott,https://creativecommons.org/licenses/by/2.0/,https://creativecommons.org/licenses/by/2.0/,oi-a1300bd90ba889d4,Codex visual inspection: one identifiable physical target within confirmed definition,461e561ef69a62e1,1024,683,2026-10-07T18:08:27+08:00,Open Images V7 public test image / V5 human boxable labels; one non-depicted box >=25% image area
oi-75b561324eacfb96,data/raw/openimages/book/oi-75b561324eacfb96.jpg,1663906d4afbf090b8f54ef180de00a61db2e5ccdfffbbd91904cb1d5624ee46,2,,,open-images-official,,train,approved,campus-public-pilot-v1,open_images,75b561324eacfb96,https://www.flickr.com/photos/mylifestory/2125382229,https://farm7.staticflickr.com/2188/2125382229_9b1706d465_o.jpg,https://open-images-dataset.s3.amazonaws.com/test/75b561324eacfb96.jpg,MyLifeStory,https://creativecommons.org/licenses/by/2.0/,https://creativecommons.org/licenses/by/2.0/,oi-75b561324eacfb96,Codex visual inspection: one identifiable physical target within confirmed definition,698e638a8a6d7c35,1024,768,2026-10-07T18:09:58+08:00,Open Images V7 public test image / V5 human boxable labels; one non-depicted box >=25% image area
oi-55d391da105421e9,data/raw/openimages/book/oi-55d391da105421e9.jpg,6be65fef9f083d5040e2c6a84f330feef2d33c124d0ab76444c29cb5c902f9b8,2,,,open-images-official,,train,approved,campus-public-pilot-v1,open_images,55d391da105421e9,https://www.flickr.com/photos/mkwilliams/7172659369,https://c2.staticflickr.com/9/8014/7172659369_5df1ef69d9_o.jpg,https://open-images-dataset.s3.amazonaws.com/validation/55d391da105421e9.jpg,A Continuous Lean,https://creativecommons.org/licenses/by/2.0/,https://creativecommons.org/licenses/by/2.0/,oi-55d391da105421e9,Codex visual inspection: one identifiable target within frozen definition,a3ac890b8d73738b,1024,683,2026-10-07T17:54:26+08:00,Open Images V7 public validation image / V5 human boxable labels
oi-ba965d3fd74e1e61,data/raw/openimages/book/oi-ba965d3fd74e1e61.jpg,5afdd766162f3e32ff96cc14dc74423f6633fbe5d8103af3f8099aac161767b7,2,,,open-images-official,,train,approved,campus-public-pilot-v1,open_images,ba965d3fd74e1e61,https://www.flickr.com/photos/7855449@N02/4739695490,https://farm2.staticflickr.com/4076/4739695490_0f18dcc8f5_o.jpg,https://open-images-dataset.s3.amazonaws.com/validation/ba965d3fd74e1e61.jpg,David Armano,https://creativecommons.org/licenses/by/2.0/,https://creativecommons.org/licenses/by/2.0/,oi-ba965d3fd74e1e61,Codex visual inspection: one identifiable target within frozen definition,a196a1b4d36d6593,1024,768,2026-10-07T17:53:57+08:00,Open Images V7 public validation image / V5 human boxable labels
oi-174921b674eec449,data/raw/openimages/book/oi-174921b674eec449.jpg,fb3c8d60d2756617e9b957b57800262faa854be453e568eb12db814c28d2065a,2,,,open-images-official,,train,approved,campus-public-pilot-v1,open_images,174921b674eec449,https://www.flickr.com/photos/lac-bac/8569616160,https://c2.staticflickr.com/9/8246/8569616160_a6a55eae61_o.jpg,https://open-images-dataset.s3.amazonaws.com/test/174921b674eec449.jpg,BiblioArchives / LibraryArchives,https://creativecommons.org/licenses/by/2.0/,https://creativecommons.org/licenses/by/2.0/,oi-174921b674eec449,Codex visual inspection: one identifiable physical target within confirmed definition,0ff00ff0070ff01f,676,1024,2026-10-07T18:13:07+08:00,Open Images V7 public test image / V5 human boxable labels; one non-depicted box >=25% image area
oi-6b3ee8f9ce12c766,data/raw/openimages/book/oi-6b3ee8f9ce12c766.jpg,6210a097b1825a01061477c5d0cf2d5cfe4610d287eb5b4881e0cebca532cb85,2,,,open-images-official,,train,approved,campus-public-pilot-v1,open_images,6b3ee8f9ce12c766,https://www.flickr.com/photos/kirbyurner/10141595193,https://farm7.staticflickr.com/3787/10141595193_d81cf5a704_o.jpg,https://open-images-dataset.s3.amazonaws.com/test/6b3ee8f9ce12c766.jpg,thekirbster,https://creativecommons.org/licenses/by/2.0/,https://creativecommons.org/licenses/by/2.0/,oi-6b3ee8f9ce12c766,Codex visual inspection: one identifiable physical target within confirmed definition,23440c3ffcf622e9,768,1024,2026-10-07T18:04:20+08:00,Open Images V7 public test image / V5 human boxable labels; one non-depicted box >=25% image area
oi-c320f6ce63e54c2e,data/raw/openimages/book/oi-c320f6ce63e54c2e.jpg,5cf161f0f729176e124700d5afae6a10a27a1cf8bdda3528d898aa37e18cce70,2,,,open-images-official,,train,approved,campus-public-pilot-v1,open_images,c320f6ce63e54c2e,https://www.flickr.com/photos/tahini/7101517385,https://c7.staticflickr.com/9/8006/7101517385_f4d6e29f3d_o.jpg,https://open-images-dataset.s3.amazonaws.com/test/c320f6ce63e54c2e.jpg,Mr Thinktank,https://creativecommons.org/licenses/by/2.0/,https://creativecommons.org/licenses/by/2.0/,oi-c320f6ce63e54c2e,Codex visual inspection: one identifiable physical target within confirmed definition,32be328a32ae7b19,1024,768,2026-10-07T18:11:12+08:00,Open Images V7 public test image / V5 human boxable labels; one non-depicted box >=25% image area
oi-e20d12d009b24504,data/raw/openimages/book/oi-e20d12d009b24504.jpg,98aed0bb0e273b7ac023f52b470de3db353ff41558359f7cd31111f1e70ab53f,2,,,open-images-official,,train,approved,campus-public-pilot-v1,open_images,e20d12d009b24504,https://www.flickr.com/photos/rosenbach/9682176534,https://farm5.staticflickr.com/7368/9682176534_60c6c58d80_o.jpg,https://open-images-dataset.s3.amazonaws.com/test/e20d12d009b24504.jpg,Rosenbach Museum &amp; Library,https://creativecommons.org/licenses/by/2.0/,https://creativecommons.org/licenses/by/2.0/,oi-e20d12d009b24504,Codex visual inspection: one identifiable physical target within confirmed definition,7433c3f18d499e15,1024,768,2026-10-07T18:10:29+08:00,Open Images V7 public test image / V5 human boxable labels; one non-depicted box >=25% image area
commons-104159933,data/raw/commons/pencil_case/commons-104159933.jpg,27a432eaa96e1d1d12121e9bcaa9994e8be4299fb2119501c8bed3515a2eb914,3,,,commons-api,,train,approved,campus-public-pilot-v1,wikimedia_commons,104159933,https://commons.wikimedia.org/wiki/File:Pencil_Case.jpg,https://upload.wikimedia.org/wikipedia/commons/1/1c/Pencil_Case.jpg?utm_source=commons.wikimedia.org&utm_campaign=imageinfo&utm_content=original,https://thumb.wikimedia.org/wikipedia/commons/thumb/1/1c/Pencil_Case.jpg/1280px-Pencil_Case.jpg?utm_source=commons.wikimedia.org&utm_campaign=imageinfo&utm_content=thumbnail,BilalSnackPack,CC BY-SA 4.0,https://creativecommons.org/licenses/by-sa/4.0,commons-104159933,Codex visual contact-sheet review: ordinary pencil case,23a6a203de4b4dbd,1280,720,,
commons-131037122,data/raw/commons/pencil_case/commons-131037122.jpg,d0fe6cc7299bd1c5dfb34a249b90a1f561009c78329d9fbbe3519987f7db0c4b,3,,,commons-api,,train,approved,campus-public-pilot-v1,wikimedia_commons,131037122,https://commons.wikimedia.org/wiki/File:Soft-pastels-box-collection-000003012.jpg,https://upload.wikimedia.org/wikipedia/commons/1/1f/Soft-pastels-box-collection-000003012.jpg?utm_source=commons.wikimedia.org&utm_campaign=imageinfo&utm_content=original,https://thumb.wikimedia.org/wikipedia/commons/thumb/1/1f/Soft-pastels-box-collection-000003012.jpg/1280px-Soft-pastels-box-collection-000003012.jpg?utm_source=commons.wikimedia.org&utm_campaign=imageinfo&utm_content=thumbnail,SpiritedMichelle,CC BY-SA 4.0,https://creativecommons.org/licenses/by-sa/4.0,commons-131037122,Codex visual contact-sheet review: ordinary pencil case,7c2ea923e081567f,1280,960,,
commons-469271,data/raw/commons/pencil_case/commons-469271.jpg,e63c403dc459c783a2f9f7b9a3ee8807e0e60c6a4f25f00c3399e356267d8817,3,,,commons-api,,train,approved,campus-public-pilot-v1,wikimedia_commons,469271,https://commons.wikimedia.org/wiki/File:Pencil_case.jpg,https://upload.wikimedia.org/wikipedia/commons/e/e2/Pencil_case.jpg?utm_source=commons.wikimedia.org&utm_campaign=imageinfo&utm_content=original,https://thumb.wikimedia.org/wikipedia/commons/thumb/e/e2/Pencil_case.jpg/1280px-Pencil_case.jpg?utm_source=commons.wikimedia.org&utm_campaign=imageinfo&utm_content=thumbnail,No machine-readable author provided. Xjaja~commonswiki assumed (based on copyright claims).,Public domain,,commons-469271,Codex visual contact-sheet review: ordinary pencil case,56fc42a5ab5a03b5,1280,738,,
commons-146706673,data/raw/commons/pencil_case/commons-146706673.jpg,346eeea63c7e335438dd6e110270d9a6404576e56b96605ce8e0f7dbc339542c,3,,,commons-api,,train,approved,campus-public-pilot-v1,wikimedia_commons,146706673,https://commons.wikimedia.org/wiki/File:Shinkansen_N700S_design_pencase.jpg,https://upload.wikimedia.org/wikipedia/commons/6/63/Shinkansen_N700S_design_pencase.jpg?utm_source=commons.wikimedia.org&utm_campaign=imageinfo&utm_content=original,https://thumb.wikimedia.org/wikipedia/commons/thumb/6/63/Shinkansen_N700S_design_pencase.jpg/1280px-Shinkansen_N700S_design_pencase.jpg?utm_source=commons.wikimedia.org&utm_campaign=imageinfo&utm_content=thumbnail,ジェーアール東海一口株主,CC0,http://creativecommons.org/publicdomain/zero/1.0/deed.en,commons-146706673,Codex visual contact-sheet review: ordinary pencil case,a181075e5efca9a9,1280,960,,
commons-57705040,data/raw/commons/pencil_case/commons-57705040.jpg,2468dfcf7888d3409515f5c2fc65eec8128b28b4107dd90ae368215f60bc6821,3,,,commons-api,,train,approved,campus-public-pilot-v1,wikimedia_commons,57705040,https://commons.wikimedia.org/wiki/File:ESTUCHE.jpg,https://upload.wikimedia.org/wikipedia/commons/4/4a/ESTUCHE.jpg?utm_source=commons.wikimedia.org&utm_campaign=imageinfo&utm_content=original,https://upload.wikimedia.org/wikipedia/commons/4/4a/ESTUCHE.jpg?utm_source=commons.wikimedia.org&utm_campaign=imageinfo&utm_content=thumbnail_unscaled,Marc albiol contreras,CC BY-SA 4.0,https://creativecommons.org/licenses/by-sa/4.0,commons-57705040,Codex visual review: identifiable ordinary pencil case,7973f6242903d0dd,648,864,,
commons-61985292,data/raw/commons/pencil_case/commons-61985292.jpg,abfaad4499fae8e7e03c7633498af3dbbfea577aa005f02d7e945dae114a4121,3,,,commons-api,,train,approved,campus-public-pilot-v1,wikimedia_commons,61985292,https://commons.wikimedia.org/wiki/File:Portfolio_pen_case.jpg,https://upload.wikimedia.org/wikipedia/commons/5/5c/Portfolio_pen_case.jpg?utm_source=commons.wikimedia.org&utm_campaign=imageinfo&utm_content=original,https://thumb.wikimedia.org/wikipedia/commons/thumb/5/5c/Portfolio_pen_case.jpg/1280px-Portfolio_pen_case.jpg?utm_source=commons.wikimedia.org&utm_campaign=imageinfo&utm_content=thumbnail,Baogao1616,CC BY-SA 4.0,https://creativecommons.org/licenses/by-sa/4.0,commons-61985292,Codex visual contact-sheet review: ordinary pencil case,a82ae90baaa917d7,1280,947,,
commons-2062751,data/raw/commons/pencil_case/commons-2062751.jpg,fe0646a40bdd310e1f075c7c3d49b1044fbcf29d55b9d39432a86e20bc5d4a1d,3,,,commons-api,,train,approved,campus-public-pilot-v1,wikimedia_commons,2062751,https://commons.wikimedia.org/wiki/File:MontblancSilver.jpg,https://upload.wikimedia.org/wikipedia/commons/4/47/MontblancSilver.jpg?utm_source=commons.wikimedia.org&utm_campaign=imageinfo&utm_content=original,https://thumb.wikimedia.org/wikipedia/commons/thumb/4/47/MontblancSilver.jpg/1280px-MontblancSilver.jpg?utm_source=commons.wikimedia.org&utm_campaign=imageinfo&utm_content=thumbnail,ElinorD,CC BY-SA 3.0,http://creativecommons.org/licenses/by-sa/3.0/,commons-2062751,Codex visual contact-sheet review: ordinary pencil case,bc343c831603e3fd,1280,1707,,
commons-99164124,data/raw/commons/pencil_case/commons-99164124.jpg,d1ebb9fddbb1fcc0a94b3769af99f13a984682e4912cbad327d90f60b576022a,3,,,commons-api,,train,approved,campus-public-pilot-v1,wikimedia_commons,99164124,https://commons.wikimedia.org/wiki/File:Pencil_case_014.jpg,https://upload.wikimedia.org/wikipedia/commons/3/3c/Pencil_case_014.jpg?utm_source=commons.wikimedia.org&utm_campaign=imageinfo&utm_content=original,https://thumb.wikimedia.org/wikipedia/commons/thumb/3/3c/Pencil_case_014.jpg/1280px-Pencil_case_014.jpg?utm_source=commons.wikimedia.org&utm_campaign=imageinfo&utm_content=thumbnail,,Public domain,,commons-99164124,Codex visual contact-sheet review: ordinary pencil case,07f2ef902b3cf601,1280,960,,
commons-112016789,data/raw/commons/pencil_case/commons-112016789.jpg,2e68adba1e9df87a476b54bbb5a435bdb2db727219ce31cf39654da66795781b,3,,,commons-api,,train,approved,campus-public-pilot-v1,wikimedia_commons,112016789,https://commons.wikimedia.org/wiki/File:015Aa._Pencil_case.jpg,https://upload.wikimedia.org/wikipedia/commons/9/96/015Aa._Pencil_case.jpg?utm_source=commons.wikimedia.org&utm_campaign=imageinfo&utm_content=original,https://upload.wikimedia.org/wikipedia/commons/9/96/015Aa._Pencil_case.jpg?utm_source=commons.wikimedia.org&utm_campaign=imageinfo&utm_content=thumbnail_unscaled,GAlexandrova,CC BY-SA 4.0,https://creativecommons.org/licenses/by-sa/4.0,commons-112016789,Codex visual review: identifiable ordinary pencil case,4a8b931621e97c5f,1152,864,,
commons-109870963,data/raw/commons/pencil_case/commons-109870963.jpg,e7fc5509ec377d65383350c666ac377f6b13839fa4493d00a2021f79a8af8f30,3,,,commons-api,,train,approved,campus-public-pilot-v1,wikimedia_commons,109870963,https://commons.wikimedia.org/wiki/File:Pen_case.jpg,https://upload.wikimedia.org/wikipedia/commons/c/c7/Pen_case.jpg?utm_source=commons.wikimedia.org&utm_campaign=imageinfo&utm_content=original,https://upload.wikimedia.org/wikipedia/commons/c/c7/Pen_case.jpg?utm_source=commons.wikimedia.org&utm_campaign=imageinfo&utm_content=thumbnail_unscaled,Kazukiokumura,CC BY-SA 3.0,https://creativecommons.org/licenses/by-sa/3.0,commons-109870963,Codex visual contact-sheet review: ordinary pencil case,0de9ad093c635277,1200,1600,,
oi-a83cbbc1a9d89642,data/raw/openimages/pencil_case/oi-a83cbbc1a9d89642.jpg,0ef9c1f9bf6e3b0e484cdd58bfe773cab0b5657c5a44c61d3129efcd4ca849e9,3,,,open-images-official,,train,approved,campus-public-pilot-v1,open_images,a83cbbc1a9d89642,https://www.flickr.com/photos/keykalou/18680834612,https://farm3.staticflickr.com/319/18680834612_4d8d48bb50_o.jpg,https://open-images-dataset.s3.amazonaws.com/train/a83cbbc1a9d89642.jpg,Michelle,https://creativecommons.org/licenses/by/2.0/,,oi-a83cbbc1a9d89642,Codex visual review: ordinary single-main pencil case,7c56f4140329fcd5,1024,1024,,
oi-c0e8c687a4b54526,data/raw/openimages/pencil_case/oi-c0e8c687a4b54526.jpg,8da85b1bea19b4831dcce229e91ab927fdf113561ea02a96e92c0b41dacf3cb9,3,,,open-images-official,,train,approved,campus-public-pilot-v1,open_images,c0e8c687a4b54526,https://www.flickr.com/photos/26026157@N02/9466335111,https://farm7.staticflickr.com/7435/9466335111_2a34663d98_o.jpg,https://open-images-dataset.s3.amazonaws.com/train/c0e8c687a4b54526.jpg,naka hide,https://creativecommons.org/licenses/by/2.0/,,oi-c0e8c687a4b54526,Codex visual review: ordinary single-main pencil case,9c8963630e89b977,1024,1024,,
oi-4fa1553e47a2b987,data/raw/openimages/pencil_case/oi-4fa1553e47a2b987.jpg,d2195628f81645574fe9a478e169125ab8b8079a2559ade2ac22ec7b4fd24ff3,3,,,open-images-official,,train,approved,campus-public-pilot-v1,open_images,4fa1553e47a2b987,https://www.flickr.com/photos/keykalou/16696592508,https://farm8.staticflickr.com/7585/16696592508_6bbe2837d2_o.jpg,https://open-images-dataset.s3.amazonaws.com/train/4fa1553e47a2b987.jpg,Michelle,https://creativecommons.org/licenses/by/2.0/,,oi-4fa1553e47a2b987,Codex visual review: ordinary single-main pencil case,6c49bc397c030bf5,1024,1024,,
commons-70577006,data/raw/commons/pencil_case/commons-70577006.jpg,615a21b4a226494dd6ee76fe7971d9d82180943661fe68538d9ebdcdad50ffb8,3,,,commons-api,,train,approved,campus-public-pilot-v1,wikimedia_commons,70577006,https://commons.wikimedia.org/wiki/File:Attack-on-Titan_pencil_case_A_20180101_sample.jpg,https://upload.wikimedia.org/wikipedia/commons/c/c1/Attack-on-Titan_pencil_case_A_20180101_sample.jpg?utm_source=commons.wikimedia.org&utm_campaign=imageinfo&utm_content=original,https://thumb.wikimedia.org/wikipedia/commons/thumb/c/c1/Attack-on-Titan_pencil_case_A_20180101_sample.jpg/1280px-Attack-on-Titan_pencil_case_A_20180101_sample.jpg?utm_source=commons.wikimedia.org&utm_campaign=imageinfo&utm_content=thumbnail,Solomon203,CC BY-SA 4.0,https://creativecommons.org/licenses/by-sa/4.0,commons-70577006,Codex visual review: identifiable ordinary pencil case,cc0dedde20767123,1280,720,,
oi-18fb994b460a1346,data/raw/openimages/pencil_case/oi-18fb994b460a1346.jpg,2c502f5bc87c7bcde2ae8760893400967facd829411c7fe6e63e8f0e591aba43,3,,,open-images-official,,train,approved,campus-public-pilot-v1,open_images,18fb994b460a1346,https://www.flickr.com/photos/gabby-girl/5677969825,https://farm7.staticflickr.com/5063/5677969825_0ab2016c78_o.jpg,https://open-images-dataset.s3.amazonaws.com/train/18fb994b460a1346.jpg,Gabrielle,https://creativecommons.org/licenses/by/2.0/,,oi-18fb994b460a1346,Codex visual review: ordinary single-main pencil case,52f18d797846871b,1024,620,,
commons-129668556,data/raw/commons/pencil_case/commons-129668556.jpg,4eee76527d5809f837a7bfffd337c2ceef6b6391778daffaad9d3ab954841603,3,,,commons-api,,train,approved,campus-public-pilot-v1,wikimedia_commons,129668556,https://commons.wikimedia.org/wiki/File:A_friend_challenged_me_because_she_thought_my_Wikimedia_account_was_fake.jpg,https://upload.wikimedia.org/wikipedia/commons/6/61/A_friend_challenged_me_because_she_thought_my_Wikimedia_account_was_fake.jpg?utm_source=commons.wikimedia.org&utm_campaign=imageinfo&utm_content=original,https://thumb.wikimedia.org/wikipedia/commons/thumb/6/61/A_friend_challenged_me_because_she_thought_my_Wikimedia_account_was_fake.jpg/1280px-A_friend_challenged_me_because_she_thought_my_Wikimedia_account_was_fake.jpg?utm_source=commons.wikimedia.org&utm_campaign=imageinfo&utm_content=thumbnail,Luther King School Photos,CC BY-SA 4.0,https://creativecommons.org/licenses/by-sa/4.0,commons-129668556,Codex visual review: identifiable ordinary pencil case,b7a91b52740342fd,1280,960,,
commons-114234364,data/raw/commons/pencil_case/commons-114234364.jpg,8448fd2672cdb77825cbc22579bccb04098cc11f88602813b5ca5524cf77c2c2,3,,,commons-api,,train,approved,campus-public-pilot-v1,wikimedia_commons,114234364,https://commons.wikimedia.org/wiki/File:Kleine_Federmappe.jpg,https://upload.wikimedia.org/wikipedia/commons/3/31/Kleine_Federmappe.jpg?utm_source=commons.wikimedia.org&utm_campaign=imageinfo&utm_content=original,https://thumb.wikimedia.org/wikipedia/commons/thumb/3/31/Kleine_Federmappe.jpg/1280px-Kleine_Federmappe.jpg?utm_source=commons.wikimedia.org&utm_campaign=imageinfo&utm_content=thumbnail,Stiftchen2,CC BY-SA 4.0,https://creativecommons.org/licenses/by-sa/4.0,commons-114234364,Codex visual review: identifiable ordinary pencil case,02fc56a1bc03a9df,1280,886,,
oi-68a5fe53250722aa,data/raw/openimages/pencil_case/oi-68a5fe53250722aa.jpg,a6e942f55345dcf12f232720ca4f1a9bff8374f31fa267e862428c247d060429,3,,,open-images-official,,train,approved,campus-public-pilot-v1,open_images,68a5fe53250722aa,https://www.flickr.com/photos/keykalou/16295353539,https://c3.staticflickr.com/8/7345/16295353539_7ca06d93e2_o.jpg,https://open-images-dataset.s3.amazonaws.com/train/68a5fe53250722aa.jpg,Michelle,https://creativecommons.org/licenses/by/2.0/,,oi-68a5fe53250722aa,Codex visual review: ordinary pencil case; primary target identifiable,0b967c43e48b83f5,1024,1024,,
oi-9b2fbd121b0531bc,data/raw/openimages/pencil_case/oi-9b2fbd121b0531bc.jpg,8693b4a9975b22e593b619efefb0f592a217a9dcea868bf375cdc1d6a9469a05,3,,,open-images-official,,train,approved,campus-public-pilot-v1,open_images,9b2fbd121b0531bc,https://www.flickr.com/photos/wearesocial/14273751142,https://c5.staticflickr.com/3/2925/14273751142_04c4db6e36_o.jpg,https://open-images-dataset.s3.amazonaws.com/train/9b2fbd121b0531bc.jpg,We Are Social,https://creativecommons.org/licenses/by/2.0/,,oi-9b2fbd121b0531bc,Codex visual review: ordinary single-main pencil case,c1f5e4e683a83939,1024,1024,,
commons-4459473,data/raw/commons/pencil_case/commons-4459473.jpg,135180df915cd1e42632abe7b44872cad6649d5fb2ac35d38c838d395add55ed,3,,,commons-api,,train,approved,campus-public-pilot-v1,wikimedia_commons,4459473,https://commons.wikimedia.org/wiki/File:Etui.jpg,https://upload.wikimedia.org/wikipedia/commons/7/7f/Etui.jpg?utm_source=commons.wikimedia.org&utm_campaign=imageinfo&utm_content=original,https://thumb.wikimedia.org/wikipedia/commons/thumb/7/7f/Etui.jpg/1280px-Etui.jpg?utm_source=commons.wikimedia.org&utm_campaign=imageinfo&utm_content=thumbnail,Tvdm,Public domain,,commons-4459473,Codex visual review: identifiable ordinary pencil case,bc55ab2b7c54822b,1280,960,,
oi-656c442f3af1fc1f,data/raw/openimages/pencil_case/oi-656c442f3af1fc1f.jpg,8b515589ec16ebed0bd2853a86578065f9b0c1799e6530d6ad3174e666d287a8,3,,,open-images-official,,train,approved,campus-public-pilot-v1,open_images,656c442f3af1fc1f,https://www.flickr.com/photos/trilliumdesign/15217757823,https://c8.staticflickr.com/8/7549/15217757823_c7fd0b1233_o.jpg,https://open-images-dataset.s3.amazonaws.com/train/656c442f3af1fc1f.jpg,Trilliumdesign ~ Caroline,https://creativecommons.org/licenses/by/2.0/,,oi-656c442f3af1fc1f,Codex visual review: ordinary single-main pencil case,c3c83b43854bacbd,722,1024,,
commons-158582624,data/raw/commons/pencil_case/commons-158582624.jpg,5751db7ddf5fd4ae2578b1edc6156802b2153cab01dde07d31c80e82348743d8,3,,,commons-api,,train,approved,campus-public-pilot-v1,wikimedia_commons,158582624,https://commons.wikimedia.org/wiki/File:Portapenne_in_pelle.jpg,https://upload.wikimedia.org/wikipedia/commons/8/84/Portapenne_in_pelle.jpg?utm_source=commons.wikimedia.org&utm_campaign=imageinfo&utm_content=original,https://thumb.wikimedia.org/wikipedia/commons/thumb/8/84/Portapenne_in_pelle.jpg/1280px-Portapenne_in_pelle.jpg?utm_source=commons.wikimedia.org&utm_campaign=imageinfo&utm_content=thumbnail,Albarubescens,CC BY-SA 4.0,https://creativecommons.org/licenses/by-sa/4.0,commons-158582624,Codex visual contact-sheet review: ordinary pencil case,482da90d72f907d7,1280,960,,
oi-0e10a90256482b65,data/raw/openimages/pencil_case/oi-0e10a90256482b65.jpg,1640baf8761f59e1a85181c08acde4bf72338f601a6d7fb337c2bbc8ca7c2b3e,3,,,open-images-official,,train,approved,campus-public-pilot-v1,open_images,0e10a90256482b65,https://www.flickr.com/photos/131934348@N08/16365114204,https://farm6.staticflickr.com/7617/16365114204_565e5ac1c2_o.jpg,https://open-images-dataset.s3.amazonaws.com/train/0e10a90256482b65.jpg,La Manchuela al Día,https://creativecommons.org/licenses/by/2.0/,,oi-0e10a90256482b65,Codex visual review: ordinary single-main pencil case,707c8c038fa1795f,1024,654,,
oi-c30a21bbc556775a,data/raw/openimages/pencil_case/oi-c30a21bbc556775a.jpg,cba541f62440028d9ccb23293ee7bc12b33d30f1fcbf600281a6d8d9e8cb9d7d,3,,,open-images-official,,train,approved,campus-public-pilot-v1,open_images,c30a21bbc556775a,https://www.flickr.com/photos/vagnercarvalheiro/18992039820,https://c3.staticflickr.com/4/3781/18992039820_01f02171b0_o.jpg,https://open-images-dataset.s3.amazonaws.com/train/c30a21bbc556775a.jpg,Vagner Carvalheiro,https://creativecommons.org/licenses/by/2.0/,,oi-c30a21bbc556775a,Codex visual review: ordinary single-main pencil case,cb2d0af439d6b151,1024,1024,,
oi-343ac1f32a667b06,data/raw/openimages/pencil_case/oi-343ac1f32a667b06.jpg,eed5cf4f05e46846b1af9706a0424740305b4c571ab492b9b752d428461ec00b,3,,,open-images-official,,train,approved,campus-public-pilot-v1,open_images,343ac1f32a667b06,https://www.flickr.com/photos/cherryblossom_in_japan/382999121,https://farm7.staticflickr.com/170/382999121_53c09a40a7_o.jpg,https://open-images-dataset.s3.amazonaws.com/train/343ac1f32a667b06.jpg,cherryblossom in japan,https://creativecommons.org/licenses/by/2.0/,,oi-343ac1f32a667b06,Codex visual review: ordinary single-main pencil case,70cc33cf69b40d35,1024,768,,
oi-2abafe6c651be228,data/raw/openimages/pencil_case/oi-2abafe6c651be228.jpg,cb341a5c7db989d3a8db61ec6241d1ee048b270f03c94f81f546dffa9a57d111,3,,,open-images-official,,train,approved,campus-public-pilot-v1,open_images,2abafe6c651be228,https://www.flickr.com/photos/keykalou/11194773333,https://c1.staticflickr.com/4/3728/11194773333_ddce99a81f_o.jpg,https://open-images-dataset.s3.amazonaws.com/train/2abafe6c651be228.jpg,Michelle,https://creativecommons.org/licenses/by/2.0/,,oi-2abafe6c651be228,Codex visual review: ordinary single-main pencil case,06f996235c87a9d5,1024,751,,
oi-90d1e4a2ccacf7f8,data/raw/openimages/pencil_case/oi-90d1e4a2ccacf7f8.jpg,6fd8c368aebc5bef1eb6dba6c3fd0a0f571cbcff62d15d4d922083f17660e55b,3,,,open-images-official,,train,approved,campus-public-pilot-v1,open_images,90d1e4a2ccacf7f8,https://www.flickr.com/photos/keykalou/11194949023,https://c1.staticflickr.com/6/5513/11194949023_6a27f0269c_o.jpg,https://open-images-dataset.s3.amazonaws.com/train/90d1e4a2ccacf7f8.jpg,Michelle,https://creativecommons.org/licenses/by/2.0/,,oi-2abafe6c651be228,Codex visual review: ordinary pencil case; primary target identifiable,5e4f07071349ac5f,1024,662,,
oi-1633a922341d89a6,data/raw/openimages/pencil_case/oi-1633a922341d89a6.jpg,b2e4c1832a66964e8288bf93427552de09531ceebcffd6cafeb4cff91771282d,3,,,open-images-official,,train,approved,campus-public-pilot-v1,open_images,1633a922341d89a6,https://flickr.com/39160147@N03/15056989166,https://farm7.staticflickr.com/3914/15056989166_926768d583_o.jpg,https://open-images-dataset.s3.amazonaws.com/train/1633a922341d89a6.jpg,Mike Mozart,https://creativecommons.org/licenses/by/2.0/,,oi-1633a922341d89a6,Codex visual review: ordinary single-main pencil case,f1297db193a32871,1024,765,,
commons-7820256,data/raw/commons/pencil_case/commons-7820256.jpg,aa02cf58ead67e1ccaeb12eea7de67173da94fe4b541b82ef6dfa784adfbe547,3,,,commons-api,,train,approved,campus-public-pilot-v1,wikimedia_commons,7820256,"https://commons.wikimedia.org/wiki/File:Mars,Staedtler,Stiftdose.jpg",https://upload.wikimedia.org/wikipedia/commons/9/98/Mars%2CStaedtler%2CStiftdose.jpg?utm_source=commons.wikimedia.org&utm_campaign=imageinfo&utm_content=original,https://thumb.wikimedia.org/wikipedia/commons/thumb/9/98/Mars%2CStaedtler%2CStiftdose.jpg/1280px-Mars%2CStaedtler%2CStiftdose.jpg?utm_source=commons.wikimedia.org&utm_campaign=imageinfo&utm_content=thumbnail,M_H.DE,CC BY-SA 3.0,https://creativecommons.org/licenses/by-sa/3.0,commons-7820256,Codex visual review: identifiable ordinary pencil case,768df86286992b65,1280,960,,
commons-70813050,data/raw/commons/pencil_case/commons-70813050.jpg,9e9c2128ab79dc69fb5247c76c1c77e04a2237a8ca7dbea32d5162831dfc9c77,3,,,commons-api,,train,approved,campus-public-pilot-v1,wikimedia_commons,70813050,https://commons.wikimedia.org/wiki/File:Penarul.jpg,https://upload.wikimedia.org/wikipedia/commons/a/a5/Penarul.jpg?utm_source=commons.wikimedia.org&utm_campaign=imageinfo&utm_content=original,https://thumb.wikimedia.org/wikipedia/commons/thumb/a/a5/Penarul.jpg/1280px-Penarul.jpg?utm_source=commons.wikimedia.org&utm_campaign=imageinfo&utm_content=thumbnail,Cuosma,CC BY-SA 4.0,https://creativecommons.org/licenses/by-sa/4.0,commons-70813050,Codex visual contact-sheet review: ordinary pencil case,8edb0ccb344b782d,1280,1707,,
commons-157525131,data/raw/commons/pencil_case/commons-157525131.jpg,b3411b1ce01f45906cbe0feb89ed775ac0c3c61388c84b71fa9797b49463b8a8,3,,,commons-api,,train,approved,campus-public-pilot-v1,wikimedia_commons,157525131,https://commons.wikimedia.org/wiki/File:Ethiopian_leather_products.jpg,https://upload.wikimedia.org/wikipedia/commons/f/f0/Ethiopian_leather_products.jpg?utm_source=commons.wikimedia.org&utm_campaign=imageinfo&utm_content=original,https://thumb.wikimedia.org/wikipedia/commons/thumb/f/f0/Ethiopian_leather_products.jpg/1280px-Ethiopian_leather_products.jpg?utm_source=commons.wikimedia.org&utm_campaign=imageinfo&utm_content=thumbnail,Sindugab,CC0,http://creativecommons.org/publicdomain/zero/1.0/deed.en,commons-157525131,Codex visual review: identifiable ordinary pencil case,98ccc2590e87a97f,1280,853,,
commons-71123321,data/raw/commons/pencil_case/commons-71123321.jpg,e5e33fb946e4c70c6a2179f65f419d862a6602b5bba7bc1e1d4503e9c1895cf2,3,,,commons-api,,train,approved,campus-public-pilot-v1,wikimedia_commons,71123321,https://commons.wikimedia.org/wiki/File:Kaweco_pens.jpg,https://upload.wikimedia.org/wikipedia/commons/8/84/Kaweco_pens.jpg?utm_source=commons.wikimedia.org&utm_campaign=imageinfo&utm_content=original,https://thumb.wikimedia.org/wikipedia/commons/thumb/8/84/Kaweco_pens.jpg/1280px-Kaweco_pens.jpg?utm_source=commons.wikimedia.org&utm_campaign=imageinfo&utm_content=thumbnail,Markbenecke,CC BY-SA 4.0,https://creativecommons.org/licenses/by-sa/4.0,commons-71123321,Codex visual review: identifiable ordinary pencil case,eabc2d89914ac9f1,1280,960,,
oi-0bb15281fec40c04,data/raw/openimages/pencil_case/oi-0bb15281fec40c04.jpg,5446ae525b61c161bdc78ca3cfa4397ab2206fddd9c421c111b33d29b608b09a,3,,,open-images-official,,train,approved,campus-public-pilot-v1,open_images,0bb15281fec40c04,https://www.flickr.com/photos/jeepersmedia/12665422093,https://farm5.staticflickr.com/3709/12665422093_90a962bde5_o.jpg,https://open-images-dataset.s3.amazonaws.com/train/0bb15281fec40c04.jpg,Mike Mozart,https://creativecommons.org/licenses/by/2.0/,,oi-0bb15281fec40c04,Codex visual review: ordinary single-main pencil case,29e5a730558b687d,1024,765,,
oi-e40e20dd13cc2986,data/raw/openimages/pencil_case/oi-e40e20dd13cc2986.jpg,bd8d2c688954543b1b22fc93e1b9ce0b175fa72685b81055c4262ec1f41d648b,3,,,open-images-official,,train,approved,campus-public-pilot-v1,open_images,e40e20dd13cc2986,https://www.flickr.com/photos/101666380@N07/14192237704,https://farm7.staticflickr.com/7354/14192237704_9f1719bba3_o.jpg,https://open-images-dataset.s3.amazonaws.com/train/e40e20dd13cc2986.jpg,Elisa Fair,https://creativecommons.org/licenses/by/2.0/,,oi-e40e20dd13cc2986,Codex visual review: ordinary single-main pencil case,5a7c4303a9035efd,1024,1024,,
oi-7f5261defd85b2df,data/raw/openimages/pencil_case/oi-7f5261defd85b2df.jpg,9a4df86b5a56aa8b6814e343a787d98360a7d2595030f9ff87c8c972d5a14ecd,3,,,open-images-official,,train,approved,campus-public-pilot-v1,open_images,7f5261defd85b2df,https://www.flickr.com/photos/trilliumdesign/14724780170,https://c8.staticflickr.com/4/3895/14724780170_5f0d0e1b5b_o.jpg,https://open-images-dataset.s3.amazonaws.com/train/7f5261defd85b2df.jpg,Trilliumdesign ~ Caroline,https://creativecommons.org/licenses/by/2.0/,,oi-55a71aa2397de77b,Codex visual review: ordinary single-main pencil case,b752c6996c76818b,1024,1024,,
oi-55a71aa2397de77b,data/raw/openimages/pencil_case/oi-55a71aa2397de77b.jpg,452dc7ea18be373ebf6cc0066deb36c460531b37894bff64dc764500005f46d4,3,,,open-images-official,,train,approved,campus-public-pilot-v1,open_images,55a71aa2397de77b,https://www.flickr.com/photos/trilliumdesign/14723826799,https://c4.staticflickr.com/4/3886/14723826799_e32917818e_o.jpg,https://open-images-dataset.s3.amazonaws.com/train/55a71aa2397de77b.jpg,Trilliumdesign ~ Caroline,https://creativecommons.org/licenses/by/2.0/,,oi-55a71aa2397de77b,Codex visual review: ordinary pencil case; primary target identifiable,66a78671dce62193,1024,789,,
oi-6b784b107eaa3126,data/raw/openimages/pencil_case/oi-6b784b107eaa3126.jpg,4ee55a7a5615681a814352c360991131708a8ab218c5a772dd710f171225436b,3,,,open-images-official,,train,approved,campus-public-pilot-v1,open_images,6b784b107eaa3126,https://www.flickr.com/photos/sabrinaeras/1023482922,https://farm7.staticflickr.com/1190/1023482922_dd6bf46e38_o.jpg,https://open-images-dataset.s3.amazonaws.com/train/6b784b107eaa3126.jpg,Sabrina Eras,https://creativecommons.org/licenses/by/2.0/,,oi-10dd651ae86b43b3,Codex visual review: ordinary single-main pencil case,c3d31ce8dc2383d9,1024,722,,
oi-10dd651ae86b43b3,data/raw/openimages/pencil_case/oi-10dd651ae86b43b3.jpg,2b54b6962a94ed01f27885abd00a5987ddab17fbb07acda9e3483696f64b3443,3,,,open-images-official,,train,approved,campus-public-pilot-v1,open_images,10dd651ae86b43b3,https://www.flickr.com/photos/sabrinaeras/1023482936,https://farm4.staticflickr.com/1248/1023482936_eac6bc6b77_o.jpg,https://open-images-dataset.s3.amazonaws.com/train/10dd651ae86b43b3.jpg,Sabrina Eras,https://creativecommons.org/licenses/by/2.0/,,oi-10dd651ae86b43b3,Codex visual review: ordinary single-main pencil case,4c99bca9690b43f5,1024,769,,
oi-462e844ab473444b,data/raw/openimages/pencil_case/oi-462e844ab473444b.jpg,1b35ed9122573ebdfe3c5219a5f07f19f9a4995f07056bc691ad91ff61f47df0,3,,,open-images-official,,train,approved,campus-public-pilot-v1,open_images,462e844ab473444b,https://www.flickr.com/photos/keykalou/11214137805,https://c4.staticflickr.com/3/2835/11214137805_7d236ea46e_o.jpg,https://open-images-dataset.s3.amazonaws.com/train/462e844ab473444b.jpg,Michelle,https://creativecommons.org/licenses/by/2.0/,,oi-462e844ab473444b,Codex visual review: ordinary pencil case; primary target identifiable,b2ee52c914a9a957,1024,819,,
oi-1d6474baedac0f23,data/raw/openimages/pencil_case/oi-1d6474baedac0f23.jpg,7148b3e1070a8d329dfecc579e3f4f08c21160da7dbf56854efd5b2e3f5a459a,3,,,open-images-official,,train,approved,campus-public-pilot-v1,open_images,1d6474baedac0f23,https://www.flickr.com/photos/shuttercat7/3400722584,https://farm4.staticflickr.com/3539/3400722584_4c5f9cd7de_o.jpg,https://open-images-dataset.s3.amazonaws.com/train/1d6474baedac0f23.jpg,NapInterrupted,https://creativecommons.org/licenses/by/2.0/,,oi-1d6474baedac0f23,Codex visual review: ordinary single-main pencil case,bc034ca5f9070f57,1024,1024,,
oi-68e57b74c3261439,data/raw/openimages/pencil_case/oi-68e57b74c3261439.jpg,fb6b02a092748dc7b306f091028722c235d0354316845fd9ebeb496fd170350a,3,,,open-images-official,,train,approved,campus-public-pilot-v1,open_images,68e57b74c3261439,https://www.flickr.com/photos/gonmi/7266568398,https://c2.staticflickr.com/8/7215/7266568398_3195a4ef02_o.jpg,https://open-images-dataset.s3.amazonaws.com/train/68e57b74c3261439.jpg,Nacho,https://creativecommons.org/licenses/by/2.0/,,oi-68e57b74c3261439,Codex visual review: ordinary single-main pencil case,432985d5829d7e5d,1024,768,,
oi-3dca452248af6c06,data/raw/openimages/pencil_case/oi-3dca452248af6c06.jpg,9b8aa464ef6de9b3e7009079fcc006553cd52dab48037c13c7f4284d3b7d2daf,3,,,open-images-official,,train,approved,campus-public-pilot-v1,open_images,3dca452248af6c06,https://www.flickr.com/photos/keykalou/18204915475,https://farm7.staticflickr.com/8770/18204915475_10232b7215_o.jpg,https://open-images-dataset.s3.amazonaws.com/train/3dca452248af6c06.jpg,Michelle,https://creativecommons.org/licenses/by/2.0/,,oi-3dca452248af6c06,Codex visual review: ordinary pencil case; primary target identifiable,87e99643d00f29f5,1024,1024,,
oi-217059e36842a45e,data/raw/openimages/pencil_case/oi-217059e36842a45e.jpg,b2d016699ad24faf0e91e38151f1baaa8499c147b0509195126178fe46fe93f5,3,,,open-images-official,,train,approved,campus-public-pilot-v1,open_images,217059e36842a45e,https://www.flickr.com/photos/keykalou/16723543427,https://c7.staticflickr.com/9/8731/16723543427_3d91df921a_o.jpg,https://open-images-dataset.s3.amazonaws.com/train/217059e36842a45e.jpg,Michelle,https://creativecommons.org/licenses/by/2.0/,,oi-217059e36842a45e,Codex visual review: ordinary single-main pencil case,a4cbd409f8a983dd,768,768,,
oi-1adb4aa538ab0611,data/raw/openimages/pencil_case/oi-1adb4aa538ab0611.jpg,2153dbda0c6601edd727fd496a8de73c882a2cdba6ab1ab2ce37077f818edb61,3,,,open-images-official,,train,approved,campus-public-pilot-v1,open_images,1adb4aa538ab0611,https://www.flickr.com/photos/ginapina/14910898152,https://farm2.staticflickr.com/3897/14910898152_04af08ec5b_o.jpg,https://open-images-dataset.s3.amazonaws.com/train/1adb4aa538ab0611.jpg,gina pina,https://creativecommons.org/licenses/by/2.0/,,oi-1adb4aa538ab0611,Codex visual review: ordinary pencil case; primary target identifiable,78b2b4c9e92d11d3,1024,1024,,
oi-094d9e16dc15f628,data/raw/openimages/pencil_case/oi-094d9e16dc15f628.jpg,055fc67aba6caa1ed8899321b0686307c97ec5ed9d11f0aa04bc45c7719c1103,3,,,open-images-official,,train,approved,campus-public-pilot-v1,open_images,094d9e16dc15f628,https://www.flickr.com/photos/41738141@N06/6959543470,https://c1.staticflickr.com/8/7226/6959543470_925f706406_o.jpg,https://open-images-dataset.s3.amazonaws.com/train/094d9e16dc15f628.jpg,CananZembil,https://creativecommons.org/licenses/by/2.0/,,oi-094d9e16dc15f628,Codex visual review: ordinary pencil case; primary target identifiable,6f3d1d4ba6034995,1024,768,,
oi-ee57f5361bcf173b,data/raw/openimages/pencil_case/oi-ee57f5361bcf173b.jpg,d9a1921d0296ea5c020292e25bb6acd01f7b98ccfecca6c3eaaebddc4ec92b92,3,,,open-images-official,,train,approved,campus-public-pilot-v1,open_images,ee57f5361bcf173b,https://www.flickr.com/photos/wicker-furniture/9530712095,https://c4.staticflickr.com/3/2877/9530712095_662bcbb25f_o.jpg,https://open-images-dataset.s3.amazonaws.com/train/ee57f5361bcf173b.jpg,Wicker Paradise,https://creativecommons.org/licenses/by/2.0/,,oi-ee57f5361bcf173b,Codex visual review: ordinary single-main pencil case,5c96e1693b1b46c5,719,1024,,
oi-4b0312abb8f872ed,data/raw/openimages/pencil_case/oi-4b0312abb8f872ed.jpg,52ed2f04c5490353c9d958893448082dbcbb4aaf5e1b460ac78effe095def8bb,3,,,open-images-official,,train,approved,campus-public-pilot-v1,open_images,4b0312abb8f872ed,https://www.flickr.com/photos/keykalou/16194630654,https://c6.staticflickr.com/9/8728/16194630654_8d436cb4ba_o.jpg,https://open-images-dataset.s3.amazonaws.com/train/4b0312abb8f872ed.jpg,Michelle,https://creativecommons.org/licenses/by/2.0/,,oi-4b0312abb8f872ed,Codex visual review: ordinary single-main pencil case,ccb1e64b36a5194d,1024,1024,,
commons-75737639,data/raw/commons/pencil_case/commons-75737639.jpg,6e07022f517b99f1cc5d16afa4f8d46365bc62190bf71934308b68e27fc6b47e,3,,,commons-api,,train,approved,campus-public-pilot-v1,wikimedia_commons,75737639,https://commons.wikimedia.org/wiki/File:%C5%A0koln%C3%AD_pouzdro.jpg,https://upload.wikimedia.org/wikipedia/commons/4/4a/%C5%A0koln%C3%AD_pouzdro.jpg?utm_source=commons.wikimedia.org&utm_campaign=imageinfo&utm_content=original,https://thumb.wikimedia.org/wikipedia/commons/thumb/4/4a/%C5%A0koln%C3%AD_pouzdro.jpg/1280px-%C5%A0koln%C3%AD_pouzdro.jpg?utm_source=commons.wikimedia.org&utm_campaign=imageinfo&utm_content=thumbnail,Tomaskase1,CC BY-SA 4.0,https://creativecommons.org/licenses/by-sa/4.0,commons-75737639,Codex visual contact-sheet review: ordinary pencil case,94a790a752eba715,1280,960,,
commons-186971,data/raw/commons/pencil_case/commons-186971.jpg,a70906f5ad53466b28feadf8b29dc2dfcb04e7b3ad5831d54c9290f20dc4a5fc,3,,,commons-api,,train,approved,campus-public-pilot-v1,wikimedia_commons,186971,https://commons.wikimedia.org/wiki/File:Apple_iSight_testphoto.jpg,https://upload.wikimedia.org/wikipedia/commons/0/01/Apple_iSight_testphoto.jpg?utm_source=commons.wikimedia.org&utm_campaign=imageinfo&utm_content=original,https://upload.wikimedia.org/wikipedia/commons/0/01/Apple_iSight_testphoto.jpg?utm_source=commons.wikimedia.org&utm_campaign=imageinfo&utm_content=thumbnail_unscaled,Maestroalubia,CC BY-SA 3.0,http://creativecommons.org/licenses/by-sa/3.0/,commons-186971,Codex visual review: identifiable ordinary pencil case,997e2426b1c35b2d,640,480,,
oi-1f3d8ccade270e7a,data/raw/openimages/pencil_case/oi-1f3d8ccade270e7a.jpg,3f6ae898e3727b36f43afed51298d3c142dcbb2d924e096032416be65f3cd9fc,3,,,open-images-official,,train,approved,campus-public-pilot-v1,open_images,1f3d8ccade270e7a,https://www.flickr.com/photos/palander/4500658912,https://c3.staticflickr.com/5/4071/4500658912_465075bf60_o.jpg,https://open-images-dataset.s3.amazonaws.com/train/1f3d8ccade270e7a.jpg,petter palander,https://creativecommons.org/licenses/by/2.0/,,oi-1f3d8ccade270e7a,Codex visual review: ordinary single-main pencil case,93cc83935c836c7d,866,1024,,
oi-1cf38b01181416f2,data/raw/openimages/pencil_case/oi-1cf38b01181416f2.jpg,4e78ffb041c968b66691ca2b44a8e2664604888a8165466a6b72e28b774641d0,3,,,open-images-official,,train,approved,campus-public-pilot-v1,open_images,1cf38b01181416f2,https://www.flickr.com/photos/azulcereja/1411901559,https://farm3.staticflickr.com/1019/1411901559_d86c76ccfd_o.jpg,https://open-images-dataset.s3.amazonaws.com/train/1cf38b01181416f2.jpg,bailout,https://creativecommons.org/licenses/by/2.0/,,oi-1cf38b01181416f2,Codex visual review: ordinary pencil case; primary target identifiable,247756cb52247c5b,1024,688,,
oi-d4171fda28f353f1,data/raw/openimages/pencil_case/oi-d4171fda28f353f1.jpg,dc35633b8b1bc78fc6ef4c26756ae8ee2cd9f9f483fcf5e56591721d5e0d3ed9,3,,,open-images-official,,train,approved,campus-public-pilot-v1,open_images,d4171fda28f353f1,https://www.flickr.com/photos/29047966@N05/16055782022,https://farm2.staticflickr.com/7538/16055782022_2d5e05673b_o.jpg,https://open-images-dataset.s3.amazonaws.com/train/d4171fda28f353f1.jpg,taz + belly,https://creativecommons.org/licenses/by/2.0/,,oi-d4171fda28f353f1,Codex visual review: ordinary single-main pencil case,1a833d66fb11e42d,1024,1024,,
oi-2c80d37ae411da82,data/raw/openimages/pencil_case/oi-2c80d37ae411da82.jpg,ecd1804aacaa7356f20d7dc7d189d59c6115683c977cd84847349fad86e0ce59,3,,,open-images-official,,train,approved,campus-public-pilot-v1,open_images,2c80d37ae411da82,https://www.flickr.com/photos/betsyweber/1470537965,https://farm3.staticflickr.com/1152/1470537965_bd916b4f24_o.jpg,https://open-images-dataset.s3.amazonaws.com/train/2c80d37ae411da82.jpg,Betsy Weber,https://creativecommons.org/licenses/by/2.0/,,oi-2c80d37ae411da82,Codex visual review: ordinary single-main pencil case,eb87861c1ce9e691,1024,768,,
oi-34047a2c56b0866d,data/raw/openimages/pencil_case/oi-34047a2c56b0866d.jpg,3bb9da09ef1a2dabfa2866af3ab2783d49c803fce83fe81cd72993133fe3577a,3,,,open-images-official,,train,approved,campus-public-pilot-v1,open_images,34047a2c56b0866d,https://www.flickr.com/photos/anniemole/116219858,https://c6.staticflickr.com/1/47/116219858_52b980834d_o.jpg,https://open-images-dataset.s3.amazonaws.com/train/34047a2c56b0866d.jpg,Annie Mole,https://creativecommons.org/licenses/by/2.0/,,oi-34047a2c56b0866d,Codex visual review: ordinary single-main pencil case,1e0b0e01aba9e3fd,1024,689,,
oi-30a993ec7472a728,data/raw/openimages/pencil_case/oi-30a993ec7472a728.jpg,84722b689d0ece503c7a32a722cab6c3da5320cf01ac1e4575fbfdeffc712885,3,,,open-images-official,,train,approved,campus-public-pilot-v1,open_images,30a993ec7472a728,https://www.flickr.com/photos/keykalou/16402886076,https://c1.staticflickr.com/9/8666/16402886076_0d3943a0fe_o.jpg,https://open-images-dataset.s3.amazonaws.com/train/30a993ec7472a728.jpg,Michelle,https://creativecommons.org/licenses/by/2.0/,,oi-30a993ec7472a728,Codex visual review: ordinary single-main pencil case,8c037c43f9a543f5,1024,996,,
commons-49839916,data/raw/commons/pencil_case/commons-49839916.jpg,9b95a75afab0afa034ec5108eba9adaf70dda58a81486a0ec099a449faca42b1,3,,,commons-api,,train,approved,campus-public-pilot-v1,wikimedia_commons,49839916,https://commons.wikimedia.org/wiki/File:%E8%89%B2%E3%81%AE%E3%81%8F%E3%81%BF%E3%81%82%E3%82%8F%E3%81%9B_%E4%B8%89%E5%8E%9F%E8%89%B2_(4030996863).jpg,https://upload.wikimedia.org/wikipedia/commons/3/39/%E8%89%B2%E3%81%AE%E3%81%8F%E3%81%BF%E3%81%82%E3%82%8F%E3%81%9B_%E4%B8%89%E5%8E%9F%E8%89%B2_%284030996863%29.jpg?utm_source=commons.wikimedia.org&utm_campaign=imageinfo&utm_content=original,https://thumb.wikimedia.org/wikipedia/commons/thumb/3/39/%E8%89%B2%E3%81%AE%E3%81%8F%E3%81%BF%E3%81%82%E3%82%8F%E3%81%9B_%E4%B8%89%E5%8E%9F%E8%89%B2_%284030996863%29.jpg/1280px-%E8%89%B2%E3%81%AE%E3%81%8F%E3%81%BF%E3%81%82%E3%82%8F%E3%81%9B_%E4%B8%89%E5%8E%9F%E8%89%B2_%284030996863%29.jpg?utm_source=commons.wikimedia.org&utm_campaign=imageinfo&utm_content=thumbnail,Angus Fraser,CC BY 2.0,https://creativecommons.org/licenses/by/2.0,commons-49839916,Codex visual contact-sheet review: ordinary pencil case,59877053df32348d,1280,960,,
oi-510cc5a0ece3e926,data/raw/openimages/pencil_case/oi-510cc5a0ece3e926.jpg,ea0d2669960cd288db320869b6473ab110beb574224a3598b49a278f393af486,3,,,open-images-official,,train,approved,campus-public-pilot-v1,open_images,510cc5a0ece3e926,https://www.flickr.com/photos/ginapina/7754136052,https://farm7.staticflickr.com/8295/7754136052_fd0c8f254c_o.jpg,https://open-images-dataset.s3.amazonaws.com/train/510cc5a0ece3e926.jpg,gina pina,https://creativecommons.org/licenses/by/2.0/,,oi-510cc5a0ece3e926,Codex visual review: ordinary single-main pencil case,1f0477f880a87e57,1024,1024,,
oi-02f226c5cc06dfb8,data/raw/openimages/pencil_case/oi-02f226c5cc06dfb8.jpg,68d43bf9b3cc77292cd142be5529524508251779f55ce92959af5679e4434496,3,,,open-images-official,,train,approved,campus-public-pilot-v1,open_images,02f226c5cc06dfb8,https://www.flickr.com/photos/photo-digest/11931822266,https://c1.staticflickr.com/3/2856/11931822266_f9fd682ff4_o.jpg,https://open-images-dataset.s3.amazonaws.com/train/02f226c5cc06dfb8.jpg,media.digest,https://creativecommons.org/licenses/by/2.0/,,oi-02f226c5cc06dfb8,Codex visual review: ordinary pencil case; primary target identifiable,cd5004fb164be8bd,1024,655,,
commons-90690914,data/raw/commons/pencil_case/commons-90690914.jpg,ae077baad7ada023e13ed527fa30173354ae8295d67c04f7d9ae56674a76b17a,3,,,commons-api,,train,approved,campus-public-pilot-v1,wikimedia_commons,90690914,https://commons.wikimedia.org/wiki/File:5804Baliuag_Bulacan_Landmarks_during_the_2020_coronavirus_pandemic_60.jpg,https://upload.wikimedia.org/wikipedia/commons/5/58/5804Baliuag_Bulacan_Landmarks_during_the_2020_coronavirus_pandemic_60.jpg?utm_source=commons.wikimedia.org&utm_campaign=imageinfo&utm_content=original,https://thumb.wikimedia.org/wikipedia/commons/thumb/5/58/5804Baliuag_Bulacan_Landmarks_during_the_2020_coronavirus_pandemic_60.jpg/1280px-5804Baliuag_Bulacan_Landmarks_during_the_2020_coronavirus_pandemic_60.jpg?utm_source=commons.wikimedia.org&utm_campaign=imageinfo&utm_content=thumbnail,Judgefloro,CC0,http://creativecommons.org/publicdomain/zero/1.0/deed.en,commons-90690914,Codex visual review: identifiable ordinary pencil case,cdfcd6238e09e191,1280,960,,
commons-90690930,data/raw/commons/pencil_case/commons-90690930.jpg,0bb8c0d69c252404485b8eeba2e3c147c57dab7561e53d9d93680bb6703fc4b4,3,,,commons-api,,train,approved,campus-public-pilot-v1,wikimedia_commons,90690930,https://commons.wikimedia.org/wiki/File:5804Baliuag_Bulacan_Landmarks_during_the_2020_coronavirus_pandemic_61.jpg,https://upload.wikimedia.org/wikipedia/commons/7/75/5804Baliuag_Bulacan_Landmarks_during_the_2020_coronavirus_pandemic_61.jpg?utm_source=commons.wikimedia.org&utm_campaign=imageinfo&utm_content=original,https://thumb.wikimedia.org/wikipedia/commons/thumb/7/75/5804Baliuag_Bulacan_Landmarks_during_the_2020_coronavirus_pandemic_61.jpg/1280px-5804Baliuag_Bulacan_Landmarks_during_the_2020_coronavirus_pandemic_61.jpg?utm_source=commons.wikimedia.org&utm_campaign=imageinfo&utm_content=thumbnail,Judgefloro,CC0,http://creativecommons.org/publicdomain/zero/1.0/deed.en,commons-90690914,Codex visual review: identifiable ordinary pencil case,661e99b86e0932d7,1280,960,,
oi-484a4337282dde1e,data/raw/openimages/pencil_case/oi-484a4337282dde1e.jpg,360df7dbf4d4a55876b81f88500219f41c0c6fa7ee3c135d4d1bc5be537e6e18,3,,,open-images-official,,train,approved,campus-public-pilot-v1,open_images,484a4337282dde1e,https://www.flickr.com/photos/nachoeuropa/16426598841,https://c7.staticflickr.com/8/7311/16426598841_484624b614_o.jpg,https://open-images-dataset.s3.amazonaws.com/train/484a4337282dde1e.jpg,Colores Mari,https://creativecommons.org/licenses/by/2.0/,,oi-484a4337282dde1e,Codex visual review: ordinary single-main pencil case,d2ad2fd0715e0725,768,768,,
commons-58183086,data/raw/commons/pencil_case/commons-58183086.jpg,53368357f4928180a979cb5e3f35c9013bb32d83c10b75fc6991f166d6710f54,3,,,commons-api,,train,approved,campus-public-pilot-v1,wikimedia_commons,58183086,https://commons.wikimedia.org/wiki/File:Trousse_-_1.jpg,https://upload.wikimedia.org/wikipedia/commons/a/ab/Trousse_-_1.jpg?utm_source=commons.wikimedia.org&utm_campaign=imageinfo&utm_content=original,https://thumb.wikimedia.org/wikipedia/commons/thumb/a/ab/Trousse_-_1.jpg/1280px-Trousse_-_1.jpg?utm_source=commons.wikimedia.org&utm_campaign=imageinfo&utm_content=thumbnail,Lionel Allorge,CC BY-SA 3.0,https://creativecommons.org/licenses/by-sa/3.0,commons-58183086,Codex visual contact-sheet review: ordinary pencil case,7cac7ca9a8819357,1280,618,,
commons-58183092,data/raw/commons/pencil_case/commons-58183092.jpg,ed4e0a0b6d937cdaa71c9f7e1ed720178b176ef1f915c4bca46639d7ab416534,3,,,commons-api,,train,approved,campus-public-pilot-v1,wikimedia_commons,58183092,https://commons.wikimedia.org/wiki/File:Trousse_-_2.jpg,https://upload.wikimedia.org/wikipedia/commons/1/1c/Trousse_-_2.jpg?utm_source=commons.wikimedia.org&utm_campaign=imageinfo&utm_content=original,https://thumb.wikimedia.org/wikipedia/commons/thumb/1/1c/Trousse_-_2.jpg/1280px-Trousse_-_2.jpg?utm_source=commons.wikimedia.org&utm_campaign=imageinfo&utm_content=thumbnail,Lionel Allorge,CC BY-SA 3.0,https://creativecommons.org/licenses/by-sa/3.0,commons-58183086,Codex visual contact-sheet review: ordinary pencil case,6952a9032f2956fd,1280,591,,
oi-e95c584469ff140d,data/raw/openimages/pencil_case/oi-e95c584469ff140d.jpg,2f3690a9863e6b729ebec98ffc2f3d28ca11b70eb446ecc9c4bc9560d32b8c2f,3,,,open-images-official,,train,approved,campus-public-pilot-v1,open_images,e95c584469ff140d,https://www.flickr.com/photos/itacorasuichi/1228870194,https://c6.staticflickr.com/2/1317/1228870194_63cfe59184_o.jpg,https://open-images-dataset.s3.amazonaws.com/train/e95c584469ff140d.jpg,Burdo Diseños,https://creativecommons.org/licenses/by/2.0/,,oi-e95c584469ff140d,Codex visual review: ordinary single-main pencil case,5382d62b74abb455,1024,768,,
oi-0725c26448e2045d,data/raw/openimages/pencil_case/oi-0725c26448e2045d.jpg,80aef1f9d9ffc2cb3e76fb226d002f562c2a5a9fdcce230257e23e64f26ebdd5,3,,,open-images-official,,train,approved,campus-public-pilot-v1,open_images,0725c26448e2045d,https://www.flickr.com/photos/keykalou/12412767715,https://c6.staticflickr.com/4/3753/12412767715_f8d92d3131_o.jpg,https://open-images-dataset.s3.amazonaws.com/train/0725c26448e2045d.jpg,Michelle,https://creativecommons.org/licenses/by/2.0/,,oi-0725c26448e2045d,Codex visual review: ordinary single-main pencil case,731316bca90356f5,1024,598,,
oi-0d1a3e96c75140ef,data/raw/openimages/pencil_case/oi-0d1a3e96c75140ef.jpg,f6568588888e29777a6ec61702ca9478f656a877fb55c978d9a6cdce5c5eb0f9,3,,,open-images-official,,train,approved,campus-public-pilot-v1,open_images,0d1a3e96c75140ef,https://www.flickr.com/photos/tanabaiana/4251475255,https://c8.staticflickr.com/3/2687/4251475255_13a1a6d30d_o.jpg,https://open-images-dataset.s3.amazonaws.com/train/0d1a3e96c75140ef.jpg,Eliana Buchaul,https://creativecommons.org/licenses/by/2.0/,,oi-0d1a3e96c75140ef,Codex visual review: ordinary pencil case; primary target identifiable,0ba3a9f4bc4656a9,1024,768,,
oi-04e32389cf2a3fb2,data/raw/openimages/pencil_case/oi-04e32389cf2a3fb2.jpg,7552751dfb0ecf2cccaf5599d3628d271f3fb69dee3faaa7597f577f28924b64,3,,,open-images-official,,train,approved,campus-public-pilot-v1,open_images,04e32389cf2a3fb2,https://www.flickr.com/photos/oh_debby/8298896775,https://farm3.staticflickr.com/8216/8298896775_71623d0f72_o.jpg,https://open-images-dataset.s3.amazonaws.com/train/04e32389cf2a3fb2.jpg,Debby ☂,https://creativecommons.org/licenses/by/2.0/,,oi-04e32389cf2a3fb2,Codex visual review: ordinary single-main pencil case,7663a9a972565495,1024,681,,
oi-1b5738cd6962eea0,data/raw/openimages/pencil_case/oi-1b5738cd6962eea0.jpg,39963ca0f3d75812f5f55ec034dcb577fccbd6182fa083ad97520741cac090df,3,,,open-images-official,,train,approved,campus-public-pilot-v1,open_images,1b5738cd6962eea0,https://www.flickr.com/photos/pumpkincat210/3314566728,https://farm1.staticflickr.com/3192/3314566728_e20bd616e7_o.jpg,https://open-images-dataset.s3.amazonaws.com/train/1b5738cd6962eea0.jpg,Courtney Rhodes,https://creativecommons.org/licenses/by/2.0/,,oi-1b5738cd6962eea0,Codex visual review: ordinary single-main pencil case,bc1c3c5e83e4e383,1024,737,,
commons-57705146,data/raw/commons/pencil_case/commons-57705146.png,ed381b5e244e068626c26b0d1c359a095d87c5ce59a4e460b26780d13b65c972,3,,,commons-api,,train,approved,campus-public-pilot-v1,wikimedia_commons,57705146,https://commons.wikimedia.org/wiki/File:Estuche.png,https://upload.wikimedia.org/wikipedia/commons/2/21/Estuche.png?utm_source=commons.wikimedia.org&utm_campaign=imageinfo&utm_content=original,https://upload.wikimedia.org/wikipedia/commons/2/21/Estuche.png?utm_source=commons.wikimedia.org&utm_campaign=imageinfo&utm_content=thumbnail_unscaled,Carla albiol,CC BY-SA 4.0,https://creativecommons.org/licenses/by-sa/4.0,commons-57705146,Codex visual review: identifiable ordinary pencil case,fefa9350008196df,475,358,,
oi-3d631084d819e84f,data/raw/openimages/pencil_case/oi-3d631084d819e84f.jpg,ecd3252b4bc316da5b197b095d0489a1c6f741dbea4e9e31c25041188759d9a4,3,,,open-images-official,,train,approved,campus-public-pilot-v1,open_images,3d631084d819e84f,https://www.flickr.com/photos/cherryblossom_in_japan/373770950,https://c8.staticflickr.com/1/170/373770950_5a2fccaf07_o.jpg,https://open-images-dataset.s3.amazonaws.com/train/3d631084d819e84f.jpg,cherryblossom in japan,https://creativecommons.org/licenses/by/2.0/,,oi-3d631084d819e84f,Codex visual review: ordinary single-main pencil case,6692b1d9f6ad1305,1024,768,,
oi-0ce0e62b1239f284,data/raw/openimages/pencil_case/oi-0ce0e62b1239f284.jpg,7c41784b89222bd48e69ceea4a1042fc0c750becf1186a8afe993f1cb51bb0b5,3,,,open-images-official,,train,approved,campus-public-pilot-v1,open_images,0ce0e62b1239f284,https://www.flickr.com/photos/8312543@N07/3390835526,https://farm5.staticflickr.com/3538/3390835526_f9205f4c09_o.jpg,https://open-images-dataset.s3.amazonaws.com/train/0ce0e62b1239f284.jpg,Patricia Harold,https://creativecommons.org/licenses/by/2.0/,,oi-0ce0e62b1239f284,Codex visual review: ordinary single-main pencil case,76c69627acd8d02b,1024,768,,
commons-145115297,data/raw/commons/pencil_case/commons-145115297.jpg,c830754e26338cd3294c5c42a84657a2dac03f0c5e784656ac04876b51ca14e6,3,,,commons-api,,train,approved,campus-public-pilot-v1,wikimedia_commons,145115297,"https://commons.wikimedia.org/wiki/File:Materia%C5%82y_promocyjne_Wikimedia_Polska,_WLZ_2023,_6.jpg",https://upload.wikimedia.org/wikipedia/commons/a/a4/Materia%C5%82y_promocyjne_Wikimedia_Polska%2C_WLZ_2023%2C_6.jpg?utm_source=commons.wikimedia.org&utm_campaign=imageinfo&utm_content=original,https://thumb.wikimedia.org/wikipedia/commons/thumb/a/a4/Materia%C5%82y_promocyjne_Wikimedia_Polska%2C_WLZ_2023%2C_6.jpg/1280px-Materia%C5%82y_promocyjne_Wikimedia_Polska%2C_WLZ_2023%2C_6.jpg?utm_source=commons.wikimedia.org&utm_campaign=imageinfo&utm_content=thumbnail,Cybularny,CC BY-SA 4.0,https://creativecommons.org/licenses/by-sa/4.0,commons-145115297,Codex visual contact-sheet review: ordinary pencil case,09abb674498b3675,1280,960,,
oi-a1e9c53057114ca6,data/raw/openimages/pencil_case/oi-a1e9c53057114ca6.jpg,149bf53af893d7bd25a818dcdbdd26346e7b0862485047238ec097a8453c022e,3,,,open-images-official,,train,approved,campus-public-pilot-v1,open_images,a1e9c53057114ca6,https://www.flickr.com/photos/loosepunctuation/2176867381,https://farm7.staticflickr.com/2331/2176867381_58b6b0ae9b_o.jpg,https://open-images-dataset.s3.amazonaws.com/train/a1e9c53057114ca6.jpg,Erica Kline,https://creativecommons.org/licenses/by/2.0/,,oi-a1e9c53057114ca6,Codex visual review: ordinary single-main pencil case,63525e96a4bea9a1,1024,768,,
commons-11078098,data/raw/commons/pencil_case/commons-11078098.jpg,2bf30dd7b3e06b35b8e692a14e9794180c867495e849178129063bc7be0f9141,3,,,commons-api,,train,approved,campus-public-pilot-v1,wikimedia_commons,11078098,https://commons.wikimedia.org/wiki/File:Montegrappa_Extra.jpg,https://upload.wikimedia.org/wikipedia/commons/d/d2/Montegrappa_Extra.jpg?utm_source=commons.wikimedia.org&utm_campaign=imageinfo&utm_content=original,https://upload.wikimedia.org/wikipedia/commons/d/d2/Montegrappa_Extra.jpg?utm_source=commons.wikimedia.org&utm_campaign=imageinfo&utm_content=thumbnail_unscaled,Vadim Zhuravlev,Public domain,,commons-11078098,Codex visual contact-sheet review: ordinary pencil case,b415e914942e697f,1000,1483,,
commons-95180083,data/raw/commons/pencil_case/commons-95180083.jpg,c25a75fd338b9115b90e5f554e07f89c23a25d1b292b6b0597a6139169f8a7c3,3,,,commons-api,,train,approved,campus-public-pilot-v1,wikimedia_commons,95180083,https://commons.wikimedia.org/wiki/File:Hudebako.jpg,https://upload.wikimedia.org/wikipedia/commons/e/e3/Hudebako.jpg?utm_source=commons.wikimedia.org&utm_campaign=imageinfo&utm_content=original,https://upload.wikimedia.org/wikipedia/commons/e/e3/Hudebako.jpg?utm_source=commons.wikimedia.org&utm_campaign=imageinfo&utm_content=thumbnail_unscaled,KikuiS,CC BY-SA 4.0,https://creativecommons.org/licenses/by-sa/4.0,commons-95180083,Codex visual review: identifiable ordinary pencil case,89128cf97e05e0df,1108,1478,,
commons-82128700,data/raw/commons/pencil_case/commons-82128700.jpg,2a65869a83e60805dcf267844f254cfe7e572f31c953d6a406541cc42aa6155f,3,,,commons-api,,train,approved,campus-public-pilot-v1,wikimedia_commons,82128700,https://commons.wikimedia.org/wiki/File:Astuccio_scolastico.jpg,https://upload.wikimedia.org/wikipedia/commons/f/fa/Astuccio_scolastico.jpg?utm_source=commons.wikimedia.org&utm_campaign=imageinfo&utm_content=original,https://thumb.wikimedia.org/wikipedia/commons/thumb/f/fa/Astuccio_scolastico.jpg/1280px-Astuccio_scolastico.jpg?utm_source=commons.wikimedia.org&utm_campaign=imageinfo&utm_content=thumbnail,Maupao70,CC BY-SA 4.0,https://creativecommons.org/licenses/by-sa/4.0,commons-82128700,Codex visual review: identifiable ordinary pencil case,e5460f0e6cd1d1ad,1280,720,,
commons-10194164,data/raw/commons/pencil_case/commons-10194164.jpg,49e8a8cd0bc5599341558744c3e26367889026886572302128fdb925971dd83d,3,,,commons-api,,train,approved,campus-public-pilot-v1,wikimedia_commons,10194164,https://commons.wikimedia.org/wiki/File:La_trousse_de_Boulet_-_Des_Calanques_et_Des_Bulles_2010_-_P1320708.jpg,https://upload.wikimedia.org/wikipedia/commons/8/83/La_trousse_de_Boulet_-_Des_Calanques_et_Des_Bulles_2010_-_P1320708.jpg?utm_source=commons.wikimedia.org&utm_campaign=imageinfo&utm_content=original,https://thumb.wikimedia.org/wikipedia/commons/thumb/8/83/La_trousse_de_Boulet_-_Des_Calanques_et_Des_Bulles_2010_-_P1320708.jpg/1280px-La_trousse_de_Boulet_-_Des_Calanques_et_Des_Bulles_2010_-_P1320708.jpg?utm_source=commons.wikimedia.org&utm_campaign=imageinfo&utm_content=thumbnail,yves Tennevin,CC BY-SA 2.0,https://creativecommons.org/licenses/by-sa/2.0,commons-10194164,Codex visual review: identifiable ordinary pencil case,32a95b50bfa6294d,1280,1707,,
oi-398328305b2ed3d7,data/raw/openimages/mouse/oi-398328305b2ed3d7.jpg,dd0ab83c6fbcdc6bf0b1c0ef873b65f4e61672339adc4b4c4fbe2d0a608a970a,4,,,open-images-official,,train,approved,campus-public-pilot-v1,open_images,398328305b2ed3d7,https://www.flickr.com/photos/free-stock/4817557344,https://farm8.staticflickr.com/4101/4817557344_b0c0e1b878_o.jpg,https://open-images-dataset.s3.amazonaws.com/validation/398328305b2ed3d7.jpg,Emilian Robert Vicol,https://creativecommons.org/licenses/by/2.0/,https://creativecommons.org/licenses/by/2.0/,oi-398328305b2ed3d7,Codex visual inspection: one identifiable target within frozen definition,a6e618b17c43a33d,1024,768,2026-10-07T17:45:34+08:00,Open Images V7 public validation image / V5 human boxable labels
commons-21526232,data/raw/commons/mouse/commons-21526232.jpg,603fb94c83721e02584d70b89f7a2d819afce1de894265e617bc4ca08522440a,4,,,commons-api,,train,approved,campus-public-pilot-v1,wikimedia_commons,21526232,https://commons.wikimedia.org/wiki/File:Computer_mouse_doorbell_2.JPG,https://upload.wikimedia.org/wikipedia/commons/3/32/Computer_mouse_doorbell_2.JPG?utm_source=commons.wikimedia.org&utm_campaign=imageinfo&utm_content=original,https://thumb.wikimedia.org/wikipedia/commons/thumb/3/32/Computer_mouse_doorbell_2.JPG/1280px-Computer_mouse_doorbell_2.JPG?utm_source=commons.wikimedia.org&utm_campaign=imageinfo&utm_content=thumbnail,Marek Blahuš,CC BY-SA 3.0,https://creativecommons.org/licenses/by-sa/3.0,commons-21526232,Codex visual review of contact sheet: one identifiable target within frozen category definition,66b2e479c906633d,1280,1707,,
commons-21526233,data/raw/commons/mouse/commons-21526233.jpg,b2ffdba7bc610d24624b9dbfb91fe41fc0facf2031b573054cf75c3f9b83c398,4,,,commons-api,,train,approved,campus-public-pilot-v1,wikimedia_commons,21526233,https://commons.wikimedia.org/wiki/File:Computer_mouse_doorbell_3.JPG,https://upload.wikimedia.org/wikipedia/commons/2/26/Computer_mouse_doorbell_3.JPG?utm_source=commons.wikimedia.org&utm_campaign=imageinfo&utm_content=original,https://thumb.wikimedia.org/wikipedia/commons/thumb/2/26/Computer_mouse_doorbell_3.JPG/1280px-Computer_mouse_doorbell_3.JPG?utm_source=commons.wikimedia.org&utm_campaign=imageinfo&utm_content=thumbnail,Marek Blahuš,CC BY-SA 3.0,https://creativecommons.org/licenses/by-sa/3.0,commons-21526232,Codex visual review of contact sheet: one identifiable target within frozen category definition,99a66511a6234b7f,1280,1707,,
oi-954cd52679d0c86f,data/raw/openimages/mouse/oi-954cd52679d0c86f.jpg,b0a244a923ddbcb30dec5e746abc48b7e5cd6065ad8ac1acb0030860ce8dfd77,4,,,open-images-official,,train,approved,campus-public-pilot-v1,open_images,954cd52679d0c86f,https://www.flickr.com/photos/dragontomato/3451368520,https://c8.staticflickr.com/4/3356/3451368520_52a9d11289_o.jpg,https://open-images-dataset.s3.amazonaws.com/test/954cd52679d0c86f.jpg,Andrew_Writer,https://creativecommons.org/licenses/by/2.0/,https://creativecommons.org/licenses/by/2.0/,oi-954cd52679d0c86f,Codex visual inspection: one identifiable physical target within confirmed definition,7b8cc6383cc8f0e5,1024,681,2026-10-07T18:09:06+08:00,Open Images V7 public test image / V5 human boxable labels; one non-depicted box >=25% image area
oi-579a1a7868334127,data/raw/openimages/mouse/oi-579a1a7868334127.jpg,12e41203f664a3c4cdf6e852b90d5b62abe5b423591c5a6276242d7b77d2b0cc,4,,,open-images-official,,train,approved,campus-public-pilot-v1,open_images,579a1a7868334127,https://www.flickr.com/photos/jooon/1800689004,https://farm8.staticflickr.com/2208/1800689004_da9ac9ce14_o.jpg,https://open-images-dataset.s3.amazonaws.com/validation/579a1a7868334127.jpg,Jon Åslund,https://creativecommons.org/licenses/by/2.0/,https://creativecommons.org/licenses/by/2.0/,oi-579a1a7868334127,Codex visual inspection: one identifiable target within frozen definition,079b1e969649db85,1024,768,2026-10-07T17:47:08+08:00,Open Images V7 public validation image / V5 human boxable labels
oi-1348e6f01df2c79a,data/raw/openimages/mouse/oi-1348e6f01df2c79a.jpg,30a6c3382162b96f334ce0506bcd7757e7ac30deaffb14d605b4d6ab01b9bbd8,4,,,open-images-official,,train,approved,campus-public-pilot-v1,open_images,1348e6f01df2c79a,https://www.flickr.com/photos/pascal92/15264215674,https://c3.staticflickr.com/8/7511/15264215674_38fdf9b813_o.jpg,https://open-images-dataset.s3.amazonaws.com/test/1348e6f01df2c79a.jpg,pascal lefevre,https://creativecommons.org/licenses/by/2.0/,https://creativecommons.org/licenses/by/2.0/,oi-1348e6f01df2c79a,Codex visual inspection: one identifiable physical target within confirmed definition,8c2199b378cba72d,1024,683,2026-10-07T18:04:25+08:00,Open Images V7 public test image / V5 human boxable labels; one non-depicted box >=25% image area
oi-e7bf630c163e9cbe,data/raw/openimages/mouse/oi-e7bf630c163e9cbe.jpg,48314663afa4ad2dec5a4a570cfd584d1169387d8b4bfeec4a9b329d1c4c4909,4,,,open-images-official,,train,approved,campus-public-pilot-v1,open_images,e7bf630c163e9cbe,https://www.flickr.com/photos/37709691@N05/16731670197,https://c7.staticflickr.com/8/7288/16731670197_e0681d1b36_o.jpg,https://open-images-dataset.s3.amazonaws.com/validation/e7bf630c163e9cbe.jpg,Daniele Adami,https://creativecommons.org/licenses/by/2.0/,https://creativecommons.org/licenses/by/2.0/,oi-e7bf630c163e9cbe,Codex visual inspection: one identifiable target within frozen definition,9e72ec43f46422b3,768,768,2026-10-07T17:46:09+08:00,Open Images V7 public validation image / V5 human boxable labels
oi-76d8919159c2a5c5,data/raw/openimages/mouse/oi-76d8919159c2a5c5.jpg,9a173443a2e2fcf93ec919236edaa10b8113f2e36353deb2601575c6e03f0e36,4,,,open-images-official,,train,approved,campus-public-pilot-v1,open_images,76d8919159c2a5c5,https://www.flickr.com/photos/itopic/3580966273,https://farm6.staticflickr.com/2439/3580966273_6b40581381_o.jpg,https://open-images-dataset.s3.amazonaws.com/validation/76d8919159c2a5c5.jpg,iTopic,https://creativecommons.org/licenses/by/2.0/,https://creativecommons.org/licenses/by/2.0/,oi-76d8919159c2a5c5,Codex visual inspection: one identifiable target within frozen definition,560ba9f456a1a15f,1024,1024,2026-10-07T17:56:19+08:00,Open Images V7 public validation image / V5 human boxable labels
oi-608d813c31750c8b,data/raw/openimages/mouse/oi-608d813c31750c8b.jpg,07a16d8dafc76b3ef92ea222b73cccff5e79d46be7fe11aeedb0379bdb01193c,4,,,open-images-official,,train,approved,campus-public-pilot-v1,open_images,608d813c31750c8b,https://www.flickr.com/photos/x1brett/4216228162,https://c4.staticflickr.com/5/4043/4216228162_5218a1712e_o.jpg,https://open-images-dataset.s3.amazonaws.com/test/608d813c31750c8b.jpg,brett jordan,https://creativecommons.org/licenses/by/2.0/,https://creativecommons.org/licenses/by/2.0/,oi-608d813c31750c8b,Codex visual inspection: one identifiable physical target within confirmed definition,720f533897e06a97,1024,654,2026-10-07T18:13:26+08:00,Open Images V7 public test image / V5 human boxable labels; one non-depicted box >=25% image area
oi-0a51fd1a18528f7f,data/raw/openimages/mouse/oi-0a51fd1a18528f7f.jpg,6bd7f3cd9d67c9f84e0089975a81906cf9b6c2dfe802c2904265350cf8f011c4,4,,,open-images-official,,train,approved,campus-public-pilot-v1,open_images,0a51fd1a18528f7f,https://www.flickr.com/photos/hurtre/4942722825/,https://c8.staticflickr.com/5/4140/4942722825_fb2fb29b0c_o.jpg,https://open-images-dataset.s3.amazonaws.com/test/0a51fd1a18528f7f.jpg,Trevor Hurlbut,https://creativecommons.org/licenses/by/2.0/,https://creativecommons.org/licenses/by/2.0/,oi-0a51fd1a18528f7f,Codex visual inspection: one identifiable physical target within confirmed definition,34c1b3d9472369d5,1024,683,2026-10-07T18:09:01+08:00,Open Images V7 public test image / V5 human boxable labels; one non-depicted box >=25% image area
oi-8509d5c40c40b78a,data/raw/openimages/mouse/oi-8509d5c40c40b78a.jpg,4d870d33cf27f1a08d9fa00fb08da99316b383d536d924120db35228a3df99f4,4,,,open-images-official,,train,approved,campus-public-pilot-v1,open_images,8509d5c40c40b78a,https://www.flickr.com/photos/namsj/21855046725,https://c3.staticflickr.com/6/5657/21855046725_e7a97d6ccf_o.jpg,https://open-images-dataset.s3.amazonaws.com/validation/8509d5c40c40b78a.jpg,Nam Ngo,https://creativecommons.org/licenses/by/2.0/,https://creativecommons.org/licenses/by/2.0/,oi-8509d5c40c40b78a,Codex visual inspection: one identifiable target within frozen definition,5946c33c4cf3932d,1024,683,2026-10-07T17:54:04+08:00,Open Images V7 public validation image / V5 human boxable labels
oi-a351fe3136692dcb,data/raw/openimages/mouse/oi-a351fe3136692dcb.jpg,c4b85b794fb8682ec5b45a3eb33e9e018b413083a07b0fbca427d9af1fbf0b7a,4,,,open-images-official,,train,approved,campus-public-pilot-v1,open_images,a351fe3136692dcb,https://www.flickr.com/photos/toms/127899401,https://c4.staticflickr.com/1/56/127899401_ded1541361_o.jpg,https://open-images-dataset.s3.amazonaws.com/validation/a351fe3136692dcb.jpg,Toms Baugis,https://creativecommons.org/licenses/by/2.0/,https://creativecommons.org/licenses/by/2.0/,oi-a351fe3136692dcb,Codex visual inspection: one identifiable target within frozen definition,46d0c2791f9ad0af,1024,768,2026-10-07T17:55:56+08:00,Open Images V7 public validation image / V5 human boxable labels
commons-81284315,data/raw/commons/mouse/commons-81284315.jpg,b5a24b508f0d4254e155b34d1f42754032bd24dca29c05108aede5cf3b847e03,4,,,commons-api,,train,approved,campus-public-pilot-v1,wikimedia_commons,81284315,https://commons.wikimedia.org/wiki/File:Computer_Museum_of_America_(02).jpg,https://upload.wikimedia.org/wikipedia/commons/9/9a/Computer_Museum_of_America_%2802%29.jpg?utm_source=commons.wikimedia.org&utm_campaign=imageinfo&utm_content=original,https://thumb.wikimedia.org/wikipedia/commons/thumb/9/9a/Computer_Museum_of_America_%2802%29.jpg/1280px-Computer_Museum_of_America_%2802%29.jpg?utm_source=commons.wikimedia.org&utm_campaign=imageinfo&utm_content=thumbnail,Bubba73,CC BY-SA 3.0,https://creativecommons.org/licenses/by-sa/3.0,commons-81284315,Codex visual review of contact sheet: one identifiable target within frozen category definition,0c38f1ef0b136aab,1280,854,,
oi-e88cf5acfa238847,data/raw/openimages/mouse/oi-e88cf5acfa238847.jpg,d01f900176b955e34bd706f22ed83da59cd7777695fb53f1d9239602aefe0b99,4,,,open-images-official,,train,approved,campus-public-pilot-v1,open_images,e88cf5acfa238847,https://www.flickr.com/photos/vernieman/6982883138,https://farm8.staticflickr.com/7266/6982883138_561abc38e7_o.jpg,https://open-images-dataset.s3.amazonaws.com/test/e88cf5acfa238847.jpg,Vernon Chan,https://creativecommons.org/licenses/by/2.0/,https://creativecommons.org/licenses/by/2.0/,oi-e88cf5acfa238847,Codex visual inspection: one identifiable physical target within confirmed definition,e35946611ea1e957,835,1024,2026-10-07T18:06:53+08:00,Open Images V7 public test image / V5 human boxable labels; one non-depicted box >=25% image area
oi-8cc10b3985bc8379,data/raw/openimages/mouse/oi-8cc10b3985bc8379.jpg,8c0f346210d9ce7931a14964a7a157670434b20ab111cc0269afb09bb290a381,4,,,open-images-official,,train,approved,campus-public-pilot-v1,open_images,8cc10b3985bc8379,https://www.flickr.com/photos/43651810@N07/4025283840,https://c2.staticflickr.com/3/2768/4025283840_d0385cdbcd_o.jpg,https://open-images-dataset.s3.amazonaws.com/test/8cc10b3985bc8379.jpg,LupisSM,https://creativecommons.org/licenses/by/2.0/,https://creativecommons.org/licenses/by/2.0/,oi-8cc10b3985bc8379,Codex visual inspection: one identifiable physical target within confirmed definition,b8bb0eecfc210393,1024,697,2026-10-07T18:10:16+08:00,Open Images V7 public test image / V5 human boxable labels; one non-depicted box >=25% image area
oi-4bab8bcfb47b0986,data/raw/openimages/mouse/oi-4bab8bcfb47b0986.jpg,1557cf38330b1f94a2fb632903642ad22b29322b11c0d3f17f782d3c6d7fd527,4,,,open-images-official,,train,approved,campus-public-pilot-v1,open_images,4bab8bcfb47b0986,https://www.flickr.com/photos/rueful/8058845636,https://farm7.staticflickr.com/8313/8058845636_d32deae274_o.jpg,https://open-images-dataset.s3.amazonaws.com/test/4bab8bcfb47b0986.jpg,Kiran Foster,https://creativecommons.org/licenses/by/2.0/,https://creativecommons.org/licenses/by/2.0/,oi-4bab8bcfb47b0986,Codex visual inspection: one identifiable physical target within confirmed definition,e33992594ca3195f,1024,707,2026-10-07T18:05:23+08:00,Open Images V7 public test image / V5 human boxable labels; one non-depicted box >=25% image area
oi-dd878b1089326be1,data/raw/openimages/mouse/oi-dd878b1089326be1.jpg,a8ac05d94b4aaa418f20a621925e267f21e6f6a3318c362f77bb77906cb2ca3e,4,,,open-images-official,,train,approved,campus-public-pilot-v1,open_images,dd878b1089326be1,https://www.flickr.com/photos/11872189@N00/4916137611,https://farm2.staticflickr.com/4115/4916137611_29f41705dc_o.jpg,https://open-images-dataset.s3.amazonaws.com/test/dd878b1089326be1.jpg,Alex Garcia,https://creativecommons.org/licenses/by/2.0/,https://creativecommons.org/licenses/by/2.0/,oi-dd878b1089326be1,Codex visual inspection: one identifiable physical target within confirmed definition,18f3ec0996f94b15,1024,754,2026-10-07T18:09:03+08:00,Open Images V7 public test image / V5 human boxable labels; one non-depicted box >=25% image area
commons-18699686,data/raw/commons/mouse/commons-18699686.jpg,8b01b6e7aed8b3a3e8cff19435f6499458e69577133bdec5cc86336127e261a6,4,,,commons-api,,train,approved,campus-public-pilot-v1,wikimedia_commons,18699686,https://commons.wikimedia.org/wiki/File:Kaarten.JPG,https://upload.wikimedia.org/wikipedia/commons/c/c7/Kaarten.JPG?utm_source=commons.wikimedia.org&utm_campaign=imageinfo&utm_content=original,https://thumb.wikimedia.org/wikipedia/commons/thumb/c/c7/Kaarten.JPG/1280px-Kaarten.JPG?utm_source=commons.wikimedia.org&utm_campaign=imageinfo&utm_content=thumbnail,Danuta,CC BY-SA 3.0,https://creativecommons.org/licenses/by-sa/3.0,commons-18699686,Codex visual review of contact sheet: one identifiable target within frozen category definition,d999262cc6999b27,1280,960,,
oi-a88cf9722f76deeb,data/raw/openimages/mouse/oi-a88cf9722f76deeb.jpg,69382e98adede0039792e9c9cf153183c1c14056f7993d50567b600e33240ea0,4,,,open-images-official,,train,approved,campus-public-pilot-v1,open_images,a88cf9722f76deeb,https://www.flickr.com/photos/standout/4168779009,https://c4.staticflickr.com/3/2745/4168779009_f922fe8a97_o.jpg,https://open-images-dataset.s3.amazonaws.com/validation/a88cf9722f76deeb.jpg,David Svensson,https://creativecommons.org/licenses/by/2.0/,https://creativecommons.org/licenses/by/2.0/,oi-a88cf9722f76deeb,Codex visual inspection: one identifiable target within frozen definition,91d94d2cc693195f,1024,768,2026-10-07T17:55:49+08:00,Open Images V7 public validation image / V5 human boxable labels
oi-0e01043680c40c32,data/raw/openimages/mouse/oi-0e01043680c40c32.jpg,8744d3fe221e455006e2d61366a220ed6352aa3a14fceaa6cea81e2105b9b75e,4,,,open-images-official,,train,approved,campus-public-pilot-v1,open_images,0e01043680c40c32,https://www.flickr.com/photos/infinity-d/5308874488,https://farm3.staticflickr.com/5164/5308874488_640f72c6db_o.jpg,https://open-images-dataset.s3.amazonaws.com/test/0e01043680c40c32.jpg,Yuichiro Haga,https://creativecommons.org/licenses/by/2.0/,https://creativecommons.org/licenses/by/2.0/,oi-0e01043680c40c32,Codex visual inspection: one identifiable physical target within confirmed definition,86c1586927a5e95f,1024,768,2026-10-07T18:12:07+08:00,Open Images V7 public test image / V5 human boxable labels; one non-depicted box >=25% image area
oi-0e27c9b0593260d2,data/raw/openimages/mouse/oi-0e27c9b0593260d2.jpg,665f4541339e1ce78e6ee04a1d87c1e3a07f8d08d8439b558f8e58ef04998491,4,,,open-images-official,,train,approved,campus-public-pilot-v1,open_images,0e27c9b0593260d2,https://www.flickr.com/photos/ajaysphotography/8493337886,https://farm3.staticflickr.com/8514/8493337886_6a35e10ac5_o.jpg,https://open-images-dataset.s3.amazonaws.com/test/0e27c9b0593260d2.jpg,Alex Slaven,https://creativecommons.org/licenses/by/2.0/,https://creativecommons.org/licenses/by/2.0/,oi-0e27c9b0593260d2,Codex visual inspection: one identifiable physical target within confirmed definition,703cb9d0c64336bd,683,1024,2026-10-07T18:07:20+08:00,Open Images V7 public test image / V5 human boxable labels; one non-depicted box >=25% image area
oi-b033c3642fc4e9cd,data/raw/openimages/mouse/oi-b033c3642fc4e9cd.jpg,259add1376435d3c23a2192352e182184ce9e4d7507333f66f8d89f7c2da36e7,4,,,open-images-official,,train,approved,campus-public-pilot-v1,open_images,b033c3642fc4e9cd,https://www.flickr.com/photos/williambrawley/4059304131,https://c6.staticflickr.com/4/3498/4059304131_2fe7f543ae_o.jpg,https://open-images-dataset.s3.amazonaws.com/test/b033c3642fc4e9cd.jpg,William Brawley,https://creativecommons.org/licenses/by/2.0/,https://creativecommons.org/licenses/by/2.0/,oi-b033c3642fc4e9cd,Codex visual inspection: one identifiable physical target within confirmed definition,9d67c913e64c81b9,1024,685,2026-10-07T18:04:29+08:00,Open Images V7 public test image / V5 human boxable labels; one non-depicted box >=25% image area
oi-5979c88c0717ebfd,data/raw/openimages/mouse/oi-5979c88c0717ebfd.jpg,d34af5b3eaf06783b5178a0b32d99faf7d6a5ffad2772a0989f6ce13ae54db7d,4,,,open-images-official,,train,approved,campus-public-pilot-v1,open_images,5979c88c0717ebfd,https://www.flickr.com/photos/koganetchi/3870034178,https://c6.staticflickr.com/4/3472/3870034178_84db41b3fa_o.jpg,https://open-images-dataset.s3.amazonaws.com/test/5979c88c0717ebfd.jpg,Yos C. Wiranata,https://creativecommons.org/licenses/by/2.0/,https://creativecommons.org/licenses/by/2.0/,oi-5979c88c0717ebfd,Codex visual inspection: one identifiable physical target within confirmed definition,c673535c4c667199,1024,687,2026-10-07T18:06:07+08:00,Open Images V7 public test image / V5 human boxable labels; one non-depicted box >=25% image area
commons-80677564,data/raw/commons/mouse/commons-80677564.jpg,0af3c0cd2c480b0bbb9d2e320876023409d2dd5926388e5f1c56a8c13906d51f,4,,,commons-api,,train,approved,campus-public-pilot-v1,wikimedia_commons,80677564,https://commons.wikimedia.org/wiki/File:CHM_Artifacts_(2376599452).jpg,https://upload.wikimedia.org/wikipedia/commons/5/50/CHM_Artifacts_%282376599452%29.jpg?utm_source=commons.wikimedia.org&utm_campaign=imageinfo&utm_content=original,https://thumb.wikimedia.org/wikipedia/commons/thumb/5/50/CHM_Artifacts_%282376599452%29.jpg/1280px-CHM_Artifacts_%282376599452%29.jpg?utm_source=commons.wikimedia.org&utm_campaign=imageinfo&utm_content=thumbnail,"Marcin Wichary from San Francisco, Calif.",CC BY 2.0,https://creativecommons.org/licenses/by/2.0,commons-80677564,Codex visual review of contact sheet: one identifiable target within frozen category definition,7a5084ddb70ec371,1280,852,,
oi-3ef18d437afa1e76,data/raw/openimages/mouse/oi-3ef18d437afa1e76.jpg,fe985662bc6f54503620e2dca2396470fdd7d277aeb08818fe2c7bcaba601a45,4,,,open-images-official,,train,approved,campus-public-pilot-v1,open_images,3ef18d437afa1e76,https://www.flickr.com/photos/orangeacid/204164003,https://farm7.staticflickr.com/67/204164003_588c240c46_o.jpg,https://open-images-dataset.s3.amazonaws.com/test/3ef18d437afa1e76.jpg,Dan Foy,https://creativecommons.org/licenses/by/2.0/,https://creativecommons.org/licenses/by/2.0/,oi-3ef18d437afa1e76,Codex visual inspection: one identifiable physical target within confirmed definition,433e67539e2c498b,1024,768,2026-10-07T18:05:37+08:00,Open Images V7 public test image / V5 human boxable labels; one non-depicted box >=25% image area
commons-95606388,data/raw/commons/mouse/commons-95606388.jpg,563e57c1a5f889404fc49db6abb17c85ecb27600c532c5a4ebcf47fea093750c,4,,,commons-api,,train,approved,campus-public-pilot-v1,wikimedia_commons,95606388,https://commons.wikimedia.org/wiki/File:Imagen_de_un_raton.jpg,https://upload.wikimedia.org/wikipedia/commons/9/98/Imagen_de_un_raton.jpg?utm_source=commons.wikimedia.org&utm_campaign=imageinfo&utm_content=original,https://upload.wikimedia.org/wikipedia/commons/9/98/Imagen_de_un_raton.jpg?utm_source=commons.wikimedia.org&utm_campaign=imageinfo&utm_content=thumbnail_unscaled,Pepooooo,CC BY-SA 4.0,https://creativecommons.org/licenses/by-sa/4.0,commons-95606388,Codex visual review of contact sheet: one identifiable target within frozen category definition,9cdcfcd8f0230707,900,1600,,
oi-2bc941fac87f3826,data/raw/openimages/mouse/oi-2bc941fac87f3826.jpg,20fc9a3b16a8d13aec24e09d6e998535955c4a4cfe1c736deefe049de2696b82,4,,,open-images-official,,train,approved,campus-public-pilot-v1,open_images,2bc941fac87f3826,https://www.flickr.com/photos/edwardyanquen/2089199809,https://farm7.staticflickr.com/2174/2089199809_b46424d75f_o.jpg,https://open-images-dataset.s3.amazonaws.com/test/2bc941fac87f3826.jpg,Edward Yanquen,https://creativecommons.org/licenses/by/2.0/,https://creativecommons.org/licenses/by/2.0/,oi-2bc941fac87f3826,Codex visual inspection: one identifiable physical target within confirmed definition,ec1833c30c70f4df,1024,515,2026-10-07T18:04:56+08:00,Open Images V7 public test image / V5 human boxable labels; one non-depicted box >=25% image area
oi-4e5a06da84daf5d8,data/raw/openimages/mouse/oi-4e5a06da84daf5d8.jpg,dceea3087c9f73a8799490f1d13253b921c65b02007bb4b9af669c395cc18d92,4,,,open-images-official,,train,approved,campus-public-pilot-v1,open_images,4e5a06da84daf5d8,https://www.flickr.com/photos/antoniolas/4367543346,https://c1.staticflickr.com/5/4016/4367543346_02633c809b_o.jpg,https://open-images-dataset.s3.amazonaws.com/validation/4e5a06da84daf5d8.jpg,Antonio Las,https://creativecommons.org/licenses/by/2.0/,https://creativecommons.org/licenses/by/2.0/,oi-4e5a06da84daf5d8,Codex visual inspection: one identifiable target within frozen definition,71e6e3835e0c29f1,1024,680,2026-10-07T17:43:59+08:00,Open Images V7 public validation image / V5 human boxable labels
commons-154056665,data/raw/commons/mouse/commons-154056665.jpg,31a8f6f908218af3626f2e148fb03eb6eeaabd0df729735a2ecf94da6b3c6124,4,,,commons-api,,train,approved,campus-public-pilot-v1,wikimedia_commons,154056665,https://commons.wikimedia.org/wiki/File:Kompyuter_sichqonchasi_2.jpg,https://upload.wikimedia.org/wikipedia/commons/3/3b/Kompyuter_sichqonchasi_2.jpg?utm_source=commons.wikimedia.org&utm_campaign=imageinfo&utm_content=original,https://thumb.wikimedia.org/wikipedia/commons/thumb/3/3b/Kompyuter_sichqonchasi_2.jpg/1280px-Kompyuter_sichqonchasi_2.jpg?utm_source=commons.wikimedia.org&utm_campaign=imageinfo&utm_content=thumbnail,Solijon Solayev,CC0,http://creativecommons.org/publicdomain/zero/1.0/deed.en,commons-154056665,Codex visual review of contact sheet: one identifiable target within frozen category definition,798664dbe44146af,1280,1707,,
oi-f4581c5e117f45dd,data/raw/openimages/mouse/oi-f4581c5e117f45dd.jpg,e987de98057f5d8e37c9e33a9c7a12b6283906bd3a74b2fd61a69dc862f7de2a,4,,,open-images-official,,train,approved,campus-public-pilot-v1,open_images,f4581c5e117f45dd,https://www.flickr.com/photos/126009213@N08/14973933862,https://c6.staticflickr.com/4/3865/14973933862_44f7be4edb_o.jpg,https://open-images-dataset.s3.amazonaws.com/test/f4581c5e117f45dd.jpg,jamal idris,https://creativecommons.org/licenses/by/2.0/,https://creativecommons.org/licenses/by/2.0/,oi-f4581c5e117f45dd,Codex visual inspection: one identifiable physical target within confirmed definition,662cf6b142a3a957,1024,1022,2026-10-07T18:05:17+08:00,Open Images V7 public test image / V5 human boxable labels; one non-depicted box >=25% image area
oi-914617aee0e735d4,data/raw/openimages/mouse/oi-914617aee0e735d4.jpg,66fc79878c911d717f913d8da3d2578f56c1acdaeaca90e30b3526cb548f8db5,4,,,open-images-official,,train,approved,campus-public-pilot-v1,open_images,914617aee0e735d4,https://www.flickr.com/photos/hunter0405/5701768148,https://farm5.staticflickr.com/2417/5701768148_9406aebb11_o.jpg,https://open-images-dataset.s3.amazonaws.com/test/914617aee0e735d4.jpg,Vincent Li,https://creativecommons.org/licenses/by/2.0/,https://creativecommons.org/licenses/by/2.0/,oi-914617aee0e735d4,Codex visual inspection: one identifiable physical target within confirmed definition,cd49593324e3d31d,1024,768,2026-10-07T18:08:59+08:00,Open Images V7 public test image / V5 human boxable labels; one non-depicted box >=25% image area
oi-4dc1f23946c2d47c,data/raw/openimages/mouse/oi-4dc1f23946c2d47c.jpg,b1d354731aefa7bfe245b93501c1934f3a60dc81cc919f0697d89827e0e0ebc8,4,,,open-images-official,,train,approved,campus-public-pilot-v1,open_images,4dc1f23946c2d47c,https://www.flickr.com/photos/francapicc/141486603,https://c5.staticflickr.com/1/50/141486603_e447bbfde9_o.jpg,https://open-images-dataset.s3.amazonaws.com/test/4dc1f23946c2d47c.jpg,jespahjoy,https://creativecommons.org/licenses/by/2.0/,https://creativecommons.org/licenses/by/2.0/,oi-4dc1f23946c2d47c,Codex visual inspection: one identifiable physical target within confirmed definition,06fc26035ebcab47,1024,768,2026-10-07T18:14:26+08:00,Open Images V7 public test image / V5 human boxable labels; one non-depicted box >=25% image area
commons-144502705,data/raw/commons/mouse/commons-144502705.jpg,e6834d9b8c206d7ba1919c2948dd1577cc2a5918143a211eebe92053cdf5cf3a,4,,,commons-api,,train,approved,campus-public-pilot-v1,wikimedia_commons,144502705,https://commons.wikimedia.org/wiki/File:BelleSouris.jpg,https://upload.wikimedia.org/wikipedia/commons/a/a4/BelleSouris.jpg?utm_source=commons.wikimedia.org&utm_campaign=imageinfo&utm_content=original,https://thumb.wikimedia.org/wikipedia/commons/thumb/a/a4/BelleSouris.jpg/1280px-BelleSouris.jpg?utm_source=commons.wikimedia.org&utm_campaign=imageinfo&utm_content=thumbnail,BellevieAgb,CC0,http://creativecommons.org/publicdomain/zero/1.0/deed.en,commons-144502705,Codex visual review of contact sheet: one identifiable target within frozen category definition,f396ce988c69b185,1280,1707,,
oi-3bb1e3442830880a,data/raw/openimages/mouse/oi-3bb1e3442830880a.jpg,832fcfcfef17dd58c089c23746b10f2440ad0d6601f5e0b77a36de4e1bad8f9b,4,,,open-images-official,,train,approved,campus-public-pilot-v1,open_images,3bb1e3442830880a,https://www.flickr.com/photos/mitmensch0812/2517996631,https://c3.staticflickr.com/4/3234/2517996631_3f7d091700_o.jpg,https://open-images-dataset.s3.amazonaws.com/test/3bb1e3442830880a.jpg,DietrichLiao,https://creativecommons.org/licenses/by/2.0/,https://creativecommons.org/licenses/by/2.0/,oi-3bb1e3442830880a,Codex visual inspection: one identifiable physical target within confirmed definition,1cb33443d62cc97b,1024,768,2026-10-07T18:11:25+08:00,Open Images V7 public test image / V5 human boxable labels; one non-depicted box >=25% image area
oi-33917ea7a4885da5,data/raw/openimages/mouse/oi-33917ea7a4885da5.jpg,4ce0784a13e76f1630756c00168ee3113cacb2c0fc5bf3e778cd922a7d852434,4,,,open-images-official,,train,approved,campus-public-pilot-v1,open_images,33917ea7a4885da5,https://www.flickr.com/photos/yangsheng/2110455486,https://farm6.staticflickr.com/2406/2110455486_b43e2fbcd2_o.jpg,https://open-images-dataset.s3.amazonaws.com/test/33917ea7a4885da5.jpg,Yangsheng Chen,https://creativecommons.org/licenses/by/2.0/,https://creativecommons.org/licenses/by/2.0/,oi-33917ea7a4885da5,Codex visual inspection: one identifiable physical target within confirmed definition,c6430e59b9a95357,1024,768,2026-10-07T18:11:36+08:00,Open Images V7 public test image / V5 human boxable labels; one non-depicted box >=25% image area
commons-197220366,data/raw/commons/mouse/commons-197220366.jpg,64eec9c50bf79475719729f571abfc4dccc4c23b65ff5d3c8bebb5b458790942,4,,,commons-api,,train,approved,campus-public-pilot-v1,wikimedia_commons,197220366,https://commons.wikimedia.org/wiki/File:Acer_computer_mouse_on_paper.jpg,https://upload.wikimedia.org/wikipedia/commons/5/59/Acer_computer_mouse_on_paper.jpg?utm_source=commons.wikimedia.org&utm_campaign=imageinfo&utm_content=original,https://thumb.wikimedia.org/wikipedia/commons/thumb/5/59/Acer_computer_mouse_on_paper.jpg/1280px-Acer_computer_mouse_on_paper.jpg?utm_source=commons.wikimedia.org&utm_campaign=imageinfo&utm_content=thumbnail,Bhullargraphic,CC BY-SA 4.0,https://creativecommons.org/licenses/by-sa/4.0,commons-197220366,Codex visual review of contact sheet: one identifiable target within frozen category definition,a713cbf92c0d92a9,1280,853,,
oi-ee3ca9ff374d5212,data/raw/openimages/mouse/oi-ee3ca9ff374d5212.jpg,0bd4fbb919d24fc6b51e293810a72250a600a557304f661bd8d51ab163783c59,4,,,open-images-official,,train,approved,campus-public-pilot-v1,open_images,ee3ca9ff374d5212,https://www.flickr.com/photos/flixgp/9630515724,https://farm3.staticflickr.com/2820/9630515724_5f006a1097_o.jpg,https://open-images-dataset.s3.amazonaws.com/test/ee3ca9ff374d5212.jpg,Felix Padrosa Photography,https://creativecommons.org/licenses/by/2.0/,https://creativecommons.org/licenses/by/2.0/,oi-ee3ca9ff374d5212,Codex visual inspection: one identifiable physical target within confirmed definition,b2c8f2390e09f8e7,682,1024,2026-10-07T18:07:11+08:00,Open Images V7 public test image / V5 human boxable labels; one non-depicted box >=25% image area
oi-af1af3062d04c7b6,data/raw/openimages/mouse/oi-af1af3062d04c7b6.jpg,5905984ab36cfbbf10c88bf3e6a2102044235d57e550cd1831baf42ff2226122,4,,,open-images-official,,train,approved,campus-public-pilot-v1,open_images,af1af3062d04c7b6,https://www.flickr.com/photos/116436808@N06/12311308474,https://farm7.staticflickr.com/7391/12311308474_7e76ac613f_o.jpg,https://open-images-dataset.s3.amazonaws.com/test/af1af3062d04c7b6.jpg,Jigsawphoenix,https://creativecommons.org/licenses/by/2.0/,https://creativecommons.org/licenses/by/2.0/,oi-af1af3062d04c7b6,Codex visual inspection: one identifiable physical target within confirmed definition,b39c51d3480b26f7,1024,648,2026-10-07T18:08:21+08:00,Open Images V7 public test image / V5 human boxable labels; one non-depicted box >=25% image area
oi-8ce355f47f0d1c45,data/raw/openimages/mouse/oi-8ce355f47f0d1c45.jpg,33ca4a26d471a7801094f8e913ac4613348dea79e4d6060c3d5b18c8633c4879,4,,,open-images-official,,train,approved,campus-public-pilot-v1,open_images,8ce355f47f0d1c45,https://www.flickr.com/photos/zephythor/6200769087,https://farm6.staticflickr.com/6030/6200769087_1d5cdba7dd_o.jpg,https://open-images-dataset.s3.amazonaws.com/test/8ce355f47f0d1c45.jpg,ZephyThor,https://creativecommons.org/licenses/by/2.0/,https://creativecommons.org/licenses/by/2.0/,oi-8ce355f47f0d1c45,Codex visual inspection: one identifiable physical target within confirmed definition,ac2e96785ea12957,1024,764,2026-10-07T18:14:59+08:00,Open Images V7 public test image / V5 human boxable labels; one non-depicted box >=25% image area
commons-1707265,data/raw/commons/mouse/commons-1707265.jpg,f5f283fecd72ee5e3657fc5584d1e1e6e1732191a4e12e84dffeec3446cc533d,4,,,commons-api,,train,approved,campus-public-pilot-v1,wikimedia_commons,1707265,https://commons.wikimedia.org/wiki/File:Ball_Mouse_semi-inside_view.jpg,https://upload.wikimedia.org/wikipedia/commons/2/2c/Ball_Mouse_semi-inside_view.jpg?utm_source=commons.wikimedia.org&utm_campaign=imageinfo&utm_content=original,https://thumb.wikimedia.org/wikipedia/commons/thumb/2/2c/Ball_Mouse_semi-inside_view.jpg/1280px-Ball_Mouse_semi-inside_view.jpg?utm_source=commons.wikimedia.org&utm_campaign=imageinfo&utm_content=thumbnail,Grain,Public domain,,commons-1707265,Codex visual review of contact sheet: one identifiable target within frozen category definition,c92166b4d97329cd,1280,1056,,
oi-27a42265dc273376,data/raw/openimages/mouse/oi-27a42265dc273376.jpg,73746c97e1745788611813fe30eca4fd3547a2de75d7504769878d1f3fffd458,4,,,open-images-official,,train,approved,campus-public-pilot-v1,open_images,27a42265dc273376,https://www.flickr.com/photos/jerryluo0520/4249907576,https://farm7.staticflickr.com/4060/4249907576_eeaa86c24e_o.jpg,https://open-images-dataset.s3.amazonaws.com/test/27a42265dc273376.jpg,Jerry Luo,https://creativecommons.org/licenses/by/2.0/,https://creativecommons.org/licenses/by/2.0/,oi-27a42265dc273376,Codex visual inspection: one identifiable physical target within confirmed definition,e39c03e71c23f899,1024,687,2026-10-07T18:11:51+08:00,Open Images V7 public test image / V5 human boxable labels; one non-depicted box >=25% image area
oi-85b572241d10e14c,data/raw/openimages/mouse/oi-85b572241d10e14c.jpg,28beafcc8264144665a3b32e3f7876d7abda82744edc8e9fc280c40aa2801e13,4,,,open-images-official,,train,approved,campus-public-pilot-v1,open_images,85b572241d10e14c,https://www.flickr.com/photos/cristiano_betta/3335317373,https://c5.staticflickr.com/4/3338/3335317373_aeaa23c313_o.jpg,https://open-images-dataset.s3.amazonaws.com/test/85b572241d10e14c.jpg,Cristiano Betta,https://creativecommons.org/licenses/by/2.0/,https://creativecommons.org/licenses/by/2.0/,oi-85b572241d10e14c,Codex visual inspection: one identifiable physical target within confirmed definition,3e26f1d0432bbc99,1024,682,2026-10-07T18:12:58+08:00,Open Images V7 public test image / V5 human boxable labels; one non-depicted box >=25% image area
commons-95724544,data/raw/commons/mouse/commons-95724544.jpg,0c5a94bedf0e734ab0122d6d90ebc70cb4369c6673d9ce27f0cdb295d45636be,4,,,commons-api,,train,approved,campus-public-pilot-v1,wikimedia_commons,95724544,https://commons.wikimedia.org/wiki/File:Imagen_de_un_rat%C3%B3n_Gaming.jpg,https://upload.wikimedia.org/wikipedia/commons/4/4b/Imagen_de_un_rat%C3%B3n_Gaming.jpg?utm_source=commons.wikimedia.org&utm_campaign=imageinfo&utm_content=original,https://thumb.wikimedia.org/wikipedia/commons/thumb/4/4b/Imagen_de_un_rat%C3%B3n_Gaming.jpg/1280px-Imagen_de_un_rat%C3%B3n_Gaming.jpg?utm_source=commons.wikimedia.org&utm_campaign=imageinfo&utm_content=thumbnail,Kevin130,CC BY-SA 4.0,https://creativecommons.org/licenses/by-sa/4.0,commons-95724544,Codex visual review of contact sheet: one identifiable target within frozen category definition,6d92d26929d6d629,1280,1707,,
oi-be96346af6d930ef,data/raw/openimages/mouse/oi-be96346af6d930ef.jpg,47ecd69074e83f8097480453f65b6659ef56f833fc7f13c2588cf11b418ed80e,4,,,open-images-official,,train,approved,campus-public-pilot-v1,open_images,be96346af6d930ef,https://www.flickr.com/photos/josewshots/4913290672,https://c8.staticflickr.com/5/4123/4913290672_827e6723b3_o.jpg,https://open-images-dataset.s3.amazonaws.com/test/be96346af6d930ef.jpg,Jose Rey,https://creativecommons.org/licenses/by/2.0/,https://creativecommons.org/licenses/by/2.0/,oi-be96346af6d930ef,Codex visual inspection: one identifiable physical target within confirmed definition,97de63239b8961a1,1024,768,2026-10-07T18:06:01+08:00,Open Images V7 public test image / V5 human boxable labels; one non-depicted box >=25% image area
oi-4a59b15a948b3965,data/raw/openimages/mouse/oi-4a59b15a948b3965.jpg,6f744e1cd443e07a9abc5fc5d2a60bc6b69162f5b839ce449e4c1f8f0eaa059e,4,,,open-images-official,,train,approved,campus-public-pilot-v1,open_images,4a59b15a948b3965,https://www.flickr.com/photos/crazytales562/3075250992,https://farm6.staticflickr.com/3017/3075250992_618e9238bc_o.jpg,https://open-images-dataset.s3.amazonaws.com/test/4a59b15a948b3965.jpg,Chris Chan,https://creativecommons.org/licenses/by/2.0/,https://creativecommons.org/licenses/by/2.0/,oi-4a59b15a948b3965,Codex visual inspection: one identifiable physical target within confirmed definition,e17314d90c6471fb,1024,768,2026-10-07T18:06:14+08:00,Open Images V7 public test image / V5 human boxable labels; one non-depicted box >=25% image area
commons-5403665,data/raw/commons/mouse/commons-5403665.jpg,85a5f387db15bfa0b0e8fe181e60f8d38a2fdad1a83e72e3a5391a5485d1babc,4,,,commons-api,,train,approved,campus-public-pilot-v1,wikimedia_commons,5403665,https://commons.wikimedia.org/wiki/File:2008_Taipei_IT_Month_Day9_Elecom_Optical_EGG_Mouse_in_Orange.jpg,https://upload.wikimedia.org/wikipedia/commons/b/bb/2008_Taipei_IT_Month_Day9_Elecom_Optical_EGG_Mouse_in_Orange.jpg?utm_source=commons.wikimedia.org&utm_campaign=imageinfo&utm_content=original,https://thumb.wikimedia.org/wikipedia/commons/thumb/b/bb/2008_Taipei_IT_Month_Day9_Elecom_Optical_EGG_Mouse_in_Orange.jpg/1280px-2008_Taipei_IT_Month_Day9_Elecom_Optical_EGG_Mouse_in_Orange.jpg?utm_source=commons.wikimedia.org&utm_campaign=imageinfo&utm_content=thumbnail,Rico Shen,CC BY-SA 4.0,https://creativecommons.org/licenses/by-sa/4.0,commons-5403665,Codex visual review of contact sheet: one identifiable target within frozen category definition,26d93679f029c8b5,1280,960,,
oi-ed6fd1df89836efe,data/raw/openimages/mouse/oi-ed6fd1df89836efe.jpg,fea99b453bebec544653bca35ab75ad1cf4ae9cc5a702b0fad5c69b02751ba2f,4,,,open-images-official,,train,approved,campus-public-pilot-v1,open_images,ed6fd1df89836efe,https://www.flickr.com/photos/anantablamichhane/437772694,https://c7.staticflickr.com/1/162/437772694_644f1a995d_o.jpg,https://open-images-dataset.s3.amazonaws.com/validation/ed6fd1df89836efe.jpg,Ananta Bhadra Lamichhane,https://creativecommons.org/licenses/by/2.0/,https://creativecommons.org/licenses/by/2.0/,oi-ed6fd1df89836efe,Codex visual inspection: one identifiable target within frozen definition,9698327a67a98957,1024,768,2026-10-07T17:46:31+08:00,Open Images V7 public validation image / V5 human boxable labels
commons-14491840,data/raw/commons/mouse/commons-14491840.jpg,aa828629e35b686c809c007839907e45aa2d52679cf33f42332b4f52271bfcc8,4,,,commons-api,,train,approved,campus-public-pilot-v1,wikimedia_commons,14491840,https://commons.wikimedia.org/wiki/File:CeBIT_2011_Samstag_PD_60.JPG,https://upload.wikimedia.org/wikipedia/commons/a/ab/CeBIT_2011_Samstag_PD_60.JPG?utm_source=commons.wikimedia.org&utm_campaign=imageinfo&utm_content=original,https://thumb.wikimedia.org/wikipedia/commons/thumb/a/ab/CeBIT_2011_Samstag_PD_60.JPG/1280px-CeBIT_2011_Samstag_PD_60.JPG?utm_source=commons.wikimedia.org&utm_campaign=imageinfo&utm_content=thumbnail,Bin im Garten,CC BY-SA 3.0,https://creativecommons.org/licenses/by-sa/3.0,commons-14491840,Codex visual review of contact sheet: one identifiable target within frozen category definition,cf66b19c59e42619,1280,853,,
oi-defb4911c2df3880,data/raw/openimages/keyboard/oi-defb4911c2df3880.jpg,57ec9ee9ca0e2ed18eb542439e0b14a969e03f14157b4ec8853a84a303c574b0,5,,,open-images-official,,train,approved,campus-public-pilot-v1,open_images,defb4911c2df3880,https://www.flickr.com/photos/mskogly/151147943,https://farm1.staticflickr.com/56/151147943_cfbdddfa4a_o.jpg,https://open-images-dataset.s3.amazonaws.com/validation/defb4911c2df3880.jpg,Morten Skogly,https://creativecommons.org/licenses/by/2.0/,https://creativecommons.org/licenses/by/2.0/,oi-defb4911c2df3880,Codex visual inspection: one identifiable physical target within confirmed definition,f6a32303138393fb,1024,768,2026-10-07T17:53:34+08:00,Open Images V7 public validation image / V5 human boxable labels
oi-507d5beadbfbb1b4,data/raw/openimages/keyboard/oi-507d5beadbfbb1b4.jpg,4e297ea86735998a065dcca4aa97f52767891a45b79852eb8cb1c65c43c7bffc,5,,,open-images-official,,train,approved,campus-public-pilot-v1,open_images,507d5beadbfbb1b4,https://www.flickr.com/photos/epredator/640012939,https://farm5.staticflickr.com/1103/640012939_7a64321a1e_o.jpg,https://open-images-dataset.s3.amazonaws.com/validation/507d5beadbfbb1b4.jpg,Ian Hughes,https://creativecommons.org/licenses/by/2.0/,https://creativecommons.org/licenses/by/2.0/,oi-507d5beadbfbb1b4,Codex visual inspection: one identifiable physical target within confirmed definition,fcb0f4c8dce30233,1024,768,2026-10-07T17:52:03+08:00,Open Images V7 public validation image / V5 human boxable labels
oi-cf5a7db2da4df56c,data/raw/openimages/keyboard/oi-cf5a7db2da4df56c.jpg,f6447db728f702afe534fa7d5070783e9f91f150aa11c49329fcd3e768ac3585,5,,,open-images-official,,train,approved,campus-public-pilot-v1,open_images,cf5a7db2da4df56c,https://www.flickr.com/photos/14175729@N05/8511174878,https://c5.staticflickr.com/9/8247/8511174878_44dac607df_o.jpg,https://open-images-dataset.s3.amazonaws.com/validation/cf5a7db2da4df56c.jpg,zonderr,https://creativecommons.org/licenses/by/2.0/,https://creativecommons.org/licenses/by/2.0/,oi-cf5a7db2da4df56c,Codex visual inspection: one identifiable physical target within confirmed definition,3e13e6bb0ec9016d,1024,768,2026-10-07T17:53:50+08:00,Open Images V7 public validation image / V5 human boxable labels
oi-b0a6eb74f9722e8b,data/raw/openimages/keyboard/oi-b0a6eb74f9722e8b.jpg,33eb833c92e2ace580e02c4ae59eeabcee210b648b6d52d950e0b0e41c2e10b5,5,,,open-images-official,,train,approved,campus-public-pilot-v1,open_images,b0a6eb74f9722e8b,https://www.flickr.com/photos/slushpup/278309162,https://c4.staticflickr.com/1/112/278309162_dfac59dca3_o.jpg,https://open-images-dataset.s3.amazonaws.com/validation/b0a6eb74f9722e8b.jpg,Dani Lurie,https://creativecommons.org/licenses/by/2.0/,https://creativecommons.org/licenses/by/2.0/,oi-b0a6eb74f9722e8b,Codex visual inspection: one identifiable physical target within confirmed definition,340f642bcccfb133,1024,769,2026-10-07T17:51:54+08:00,Open Images V7 public validation image / V5 human boxable labels
commons-115238953,data/raw/commons/keyboard/commons-115238953.jpg,a59068090df1b6b9e7c14e9dcbb88b39387108a70cbc1361b1543d9d59b4b971,5,,,commons-api,,train,approved,campus-public-pilot-v1,wikimedia_commons,115238953,https://commons.wikimedia.org/wiki/File:Canadian_French.jpg,https://upload.wikimedia.org/wikipedia/commons/8/88/Canadian_French.jpg?utm_source=commons.wikimedia.org&utm_campaign=imageinfo&utm_content=original,https://thumb.wikimedia.org/wikipedia/commons/thumb/8/88/Canadian_French.jpg/1280px-Canadian_French.jpg?utm_source=commons.wikimedia.org&utm_campaign=imageinfo&utm_content=thumbnail,Darkshado,CC BY-SA 4.0,https://creativecommons.org/licenses/by-sa/4.0,commons-115238953,Codex visual review of contact sheet: one identifiable target within frozen category definition,9c6cf7a3690909e3,1280,528,,
oi-7cbb92c2094f8da4,data/raw/openimages/keyboard/oi-7cbb92c2094f8da4.jpg,2694f51869fbf29a1a0733b81df93c092b26f2fd5aed25153db665cd02b67217,5,,,open-images-official,,train,approved,campus-public-pilot-v1,open_images,7cbb92c2094f8da4,https://www.flickr.com/photos/126080172@N03/14714850068,https://farm5.staticflickr.com/5567/14714850068_182d1c1393_o.jpg,https://open-images-dataset.s3.amazonaws.com/test/7cbb92c2094f8da4.jpg,EricRobson214,https://creativecommons.org/licenses/by/2.0/,https://creativecommons.org/licenses/by/2.0/,oi-7cbb92c2094f8da4,Codex visual inspection: one identifiable physical target within confirmed definition,ec2b52d412d4ed2b,1024,635,2026-10-07T18:15:02+08:00,Open Images V7 public test image / V5 human boxable labels; one non-depicted box >=25% image area
commons-115132091,data/raw/commons/keyboard/commons-115132091.jpg,a8545155fbfe5687da0d44289a0be9d387efd6bee411563e32204470665368e2,5,,,commons-api,,train,approved,campus-public-pilot-v1,wikimedia_commons,115132091,https://commons.wikimedia.org/wiki/File:Amtelco_Unified_keyboard_top.jpg,https://upload.wikimedia.org/wikipedia/commons/3/3e/Amtelco_Unified_keyboard_top.jpg?utm_source=commons.wikimedia.org&utm_campaign=imageinfo&utm_content=original,https://thumb.wikimedia.org/wikipedia/commons/thumb/3/3e/Amtelco_Unified_keyboard_top.jpg/1280px-Amtelco_Unified_keyboard_top.jpg?utm_source=commons.wikimedia.org&utm_campaign=imageinfo&utm_content=thumbnail,snuci,Public domain,,commons-115132091,Codex visual review of contact sheet: one identifiable target within frozen category definition,0cb65689f2898d77,1280,853,,
oi-3c36839f4b54a72e,data/raw/openimages/keyboard/oi-3c36839f4b54a72e.jpg,521f38b5e6feb2646ba34d21d2bd7c63a0f681062907151a9548b60f4f872dcd,5,,,open-images-official,,train,approved,campus-public-pilot-v1,open_images,3c36839f4b54a72e,https://www.flickr.com/photos/farhan/2412410207,https://c7.staticflickr.com/3/2263/2412410207_2a7235daf0_o.jpg,https://open-images-dataset.s3.amazonaws.com/test/3c36839f4b54a72e.jpg,Farhan Chawla,https://creativecommons.org/licenses/by/2.0/,https://creativecommons.org/licenses/by/2.0/,oi-3c36839f4b54a72e,Codex visual inspection: one identifiable physical target within confirmed definition,98b1db7ea1047ec1,1024,768,2026-10-07T18:07:31+08:00,Open Images V7 public test image / V5 human boxable labels; one non-depicted box >=25% image area
oi-acb9019c9ae6c5ea,data/raw/openimages/keyboard/oi-acb9019c9ae6c5ea.jpg,bce315a6b9584de3f685b496f1a3286323ba32834bad45d3b0632817264da326,5,,,open-images-official,,train,approved,campus-public-pilot-v1,open_images,acb9019c9ae6c5ea,https://www.flickr.com/photos/126089327@N04/14714880858,https://c3.staticflickr.com/4/3838/14714880858_7581106344_o.jpg,https://open-images-dataset.s3.amazonaws.com/test/acb9019c9ae6c5ea.jpg,osman gucel,https://creativecommons.org/licenses/by/2.0/,https://creativecommons.org/licenses/by/2.0/,oi-acb9019c9ae6c5ea,Codex visual inspection: one identifiable physical target within confirmed definition,87c5321b47b1e857,1024,610,2026-10-07T18:08:35+08:00,Open Images V7 public test image / V5 human boxable labels; one non-depicted box >=25% image area
commons-49450289,data/raw/commons/keyboard/commons-49450289.jpg,2fe757f55c36d20ba85c7ff6c885a3cb2a96b65dbb075ed84613d7ad1f9b4d48,5,,,commons-api,,train,approved,campus-public-pilot-v1,wikimedia_commons,49450289,https://commons.wikimedia.org/wiki/File:Flexowriter_2201_keyboard.jpg,https://upload.wikimedia.org/wikipedia/commons/3/33/Flexowriter_2201_keyboard.jpg?utm_source=commons.wikimedia.org&utm_campaign=imageinfo&utm_content=original,https://thumb.wikimedia.org/wikipedia/commons/thumb/3/33/Flexowriter_2201_keyboard.jpg/1280px-Flexowriter_2201_keyboard.jpg?utm_source=commons.wikimedia.org&utm_campaign=imageinfo&utm_content=thumbnail,Douglas W. Jones,CC0,http://creativecommons.org/publicdomain/zero/1.0/deed.en,commons-49450289,Codex visual review of contact sheet: one identifiable target within frozen category definition,a98bd32e545eaca1,1280,427,,
oi-1735d6aa0d62cb00,data/raw/openimages/keyboard/oi-1735d6aa0d62cb00.jpg,a1045bedc599d03e593d1130d79a96777fe57b2dc12daab763301a31c9e4fb1e,5,,,open-images-official,,train,approved,campus-public-pilot-v1,open_images,1735d6aa0d62cb00,https://www.flickr.com/photos/eliazar/3037733438,https://farm1.staticflickr.com/3058/3037733438_66d313769e_o.jpg,https://open-images-dataset.s3.amazonaws.com/validation/1735d6aa0d62cb00.jpg,Eliazar Parra Cardenas,https://creativecommons.org/licenses/by/2.0/,https://creativecommons.org/licenses/by/2.0/,oi-1735d6aa0d62cb00,Codex visual inspection: one identifiable physical target within confirmed definition,a1a185e4fffa0a0b,1024,768,2026-10-07T17:49:41+08:00,Open Images V7 public validation image / V5 human boxable labels
commons-157081872,data/raw/commons/keyboard/commons-157081872.jpg,5882024b75e4edffcf737de93578ff33ace50206b6c0a5de4f7257db42fa5c69,5,,,commons-api,,train,approved,campus-public-pilot-v1,wikimedia_commons,157081872,https://commons.wikimedia.org/wiki/File:DG_%E6%9D%B1%E8%8E%9E_DongGuan_%E5%8D%97%E5%9F%8E%E5%8D%80_Nancheng_%E9%B4%BB%E7%A6%8F%E8%B7%AF_HongFu_Road_%E6%9D%B1%E8%8E%9E%E4%BA%AC%E6%9D%B1%E5%95%86%E5%A0%B4_JD_Shopping_Mall_Electronics_Showroom_December_2024_R12S_27_Keyboards.jpg,https://upload.wikimedia.org/wikipedia/commons/e/ef/DG_%E6%9D%B1%E8%8E%9E_DongGuan_%E5%8D%97%E5%9F%8E%E5%8D%80_Nancheng_%E9%B4%BB%E7%A6%8F%E8%B7%AF_HongFu_Road_%E6%9D%B1%E8%8E%9E%E4%BA%AC%E6%9D%B1%E5%95%86%E5%A0%B4_JD_Shopping_Mall_Electronics_Showroom_December_2024_R12S_27_Keyboards.jpg?utm_source=commons.wikimedia.org&utm_campaign=imageinfo&utm_content=original,https://thumb.wikimedia.org/wikipedia/commons/thumb/e/ef/DG_%E6%9D%B1%E8%8E%9E_DongGuan_%E5%8D%97%E5%9F%8E%E5%8D%80_Nancheng_%E9%B4%BB%E7%A6%8F%E8%B7%AF_HongFu_Road_%E6%9D%B1%E8%8E%9E%E4%BA%AC%E6%9D%B1%E5%95%86%E5%A0%B4_JD_Shopping_Mall_Electronics_Showroom_December_2024_R12S_27_Keyboards.jpg/1280px-DG_%E6%9D%B1%E8%8E%9E_DongGuan_%E5%8D%97%E5%9F%8E%E5%8D%80_Nancheng_%E9%B4%BB%E7%A6%8F%E8%B7%AF_HongFu_Road_%E6%9D%B1%E8%8E%9E%E4%BA%AC%E6%9D%B1%E5%95%86%E5%A0%B4_JD_Shopping_Mall_Electronics_Showroom_December_2024_R12S_27_Keyboards.jpg?utm_source=commons.wikimedia.org&utm_campaign=imageinfo&utm_content=thumbnail,NAS 238 WMMNO,CC0,http://creativecommons.org/publicdomain/zero/1.0/deed.en,commons-157081872,Codex visual review of contact sheet: one identifiable target within frozen category definition,f6ec4bb90648fa05,1280,960,,
oi-58f5cc70f6264226,data/raw/openimages/keyboard/oi-58f5cc70f6264226.jpg,56144839d604c180b18a4d88f6755dee61888b2106b3d089359d86f67d466382,5,,,open-images-official,,train,approved,campus-public-pilot-v1,open_images,58f5cc70f6264226,https://www.flickr.com/photos/25949441@N02/6693770723,https://farm7.staticflickr.com/7031/6693770723_8bfa44dd46_o.jpg,https://open-images-dataset.s3.amazonaws.com/test/58f5cc70f6264226.jpg,Andrew E. Russell,https://creativecommons.org/licenses/by/2.0/,https://creativecommons.org/licenses/by/2.0/,oi-58f5cc70f6264226,Codex visual inspection: one identifiable physical target within confirmed definition,31e91c8916e1aa7f,792,1024,2026-10-07T18:04:01+08:00,Open Images V7 public test image / V5 human boxable labels; one non-depicted box >=25% image area
oi-53bb6b5aa8f33d1a,data/raw/openimages/keyboard/oi-53bb6b5aa8f33d1a.jpg,f210c24452a4e15272ba475a2a59a56c332832120dc1bf8ca8ab3b98d28163cc,5,,,open-images-official,,train,approved,campus-public-pilot-v1,open_images,53bb6b5aa8f33d1a,https://www.flickr.com/photos/mrbill/5180814366,https://c3.staticflickr.com/2/1379/5180814366_fb6764aaa0_o.jpg,https://open-images-dataset.s3.amazonaws.com/test/53bb6b5aa8f33d1a.jpg,Bill Bradford,https://creativecommons.org/licenses/by/2.0/,https://creativecommons.org/licenses/by/2.0/,oi-53bb6b5aa8f33d1a,Codex visual inspection: one identifiable physical target within confirmed definition,a3a1a121a3abb775,1024,291,2026-10-07T18:13:13+08:00,Open Images V7 public test image / V5 human boxable labels; one non-depicted box >=25% image area
oi-c9624f343f44f25c,data/raw/openimages/keyboard/oi-c9624f343f44f25c.jpg,8afd28985fc0032b54659fda1744fc56d02d392dd7d2fe83703fd364b30cf034,5,,,open-images-official,,train,approved,campus-public-pilot-v1,open_images,c9624f343f44f25c,https://www.flickr.com/photos/126080240@N07/14725233489,https://c5.staticflickr.com/4/3920/14725233489_e583d6eeea_o.jpg,https://open-images-dataset.s3.amazonaws.com/test/c9624f343f44f25c.jpg,Sid Maharaj,https://creativecommons.org/licenses/by/2.0/,https://creativecommons.org/licenses/by/2.0/,oi-c9624f343f44f25c,Codex visual inspection: one identifiable physical target within confirmed definition,ea81aa29a249f1fd,1024,438,2026-10-07T18:05:14+08:00,Open Images V7 public test image / V5 human boxable labels; one non-depicted box >=25% image area
oi-9ff2b91c4f6885d1,data/raw/openimages/keyboard/oi-9ff2b91c4f6885d1.jpg,cc302f1abb190ceef85c7aaae559ac52c1ad52970c2b82750798fb0a26035198,5,,,open-images-official,,train,approved,campus-public-pilot-v1,open_images,9ff2b91c4f6885d1,https://www.flickr.com/photos/rosenfeldmedia/3261620660,https://farm2.staticflickr.com/3483/3261620660_b8330c06f0_o.jpg,https://open-images-dataset.s3.amazonaws.com/test/9ff2b91c4f6885d1.jpg,Rosenfeld Media,https://creativecommons.org/licenses/by/2.0/,https://creativecommons.org/licenses/by/2.0/,oi-9ff2b91c4f6885d1,Codex visual inspection: one identifiable physical target within confirmed definition,ed939603d68320fd,1024,408,2026-10-07T18:10:37+08:00,Open Images V7 public test image / V5 human boxable labels; one non-depicted box >=25% image area
commons-109924099,data/raw/commons/keyboard/commons-109924099.jpg,d05ce52047b811787285a10c8147a97bf1f3f59638d37bfe867f20321644450c,5,,,commons-api,,train,approved,campus-public-pilot-v1,wikimedia_commons,109924099,https://commons.wikimedia.org/wiki/File:Albert_computer_keyboard_front.JPG,https://upload.wikimedia.org/wikipedia/commons/5/53/Albert_computer_keyboard_front.JPG?utm_source=commons.wikimedia.org&utm_campaign=imageinfo&utm_content=original,https://thumb.wikimedia.org/wikipedia/commons/thumb/5/53/Albert_computer_keyboard_front.JPG/1280px-Albert_computer_keyboard_front.JPG?utm_source=commons.wikimedia.org&utm_campaign=imageinfo&utm_content=thumbnail,Snuci,Public domain,,commons-109924099,Codex visual review of contact sheet: one identifiable target within frozen category definition,4983c33c3cc3e33d,1280,853,,
oi-e918ca45aa73171c,data/raw/openimages/keyboard/oi-e918ca45aa73171c.jpg,b4c8ba1139cad46e0354d19e488b6f80b8835bb03e7e0107c289744a4377526f,5,,,open-images-official,,train,approved,campus-public-pilot-v1,open_images,e918ca45aa73171c,https://www.flickr.com/photos/joeshlabotnik/443477863,https://c5.staticflickr.com/1/210/443477863_3812f3e4ab_o.jpg,https://open-images-dataset.s3.amazonaws.com/validation/e918ca45aa73171c.jpg,Joe Shlabotnik,https://creativecommons.org/licenses/by/2.0/,https://creativecommons.org/licenses/by/2.0/,oi-e918ca45aa73171c,Codex visual inspection: one identifiable physical target within confirmed definition,30ec34eced30ed31,1024,771,2026-10-07T17:44:18+08:00,Open Images V7 public validation image / V5 human boxable labels
commons-137754357,data/raw/commons/keyboard/commons-137754357.jpg,df1a8f1d7b5ffe2f5921a3d6d840077b7db5fce730c64b4ed37aa60bbac37b08,5,,,commons-api,,train,approved,campus-public-pilot-v1,wikimedia_commons,137754357,https://commons.wikimedia.org/wiki/File:Csamodelflabsf77.jpg,https://upload.wikimedia.org/wikipedia/commons/6/6d/Csamodelflabsf77.jpg?utm_source=commons.wikimedia.org&utm_campaign=imageinfo&utm_content=original,https://thumb.wikimedia.org/wikipedia/commons/thumb/6/6d/Csamodelflabsf77.jpg/1280px-Csamodelflabsf77.jpg?utm_source=commons.wikimedia.org&utm_campaign=imageinfo&utm_content=thumbnail,Bouviera87,CC BY-SA 4.0,https://creativecommons.org/licenses/by-sa/4.0,commons-137754357,Codex visual review of contact sheet: one identifiable target within frozen category definition,63170cf3184cf6e3,1280,853,,
oi-d8f1783c5e99de8e,data/raw/openimages/keyboard/oi-d8f1783c5e99de8e.jpg,52999a3e5bdddf4266aba65094f36e628d1934d162969a8fe7326d1771c44a9e,5,,,open-images-official,,train,approved,campus-public-pilot-v1,open_images,d8f1783c5e99de8e,https://www.flickr.com/photos/31297289@N02/2956876349,https://c7.staticflickr.com/4/3283/2956876349_ce379a631d_o.jpg,https://open-images-dataset.s3.amazonaws.com/test/d8f1783c5e99de8e.jpg,rodolfo_isaias,https://creativecommons.org/licenses/by/2.0/,https://creativecommons.org/licenses/by/2.0/,oi-d8f1783c5e99de8e,Codex visual inspection: one identifiable physical target within confirmed definition,fd431711ec0ee0ab,1024,768,2026-10-07T18:08:16+08:00,Open Images V7 public test image / V5 human boxable labels; one non-depicted box >=25% image area
oi-7f29156f43bdfd49,data/raw/openimages/keyboard/oi-7f29156f43bdfd49.jpg,fab3044973100130049b6588f330466dcc32c2f701ea32456c02ba0c195a70fa,5,,,open-images-official,,train,approved,campus-public-pilot-v1,open_images,7f29156f43bdfd49,https://www.flickr.com/photos/vintuitive/14523745715,https://c2.staticflickr.com/4/3909/14523745715_e3a5da24b3_o.jpg,https://open-images-dataset.s3.amazonaws.com/test/7f29156f43bdfd49.jpg,Vincent Brown,https://creativecommons.org/licenses/by/2.0/,https://creativecommons.org/licenses/by/2.0/,oi-7f29156f43bdfd49,Codex visual inspection: one identifiable physical target within confirmed definition,d27cd4ec9a30bd03,1024,640,2026-10-07T18:11:38+08:00,Open Images V7 public test image / V5 human boxable labels; one non-depicted box >=25% image area
oi-20d72fbd291c1f84,data/raw/openimages/keyboard/oi-20d72fbd291c1f84.jpg,fa99fbd24d53f45faa53ce92e5ef2c9298dc78dc3c1b6502f7b55316ba0c0760,5,,,open-images-official,,train,approved,campus-public-pilot-v1,open_images,20d72fbd291c1f84,https://www.flickr.com/photos/rocketboom/4442467842,https://farm5.staticflickr.com/4068/4442467842_f919db4ce6_o.jpg,https://open-images-dataset.s3.amazonaws.com/validation/20d72fbd291c1f84.jpg,Parker Knight,https://creativecommons.org/licenses/by/2.0/,https://creativecommons.org/licenses/by/2.0/,oi-20d72fbd291c1f84,Codex visual inspection: one identifiable physical target within confirmed definition,af2fe9a1810151fd,683,1024,2026-10-07T17:46:06+08:00,Open Images V7 public validation image / V5 human boxable labels
oi-a43934f16b2db997,data/raw/openimages/keyboard/oi-a43934f16b2db997.jpg,56d81da0a65095d6f3c5e104736e6291c1ed30f4a0b7624c9660275a2a2ffbf2,5,,,open-images-official,,train,approved,campus-public-pilot-v1,open_images,a43934f16b2db997,https://www.flickr.com/photos/126850594@N06/14714826367,https://farm8.staticflickr.com/3912/14714826367_0f9361e8ed_o.jpg,https://open-images-dataset.s3.amazonaws.com/test/a43934f16b2db997.jpg,Shakib Saifi,https://creativecommons.org/licenses/by/2.0/,https://creativecommons.org/licenses/by/2.0/,oi-a43934f16b2db997,Codex visual inspection: one identifiable physical target within confirmed definition,5c035ca9ababa955,1024,569,2026-10-07T18:13:09+08:00,Open Images V7 public test image / V5 human boxable labels; one non-depicted box >=25% image area
oi-b79ee19cc605140a,data/raw/openimages/keyboard/oi-b79ee19cc605140a.jpg,f93164e94ac0f1de3c110aa3070762a183b39c4d866c75fc9abea72199bf1298,5,,,open-images-official,,train,approved,campus-public-pilot-v1,open_images,b79ee19cc605140a,https://www.flickr.com/photos/olpc/2880149152,https://c3.staticflickr.com/4/3175/2880149152_309f57f390_o.jpg,https://open-images-dataset.s3.amazonaws.com/validation/b79ee19cc605140a.jpg,One Laptop per Child,https://creativecommons.org/licenses/by/2.0/,https://creativecommons.org/licenses/by/2.0/,oi-b79ee19cc605140a,Codex visual inspection: one identifiable physical target within confirmed definition,015d23b7072fa717,1024,768,2026-10-07T17:51:35+08:00,Open Images V7 public validation image / V5 human boxable labels
commons-119289938,data/raw/commons/keyboard/commons-119289938.jpg,a190d4a4488de234d0acc0430f64262bb87621437de9e64196de36da4a297453,5,,,commons-api,,train,approved,campus-public-pilot-v1,wikimedia_commons,119289938,https://commons.wikimedia.org/wiki/File:Beautiful_Mechanical_Keyboard.jpg,https://upload.wikimedia.org/wikipedia/commons/7/7f/Beautiful_Mechanical_Keyboard.jpg?utm_source=commons.wikimedia.org&utm_campaign=imageinfo&utm_content=original,https://thumb.wikimedia.org/wikipedia/commons/thumb/7/7f/Beautiful_Mechanical_Keyboard.jpg/1280px-Beautiful_Mechanical_Keyboard.jpg?utm_source=commons.wikimedia.org&utm_campaign=imageinfo&utm_content=thumbnail,Anirban Saha,CC BY-SA 4.0,https://creativecommons.org/licenses/by-sa/4.0,commons-119289938,Codex visual review of contact sheet: one identifiable target within frozen category definition,fa16bc81e1f00b1f,1280,960,,
commons-98675632,data/raw/commons/keyboard/commons-98675632.jpg,7c29b44dc0c7009779f187dd7a07da042418a526b2942c417a3a702ca049cc48,5,,,commons-api,,train,approved,campus-public-pilot-v1,wikimedia_commons,98675632,https://commons.wikimedia.org/wiki/File:98keyboarnormal.jpg,https://upload.wikimedia.org/wikipedia/commons/4/42/98keyboarnormal.jpg?utm_source=commons.wikimedia.org&utm_campaign=imageinfo&utm_content=original,https://thumb.wikimedia.org/wikipedia/commons/thumb/4/42/98keyboarnormal.jpg/1280px-98keyboarnormal.jpg?utm_source=commons.wikimedia.org&utm_campaign=imageinfo&utm_content=thumbnail,Kattin,CC BY-SA 3.0,http://creativecommons.org/licenses/by-sa/3.0/,commons-98675632,Codex visual review of contact sheet: one identifiable target within frozen category definition,6c947383a16b0bf3,1280,549,,
oi-d7bdde0ccf91fef5,data/raw/openimages/keyboard/oi-d7bdde0ccf91fef5.jpg,e104ceda652fbdfa527ed085ed830628b56b9e2f9a98ada37444de194598c069,5,,,open-images-official,,train,approved,campus-public-pilot-v1,open_images,d7bdde0ccf91fef5,https://www.flickr.com/photos/mujitra/5400238727,https://farm6.staticflickr.com/5220/5400238727_817c22f683_o.jpg,https://open-images-dataset.s3.amazonaws.com/test/d7bdde0ccf91fef5.jpg,MIKI Yoshihito,https://creativecommons.org/licenses/by/2.0/,https://creativecommons.org/licenses/by/2.0/,oi-d7bdde0ccf91fef5,Codex visual inspection: one identifiable physical target within confirmed definition,39a3c4c6d0292b7f,1024,768,2026-10-07T18:14:31+08:00,Open Images V7 public test image / V5 human boxable labels; one non-depicted box >=25% image area
commons-86116536,data/raw/commons/keyboard/commons-86116536.jpg,69f0e4a1c6c1e9f5e946db57a55b0fc9095d71fc5e0a958bb7b6051501e766dd,5,,,commons-api,,train,approved,campus-public-pilot-v1,wikimedia_commons,86116536,https://commons.wikimedia.org/wiki/File:Atreus_42_(OEM_keycaps).jpg,https://upload.wikimedia.org/wikipedia/commons/7/7b/Atreus_42_%28OEM_keycaps%29.jpg?utm_source=commons.wikimedia.org&utm_campaign=imageinfo&utm_content=original,https://thumb.wikimedia.org/wikipedia/commons/thumb/7/7b/Atreus_42_%28OEM_keycaps%29.jpg/1280px-Atreus_42_%28OEM_keycaps%29.jpg?utm_source=commons.wikimedia.org&utm_campaign=imageinfo&utm_content=thumbnail,BareSphereMass,CC BY-SA 4.0,https://creativecommons.org/licenses/by-sa/4.0,commons-86116536,Codex visual review of contact sheet: one identifiable target within frozen category definition,5856a90f89fc7683,1280,960,,
oi-055b3b56ed924815,data/raw/openimages/earphones/oi-055b3b56ed924815.jpg,1dc3c97fc7a7670b582f90bd4b26caf9298a38d28598993809ff9af6c2b88a3a,6,,,open-images-official,,train,approved,campus-public-pilot-v1,open_images,055b3b56ed924815,https://www.flickr.com/photos/neo_t3/6951952643,https://farm6.staticflickr.com/7187/6951952643_3c99210536_o.jpg,https://open-images-dataset.s3.amazonaws.com/test/055b3b56ed924815.jpg,Jérôme M,https://creativecommons.org/licenses/by/2.0/,https://creativecommons.org/licenses/by/2.0/,oi-055b3b56ed924815,Codex visual inspection: one identifiable physical target within confirmed definition,b9ecd11324cd52d3,1024,683,2026-10-07T18:15:09+08:00,Open Images V7 public test image / V5 human boxable labels; one non-depicted box >=25% image area
commons-12110029,data/raw/commons/earphones/commons-12110029.jpg,72aed53e8ed31e7487426035760aad07da684639fe73f37753bc4cc686a00965,6,,,commons-api,,train,approved,campus-public-pilot-v1,wikimedia_commons,12110029,https://commons.wikimedia.org/wiki/File:Etymotic_Research_Hf5.JPG,https://upload.wikimedia.org/wikipedia/commons/b/b1/Etymotic_Research_Hf5.JPG?utm_source=commons.wikimedia.org&utm_campaign=imageinfo&utm_content=original,https://thumb.wikimedia.org/wikipedia/commons/thumb/b/b1/Etymotic_Research_Hf5.JPG/1280px-Etymotic_Research_Hf5.JPG?utm_source=commons.wikimedia.org&utm_campaign=imageinfo&utm_content=thumbnail,Kansai explorer,CC BY 3.0,https://creativecommons.org/licenses/by/3.0,commons-12110029,Codex visual review of contact sheet: one identifiable target within frozen category definition,c61933c313f30d1f,1280,960,,
oi-874f4719c5ec6c9d,data/raw/openimages/earphones/oi-874f4719c5ec6c9d.jpg,e59a0fde767c974376686aab8ff07ab6d39221b2e2ee144ce7fbb9f624c55638,6,,,open-images-official,,train,approved,campus-public-pilot-v1,open_images,874f4719c5ec6c9d,https://www.flickr.com/photos/nadeyphotography/9256418877,https://c6.staticflickr.com/4/3671/9256418877_21081ac49c_o.jpg,https://open-images-dataset.s3.amazonaws.com/test/874f4719c5ec6c9d.jpg,N Adey Photography,https://creativecommons.org/licenses/by/2.0/,https://creativecommons.org/licenses/by/2.0/,oi-874f4719c5ec6c9d,Codex visual inspection: one identifiable physical target within confirmed definition,69c98dc85931b6a7,768,999,2026-10-07T18:08:18+08:00,Open Images V7 public test image / V5 human boxable labels; one non-depicted box >=25% image area
commons-41136262,data/raw/commons/earphones/commons-41136262.jpg,d7cf57fec1c14645631bdc589af746673ad34e2ac9f75d050bec18d16694e115,6,,,commons-api,,train,approved,campus-public-pilot-v1,wikimedia_commons,41136262,https://commons.wikimedia.org/wiki/File:Ear_buds.jpg,https://upload.wikimedia.org/wikipedia/commons/e/e0/Ear_buds.jpg?utm_source=commons.wikimedia.org&utm_campaign=imageinfo&utm_content=original,https://thumb.wikimedia.org/wikipedia/commons/thumb/e/e0/Ear_buds.jpg/1280px-Ear_buds.jpg?utm_source=commons.wikimedia.org&utm_campaign=imageinfo&utm_content=thumbnail,Laredo95615,CC BY-SA 4.0,https://creativecommons.org/licenses/by-sa/4.0,commons-41136262,Codex visual review of contact sheet: one identifiable target within frozen category definition,4866b6b54b4837b5,1280,2276,,
oi-c50313ec973c3024,data/raw/openimages/earphones/oi-c50313ec973c3024.jpg,fcb47c04ac31ae53eb74550afc83175f370190447a7fc64c5e705021b7c23fdf,6,,,open-images-official,,train,approved,campus-public-pilot-v1,open_images,c50313ec973c3024,https://www.flickr.com/photos/vuarnet/15515624786,https://farm5.staticflickr.com/3949/15515624786_4c1f378867_o.jpg,https://open-images-dataset.s3.amazonaws.com/test/c50313ec973c3024.jpg,Raul Ramirez,https://creativecommons.org/licenses/by/2.0/,https://creativecommons.org/licenses/by/2.0/,oi-c50313ec973c3024,Codex visual inspection: one identifiable target within frozen definition,a3f32e8ccab1186d,1024,1024,2026-10-07T18:03:42+08:00,Open Images V7 public test image / V5 human boxable labels; one non-depicted box >=25% image area
oi-d824d0ff84462029,data/raw/openimages/earphones/oi-d824d0ff84462029.jpg,bb5c82df39b3924cd573c3c0e8b608a0778539250490eee3254e82db952d7098,6,,,open-images-official,,train,approved,campus-public-pilot-v1,open_images,d824d0ff84462029,https://www.flickr.com/photos/x1brett/5912155000,https://c2.staticflickr.com/7/6007/5912155000_5f4a47ab8b_o.jpg,https://open-images-dataset.s3.amazonaws.com/test/d824d0ff84462029.jpg,brett jordan,https://creativecommons.org/licenses/by/2.0/,https://creativecommons.org/licenses/by/2.0/,oi-d824d0ff84462029,Codex visual inspection: one identifiable physical target within confirmed definition,83b42cd3f3a30c5d,1024,768,2026-10-07T18:11:28+08:00,Open Images V7 public test image / V5 human boxable labels; one non-depicted box >=25% image area
oi-8e9714f21542b375,data/raw/openimages/earphones/oi-8e9714f21542b375.jpg,78c0bfa1d25a4ba375ea0bd918490058b24ffa3a2b531282f3af7315c8bc853b,6,,,open-images-official,,train,approved,campus-public-pilot-v1,open_images,8e9714f21542b375,https://www.flickr.com/photos/51219817@N04/4777334194,https://farm6.staticflickr.com/4138/4777334194_6c22c2003a_o.jpg,https://open-images-dataset.s3.amazonaws.com/test/8e9714f21542b375.jpg,gcg2009,https://creativecommons.org/licenses/by/2.0/,https://creativecommons.org/licenses/by/2.0/,oi-8e9714f21542b375,Codex visual inspection: one identifiable physical target within confirmed definition,7969c3739c07609d,855,1024,2026-10-07T18:09:48+08:00,Open Images V7 public test image / V5 human boxable labels; one non-depicted box >=25% image area
commons-64129122,data/raw/commons/earphones/commons-64129122.jpg,508edb30cdfcf078ef76013b80cf485f377d243b0601a8bf85179154ce60589b,6,,,commons-api,,train,approved,campus-public-pilot-v1,wikimedia_commons,64129122,https://commons.wikimedia.org/wiki/File:Earphone.jpg,https://upload.wikimedia.org/wikipedia/commons/c/c0/Earphone.jpg?utm_source=commons.wikimedia.org&utm_campaign=imageinfo&utm_content=original,https://thumb.wikimedia.org/wikipedia/commons/thumb/c/c0/Earphone.jpg/1280px-Earphone.jpg?utm_source=commons.wikimedia.org&utm_campaign=imageinfo&utm_content=thumbnail,Karthiga1995,CC BY-SA 3.0,https://creativecommons.org/licenses/by-sa/3.0,commons-64129122,Codex visual review of contact sheet: one identifiable target within frozen category definition,c69c3c7161e3991d,1280,720,,
oi-8e95a33ddc1c093d,data/raw/openimages/earphones/oi-8e95a33ddc1c093d.jpg,cd573825904b14ba48b59006b667572f249804dff8cff7c977040b9e8c712cef,6,,,open-images-official,,train,approved,campus-public-pilot-v1,open_images,8e95a33ddc1c093d,https://www.flickr.com/photos/90941490@N06/16271647292,https://c6.staticflickr.com/8/7492/16271647292_22751ca529_o.jpg,https://open-images-dataset.s3.amazonaws.com/validation/8e95a33ddc1c093d.jpg,tomemrich,https://creativecommons.org/licenses/by/2.0/,https://creativecommons.org/licenses/by/2.0/,oi-8e95a33ddc1c093d,Codex visual inspection: one identifiable target within frozen definition,195172c70cb5f51b,1024,682,2026-10-07T17:51:26+08:00,Open Images V7 public validation image / V5 human boxable labels
oi-577dd20d0d47b917,data/raw/openimages/earphones/oi-577dd20d0d47b917.jpg,d51a26f48c11cb0b5a3aa1e200dd02ded2790ed08ab09a478fc1923ddb946a51,6,,,open-images-official,,train,approved,campus-public-pilot-v1,open_images,577dd20d0d47b917,https://www.flickr.com/photos/jtjdt/4817193738,https://farm8.staticflickr.com/4102/4817193738_780f1cbe94_o.jpg,https://open-images-dataset.s3.amazonaws.com/test/577dd20d0d47b917.jpg,Joseph Thornton,https://creativecommons.org/licenses/by/2.0/,https://creativecommons.org/licenses/by/2.0/,oi-577dd20d0d47b917,Codex visual inspection: one identifiable physical target within confirmed definition,12c5613e9e61a5db,1024,765,2026-10-07T18:09:30+08:00,Open Images V7 public test image / V5 human boxable labels; one non-depicted box >=25% image area
oi-b9f301f5f569bd64,data/raw/openimages/earphones/oi-b9f301f5f569bd64.jpg,b63042d41090e1c1c177850e0d9c4628eb353b8c720b04c840ec6e907be437da,6,,,open-images-official,,train,approved,campus-public-pilot-v1,open_images,b9f301f5f569bd64,https://www.flickr.com/photos/perkovich/14503860227,https://farm5.staticflickr.com/3893/14503860227_c2734089cb_o.jpg,https://open-images-dataset.s3.amazonaws.com/test/b9f301f5f569bd64.jpg,Per Åström,https://creativecommons.org/licenses/by/2.0/,https://creativecommons.org/licenses/by/2.0/,oi-b9f301f5f569bd64,Codex visual inspection: one identifiable target within frozen definition,32f1d34b07201bf7,768,768,2026-10-07T18:03:51+08:00,Open Images V7 public test image / V5 human boxable labels; one non-depicted box >=25% image area
oi-9c99cf700c9de073,data/raw/openimages/earphones/oi-9c99cf700c9de073.jpg,db371a2234e9ad1cafc5ff14c73f4a3575c3fce1936bdbb75bb360536b154cf3,6,,,open-images-official,,train,approved,campus-public-pilot-v1,open_images,9c99cf700c9de073,https://www.flickr.com/photos/mujitra/9174957114,https://farm4.staticflickr.com/3731/9174957114_b0a0b35562_o.jpg,https://open-images-dataset.s3.amazonaws.com/validation/9c99cf700c9de073.jpg,MIKI Yoshihito,https://creativecommons.org/licenses/by/2.0/,https://creativecommons.org/licenses/by/2.0/,oi-9c99cf700c9de073,Codex visual inspection: one identifiable target within frozen definition,d61a4969ac83937d,1024,683,2026-10-07T17:51:31+08:00,Open Images V7 public validation image / V5 human boxable labels
commons-47305699,data/raw/commons/earphones/commons-47305699.jpg,7369389e90bd9f087752340815ce36eafb8695b5f4eaaa00de1ccfea3c4e8d6c,6,,,commons-api,,train,approved,campus-public-pilot-v1,wikimedia_commons,47305699,https://commons.wikimedia.org/wiki/File:Headphone_ear.jpg,https://upload.wikimedia.org/wikipedia/commons/d/d0/Headphone_ear.jpg?utm_source=commons.wikimedia.org&utm_campaign=imageinfo&utm_content=original,https://thumb.wikimedia.org/wikipedia/commons/thumb/d/d0/Headphone_ear.jpg/1280px-Headphone_ear.jpg?utm_source=commons.wikimedia.org&utm_campaign=imageinfo&utm_content=thumbnail,Djshakilexe,CC BY-SA 4.0,https://creativecommons.org/licenses/by-sa/4.0,commons-47305699,Codex visual review of contact sheet: one identifiable target within frozen category definition,ad3e155ad0a76b21,1280,1707,,
oi-5154dcba9b9dfe0b,data/raw/openimages/earphones/oi-5154dcba9b9dfe0b.jpg,4965ab40ffa5e193e9145037471384ebc3483ec3cb37bc2bd12c019d869e85f2,6,,,open-images-official,,train,approved,campus-public-pilot-v1,open_images,5154dcba9b9dfe0b,https://www.flickr.com/photos/somegeekintn/3809420605,https://c4.staticflickr.com/4/3443/3809420605_ccdec3a584_o.jpg,https://open-images-dataset.s3.amazonaws.com/validation/5154dcba9b9dfe0b.jpg,Casey Fleser,https://creativecommons.org/licenses/by/2.0/,https://creativecommons.org/licenses/by/2.0/,oi-5154dcba9b9dfe0b,Codex visual inspection: one identifiable target within frozen definition,634ad6131cadc8ed,1024,677,2026-10-07T17:54:52+08:00,Open Images V7 public validation image / V5 human boxable labels
commons-115938199,data/raw/commons/earphones/commons-115938199.jpg,2b79b91213b4b899fd59311bafa89dab67513a4998ad38e45a60cbb43dca166d,6,,,commons-api,,train,approved,campus-public-pilot-v1,wikimedia_commons,115938199,https://commons.wikimedia.org/wiki/File:Anker_SoundBuds_Slim.jpg,https://upload.wikimedia.org/wikipedia/commons/0/04/Anker_SoundBuds_Slim.jpg?utm_source=commons.wikimedia.org&utm_campaign=imageinfo&utm_content=original,https://thumb.wikimedia.org/wikipedia/commons/thumb/0/04/Anker_SoundBuds_Slim.jpg/1280px-Anker_SoundBuds_Slim.jpg?utm_source=commons.wikimedia.org&utm_campaign=imageinfo&utm_content=thumbnail,KKPCW,CC BY-SA 4.0,https://creativecommons.org/licenses/by-sa/4.0,commons-115938199,Codex visual review of contact sheet: one identifiable target within frozen category definition,81e31c8d5b98e15f,1280,1704,,
oi-5198c820d3b83737,data/raw/openimages/earphones/oi-5198c820d3b83737.jpg,f0475fa3d85415c57ef9f84e65644c45070e427e9a8ca029de3f06df54baf914,6,,,open-images-official,,train,approved,campus-public-pilot-v1,open_images,5198c820d3b83737,https://www.flickr.com/photos/mad_house_photography/4312147898,https://farm8.staticflickr.com/4035/4312147898_c54819933d_o.jpg,https://open-images-dataset.s3.amazonaws.com/test/5198c820d3b83737.jpg,Mad House Photography,https://creativecommons.org/licenses/by/2.0/,https://creativecommons.org/licenses/by/2.0/,oi-5198c820d3b83737,Codex visual inspection: one identifiable physical target within confirmed definition,b67349c9a626195d,1024,768,2026-10-07T18:06:47+08:00,Open Images V7 public test image / V5 human boxable labels; one non-depicted box >=25% image area
commons-12099180,data/raw/commons/earphones/commons-12099180.jpg,da34af804178ecf0764763a10534382ab025af6a9e1de49e4138a5e2923b5806,6,,,commons-api,,train,approved,campus-public-pilot-v1,wikimedia_commons,12099180,https://commons.wikimedia.org/wiki/File:Aiwa_Sound_GT_-_Right_ear_bud_(Sold_circa_mid_90s).jpg,https://upload.wikimedia.org/wikipedia/commons/3/3f/Aiwa_Sound_GT_-_Right_ear_bud_%28Sold_circa_mid_90s%29.jpg?utm_source=commons.wikimedia.org&utm_campaign=imageinfo&utm_content=original,https://thumb.wikimedia.org/wikipedia/commons/thumb/3/3f/Aiwa_Sound_GT_-_Right_ear_bud_%28Sold_circa_mid_90s%29.jpg/1280px-Aiwa_Sound_GT_-_Right_ear_bud_%28Sold_circa_mid_90s%29.jpg?utm_source=commons.wikimedia.org&utm_campaign=imageinfo&utm_content=thumbnail,en:User:MMuzammils,CC BY-SA 3.0,https://creativecommons.org/licenses/by-sa/3.0,commons-12099180,Codex visual review of contact sheet: one identifiable target within frozen category definition,c1e4ce273bd20d39,1280,960,,
commons-74762808,data/raw/commons/earphones/commons-74762808.jpg,52c76eb059df5e226b8a33e7efc8afc114a4ebfcdd7ad7f6022f63fa0cb88a94,6,,,commons-api,,train,approved,campus-public-pilot-v1,wikimedia_commons,74762808,https://commons.wikimedia.org/wiki/File:Auriculares_Blancos.jpg,https://upload.wikimedia.org/wikipedia/commons/0/05/Auriculares_Blancos.jpg?utm_source=commons.wikimedia.org&utm_campaign=imageinfo&utm_content=original,https://thumb.wikimedia.org/wikipedia/commons/thumb/0/05/Auriculares_Blancos.jpg/1280px-Auriculares_Blancos.jpg?utm_source=commons.wikimedia.org&utm_campaign=imageinfo&utm_content=thumbnail,Alejandro SG97,CC BY-SA 4.0,https://creativecommons.org/licenses/by-sa/4.0,commons-74762808,Codex visual review of contact sheet: one identifiable target within frozen category definition,898dce133c7ed2a1,1280,852,,
oi-e7c519cd1695f3dd,data/raw/openimages/earphones/oi-e7c519cd1695f3dd.jpg,796f50a115abe9cc8f5b247aad683c562fa790508307234363ce1c4ff7de5dbf,6,,,open-images-official,,train,approved,campus-public-pilot-v1,open_images,e7c519cd1695f3dd,https://www.flickr.com/photos/robertnelson/2311802491,https://c6.staticflickr.com/3/2071/2311802491_2c3eb6949d_o.jpg,https://open-images-dataset.s3.amazonaws.com/test/e7c519cd1695f3dd.jpg,Robert Nelson,https://creativecommons.org/licenses/by/2.0/,https://creativecommons.org/licenses/by/2.0/,oi-e7c519cd1695f3dd,Codex visual inspection: one identifiable physical target within confirmed definition,0e83b3ecdb1a23a3,1024,768,2026-10-07T18:04:31+08:00,Open Images V7 public test image / V5 human boxable labels; one non-depicted box >=25% image area
oi-5e831cbdbb666c0d,data/raw/openimages/earphones/oi-5e831cbdbb666c0d.jpg,54b018c9b395897361dd5d389daef4c90cd0c095ff8402b6a6fbe40c89cc1bfb,6,,,open-images-official,,train,approved,campus-public-pilot-v1,open_images,5e831cbdbb666c0d,https://www.flickr.com/photos/lesliejones_rstrctd/8404382447/,https://c6.staticflickr.com/9/8359/8404382447_31dc314987_o.jpg,https://open-images-dataset.s3.amazonaws.com/validation/5e831cbdbb666c0d.jpg,Leslie Jones,https://creativecommons.org/licenses/by/2.0/,https://creativecommons.org/licenses/by/2.0/,oi-5e831cbdbb666c0d,Codex visual inspection: one identifiable target within frozen definition,4ef4b3c1091bb5a5,613,1024,2026-10-07T17:46:03+08:00,Open Images V7 public validation image / V5 human boxable labels
commons-142198426,data/raw/commons/earphones/commons-142198426.png,fd4c7ac3a8c345ab08e0063cc262669942804c38b7490984f7bc851c970f00d4,6,,,commons-api,,train,approved,campus-public-pilot-v1,wikimedia_commons,142198426,https://commons.wikimedia.org/wiki/File:In-ear_headphones_from_Teufel.png,https://upload.wikimedia.org/wikipedia/commons/0/01/In-ear_headphones_from_Teufel.png?utm_source=commons.wikimedia.org&utm_campaign=imageinfo&utm_content=original,https://thumb.wikimedia.org/wikipedia/commons/thumb/0/01/In-ear_headphones_from_Teufel.png/1280px-In-ear_headphones_from_Teufel.png?utm_source=commons.wikimedia.org&utm_campaign=imageinfo&utm_content=thumbnail,Pittigrilli,CC BY 4.0,https://creativecommons.org/licenses/by/4.0,commons-142198426,Codex visual review of contact sheet: one identifiable target within frozen category definition,3a3263c183b39d4f,1280,775,,
oi-b2c56dfafde0b51f,data/raw/openimages/earphones/oi-b2c56dfafde0b51f.jpg,9d80d7142bebe21792ec57652dc1b11417e9136bef59411fc45aeecf4babfcea,6,,,open-images-official,,train,approved,campus-public-pilot-v1,open_images,b2c56dfafde0b51f,https://www.flickr.com/photos/davekobrehel/8720050452,https://c8.staticflickr.com/8/7425/8720050452_ee063b585d_o.jpg,https://open-images-dataset.s3.amazonaws.com/test/b2c56dfafde0b51f.jpg,Dave Kobrehel,https://creativecommons.org/licenses/by/2.0/,https://creativecommons.org/licenses/by/2.0/,oi-b2c56dfafde0b51f,Codex visual inspection: one identifiable physical target within confirmed definition,7236916bf3a90c17,1024,683,2026-10-07T18:12:53+08:00,Open Images V7 public test image / V5 human boxable labels; one non-depicted box >=25% image area
oi-4f102a41ab8276b0,data/raw/openimages/earphones/oi-4f102a41ab8276b0.jpg,97bc3bc92a4b98b412a678ab24582d6696382bb40aae0a409ffba05c6beb6cc6,6,,,open-images-official,,train,approved,campus-public-pilot-v1,open_images,4f102a41ab8276b0,https://www.flickr.com/photos/sunil_soundarapandian/16201435753,https://farm1.staticflickr.com/8588/16201435753_0993792f37_o.jpg,https://open-images-dataset.s3.amazonaws.com/validation/4f102a41ab8276b0.jpg,Sunil Soundarapandian,https://creativecommons.org/licenses/by/2.0/,https://creativecommons.org/licenses/by/2.0/,oi-4f102a41ab8276b0,Codex visual inspection: one identifiable target within frozen definition,b2515b3a298de687,1024,683,2026-10-07T17:45:06+08:00,Open Images V7 public validation image / V5 human boxable labels
oi-f52485a73734f1eb,data/raw/openimages/earphones/oi-f52485a73734f1eb.jpg,0ee47bad00a496d502878158291ea498174d250a8674fe5009e6a504b97245ea,6,,,open-images-official,,train,approved,campus-public-pilot-v1,open_images,f52485a73734f1eb,https://www.flickr.com/photos/jelonekphotography/4697886443/,https://c4.staticflickr.com/5/4022/4697886443_b2b527552b_o.jpg,https://open-images-dataset.s3.amazonaws.com/test/f52485a73734f1eb.jpg,Brian Jelonek,https://creativecommons.org/licenses/by/2.0/,https://creativecommons.org/licenses/by/2.0/,oi-f52485a73734f1eb,Codex visual inspection: one identifiable physical target within confirmed definition,646b0c8fe4131bed,1024,866,2026-10-07T18:05:31+08:00,Open Images V7 public test image / V5 human boxable labels; one non-depicted box >=25% image area
oi-f69353547a79cac3,data/raw/openimages/earphones/oi-f69353547a79cac3.jpg,a18cd2f6732676d7b921d9833c801b8423968ad810fa1cc5c27d38ed0dfe2917,6,,,open-images-official,,train,approved,campus-public-pilot-v1,open_images,f69353547a79cac3,https://www.flickr.com/photos/aidanwojtas/3827932797,https://farm4.staticflickr.com/2478/3827932797_f6b4511db3_o.jpg,https://open-images-dataset.s3.amazonaws.com/test/f69353547a79cac3.jpg,Aidan,https://creativecommons.org/licenses/by/2.0/,https://creativecommons.org/licenses/by/2.0/,oi-f69353547a79cac3,Codex visual inspection: one identifiable physical target within confirmed definition,7b2949a18607edd3,1024,768,2026-10-07T18:10:22+08:00,Open Images V7 public test image / V5 human boxable labels; one non-depicted box >=25% image area
oi-3b8bee1b571394ae,data/raw/openimages/earphones/oi-3b8bee1b571394ae.jpg,bce49f1680c79bb3df03d2dbb25773602840e01825714a5d40e9a09d8c1ccd3e,6,,,open-images-official,,train,approved,campus-public-pilot-v1,open_images,3b8bee1b571394ae,https://www.flickr.com/photos/yanki01/8480752236,https://c7.staticflickr.com/9/8391/8480752236_a8a58e602d_o.jpg,https://open-images-dataset.s3.amazonaws.com/test/3b8bee1b571394ae.jpg,Yanki01,https://creativecommons.org/licenses/by/2.0/,https://creativecommons.org/licenses/by/2.0/,oi-3b8bee1b571394ae,Codex visual inspection: one identifiable physical target within confirmed definition,fdd2724987e66881,1024,1024,2026-10-07T18:05:35+08:00,Open Images V7 public test image / V5 human boxable labels; one non-depicted box >=25% image area
oi-c432eaa1c9288ab7,data/raw/openimages/earphones/oi-c432eaa1c9288ab7.jpg,d1c5c32f8fbf06e74b0850580fcb39c03909020c5f5af8abe5005eec918b3bd7,6,,,open-images-official,,train,approved,campus-public-pilot-v1,open_images,c432eaa1c9288ab7,https://www.flickr.com/photos/sigwyg20/1403422538,https://farm8.staticflickr.com/1339/1403422538_773a3863d7_o.jpg,https://open-images-dataset.s3.amazonaws.com/test/c432eaa1c9288ab7.jpg,Sig.,https://creativecommons.org/licenses/by/2.0/,https://creativecommons.org/licenses/by/2.0/,oi-c432eaa1c9288ab7,Codex visual inspection: one identifiable physical target within confirmed definition,b41af0e980bddad1,1024,683,2026-10-07T18:11:31+08:00,Open Images V7 public test image / V5 human boxable labels; one non-depicted box >=25% image area
commons-9934467,data/raw/commons/earphones/commons-9934467.jpg,91431c5427d856eaa35bf0f22af59c24300c54ea3f6d8e7aa1e69dbe0bde3e98,6,,,commons-api,,train,approved,campus-public-pilot-v1,wikimedia_commons,9934467,https://commons.wikimedia.org/wiki/File:Ecouteur_du_Nokia_5800_XpressMusic.JPG,https://upload.wikimedia.org/wikipedia/commons/3/32/Ecouteur_du_Nokia_5800_XpressMusic.JPG?utm_source=commons.wikimedia.org&utm_campaign=imageinfo&utm_content=original,https://thumb.wikimedia.org/wikipedia/commons/thumb/3/32/Ecouteur_du_Nokia_5800_XpressMusic.JPG/1280px-Ecouteur_du_Nokia_5800_XpressMusic.JPG?utm_source=commons.wikimedia.org&utm_campaign=imageinfo&utm_content=thumbnail,France64160,CC BY-SA 3.0,https://creativecommons.org/licenses/by-sa/3.0,commons-9934467,Codex visual review of contact sheet: one identifiable target within frozen category definition,723831991bcd876d,1280,1054,,
commons-61196760,data/raw/commons/earphones/commons-61196760.jpg,240a2ee5a3dfe09f6deebdfad5be8ac3aadafcd30c3fcbbccfa4e7267cb51ef2,6,,,commons-api,,train,approved,campus-public-pilot-v1,wikimedia_commons,61196760,https://commons.wikimedia.org/wiki/File:Ecoofers_In-Ear_Headphones_(Bamboo_Edition).jpg,https://upload.wikimedia.org/wikipedia/commons/9/9c/Ecoofers_In-Ear_Headphones_%28Bamboo_Edition%29.jpg?utm_source=commons.wikimedia.org&utm_campaign=imageinfo&utm_content=original,https://upload.wikimedia.org/wikipedia/commons/9/9c/Ecoofers_In-Ear_Headphones_%28Bamboo_Edition%29.jpg?utm_source=commons.wikimedia.org&utm_campaign=imageinfo&utm_content=thumbnail_unscaled,Tekfusion Technologies,CC BY-SA 2.0,https://creativecommons.org/licenses/by-sa/2.0,commons-61196760,Codex visual review of contact sheet: one identifiable target within frozen category definition,99949cc8ac35c7c7,960,960,,
oi-43780b475de45751,data/raw/openimages/earphones/oi-43780b475de45751.jpg,614cf602f64cbcfcb62fc92f37ab65133f35c77ccbeaea122c3d738e501bb67a,6,,,open-images-official,,train,approved,campus-public-pilot-v1,open_images,43780b475de45751,https://www.flickr.com/photos/rodrigogalindez/265735611,https://farm2.staticflickr.com/91/265735611_bda986b3e2_o.jpg,https://open-images-dataset.s3.amazonaws.com/test/43780b475de45751.jpg,Rodrigo Galindez,https://creativecommons.org/licenses/by/2.0/,https://creativecommons.org/licenses/by/2.0/,oi-43780b475de45751,Codex visual inspection: one identifiable physical target within confirmed definition,3c333343b467c31d,1024,1024,2026-10-07T18:14:02+08:00,Open Images V7 public test image / V5 human boxable labels; one non-depicted box >=25% image area
oi-b4c3b7b7d76b2bf2,data/raw/openimages/earphones/oi-b4c3b7b7d76b2bf2.jpg,143d71ed21bbd8ac098912a797606a04d6432b39f29e5dbef4e06361c56eebe9,6,,,open-images-official,,train,approved,campus-public-pilot-v1,open_images,b4c3b7b7d76b2bf2,https://www.flickr.com/photos/bfishadow/4865410766,https://farm3.staticflickr.com/4093/4865410766_f1f7c6d44c_o.jpg,https://open-images-dataset.s3.amazonaws.com/validation/b4c3b7b7d76b2bf2.jpg,bfishadow,https://creativecommons.org/licenses/by/2.0/,https://creativecommons.org/licenses/by/2.0/,oi-b4c3b7b7d76b2bf2,Codex visual inspection: one identifiable target within frozen definition,2cbce361becd5013,1024,768,2026-10-07T17:52:36+08:00,Open Images V7 public validation image / V5 human boxable labels
oi-75ee3538a05ce6e9,data/raw/openimages/earphones/oi-75ee3538a05ce6e9.jpg,26a794a661653fe803172d5062340335a695d84d455bc159f6d98e0777b9a88e,6,,,open-images-official,,train,approved,campus-public-pilot-v1,open_images,75ee3538a05ce6e9,https://www.flickr.com/photos/jabneyhastings/4916095743,https://c2.staticflickr.com/5/4136/4916095743_8e4a3a3a5c_o.jpg,https://open-images-dataset.s3.amazonaws.com/test/75ee3538a05ce6e9.jpg,jabneyhastings,https://creativecommons.org/licenses/by/2.0/,https://creativecommons.org/licenses/by/2.0/,oi-75ee3538a05ce6e9,Codex visual inspection: one identifiable physical target within confirmed definition,27183ce386a5e31f,1024,765,2026-10-07T18:10:32+08:00,Open Images V7 public test image / V5 human boxable labels; one non-depicted box >=25% image area
oi-c7849e47a699da45,data/raw/openimages/earphones/oi-c7849e47a699da45.jpg,f1ccdf2892cec16d0409970e30f0ada9f72c20681f8b5bd3de67e6e7dc39fdde,6,,,open-images-official,,train,approved,campus-public-pilot-v1,open_images,c7849e47a699da45,https://www.flickr.com/photos/nikonvscanon/715473620,https://farm6.staticflickr.com/1134/715473620_132de1a764_o.jpg,https://open-images-dataset.s3.amazonaws.com/test/c7849e47a699da45.jpg,David Blaikie,https://creativecommons.org/licenses/by/2.0/,https://creativecommons.org/licenses/by/2.0/,oi-c7849e47a699da45,Codex visual inspection: one identifiable physical target within confirmed definition,6cc9e4193473998f,1024,768,2026-10-07T18:10:19+08:00,Open Images V7 public test image / V5 human boxable labels; one non-depicted box >=25% image area
oi-34da803c6cae973c,data/raw/openimages/earphones/oi-34da803c6cae973c.jpg,c8e93cec6eac257975f37fa722aeb56facfa52c9833f5605f18c088cf6b68537,6,,,open-images-official,,train,approved,campus-public-pilot-v1,open_images,34da803c6cae973c,https://www.flickr.com/photos/nestosjp/6865126633,https://c5.staticflickr.com/8/7065/6865126633_fe18f4190c_o.jpg,https://open-images-dataset.s3.amazonaws.com/test/34da803c6cae973c.jpg,Nestor Correa Mayo,https://creativecommons.org/licenses/by/2.0/,https://creativecommons.org/licenses/by/2.0/,oi-34da803c6cae973c,Codex visual inspection: one identifiable physical target within confirmed definition,197d41132e0b56ef,1024,875,2026-10-07T18:03:56+08:00,Open Images V7 public test image / V5 human boxable labels; one non-depicted box >=25% image area
oi-47376812f3fd3aa4,data/raw/openimages/earphones/oi-47376812f3fd3aa4.jpg,3de96c59ae579b3ebde9b36699710004bd6993904cd6282748c847ff658693e0,6,,,open-images-official,,train,approved,campus-public-pilot-v1,open_images,47376812f3fd3aa4,https://www.flickr.com/photos/batega/1475739236,https://farm5.staticflickr.com/1201/1475739236_63419c71d9_o.jpg,https://open-images-dataset.s3.amazonaws.com/validation/47376812f3fd3aa4.jpg,Josep Ma. Rosell,https://creativecommons.org/licenses/by/2.0/,https://creativecommons.org/licenses/by/2.0/,oi-47376812f3fd3aa4,Codex visual inspection: one identifiable target within frozen definition,8ecc1c1e7c78e383,1024,681,2026-10-07T17:45:25+08:00,Open Images V7 public validation image / V5 human boxable labels
commons-75429341,data/raw/commons/earphones/commons-75429341.jpg,1ac698315f00368770d02662c1f4731314f32ee1aa22da4d8646afe1b8f8a5d4,6,,,commons-api,,train,approved,campus-public-pilot-v1,wikimedia_commons,75429341,https://commons.wikimedia.org/wiki/File:AKG_Samsung_bundle_earphone.jpg,https://upload.wikimedia.org/wikipedia/commons/3/35/AKG_Samsung_bundle_earphone.jpg?utm_source=commons.wikimedia.org&utm_campaign=imageinfo&utm_content=original,https://thumb.wikimedia.org/wikipedia/commons/thumb/3/35/AKG_Samsung_bundle_earphone.jpg/1280px-AKG_Samsung_bundle_earphone.jpg?utm_source=commons.wikimedia.org&utm_campaign=imageinfo&utm_content=thumbnail,Kgw1226,CC BY-SA 4.0,https://creativecommons.org/licenses/by-sa/4.0,commons-75429341,Codex visual review of contact sheet: one identifiable target within frozen category definition,5a3125337369c9c7,1280,960,,
oi-28e06ba3283aaa84,data/raw/openimages/earphones/oi-28e06ba3283aaa84.jpg,222941487edde5fb8f96a29e2460489c13c8662bc079a764bfa5598653fdb072,6,,,open-images-official,,train,approved,campus-public-pilot-v1,open_images,28e06ba3283aaa84,https://www.flickr.com/photos/fawkeswei/8122191573,https://farm5.staticflickr.com/8052/8122191573_a1530f9f1b_o.jpg,https://open-images-dataset.s3.amazonaws.com/validation/28e06ba3283aaa84.jpg,Fawkes Wei,https://creativecommons.org/licenses/by/2.0/,https://creativecommons.org/licenses/by/2.0/,oi-28e06ba3283aaa84,Codex visual inspection: one identifiable target within frozen definition,b3c44bbb35460b99,1024,684,2026-10-07T17:56:12+08:00,Open Images V7 public validation image / V5 human boxable labels
commons-12110023,data/raw/commons/earphones/commons-12110023.jpg,3b24832f9df8699fc5a84d41f9b02e689de5fdc6d7cb0debbcb42567e1d08e1e,6,,,commons-api,,train,approved,campus-public-pilot-v1,wikimedia_commons,12110023,https://commons.wikimedia.org/wiki/File:B%26O_A8.JPG,https://upload.wikimedia.org/wikipedia/commons/8/8b/B%26O_A8.JPG?utm_source=commons.wikimedia.org&utm_campaign=imageinfo&utm_content=original,https://thumb.wikimedia.org/wikipedia/commons/thumb/8/8b/B%26O_A8.JPG/1280px-B%26O_A8.JPG?utm_source=commons.wikimedia.org&utm_campaign=imageinfo&utm_content=thumbnail,Kansai explorer,CC BY 3.0,https://creativecommons.org/licenses/by/3.0,commons-12110023,Codex visual review of contact sheet: one identifiable target within frozen category definition,61795bc966998627,1280,960,,
oi-63f967b2b0da649d,data/raw/openimages/earphones/oi-63f967b2b0da649d.jpg,5667202189b7c4d7f1f56aff7aa65ba8c2f1fe0db42a6a9f7b89bcc9f3551081,6,,,open-images-official,,train,approved,campus-public-pilot-v1,open_images,63f967b2b0da649d,https://www.flickr.com/photos/kalleboo/2290818949,https://c6.staticflickr.com/4/3165/2290818949_9a16b0f6ed_o.jpg,https://open-images-dataset.s3.amazonaws.com/validation/63f967b2b0da649d.jpg,Karl Baron,https://creativecommons.org/licenses/by/2.0/,https://creativecommons.org/licenses/by/2.0/,oi-63f967b2b0da649d,Codex visual inspection: one identifiable target within frozen definition,f0d818780d977a4f,1024,768,2026-10-07T17:56:01+08:00,Open Images V7 public validation image / V5 human boxable labels
oi-278625937aee5ee4,data/raw/openimages/earphones/oi-278625937aee5ee4.jpg,44485d354d532d23d46ce815f340508133caaa101d94e7382891c866f0f3b77f,6,,,open-images-official,,train,approved,campus-public-pilot-v1,open_images,278625937aee5ee4,https://www.flickr.com/photos/hepp/5370427737,https://farm5.staticflickr.com/5042/5370427737_09243588cc_o.jpg,https://open-images-dataset.s3.amazonaws.com/validation/278625937aee5ee4.jpg,erik forsberg,https://creativecommons.org/licenses/by/2.0/,https://creativecommons.org/licenses/by/2.0/,oi-278625937aee5ee4,Codex visual inspection: one identifiable target within frozen definition,91a85cc75c2d70d7,1024,390,2026-10-07T17:55:59+08:00,Open Images V7 public validation image / V5 human boxable labels
commons-23355709,data/raw/commons/earphones/commons-23355709.jpg,8aaa0660e29d02da9266eae8172dedccdb540fa9fd5ee377d8188c4cfbd670ec,6,,,commons-api,,train,approved,campus-public-pilot-v1,wikimedia_commons,23355709,https://commons.wikimedia.org/wiki/File:Floating_(3171739527).jpg,https://upload.wikimedia.org/wikipedia/commons/3/33/Floating_%283171739527%29.jpg?utm_source=commons.wikimedia.org&utm_campaign=imageinfo&utm_content=original,https://thumb.wikimedia.org/wikipedia/commons/thumb/3/33/Floating_%283171739527%29.jpg/1280px-Floating_%283171739527%29.jpg?utm_source=commons.wikimedia.org&utm_campaign=imageinfo&utm_content=thumbnail,"Marcus Quigmire from Florida, USA",CC BY-SA 2.0,https://creativecommons.org/licenses/by-sa/2.0,commons-23355709,Codex visual review of contact sheet: one identifiable target within frozen category definition,cc1933e6c91967c5,1280,853,,
oi-dc8857479b0c8d32,data/raw/openimages/earphones/oi-dc8857479b0c8d32.jpg,2bbed33b1477738e0aedb384a12dc20578610f8f8c71a2ff76ffd2142ba92bcd,6,,,open-images-official,,train,approved,campus-public-pilot-v1,open_images,dc8857479b0c8d32,https://www.flickr.com/photos/jimmybenson/6311981004,https://farm3.staticflickr.com/6119/6311981004_38ceed99de_o.jpg,https://open-images-dataset.s3.amazonaws.com/validation/dc8857479b0c8d32.jpg,Jan-Willem Reusink,https://creativecommons.org/licenses/by/2.0/,https://creativecommons.org/licenses/by/2.0/,oi-dc8857479b0c8d32,Codex visual inspection: one identifiable target within frozen definition,945a8b69d983327d,1024,680,2026-10-07T17:54:54+08:00,Open Images V7 public validation image / V5 human boxable labels
oi-456554233f51cb14,data/raw/openimages/earphones/oi-456554233f51cb14.jpg,91d8649134cc59ad2a98bb5ee69a45843c37715a4358449b75557e2597a3e411,6,,,open-images-official,,train,approved,campus-public-pilot-v1,open_images,456554233f51cb14,https://www.flickr.com/photos/alexkehr/25389476,https://farm5.staticflickr.com/23/25389476_21485a128a_o.jpg,https://open-images-dataset.s3.amazonaws.com/test/456554233f51cb14.jpg,Alex Kehr,https://creativecommons.org/licenses/by/2.0/,https://creativecommons.org/licenses/by/2.0/,oi-456554233f51cb14,Codex visual inspection: one identifiable physical target within confirmed definition,1f34edc4a3235353,1024,768,2026-10-07T18:09:54+08:00,Open Images V7 public test image / V5 human boxable labels; one non-depicted box >=25% image area
oi-bfbf54bb17188d89,data/raw/openimages/earphones/oi-bfbf54bb17188d89.jpg,03f0ff3d755a5ffba1f60efa5bf947df97dce51884dbc3196856d5a4d85859b7,6,,,open-images-official,,train,approved,campus-public-pilot-v1,open_images,bfbf54bb17188d89,https://www.flickr.com/photos/photographybyobi/8092893694,https://c2.staticflickr.com/9/8054/8092893694_97b39edecc_o.jpg,https://open-images-dataset.s3.amazonaws.com/test/bfbf54bb17188d89.jpg,The photographer known as Obi,https://creativecommons.org/licenses/by/2.0/,https://creativecommons.org/licenses/by/2.0/,oi-bfbf54bb17188d89,Codex visual inspection: one identifiable physical target within confirmed definition,7c4a4b8b99dcab41,1024,745,2026-10-07T18:11:09+08:00,Open Images V7 public test image / V5 human boxable labels; one non-depicted box >=25% image area
oi-0afed95b79ac15e3,data/raw/openimages/earphones/oi-0afed95b79ac15e3.jpg,1ef82f87d9981b8ea8fd76cc1033407d9e8f3625fa2b3ae6283fee2c5bbfdb80,6,,,open-images-official,,train,approved,campus-public-pilot-v1,open_images,0afed95b79ac15e3,https://www.flickr.com/photos/mariahagglof/8148535920,https://farm4.staticflickr.com/8194/8148535920_049db8c506_o.jpg,https://open-images-dataset.s3.amazonaws.com/test/0afed95b79ac15e3.jpg,Maria Hägglöf,https://creativecommons.org/licenses/by/2.0/,https://creativecommons.org/licenses/by/2.0/,oi-0afed95b79ac15e3,Codex visual inspection: one identifiable physical target within confirmed definition,31cec2238f9ebc23,1024,1024,2026-10-07T18:13:38+08:00,Open Images V7 public test image / V5 human boxable labels; one non-depicted box >=25% image area
oi-14eaab08037c5b17,data/raw/openimages/earphones/oi-14eaab08037c5b17.jpg,d85027e27eb3abacfe7bd9be3d297843cd52a0ac4e501f0dbcd3ca778092c5b2,6,,,open-images-official,,train,approved,campus-public-pilot-v1,open_images,14eaab08037c5b17,https://www.flickr.com/photos/yu_chuan/3196011358,https://farm8.staticflickr.com/3132/3196011358_3ef288dab5_o.jpg,https://open-images-dataset.s3.amazonaws.com/test/14eaab08037c5b17.jpg,lovesx-70,https://creativecommons.org/licenses/by/2.0/,https://creativecommons.org/licenses/by/2.0/,oi-14eaab08037c5b17,Codex visual inspection: one identifiable physical target within confirmed definition,11194d134fa3f17d,1024,768,2026-10-07T18:07:39+08:00,Open Images V7 public test image / V5 human boxable labels; one non-depicted box >=25% image area
oi-3c8454d0ff068b71,data/raw/openimages/earphones/oi-3c8454d0ff068b71.jpg,4ad31527af31ff14d02d9b8db0db77321abca98833b10888f503f66a4eb1707d,6,,,open-images-official,,train,approved,campus-public-pilot-v1,open_images,3c8454d0ff068b71,https://www.flickr.com/photos/junit16/6078796724,https://farm2.staticflickr.com/6194/6078796724_a300ed2b4d_o.jpg,https://open-images-dataset.s3.amazonaws.com/validation/3c8454d0ff068b71.jpg,Javonni Christopher,https://creativecommons.org/licenses/by/2.0/,https://creativecommons.org/licenses/by/2.0/,oi-3c8454d0ff068b71,Codex visual inspection: one identifiable target within frozen definition,b2cc6ea31c1af10f,1024,768,2026-10-07T17:46:14+08:00,Open Images V7 public validation image / V5 human boxable labels
oi-f2d94a7ec3b1993f,data/raw/openimages/earphones/oi-f2d94a7ec3b1993f.jpg,fb999c89b306ffc7c533647dc9ea0c6cf81827c5fb71a4c30bb483b87591f562,6,,,open-images-official,,train,approved,campus-public-pilot-v1,open_images,f2d94a7ec3b1993f,https://www.flickr.com/photos/tshrinivasan/19911588288,https://c8.staticflickr.com/1/373/19911588288_f57ed3d65e_o.jpg,https://open-images-dataset.s3.amazonaws.com/test/f2d94a7ec3b1993f.jpg,Shrini,https://creativecommons.org/licenses/by/2.0/,https://creativecommons.org/licenses/by/2.0/,oi-f2d94a7ec3b1993f,Codex visual inspection: one identifiable physical target within confirmed definition,620ff0d31acd8d47,1024,576,2026-10-07T18:12:35+08:00,Open Images V7 public test image / V5 human boxable labels; one non-depicted box >=25% image area
commons-186243697,data/raw/commons/earphones/commons-186243697.jpg,3b21b563baba438e2f685695ea9801d40ede270106d1353d011cb527b6a92be4,6,,,commons-api,,train,approved,campus-public-pilot-v1,wikimedia_commons,186243697,https://commons.wikimedia.org/wiki/File:Baseus_Bowie_MC1_-_15.jpg,https://upload.wikimedia.org/wikipedia/commons/b/b1/Baseus_Bowie_MC1_-_15.jpg?utm_source=commons.wikimedia.org&utm_campaign=imageinfo&utm_content=original,https://thumb.wikimedia.org/wikipedia/commons/thumb/b/b1/Baseus_Bowie_MC1_-_15.jpg/1280px-Baseus_Bowie_MC1_-_15.jpg?utm_source=commons.wikimedia.org&utm_campaign=imageinfo&utm_content=thumbnail,Kyu3a,CC BY-SA 4.0,https://creativecommons.org/licenses/by-sa/4.0,commons-186243697,Codex visual review of contact sheet: one identifiable target within frozen category definition,911af14976819f57,1280,1280,,
commons-186243699,data/raw/commons/earphones/commons-186243699.jpg,2e8c2d48bb55e7f5859477ec0a1f93d328d8db334a13e415e4f07ea1b336627b,6,,,commons-api,,train,approved,campus-public-pilot-v1,wikimedia_commons,186243699,https://commons.wikimedia.org/wiki/File:Baseus_Bowie_MC1_-_8.jpg,https://upload.wikimedia.org/wikipedia/commons/2/21/Baseus_Bowie_MC1_-_8.jpg?utm_source=commons.wikimedia.org&utm_campaign=imageinfo&utm_content=original,https://thumb.wikimedia.org/wikipedia/commons/thumb/2/21/Baseus_Bowie_MC1_-_8.jpg/1280px-Baseus_Bowie_MC1_-_8.jpg?utm_source=commons.wikimedia.org&utm_campaign=imageinfo&utm_content=thumbnail,Kyu3a,CC BY-SA 4.0,https://creativecommons.org/licenses/by-sa/4.0,commons-186243697,Codex visual review of contact sheet: one identifiable target within frozen category definition,0939e369e18b3957,1280,1280,,
oi-d7d770f170f8f333,data/raw/openimages/earphones/oi-d7d770f170f8f333.jpg,0ed8d7c75741563fae054436161b1eedb343a663f16ab07f2d9d0d60d2f3e311,6,,,open-images-official,,train,approved,campus-public-pilot-v1,open_images,d7d770f170f8f333,https://www.flickr.com/photos/mseckington/8017672989,https://farm4.staticflickr.com/8041/8017672989_0967d68851_o.jpg,https://open-images-dataset.s3.amazonaws.com/validation/d7d770f170f8f333.jpg,Melinda Seckington,https://creativecommons.org/licenses/by/2.0/,https://creativecommons.org/licenses/by/2.0/,oi-d7d770f170f8f333,Codex visual inspection: one identifiable target within frozen definition,13735991c94907fd,1024,681,2026-10-07T17:43:17+08:00,Open Images V7 public validation image / V5 human boxable labels
commons-51440550,data/raw/commons/earphones/commons-51440550.jpg,b3102bb0fe71480ff74dbef39b4cb25fd1742f85ba4e0b16a76f315c75ca409c,6,,,commons-api,,train,approved,campus-public-pilot-v1,wikimedia_commons,51440550,https://commons.wikimedia.org/wiki/File:Desk-music-headphones-earphones_(24243083451).jpg,https://upload.wikimedia.org/wikipedia/commons/6/6b/Desk-music-headphones-earphones_%2824243083451%29.jpg?utm_source=commons.wikimedia.org&utm_campaign=imageinfo&utm_content=original,https://thumb.wikimedia.org/wikipedia/commons/thumb/6/6b/Desk-music-headphones-earphones_%2824243083451%29.jpg/1280px-Desk-music-headphones-earphones_%2824243083451%29.jpg?utm_source=commons.wikimedia.org&utm_campaign=imageinfo&utm_content=thumbnail,www.Pixel.la Free Stock Photos,CC0,http://creativecommons.org/publicdomain/zero/1.0/deed.en,commons-51440550,Codex visual review of contact sheet: one identifiable target within frozen category definition,d686f2449ee14c9b,1280,853,,
oi-eb78ca30296803d9,data/raw/openimages/earphones/oi-eb78ca30296803d9.jpg,8cbb843395898456842e7c372dc7b9b0b8d20200dcda56005cd7cadd0042b309,6,,,open-images-official,,train,approved,campus-public-pilot-v1,open_images,eb78ca30296803d9,https://www.flickr.com/photos/stephendotcarter/4575228865/,https://c2.staticflickr.com/5/4048/4575228865_cf1ca45ae1_o.jpg,https://open-images-dataset.s3.amazonaws.com/test/eb78ca30296803d9.jpg,stephendotcarter,https://creativecommons.org/licenses/by/2.0/,https://creativecommons.org/licenses/by/2.0/,oi-eb78ca30296803d9,Codex visual inspection: one identifiable physical target within confirmed definition,8199834b4eadb957,1024,779,2026-10-07T18:12:15+08:00,Open Images V7 public test image / V5 human boxable labels; one non-depicted box >=25% image area
commons-143822938,data/raw/commons/earphones/commons-143822938.jpg,eedb33b50a6b8a21c2e671ff11e961268352092f446a234eb407d6f2e1c1b1ad,6,,,commons-api,,train,approved,campus-public-pilot-v1,wikimedia_commons,143822938,https://commons.wikimedia.org/wiki/File:Beyerdynamic_XP2.jpg,https://upload.wikimedia.org/wikipedia/commons/b/b0/Beyerdynamic_XP2.jpg?utm_source=commons.wikimedia.org&utm_campaign=imageinfo&utm_content=original,https://thumb.wikimedia.org/wikipedia/commons/thumb/b/b0/Beyerdynamic_XP2.jpg/1280px-Beyerdynamic_XP2.jpg?utm_source=commons.wikimedia.org&utm_campaign=imageinfo&utm_content=thumbnail,Vee Satayamas,CC BY 4.0,https://creativecommons.org/licenses/by/4.0,commons-143822938,Codex visual review of contact sheet: one identifiable target within frozen category definition,5edaa8a1994b629d,1280,853,,
commons-1170637,data/raw/commons/earphones/commons-1170637.jpg,ac7fc36a8384941a0eb2c0447ce4aec242a6624d9dfb2bb2d8dbb438290da805,6,,,commons-api,,train,approved,campus-public-pilot-v1,wikimedia_commons,1170637,https://commons.wikimedia.org/wiki/File:InEarMonitors.jpg,https://upload.wikimedia.org/wikipedia/commons/0/0f/InEarMonitors.jpg?utm_source=commons.wikimedia.org&utm_campaign=imageinfo&utm_content=original,https://thumb.wikimedia.org/wikipedia/commons/thumb/0/0f/InEarMonitors.jpg/1280px-InEarMonitors.jpg?utm_source=commons.wikimedia.org&utm_campaign=imageinfo&utm_content=thumbnail,user:Julo,CC BY-SA 3.0,http://creativecommons.org/licenses/by-sa/3.0/,commons-1170637,Codex visual review of contact sheet: one identifiable target within frozen category definition,d9111571e9cb32e5,1280,960,,
oi-b5108b5b47b42463,data/raw/openimages/earphones/oi-b5108b5b47b42463.jpg,c97aab9ccfc3dd6c930afee2cab6c0283d649eea9a7d51c7c912d1d401c837e8,6,,,open-images-official,,train,approved,campus-public-pilot-v1,open_images,b5108b5b47b42463,https://www.flickr.com/photos/asimzb/5346304924,https://farm4.staticflickr.com/5005/5346304924_038a593f18_o.jpg,https://open-images-dataset.s3.amazonaws.com/test/b5108b5b47b42463.jpg,Asim Bijarani,https://creativecommons.org/licenses/by/2.0/,https://creativecommons.org/licenses/by/2.0/,oi-b5108b5b47b42463,Codex visual inspection: one identifiable physical target within confirmed definition,49fc2943af198477,1024,685,2026-10-07T18:12:45+08:00,Open Images V7 public test image / V5 human boxable labels; one non-depicted box >=25% image area
oi-afb1f38678e2f2f8,data/raw/openimages/earphones/oi-afb1f38678e2f2f8.jpg,9a7c7972695749290bae281ff5cd942621da5fb28dc18bcaa496476245ab6840,6,,,open-images-official,,train,approved,campus-public-pilot-v1,open_images,afb1f38678e2f2f8,https://www.flickr.com/photos/seanfx/4844985289,https://c1.staticflickr.com/5/4103/4844985289_f2ebdc5008_o.jpg,https://open-images-dataset.s3.amazonaws.com/test/afb1f38678e2f2f8.jpg,Sean McMenemy,https://creativecommons.org/licenses/by/2.0/,https://creativecommons.org/licenses/by/2.0/,oi-afb1f38678e2f2f8,Codex visual inspection: one identifiable physical target within confirmed definition,c9f34c59c6415557,1024,768,2026-10-07T18:12:09+08:00,Open Images V7 public test image / V5 human boxable labels; one non-depicted box >=25% image area
commons-186222418,data/raw/commons/charger/commons-186222418.jpg,592a8940acb8d72541163512eb8d63bc4768483640cd6cd953cb28f7886cd03f,7,,,commons-api,,train,approved,campus-public-pilot-v1,wikimedia_commons,186222418,https://commons.wikimedia.org/wiki/File:ADTEC-USBcharger-APD-V140AC2-BK_003.jpg,https://upload.wikimedia.org/wikipedia/commons/6/6d/ADTEC-USBcharger-APD-V140AC2-BK_003.jpg?utm_source=commons.wikimedia.org&utm_campaign=imageinfo&utm_content=original,https://thumb.wikimedia.org/wikipedia/commons/thumb/6/6d/ADTEC-USBcharger-APD-V140AC2-BK_003.jpg/1280px-ADTEC-USBcharger-APD-V140AC2-BK_003.jpg?utm_source=commons.wikimedia.org&utm_campaign=imageinfo&utm_content=thumbnail,RuinDig/Yuki Uchida,CC BY 4.0,https://creativecommons.org/licenses/by/4.0,commons-186222418,Codex visual review of contact sheet: one identifiable target within frozen category definition,23662393e3d91c2f,1280,960,,
commons-186222419,data/raw/commons/charger/commons-186222419.jpg,5ae82f1ce1fef09773148ced032264e8854967834833a7ac1d96f9aa5559707a,7,,,commons-api,,train,approved,campus-public-pilot-v1,wikimedia_commons,186222419,https://commons.wikimedia.org/wiki/File:ADTEC-USBcharger-APD-V140AC2-BK_002.jpg,https://upload.wikimedia.org/wikipedia/commons/8/87/ADTEC-USBcharger-APD-V140AC2-BK_002.jpg?utm_source=commons.wikimedia.org&utm_campaign=imageinfo&utm_content=original,https://thumb.wikimedia.org/wikipedia/commons/thumb/8/87/ADTEC-USBcharger-APD-V140AC2-BK_002.jpg/1280px-ADTEC-USBcharger-APD-V140AC2-BK_002.jpg?utm_source=commons.wikimedia.org&utm_campaign=imageinfo&utm_content=thumbnail,RuinDig/Yuki Uchida,CC BY 4.0,https://creativecommons.org/licenses/by/4.0,commons-186222418,Codex visual review of contact sheet: one identifiable target within frozen category definition,20662393e3d99d2f,1280,960,,
commons-186222420,data/raw/commons/charger/commons-186222420.jpg,02f19dc96bf96ed2b6ac928299a294be6e221dd494b9117ceb636cf909b7d243,7,,,commons-api,,train,approved,campus-public-pilot-v1,wikimedia_commons,186222420,https://commons.wikimedia.org/wiki/File:ADTEC-USBcharger-APD-V140AC2-BK_001.jpg,https://upload.wikimedia.org/wikipedia/commons/c/cd/ADTEC-USBcharger-APD-V140AC2-BK_001.jpg?utm_source=commons.wikimedia.org&utm_campaign=imageinfo&utm_content=original,https://thumb.wikimedia.org/wikipedia/commons/thumb/c/cd/ADTEC-USBcharger-APD-V140AC2-BK_001.jpg/1280px-ADTEC-USBcharger-APD-V140AC2-BK_001.jpg?utm_source=commons.wikimedia.org&utm_campaign=imageinfo&utm_content=thumbnail,RuinDig/Yuki Uchida,CC BY 4.0,https://creativecommons.org/licenses/by/4.0,commons-186222418,Codex visual review of contact sheet: one identifiable target within frozen category definition,21e23393e3598da7,1280,960,,
commons-186222425,data/raw/commons/charger/commons-186222425.jpg,e66c62ff3cffdae032c055f4f81e903ee882de01948fba20c70a4ce9dce00ce7,7,,,commons-api,,train,approved,campus-public-pilot-v1,wikimedia_commons,186222425,https://commons.wikimedia.org/wiki/File:ADTEC-USBcharger-APD-V140AC2-BK_005.jpg,https://upload.wikimedia.org/wikipedia/commons/0/01/ADTEC-USBcharger-APD-V140AC2-BK_005.jpg?utm_source=commons.wikimedia.org&utm_campaign=imageinfo&utm_content=original,https://thumb.wikimedia.org/wikipedia/commons/thumb/0/01/ADTEC-USBcharger-APD-V140AC2-BK_005.jpg/1280px-ADTEC-USBcharger-APD-V140AC2-BK_005.jpg?utm_source=commons.wikimedia.org&utm_campaign=imageinfo&utm_content=thumbnail,RuinDig/Yuki Uchida,CC BY 4.0,https://creativecommons.org/licenses/by/4.0,commons-186222418,Codex visual review of contact sheet: one identifiable target within frozen category definition,63a32393c3591d2f,1280,960,,
commons-186222426,data/raw/commons/charger/commons-186222426.jpg,2eb8f64da0a0ad2140260b261cd2ef3155c74810d2d80dae3fc7844b6eacc179,7,,,commons-api,,train,approved,campus-public-pilot-v1,wikimedia_commons,186222426,https://commons.wikimedia.org/wiki/File:ADTEC-USBcharger-APD-V140AC2-BK_004.jpg,https://upload.wikimedia.org/wikipedia/commons/e/e6/ADTEC-USBcharger-APD-V140AC2-BK_004.jpg?utm_source=commons.wikimedia.org&utm_campaign=imageinfo&utm_content=original,https://thumb.wikimedia.org/wikipedia/commons/thumb/e/e6/ADTEC-USBcharger-APD-V140AC2-BK_004.jpg/1280px-ADTEC-USBcharger-APD-V140AC2-BK_004.jpg?utm_source=commons.wikimedia.org&utm_campaign=imageinfo&utm_content=thumbnail,RuinDig/Yuki Uchida,CC BY 4.0,https://creativecommons.org/licenses/by/4.0,commons-186222418,Codex visual review of contact sheet: one identifiable target within frozen category definition,339333d9c3598c27,1280,960,,
commons-186222427,data/raw/commons/charger/commons-186222427.jpg,c0ef69d366475a55dceeeaffe28b48a6487e499795f5ee1ea7f6274e89bd7231,7,,,commons-api,,train,approved,campus-public-pilot-v1,wikimedia_commons,186222427,https://commons.wikimedia.org/wiki/File:ADTEC-USBcharger-APD-V140AC2-BK_006.jpg,https://upload.wikimedia.org/wikipedia/commons/0/0c/ADTEC-USBcharger-APD-V140AC2-BK_006.jpg?utm_source=commons.wikimedia.org&utm_campaign=imageinfo&utm_content=original,https://thumb.wikimedia.org/wikipedia/commons/thumb/0/0c/ADTEC-USBcharger-APD-V140AC2-BK_006.jpg/1280px-ADTEC-USBcharger-APD-V140AC2-BK_006.jpg?utm_source=commons.wikimedia.org&utm_campaign=imageinfo&utm_content=thumbnail,RuinDig/Yuki Uchida,CC BY 4.0,https://creativecommons.org/licenses/by/4.0,commons-186222418,Codex visual review of contact sheet: one identifiable target within frozen category definition,3199259917995b67,1280,960,,
commons-186222435,data/raw/commons/charger/commons-186222435.jpg,03e204f154099e20576f4010cea237705889de1ec2258504acdb946dc9e29cda,7,,,commons-api,,train,approved,campus-public-pilot-v1,wikimedia_commons,186222435,https://commons.wikimedia.org/wiki/File:ADTEC-USBcharger-APD-V140AC2-BK_007.jpg,https://upload.wikimedia.org/wikipedia/commons/7/79/ADTEC-USBcharger-APD-V140AC2-BK_007.jpg?utm_source=commons.wikimedia.org&utm_campaign=imageinfo&utm_content=original,https://thumb.wikimedia.org/wikipedia/commons/thumb/7/79/ADTEC-USBcharger-APD-V140AC2-BK_007.jpg/1280px-ADTEC-USBcharger-APD-V140AC2-BK_007.jpg?utm_source=commons.wikimedia.org&utm_campaign=imageinfo&utm_content=thumbnail,RuinDig/Yuki Uchida,CC BY 4.0,https://creativecommons.org/licenses/by/4.0,commons-186222418,Codex visual review of contact sheet: one identifiable target within frozen category definition,a17e16e80601e9ff,1280,960,,
commons-186222431,data/raw/commons/charger/commons-186222431.jpg,716cbfdff2c75c7810339226ab13676ad60a6c85bbddee6ae68f6b5d5abac8b6,7,,,commons-api,,train,approved,campus-public-pilot-v1,wikimedia_commons,186222431,https://commons.wikimedia.org/wiki/File:LEPLUS-USBcharger-LN-ACPD130WH_001.jpg,https://upload.wikimedia.org/wikipedia/commons/c/cf/LEPLUS-USBcharger-LN-ACPD130WH_001.jpg?utm_source=commons.wikimedia.org&utm_campaign=imageinfo&utm_content=original,https://thumb.wikimedia.org/wikipedia/commons/thumb/c/cf/LEPLUS-USBcharger-LN-ACPD130WH_001.jpg/960px-LEPLUS-USBcharger-LN-ACPD130WH_001.jpg?utm_source=commons.wikimedia.org&utm_campaign=imageinfo&utm_content=thumbnail,RuinDig/Yuki Uchida,CC BY 4.0,https://creativecommons.org/licenses/by/4.0,commons-186222418,Codex visual inspection: one identifiable target within frozen definition,3c18cc663c66e3d3,960,720,2026-10-07T17:46:05+08:00,Commons file timestamp=2026-03-15T14:39:06Z; source sha1=11c321e15007b0b7253188b7c7e2ffa219c7de92; requested thumbnail=960px
commons-186222432,data/raw/commons/charger/commons-186222432.jpg,238a34648665e738508008a4871a14e8ec0b38779899f8b57f82b8e22cdeddf7,7,,,commons-api,,train,approved,campus-public-pilot-v1,wikimedia_commons,186222432,https://commons.wikimedia.org/wiki/File:LEPLUS-USBcharger-LN-ACPD130WH_002.jpg,https://upload.wikimedia.org/wikipedia/commons/4/45/LEPLUS-USBcharger-LN-ACPD130WH_002.jpg?utm_source=commons.wikimedia.org&utm_campaign=imageinfo&utm_content=original,https://thumb.wikimedia.org/wikipedia/commons/thumb/4/45/LEPLUS-USBcharger-LN-ACPD130WH_002.jpg/960px-LEPLUS-USBcharger-LN-ACPD130WH_002.jpg?utm_source=commons.wikimedia.org&utm_campaign=imageinfo&utm_content=thumbnail,RuinDig/Yuki Uchida,CC BY 4.0,https://creativecommons.org/licenses/by/4.0,commons-186222418,Codex visual inspection: one identifiable target within frozen definition,1c99cc660ce673d9,960,720,2026-10-07T17:46:07+08:00,Commons file timestamp=2026-03-15T14:39:06Z; source sha1=371089e7502ebcd92b231a149c7630b103441065; requested thumbnail=960px
commons-186222433,data/raw/commons/charger/commons-186222433.jpg,5bedb13160982df6509eaea6e7736f3a86caf08350b8d0833b9302f62b7b4344,7,,,commons-api,,train,approved,campus-public-pilot-v1,wikimedia_commons,186222433,https://commons.wikimedia.org/wiki/File:LEPLUS-USBcharger-LN-ACPD130WH_003.jpg,https://upload.wikimedia.org/wikipedia/commons/a/aa/LEPLUS-USBcharger-LN-ACPD130WH_003.jpg?utm_source=commons.wikimedia.org&utm_campaign=imageinfo&utm_content=original,https://thumb.wikimedia.org/wikipedia/commons/thumb/a/aa/LEPLUS-USBcharger-LN-ACPD130WH_003.jpg/960px-LEPLUS-USBcharger-LN-ACPD130WH_003.jpg?utm_source=commons.wikimedia.org&utm_campaign=imageinfo&utm_content=thumbnail,RuinDig/Yuki Uchida,CC BY 4.0,https://creativecommons.org/licenses/by/4.0,commons-186222418,Codex visual inspection: one identifiable target within frozen definition,6666916665e69999,960,720,2026-10-07T17:46:10+08:00,Commons file timestamp=2026-03-15T14:39:06Z; source sha1=6e2fa9f2c4f37182652eb976842ba6711a10f730; requested thumbnail=960px
commons-186222434,data/raw/commons/charger/commons-186222434.jpg,da7f3715891ea09a7fb2a55f9717403a59f5a05cf6932d11bc4c98787df9e9b7,7,,,commons-api,,train,approved,campus-public-pilot-v1,wikimedia_commons,186222434,https://commons.wikimedia.org/wiki/File:LEPLUS-USBcharger-LN-ACPD130WH_004.jpg,https://upload.wikimedia.org/wikipedia/commons/0/0d/LEPLUS-USBcharger-LN-ACPD130WH_004.jpg?utm_source=commons.wikimedia.org&utm_campaign=imageinfo&utm_content=original,https://thumb.wikimedia.org/wikipedia/commons/thumb/0/0d/LEPLUS-USBcharger-LN-ACPD130WH_004.jpg/960px-LEPLUS-USBcharger-LN-ACPD130WH_004.jpg?utm_source=commons.wikimedia.org&utm_campaign=imageinfo&utm_content=thumbnail,RuinDig/Yuki Uchida,CC BY 4.0,https://creativecommons.org/licenses/by/4.0,commons-186222418,Codex visual inspection: one identifiable target within frozen definition,fea3aa0101fef903,960,720,2026-10-07T17:46:12+08:00,Commons file timestamp=2026-03-15T14:39:09Z; source sha1=cdcfbf551a7f44358697a319615e6e82da438f61; requested thumbnail=960px
commons-141465068,data/raw/commons/charger/commons-141465068.jpg,f30a4ede743517019841d7a21e17b2d03a7d4eed89623a00a682bd0c14fe8800,7,,,commons-api,,train,approved,campus-public-pilot-v1,wikimedia_commons,141465068,https://commons.wikimedia.org/wiki/File:Cargador_de_celular.jpg,https://upload.wikimedia.org/wikipedia/commons/d/db/Cargador_de_celular.jpg?utm_source=commons.wikimedia.org&utm_campaign=imageinfo&utm_content=original,https://thumb.wikimedia.org/wikipedia/commons/thumb/d/db/Cargador_de_celular.jpg/1280px-Cargador_de_celular.jpg?utm_source=commons.wikimedia.org&utm_campaign=imageinfo&utm_content=thumbnail,Richard Chris 29,CC0,http://creativecommons.org/publicdomain/zero/1.0/deed.en,commons-141465068,Codex visual review of contact sheet: one identifiable target within frozen category definition,fc5638a5bc407aa3,1280,960,,
commons-117025314,data/raw/commons/charger/commons-117025314.jpg,16002f6263bff12772ee54656e33318e0306bd02be9479d58ab11ab0c308dd14,7,,,commons-api,,train,approved,campus-public-pilot-v1,wikimedia_commons,117025314,https://commons.wikimedia.org/wiki/File:Charger_Xioami.jpg,https://upload.wikimedia.org/wikipedia/commons/a/a4/Charger_Xioami.jpg?utm_source=commons.wikimedia.org&utm_campaign=imageinfo&utm_content=original,https://thumb.wikimedia.org/wikipedia/commons/thumb/a/a4/Charger_Xioami.jpg/960px-Charger_Xioami.jpg?utm_source=commons.wikimedia.org&utm_campaign=imageinfo&utm_content=thumbnail,Radio Mayak Pervouralsk,CC BY-SA 4.0,https://creativecommons.org/licenses/by-sa/4.0,commons-117025314,Codex visual inspection: one identifiable target within frozen definition,632c6dfcf40601f3,960,540,2026-10-07T17:48:25+08:00,Commons file timestamp=2022-04-19T16:46:18Z; source sha1=dae9e50414b12c798cd67b97236cb6d1e92abc6a; requested thumbnail=960px
commons-176817215,data/raw/commons/charger/commons-176817215.jpg,fe48ecf988df21dbffc8b0db16c191cf10d60e6212606d3ac0eece45b924bb69,7,,,commons-api,,train,approved,campus-public-pilot-v1,wikimedia_commons,176817215,https://commons.wikimedia.org/wiki/File:Orico_YC-PE0508000H_multiport_USB_charger-0.jpg,https://upload.wikimedia.org/wikipedia/commons/5/5c/Orico_YC-PE0508000H_multiport_USB_charger-0.jpg?utm_source=commons.wikimedia.org&utm_campaign=imageinfo&utm_content=original,https://upload.wikimedia.org/wikipedia/commons/5/5c/Orico_YC-PE0508000H_multiport_USB_charger-0.jpg?utm_source=commons.wikimedia.org&utm_campaign=imageinfo&utm_content=thumbnail_unscaled,Imgrenb,CC0,http://creativecommons.org/publicdomain/zero/1.0/deed.en,commons-176817215,Codex visual inspection: one identifiable target within frozen definition,a1f456a15e5ee10b,843,627,2026-10-07T17:46:03+08:00,Commons file timestamp=2025-10-16T16:27:09Z; source sha1=f12cc9aa862ec4d0b24b2ebe1c759912de8f6de9; requested thumbnail=960px
commons-16395387,data/raw/commons/key/commons-16395387.jpg,56618633fad0f4a85cd594aa485b95aa1ad28efe4bb12aeeb550cf0fc3a0752f,8,,,commons-api,,train,approved,campus-public-pilot-v1,wikimedia_commons,16395387,https://commons.wikimedia.org/wiki/File:Hubway_key.jpg,https://upload.wikimedia.org/wikipedia/commons/0/00/Hubway_key.jpg?utm_source=commons.wikimedia.org&utm_campaign=imageinfo&utm_content=original,https://thumb.wikimedia.org/wikipedia/commons/thumb/0/00/Hubway_key.jpg/1280px-Hubway_key.jpg?utm_source=commons.wikimedia.org&utm_campaign=imageinfo&utm_content=thumbnail,Danib62,CC BY-SA 3.0,https://creativecommons.org/licenses/by-sa/3.0,commons-16395387,Codex visual review of contact sheet: one identifiable target within frozen category definition,ccb373668a382cd3,1280,957,,
commons-45438305,data/raw/commons/key/commons-45438305.jpg,75fa02eaa05985fae4084943242a8b5b6ce9129545f70724f857ecf9f780087d,8,,,commons-api,,train,approved,campus-public-pilot-v1,wikimedia_commons,45438305,https://commons.wikimedia.org/wiki/File:Key_is_the_life_of_part.JPG,https://upload.wikimedia.org/wikipedia/commons/e/e3/Key_is_the_life_of_part.JPG?utm_source=commons.wikimedia.org&utm_campaign=imageinfo&utm_content=original,https://thumb.wikimedia.org/wikipedia/commons/thumb/e/e3/Key_is_the_life_of_part.JPG/1280px-Key_is_the_life_of_part.JPG?utm_source=commons.wikimedia.org&utm_campaign=imageinfo&utm_content=thumbnail,Mehedi Hasan Shohag,CC BY-SA 4.0,https://creativecommons.org/licenses/by-sa/4.0,commons-45438305,Codex visual review of contact sheet: one identifiable target within frozen category definition,1c5ce2c76313687d,1280,960,,
commons-29240238,data/raw/commons/key/commons-29240238.jpg,ffd342ce9d930a3c1119bbfc81cc82e32d8754a6d659e35b3cfed4326b7a7eaf,8,,,commons-api,,train,approved,campus-public-pilot-v1,wikimedia_commons,29240238,https://commons.wikimedia.org/wiki/File:DSCN1034_(4213250870)_(2).jpg,https://upload.wikimedia.org/wikipedia/commons/b/be/DSCN1034_%284213250870%29_%282%29.jpg?utm_source=commons.wikimedia.org&utm_campaign=imageinfo&utm_content=original,https://thumb.wikimedia.org/wikipedia/commons/thumb/b/be/DSCN1034_%284213250870%29_%282%29.jpg/1280px-DSCN1034_%284213250870%29_%282%29.jpg?utm_source=commons.wikimedia.org&utm_campaign=imageinfo&utm_content=thumbnail,"upyernoz from Haverford, USA",CC BY 2.0,https://creativecommons.org/licenses/by/2.0,commons-29240238,Codex visual review of contact sheet: one identifiable target within frozen category definition,e944037c694cb7ab,1280,960,,
commons-41558352,data/raw/commons/key/commons-41558352.png,97456b43136fdf5510d311e5c81239eddcc47fdc423075314ae74711add1763f,8,,,commons-api,,train,approved,campus-public-pilot-v1,wikimedia_commons,41558352,https://commons.wikimedia.org/wiki/File:Key_Finder.png,https://upload.wikimedia.org/wikipedia/commons/7/7a/Key_Finder.png?utm_source=commons.wikimedia.org&utm_campaign=imageinfo&utm_content=original,https://upload.wikimedia.org/wikipedia/commons/7/7a/Key_Finder.png?utm_source=commons.wikimedia.org&utm_campaign=imageinfo&utm_content=thumbnail_unscaled,Thucrala,CC BY-SA 4.0,https://creativecommons.org/licenses/by-sa/4.0,commons-41558352,Codex visual inspection: one identifiable physical target within confirmed definition,e3832e649913676d,380,293,2026-10-07T18:10:51+08:00,Commons file timestamp=2019-05-29T17:48:03Z; source sha1=037f108330239c351a6ea610ef6a371589fc21c3; requested thumbnail=960px
commons-33633614,data/raw/commons/key/commons-33633614.jpg,2208f2e026f75cd59909448c8477a3e48aaee1eb7a953b55f16af96b8fe3b536,8,,,commons-api,,train,approved,campus-public-pilot-v1,wikimedia_commons,33633614,https://commons.wikimedia.org/wiki/File:Gfp-keys.jpg,https://upload.wikimedia.org/wikipedia/commons/2/23/Gfp-keys.jpg?utm_source=commons.wikimedia.org&utm_campaign=imageinfo&utm_content=original,https://thumb.wikimedia.org/wikipedia/commons/thumb/2/23/Gfp-keys.jpg/1280px-Gfp-keys.jpg?utm_source=commons.wikimedia.org&utm_campaign=imageinfo&utm_content=thumbnail,Yinan Chen,Public Domain,https://web.archive.org/web/20230926203737/https://creativecommons.org/licenses/publicdomain/,commons-33633614,Codex visual review of contact sheet: one identifiable target within frozen category definition,8f7b3610db03166d,1280,577,,
commons-65790130,data/raw/commons/key/commons-65790130.jpg,56d3a4135fd1eed4fb73638d702486f2094069ce2152ea941ad76cbf826fe4ad,8,,,commons-api,,train,approved,campus-public-pilot-v1,wikimedia_commons,65790130,https://commons.wikimedia.org/wiki/File:Key_20180124_172203.jpg,https://upload.wikimedia.org/wikipedia/commons/d/d0/Key_20180124_172203.jpg?utm_source=commons.wikimedia.org&utm_campaign=imageinfo&utm_content=original,https://thumb.wikimedia.org/wikipedia/commons/thumb/d/d0/Key_20180124_172203.jpg/1280px-Key_20180124_172203.jpg?utm_source=commons.wikimedia.org&utm_campaign=imageinfo&utm_content=thumbnail,Slcreza,CC BY-SA 4.0,https://creativecommons.org/licenses/by-sa/4.0,commons-65790130,Codex visual review of contact sheet: one identifiable target within frozen category definition,167231cc7334ccf3,1280,720,,
commons-17046761,data/raw/commons/key/commons-17046761.jpg,10ed23b958616335799176e2c4d3dee9c6742408d20dea16cd5442cbe80c456c,8,,,commons-api,,train,approved,campus-public-pilot-v1,wikimedia_commons,17046761,https://commons.wikimedia.org/wiki/File:Kljucevi_svezanj.JPG,https://upload.wikimedia.org/wikipedia/commons/5/50/Kljucevi_svezanj.JPG?utm_source=commons.wikimedia.org&utm_campaign=imageinfo&utm_content=original,https://thumb.wikimedia.org/wikipedia/commons/thumb/5/50/Kljucevi_svezanj.JPG/960px-Kljucevi_svezanj.JPG?utm_source=commons.wikimedia.org&utm_campaign=imageinfo&utm_content=thumbnail,Cveleglg at Serbian Wikipedia,Public domain,,commons-17046761,Codex visual inspection: one identifiable physical target within confirmed definition,7c96c6793386c531,960,720,2026-10-07T18:13:43+08:00,Commons file timestamp=2011-10-20T09:08:19Z; source sha1=618f6cf2abac59e07a0be3dc5599ef25d66404d4; requested thumbnail=960px
commons-18157629,data/raw/commons/key/commons-18157629.jpg,fab2ed3065c1ee92ba825a7835a53a28d24d4a743a2c981891b0b73f8a108413,8,,,commons-api,,train,approved,campus-public-pilot-v1,wikimedia_commons,18157629,https://commons.wikimedia.org/wiki/File:Keys_with_pink_background.JPG,https://upload.wikimedia.org/wikipedia/commons/5/56/Keys_with_pink_background.JPG?utm_source=commons.wikimedia.org&utm_campaign=imageinfo&utm_content=original,https://thumb.wikimedia.org/wikipedia/commons/thumb/5/56/Keys_with_pink_background.JPG/960px-Keys_with_pink_background.JPG?utm_source=commons.wikimedia.org&utm_campaign=imageinfo&utm_content=thumbnail,Eviatar Bach,CC0,http://creativecommons.org/publicdomain/zero/1.0/deed.en,commons-18157629,Codex visual inspection: one identifiable physical target within confirmed definition,593b26c699996467,960,638,2026-10-07T18:11:15+08:00,Commons file timestamp=2012-01-24T23:30:02Z; source sha1=2369bc13c8c8f3944720743f93c5a04a049d5fa1; requested thumbnail=960px
commons-57506581,data/raw/commons/key/commons-57506581.jpg,a153f9cd6f7a4398ada212b75ccc6a22296f59f9a6994b3f8d9717a8d6250eb4,8,,,commons-api,,train,approved,campus-public-pilot-v1,wikimedia_commons,57506581,"https://commons.wikimedia.org/wiki/File:2015,_Summer_in_Germany_(19658826732).jpg",https://upload.wikimedia.org/wikipedia/commons/d/d4/2015%2C_Summer_in_Germany_%2819658826732%29.jpg?utm_source=commons.wikimedia.org&utm_campaign=imageinfo&utm_content=original,https://thumb.wikimedia.org/wikipedia/commons/thumb/d/d4/2015%2C_Summer_in_Germany_%2819658826732%29.jpg/1280px-2015%2C_Summer_in_Germany_%2819658826732%29.jpg?utm_source=commons.wikimedia.org&utm_campaign=imageinfo&utm_content=thumbnail,marsupium photography,CC BY-SA 2.0,https://creativecommons.org/licenses/by-sa/2.0,commons-57506581,Codex visual review of contact sheet: one identifiable target within frozen category definition,2f5fd29190619877,1280,960,,
commons-15680188,data/raw/commons/key/commons-15680188.jpg,5008b8ce14dc3ba01365e4eec84eb23311d6723ea5f7c941d6c96c52ed04a825,8,,,commons-api,,train,approved,campus-public-pilot-v1,wikimedia_commons,15680188,https://commons.wikimedia.org/wiki/File:Keys_indian_nationalemblem.jpg,https://upload.wikimedia.org/wikipedia/commons/6/6b/Keys_indian_nationalemblem.jpg?utm_source=commons.wikimedia.org&utm_campaign=imageinfo&utm_content=original,https://thumb.wikimedia.org/wikipedia/commons/thumb/6/6b/Keys_indian_nationalemblem.jpg/960px-Keys_indian_nationalemblem.jpg?utm_source=commons.wikimedia.org&utm_campaign=imageinfo&utm_content=thumbnail,Hindustanilanguage,CC BY-SA 3.0,https://creativecommons.org/licenses/by-sa/3.0,commons-15680188,Codex visual inspection: one identifiable physical target within confirmed definition,304b87d6799e2761,960,1280,2026-10-07T18:11:12+08:00,Commons file timestamp=2011-07-02T10:47:05Z; source sha1=78d36fb9fcc51d747435f6b0bb5e197ca1e0628b; requested thumbnail=960px
commons-43921766,data/raw/commons/key/commons-43921766.jpg,781b2da2a73c13b5180bddc3a49106165ffe3a3c6c4b8c152744df52345f33fa,8,,,commons-api,,train,approved,campus-public-pilot-v1,wikimedia_commons,43921766,https://commons.wikimedia.org/wiki/File:Key_to_DPR_(2885826311).jpg,https://upload.wikimedia.org/wikipedia/commons/7/78/Key_to_DPR_%282885826311%29.jpg?utm_source=commons.wikimedia.org&utm_campaign=imageinfo&utm_content=original,https://thumb.wikimedia.org/wikipedia/commons/thumb/7/78/Key_to_DPR_%282885826311%29.jpg/1280px-Key_to_DPR_%282885826311%29.jpg?utm_source=commons.wikimedia.org&utm_campaign=imageinfo&utm_content=thumbnail,Ricardo Liberato,CC BY-SA 2.0,https://creativecommons.org/licenses/by-sa/2.0,commons-43921766,Codex visual review of contact sheet: one identifiable target within frozen category definition,34d96019cb239eaf,1280,847,,
commons-77561929,data/raw/commons/key/commons-77561929.jpg,7b77f11d62d944fa71febe3fef8d9a0289d4b2d96a2f75fe033593ed05f5b0b0,8,,,commons-api,,train,approved,campus-public-pilot-v1,wikimedia_commons,77561929,https://commons.wikimedia.org/wiki/File:Car_Keys_1.jpg,https://upload.wikimedia.org/wikipedia/commons/e/eb/Car_Keys_1.jpg?utm_source=commons.wikimedia.org&utm_campaign=imageinfo&utm_content=original,https://thumb.wikimedia.org/wikipedia/commons/thumb/e/eb/Car_Keys_1.jpg/1280px-Car_Keys_1.jpg?utm_source=commons.wikimedia.org&utm_campaign=imageinfo&utm_content=thumbnail,Gaurav Dhwaj Khadka,CC BY-SA 4.0,https://creativecommons.org/licenses/by-sa/4.0,commons-77561929,Codex visual review of contact sheet: one identifiable target within frozen category definition,966c3936ce90b32d,1280,1707,,
commons-33346121,data/raw/commons/key/commons-33346121.jpg,54bbb2b2f84e6a58b47aa6dfe0f8acc839c6cdd854db31971a064c74abfc7f1c,8,,,commons-api,,train,approved,campus-public-pilot-v1,wikimedia_commons,33346121,https://commons.wikimedia.org/wiki/File:Key-182922.jpg,https://upload.wikimedia.org/wikipedia/commons/c/c2/Key-182922.jpg?utm_source=commons.wikimedia.org&utm_campaign=imageinfo&utm_content=original,https://thumb.wikimedia.org/wikipedia/commons/thumb/c/c2/Key-182922.jpg/960px-Key-182922.jpg?utm_source=commons.wikimedia.org&utm_campaign=imageinfo&utm_content=thumbnail,Hans,CC0,http://creativecommons.org/publicdomain/zero/1.0/deed.en,commons-33346121,Codex visual inspection: one identifiable physical target within confirmed definition,963849c33c3cc7c7,960,720,2026-10-07T18:11:18+08:00,Commons file timestamp=2014-06-12T09:18:43Z; source sha1=1c33bc5ecb59f2ec57bf490837b272a952ef19d7; requested thumbnail=960px
commons-83474069,data/raw/commons/key/commons-83474069.jpg,9a5b9ac30a3d01507b8e65d4fd11a18ee905afd5c7318d83a25af11de078b1f2,8,,,commons-api,,train,approved,campus-public-pilot-v1,wikimedia_commons,83474069,https://commons.wikimedia.org/wiki/File:Colier_%22CC%22_Du_Cowax_Corp.jpg,https://upload.wikimedia.org/wikipedia/commons/9/9d/Colier_%22CC%22_Du_Cowax_Corp.jpg?utm_source=commons.wikimedia.org&utm_campaign=imageinfo&utm_content=original,https://thumb.wikimedia.org/wikipedia/commons/thumb/9/9d/Colier_%22CC%22_Du_Cowax_Corp.jpg/1280px-Colier_%22CC%22_Du_Cowax_Corp.jpg?utm_source=commons.wikimedia.org&utm_campaign=imageinfo&utm_content=thumbnail,Miiikow,CC BY-SA 4.0,https://creativecommons.org/licenses/by-sa/4.0,commons-83474069,Codex visual review of contact sheet: one identifiable target within frozen category definition,830f3c74ccc3372d,1280,1707,,
commons-47422787,data/raw/commons/key/commons-47422787.jpg,b1424b94394f41780b9734e71b4792d7631731a273032c58e8d29ce799d117c3,8,,,commons-api,,train,approved,campus-public-pilot-v1,wikimedia_commons,47422787,https://commons.wikimedia.org/wiki/File:Key_Ring.jpg,https://upload.wikimedia.org/wikipedia/commons/d/dc/Key_Ring.jpg?utm_source=commons.wikimedia.org&utm_campaign=imageinfo&utm_content=original,https://thumb.wikimedia.org/wikipedia/commons/thumb/d/dc/Key_Ring.jpg/1280px-Key_Ring.jpg?utm_source=commons.wikimedia.org&utm_campaign=imageinfo&utm_content=thumbnail,Jubair1985,CC BY-SA 4.0,https://creativecommons.org/licenses/by-sa/4.0,commons-47422787,Codex visual review of contact sheet: one identifiable target within frozen category definition,b34649ad965669a9,1280,853,,
commons-34870531,data/raw/commons/key/commons-34870531.jpg,38f032db12d9af1aa35c8b0e17c3afc43451c2858cbdfaf47bdd996bb018f138,8,,,commons-api,,train,approved,campus-public-pilot-v1,wikimedia_commons,34870531,https://commons.wikimedia.org/wiki/File:Klucz_przyklad_01.JPG,https://upload.wikimedia.org/wikipedia/commons/6/6d/Klucz_przyklad_01.JPG?utm_source=commons.wikimedia.org&utm_campaign=imageinfo&utm_content=original,https://thumb.wikimedia.org/wikipedia/commons/thumb/6/6d/Klucz_przyklad_01.JPG/960px-Klucz_przyklad_01.JPG?utm_source=commons.wikimedia.org&utm_campaign=imageinfo&utm_content=thumbnail,Szlomo Lejb,CC BY-SA 3.0,https://creativecommons.org/licenses/by-sa/3.0,commons-34870531,Codex visual inspection: one identifiable physical target within confirmed definition,191966c4cb332bcf,960,665,2026-10-07T18:13:54+08:00,Commons file timestamp=2014-08-21T17:41:41Z; source sha1=1a0719f3d80ff5e75abfde49a9a890569ad7429a; requested thumbnail=960px
commons-79672988,data/raw/commons/key/commons-79672988.jpg,67b08a60b45782886752ec2a4619e153d447d07e3ccb37d933863ffe3ca3d6eb,8,,,commons-api,,train,approved,campus-public-pilot-v1,wikimedia_commons,79672988,https://commons.wikimedia.org/wiki/File:Cadenas_et_un_trousseau_de_cl%C3%A9_sur_une_table.jpg,https://upload.wikimedia.org/wikipedia/commons/c/cb/Cadenas_et_un_trousseau_de_cl%C3%A9_sur_une_table.jpg?utm_source=commons.wikimedia.org&utm_campaign=imageinfo&utm_content=original,https://thumb.wikimedia.org/wikipedia/commons/thumb/c/cb/Cadenas_et_un_trousseau_de_cl%C3%A9_sur_une_table.jpg/1280px-Cadenas_et_un_trousseau_de_cl%C3%A9_sur_une_table.jpg?utm_source=commons.wikimedia.org&utm_campaign=imageinfo&utm_content=thumbnail,Adoscam,CC BY-SA 4.0,https://creativecommons.org/licenses/by-sa/4.0,commons-79672988,Codex visual review of contact sheet: one identifiable target within frozen category definition,664edca6e6849999,1280,640,,
commons-86501857,data/raw/commons/key/commons-86501857.jpg,444098ba26eb062c2c69ae6964fe99c6456cf846ae16c662a7507921e3b09a85,8,,,commons-api,,train,approved,campus-public-pilot-v1,wikimedia_commons,86501857,https://commons.wikimedia.org/wiki/File:G_locket.jpg,https://upload.wikimedia.org/wikipedia/commons/9/9c/G_locket.jpg?utm_source=commons.wikimedia.org&utm_campaign=imageinfo&utm_content=original,https://thumb.wikimedia.org/wikipedia/commons/thumb/9/9c/G_locket.jpg/1280px-G_locket.jpg?utm_source=commons.wikimedia.org&utm_campaign=imageinfo&utm_content=thumbnail,Raman Deep,CC BY-SA 4.0,https://creativecommons.org/licenses/by-sa/4.0,commons-86501857,Codex visual review of contact sheet: one identifiable target within frozen category definition,094d6ee3f639098d,1280,1707,,
commons-80010355,data/raw/commons/key/commons-80010355.jpg,dde326d5fce44dbbb4af168232a9bbf8fe52b7b319c92abfee6b237d6cd5045c,8,,,commons-api,,train,approved,campus-public-pilot-v1,wikimedia_commons,80010355,https://commons.wikimedia.org/wiki/File:001_2019_06_23_Schluessel_und_Schluesselloecher.jpg,https://upload.wikimedia.org/wikipedia/commons/0/0f/001_2019_06_23_Schluessel_und_Schluesselloecher.jpg?utm_source=commons.wikimedia.org&utm_campaign=imageinfo&utm_content=original,https://thumb.wikimedia.org/wikipedia/commons/thumb/0/0f/001_2019_06_23_Schluessel_und_Schluesselloecher.jpg/1280px-001_2019_06_23_Schluessel_und_Schluesselloecher.jpg?utm_source=commons.wikimedia.org&utm_campaign=imageinfo&utm_content=thumbnail,Friedrich Haag,CC BY-SA 4.0,https://creativecommons.org/licenses/by-sa/4.0,commons-80010355,Codex visual review of contact sheet: one identifiable target within frozen category definition,f269868e2c495bb5,1280,2429,,
commons-49427457,data/raw/commons/key/commons-49427457.jpg,b85d662a870da02750901682e7866c058d56d741bba579ad9e50fa7b112fecf4,8,,,commons-api,,train,approved,campus-public-pilot-v1,wikimedia_commons,49427457,https://commons.wikimedia.org/wiki/File:India_Victory_on_Kargil_War.jpg,https://upload.wikimedia.org/wikipedia/commons/7/72/India_Victory_on_Kargil_War.jpg?utm_source=commons.wikimedia.org&utm_campaign=imageinfo&utm_content=original,https://thumb.wikimedia.org/wikipedia/commons/thumb/7/72/India_Victory_on_Kargil_War.jpg/1280px-India_Victory_on_Kargil_War.jpg?utm_source=commons.wikimedia.org&utm_campaign=imageinfo&utm_content=thumbnail,Rajeshdagur,CC BY-SA 4.0,https://creativecommons.org/licenses/by-sa/4.0,commons-49427457,Codex visual review of contact sheet: one identifiable target within frozen category definition,e2f68e933c3c19a1,1280,653,,
commons-45065041,data/raw/commons/key/commons-45065041.jpg,72279887a7aa7852056df04d1410dd086f74bca0d4af659c50fce6cf18a8aec3,8,,,commons-api,,train,approved,campus-public-pilot-v1,wikimedia_commons,45065041,https://commons.wikimedia.org/wiki/File:Cl%C3%A9_maison.jpg,https://upload.wikimedia.org/wikipedia/commons/c/c9/Cl%C3%A9_maison.jpg?utm_source=commons.wikimedia.org&utm_campaign=imageinfo&utm_content=original,https://thumb.wikimedia.org/wikipedia/commons/thumb/c/c9/Cl%C3%A9_maison.jpg/1280px-Cl%C3%A9_maison.jpg?utm_source=commons.wikimedia.org&utm_campaign=imageinfo&utm_content=thumbnail,EnZiGuRi25,CC BY-SA 4.0,https://creativecommons.org/licenses/by-sa/4.0,commons-45065041,Codex visual review of contact sheet: one identifiable target within frozen category definition,6b1b13eebc1202dd,1280,1707,,
commons-32309892,data/raw/commons/key/commons-32309892.jpg,dc4c4ff3c1e0c7572cb63437e40ebb6a92ff882a113b719c2e8f5171f351abba,8,,,commons-api,,train,approved,campus-public-pilot-v1,wikimedia_commons,32309892,https://commons.wikimedia.org/wiki/File:2014-03-03-N%C3%B8gler_(12911131855).jpg,https://upload.wikimedia.org/wikipedia/commons/0/00/2014-03-03-N%C3%B8gler_%2812911131855%29.jpg?utm_source=commons.wikimedia.org&utm_campaign=imageinfo&utm_content=original,https://thumb.wikimedia.org/wikipedia/commons/thumb/0/00/2014-03-03-N%C3%B8gler_%2812911131855%29.jpg/1280px-2014-03-03-N%C3%B8gler_%2812911131855%29.jpg?utm_source=commons.wikimedia.org&utm_campaign=imageinfo&utm_content=thumbnail,Ole Palnatoke Andersen,CC BY-SA 2.0,https://creativecommons.org/licenses/by-sa/2.0,commons-32309892,Codex visual review of contact sheet: one identifiable target within frozen category definition,8c8cc3cb595b2727,1280,960,,
commons-42213174,data/raw/commons/key/commons-42213174.jpg,832adebb4b94f75c6ede39327039565f70f03dfead8a12104262378bb733535f,8,,,commons-api,,train,approved,campus-public-pilot-v1,wikimedia_commons,42213174,https://commons.wikimedia.org/wiki/File:6-key_distinguishing_coloring.jpg,https://upload.wikimedia.org/wikipedia/commons/d/d9/6-key_distinguishing_coloring.jpg?utm_source=commons.wikimedia.org&utm_campaign=imageinfo&utm_content=original,https://thumb.wikimedia.org/wikipedia/commons/thumb/d/d9/6-key_distinguishing_coloring.jpg/1280px-6-key_distinguishing_coloring.jpg?utm_source=commons.wikimedia.org&utm_campaign=imageinfo&utm_content=thumbnail,David Eppstein,CC BY-SA 4.0,https://creativecommons.org/licenses/by-sa/4.0,commons-42213174,Codex visual review of contact sheet: one identifiable target within frozen category definition,58c90f3af4211bd7,1280,1600,,
commons-27870179,data/raw/commons/key/commons-27870179.jpg,e9754893e9a8f23439e705c3a0098390b43e30feb3f258b3c833f0e63a348525,8,,,commons-api,,train,approved,campus-public-pilot-v1,wikimedia_commons,27870179,https://commons.wikimedia.org/wiki/File:Euscorpius_italicus_-_Scorpione_Italiano.JPG,https://upload.wikimedia.org/wikipedia/commons/2/23/Euscorpius_italicus_-_Scorpione_Italiano.JPG?utm_source=commons.wikimedia.org&utm_campaign=imageinfo&utm_content=original,https://thumb.wikimedia.org/wikipedia/commons/thumb/2/23/Euscorpius_italicus_-_Scorpione_Italiano.JPG/1280px-Euscorpius_italicus_-_Scorpione_Italiano.JPG?utm_source=commons.wikimedia.org&utm_campaign=imageinfo&utm_content=thumbnail,Albert9910,CC BY-SA 3.0,https://creativecommons.org/licenses/by-sa/3.0,commons-27870179,Codex visual review of contact sheet: one identifiable target within frozen category definition,0df03c4b921fe11f,1280,853,,
commons-43197161,data/raw/commons/key/commons-43197161.jpg,4a6675cc7d64d927197bfd9d8c3ed147f784680548ba133ed755db3ed99dabe7,8,,,commons-api,,train,approved,campus-public-pilot-v1,wikimedia_commons,43197161,https://commons.wikimedia.org/wiki/File:Chiave_Zeiss.JPG,https://upload.wikimedia.org/wikipedia/commons/5/5c/Chiave_Zeiss.JPG?utm_source=commons.wikimedia.org&utm_campaign=imageinfo&utm_content=original,https://thumb.wikimedia.org/wikipedia/commons/thumb/5/5c/Chiave_Zeiss.JPG/960px-Chiave_Zeiss.JPG?utm_source=commons.wikimedia.org&utm_campaign=imageinfo&utm_content=thumbnail,ItalianLocksmith,CC BY-SA 3.0,https://creativecommons.org/licenses/by-sa/3.0,commons-43197161,Codex visual inspection: one identifiable physical target within confirmed definition,0da6da2d36cd9269,960,539,2026-10-07T18:02:24+08:00,Commons file timestamp=2015-09-13T20:51:31Z; source sha1=92f738aad0ed734357bc31409a82ebb7344584bc; requested thumbnail=960px
commons-4002209,data/raw/commons/key/commons-4002209.png,8c559a0b8125aa15b7deb86249ac6800b521329844adee93b569b92687462088,8,,,commons-api,,train,approved,campus-public-pilot-v1,wikimedia_commons,4002209,https://commons.wikimedia.org/wiki/File:AddingKeyToKeyring.png,https://upload.wikimedia.org/wikipedia/commons/9/97/AddingKeyToKeyring.png?utm_source=commons.wikimedia.org&utm_campaign=imageinfo&utm_content=original,https://upload.wikimedia.org/wikipedia/commons/9/97/AddingKeyToKeyring.png?utm_source=commons.wikimedia.org&utm_campaign=imageinfo&utm_content=thumbnail_unscaled,,Public domain,,commons-4002209,Codex visual review of contact sheet: one identifiable target within frozen category definition,c7650ba1e663391d,320,320,,
commons-69102595,data/raw/commons/backpack/commons-69102595.jpg,180a2e101129ee5c635eeee13fd1cc16f036321d1630b0325e66eb2d73f567ca,9,,,commons-api,,train,approved,campus-public-pilot-v1,wikimedia_commons,69102595,https://commons.wikimedia.org/wiki/File:Eastpak_Sugarbush_backpack_black.jpg,https://upload.wikimedia.org/wikipedia/commons/0/02/Eastpak_Sugarbush_backpack_black.jpg?utm_source=commons.wikimedia.org&utm_campaign=imageinfo&utm_content=original,https://thumb.wikimedia.org/wikipedia/commons/thumb/0/02/Eastpak_Sugarbush_backpack_black.jpg/1280px-Eastpak_Sugarbush_backpack_black.jpg?utm_source=commons.wikimedia.org&utm_campaign=imageinfo&utm_content=thumbnail,Ubcule,CC BY-SA 4.0,https://creativecommons.org/licenses/by-sa/4.0,commons-69102595,Codex visual review of contact sheet: one identifiable target within frozen category definition,993661e9dce92615,1280,1280,,
oi-ba17a42100323ba3,data/raw/openimages/backpack/oi-ba17a42100323ba3.jpg,687892ab4b6a3813be0ecd77054180ffe861ca6d4c745b30bce615a51dd760a2,9,,,open-images-official,,train,approved,campus-public-pilot-v1,open_images,ba17a42100323ba3,https://www.flickr.com/photos/duffbert/17358176521,https://farm4.staticflickr.com/7720/17358176521_fb7a4ae99a_o.jpg,https://open-images-dataset.s3.amazonaws.com/test/ba17a42100323ba3.jpg,Thomas Duff,https://creativecommons.org/licenses/by/2.0/,https://creativecommons.org/licenses/by/2.0/,oi-ba17a42100323ba3,Codex visual inspection: one identifiable physical target within confirmed definition,152b69a53ed5aa15,1024,1024,2026-10-07T18:07:49+08:00,Open Images V7 public test image / V5 human boxable labels; one non-depicted box >=25% image area
oi-3184492d5235d598,data/raw/openimages/backpack/oi-3184492d5235d598.jpg,a8d4ee057da260cffbbfe69da8bb5036cc92473b2c757d2a3d0d1d0374b25bd0,9,,,open-images-official,,train,approved,campus-public-pilot-v1,open_images,3184492d5235d598,https://www.flickr.com/photos/philippeclerjon/8551198489,https://c1.staticflickr.com/9/8086/8551198489_b0311a1a19_o.jpg,https://open-images-dataset.s3.amazonaws.com/validation/3184492d5235d598.jpg,philippe,https://creativecommons.org/licenses/by/2.0/,https://creativecommons.org/licenses/by/2.0/,oi-3184492d5235d598,Codex visual inspection: one identifiable target within frozen definition,1a0efce585494b97,680,1024,2026-10-07T17:55:30+08:00,Open Images V7 public validation image / V5 human boxable labels
oi-dd41a62f2347d53d,data/raw/openimages/backpack/oi-dd41a62f2347d53d.jpg,49258603c39c364c953c5a5e1948505519db3f6c97c39909ede834bfc0c9aa8a,9,,,open-images-official,,train,approved,campus-public-pilot-v1,open_images,dd41a62f2347d53d,https://www.flickr.com/photos/chipgriffin/2184846919,https://c6.staticflickr.com/3/2340/2184846919_68f4012837_o.jpg,https://open-images-dataset.s3.amazonaws.com/test/dd41a62f2347d53d.jpg,Chip Griffin,https://creativecommons.org/licenses/by/2.0/,https://creativecommons.org/licenses/by/2.0/,oi-dd41a62f2347d53d,Codex visual inspection: one identifiable physical target within confirmed definition,d7d3c14b2b1711c5,683,1024,2026-10-07T18:07:17+08:00,Open Images V7 public test image / V5 human boxable labels; one non-depicted box >=25% image area
commons-2319036,data/raw/commons/backpack/commons-2319036.jpg,9eb1a488692e8e4e26421126b483399292e1b3a697f5d971bfd1ac5d042cec24,9,,,commons-api,,train,approved,campus-public-pilot-v1,wikimedia_commons,2319036,https://commons.wikimedia.org/wiki/File:Eastpak1.jpg,https://upload.wikimedia.org/wikipedia/commons/d/dd/Eastpak1.jpg?utm_source=commons.wikimedia.org&utm_campaign=imageinfo&utm_content=original,https://thumb.wikimedia.org/wikipedia/commons/thumb/d/dd/Eastpak1.jpg/1280px-Eastpak1.jpg?utm_source=commons.wikimedia.org&utm_campaign=imageinfo&utm_content=thumbnail,User:Willem 90,CC BY-SA 3.0,http://creativecommons.org/licenses/by-sa/3.0/,commons-2319036,Codex visual review of contact sheet: one identifiable target within frozen category definition,aa9956634c83a977,1280,1583,,
oi-2ab108bbaa221cd7,data/raw/openimages/backpack/oi-2ab108bbaa221cd7.jpg,10deae97afbc71b9bced620025864d35a30b6b554998ac2c101e0ab44d847338,9,,,open-images-official,,train,approved,campus-public-pilot-v1,open_images,2ab108bbaa221cd7,https://www.flickr.com/photos/57634952@N00/16095014865,https://farm8.staticflickr.com/8660/16095014865_154d7aa8af_o.jpg,https://open-images-dataset.s3.amazonaws.com/validation/2ab108bbaa221cd7.jpg,Khairil Yusof,https://creativecommons.org/licenses/by/2.0/,https://creativecommons.org/licenses/by/2.0/,oi-2ab108bbaa221cd7,Codex visual inspection: one identifiable target within frozen definition,7249964db46b52d5,1024,683,2026-10-07T17:46:47+08:00,Open Images V7 public validation image / V5 human boxable labels
oi-89b1e7d636e0c5f8,data/raw/openimages/backpack/oi-89b1e7d636e0c5f8.jpg,182c1508d1a216179c32bd8ad2b2c362b6eead67acde360d187fa8d242600f4a,9,,,open-images-official,,train,approved,campus-public-pilot-v1,open_images,89b1e7d636e0c5f8,https://www.flickr.com/photos/imamon/16058309369,https://c1.staticflickr.com/9/8587/16058309369_876256f87a_o.jpg,https://open-images-dataset.s3.amazonaws.com/validation/89b1e7d636e0c5f8.jpg,Imamon,https://creativecommons.org/licenses/by/2.0/,https://creativecommons.org/licenses/by/2.0/,oi-89b1e7d636e0c5f8,Codex visual inspection: one identifiable target within frozen definition,7dd02fbb50e90345,1024,683,2026-10-07T17:55:15+08:00,Open Images V7 public validation image / V5 human boxable labels
oi-3a8eacfce3f15a7a,data/raw/openimages/backpack/oi-3a8eacfce3f15a7a.jpg,2bdca0d0ed3a4d8d57236aa93a2f11e3e572ac7f14f6155e1a8e835f6843ec32,9,,,open-images-official,,train,approved,campus-public-pilot-v1,open_images,3a8eacfce3f15a7a,https://www.flickr.com/photos/mako10/440639325,https://c3.staticflickr.com/1/189/440639325_00991356d0_o.jpg,https://open-images-dataset.s3.amazonaws.com/test/3a8eacfce3f15a7a.jpg,mako10,https://creativecommons.org/licenses/by/2.0/,https://creativecommons.org/licenses/by/2.0/,oi-3a8eacfce3f15a7a,Codex visual inspection: one identifiable physical target within confirmed definition,ed694869f10317b5,678,1024,2026-10-07T18:12:25+08:00,Open Images V7 public test image / V5 human boxable labels; one non-depicted box >=25% image area
oi-2fdfbd153b29517b,data/raw/openimages/backpack/oi-2fdfbd153b29517b.jpg,31ed486340ed912ded6d2f8b0f01944c22b57bfb2f14e797f22c1bab81975cc3,9,,,open-images-official,,train,approved,campus-public-pilot-v1,open_images,2fdfbd153b29517b,https://www.flickr.com/photos/stapler123/2168094620,https://c4.staticflickr.com/3/2239/2168094620_579845516c_o.jpg,https://open-images-dataset.s3.amazonaws.com/test/2fdfbd153b29517b.jpg,Winston,https://creativecommons.org/licenses/by/2.0/,https://creativecommons.org/licenses/by/2.0/,oi-2fdfbd153b29517b,Codex visual inspection: one identifiable physical target within confirmed definition,4239769236e3c9d5,768,1024,2026-10-07T18:12:56+08:00,Open Images V7 public test image / V5 human boxable labels; one non-depicted box >=25% image area
commons-78778889,data/raw/commons/backpack/commons-78778889.jpg,573004da96d4a3249c23074d1e49ea5903411450162be7d67c20f99bc17813bf,9,,,commons-api,,train,approved,campus-public-pilot-v1,wikimedia_commons,78778889,https://commons.wikimedia.org/wiki/File:Backpack_Bone.jpg,https://upload.wikimedia.org/wikipedia/commons/7/72/Backpack_Bone.jpg?utm_source=commons.wikimedia.org&utm_campaign=imageinfo&utm_content=original,https://thumb.wikimedia.org/wikipedia/commons/thumb/7/72/Backpack_Bone.jpg/1280px-Backpack_Bone.jpg?utm_source=commons.wikimedia.org&utm_campaign=imageinfo&utm_content=thumbnail,Monoklon,CC BY 4.0,https://creativecommons.org/licenses/by/4.0,commons-78778889,Codex visual review of contact sheet: one identifiable target within frozen category definition,7a31b1d7d1e12515,1280,2313,,
oi-560a2687acc7642d,data/raw/openimages/backpack/oi-560a2687acc7642d.jpg,7238c08662148aaf7ca18d3b38d6a9ec1858fd8a0511ed9e82b7546b8c44962a,9,,,open-images-official,,train,approved,campus-public-pilot-v1,open_images,560a2687acc7642d,https://www.flickr.com/photos/michaelpollak/6872685647,https://c6.staticflickr.com/8/7193/6872685647_a0f65c3dee_o.jpg,https://open-images-dataset.s3.amazonaws.com/test/560a2687acc7642d.jpg,Michael Pollak,https://creativecommons.org/licenses/by/2.0/,https://creativecommons.org/licenses/by/2.0/,oi-560a2687acc7642d,Codex visual inspection: one identifiable physical target within confirmed definition,60f3202b767d5355,1024,685,2026-10-07T18:14:18+08:00,Open Images V7 public test image / V5 human boxable labels; one non-depicted box >=25% image area
commons-72005320,data/raw/commons/backpack/commons-72005320.png,1c9448914f5cbfd89eee0b89682c1718cbff5a15ab43a0acc884847923d905f8,9,,,commons-api,,train,approved,campus-public-pilot-v1,wikimedia_commons,72005320,https://commons.wikimedia.org/wiki/File:2-Position_bag.png,https://upload.wikimedia.org/wikipedia/commons/6/66/2-Position_bag.png?utm_source=commons.wikimedia.org&utm_campaign=imageinfo&utm_content=original,https://thumb.wikimedia.org/wikipedia/commons/thumb/6/66/2-Position_bag.png/1280px-2-Position_bag.png?utm_source=commons.wikimedia.org&utm_campaign=imageinfo&utm_content=thumbnail,Tiia Monto,CC BY-SA 3.0,https://creativecommons.org/licenses/by-sa/3.0,commons-72005320,Codex visual review of contact sheet: one identifiable target within frozen category definition,c3dc0ecb646c9393,1280,1276,,
oi-99c396d655c7f4bb,data/raw/openimages/backpack/oi-99c396d655c7f4bb.jpg,505d997725faeb192ffbf46e1a7b04cdc7630366fffcd9369aa7bf41fb9ef8ce,9,,,open-images-official,,train,approved,campus-public-pilot-v1,open_images,99c396d655c7f4bb,https://www.flickr.com/photos/jetalone/17206034787,https://c4.staticflickr.com/9/8855/17206034787_ffc6b51641_o.jpg,https://open-images-dataset.s3.amazonaws.com/test/99c396d655c7f4bb.jpg,Hajime NAKANO,https://creativecommons.org/licenses/by/2.0/,https://creativecommons.org/licenses/by/2.0/,oi-99c396d655c7f4bb,Codex visual inspection: one identifiable physical target within confirmed definition,3a35f314432f05f9,768,1024,2026-10-07T18:08:54+08:00,Open Images V7 public test image / V5 human boxable labels; one non-depicted box >=25% image area
oi-719fb10bd1cab470,data/raw/openimages/backpack/oi-719fb10bd1cab470.jpg,286129df9371641af41b396df394aa419df816c45259c307c0858391b290276f,9,,,open-images-official,,train,approved,campus-public-pilot-v1,open_images,719fb10bd1cab470,https://www.flickr.com/photos/mgdt/63396279,https://farm1.staticflickr.com/26/63396279_8e0e5e8db4_o.jpg,https://open-images-dataset.s3.amazonaws.com/test/719fb10bd1cab470.jpg,Dany &amp; Maryse,https://creativecommons.org/licenses/by/2.0/,https://creativecommons.org/licenses/by/2.0/,oi-719fb10bd1cab470,Codex visual inspection: one identifiable physical target within confirmed definition,4aa95a690c73a7a7,1024,853,2026-10-07T18:10:25+08:00,Open Images V7 public test image / V5 human boxable labels; one non-depicted box >=25% image area
commons-27687902,data/raw/commons/backpack/commons-27687902.jpg,5ec2f770d3757e583fd0bd171070a2f1c61727cffc36ae73280891e7ff37d2ec,9,,,commons-api,,train,approved,campus-public-pilot-v1,wikimedia_commons,27687902,https://commons.wikimedia.org/wiki/File:Backpack_1_2013-08-04.jpg,https://upload.wikimedia.org/wikipedia/commons/2/26/Backpack_1_2013-08-04.jpg?utm_source=commons.wikimedia.org&utm_campaign=imageinfo&utm_content=original,https://thumb.wikimedia.org/wikipedia/commons/thumb/2/26/Backpack_1_2013-08-04.jpg/1280px-Backpack_1_2013-08-04.jpg?utm_source=commons.wikimedia.org&utm_campaign=imageinfo&utm_content=thumbnail,FASTILY,CC BY-SA 3.0,https://creativecommons.org/licenses/by-sa/3.0,commons-27687902,Codex visual review of contact sheet: one identifiable target within frozen category definition,749cc6991c79e1a5,1280,1707,,
commons-51703982,data/raw/commons/backpack/commons-51703982.png,3137f78c14b5e4599270e0f3015ae53c89777f28cfc65bd7a9994919af4625fd,9,,,commons-api,,train,approved,campus-public-pilot-v1,wikimedia_commons,51703982,https://commons.wikimedia.org/wiki/File:Backpack_with_non_flexible_composite_straps.png,https://upload.wikimedia.org/wikipedia/commons/6/6e/Backpack_with_non_flexible_composite_straps.png?utm_source=commons.wikimedia.org&utm_campaign=imageinfo&utm_content=original,https://thumb.wikimedia.org/wikipedia/commons/thumb/6/6e/Backpack_with_non_flexible_composite_straps.png/1280px-Backpack_with_non_flexible_composite_straps.png?utm_source=commons.wikimedia.org&utm_campaign=imageinfo&utm_content=thumbnail,Jvdmehrdad,CC BY-SA 4.0,https://creativecommons.org/licenses/by-sa/4.0,commons-27687902,Codex visual review of contact sheet: one identifiable target within frozen category definition,b687e9896d380357,1280,1489,,
commons-62251717,data/raw/commons/backpack/commons-62251717.jpg,3a40da4028e4010e7f1ec38f71b4f3db0d92381b5c510f4b04f2e489d2f11698,9,,,commons-api,,train,approved,campus-public-pilot-v1,wikimedia_commons,62251717,https://commons.wikimedia.org/wiki/File:Quechua_backpack_-_A.jpg,https://upload.wikimedia.org/wikipedia/commons/8/83/Quechua_backpack_-_A.jpg?utm_source=commons.wikimedia.org&utm_campaign=imageinfo&utm_content=original,https://thumb.wikimedia.org/wikipedia/commons/thumb/8/83/Quechua_backpack_-_A.jpg/1280px-Quechua_backpack_-_A.jpg?utm_source=commons.wikimedia.org&utm_campaign=imageinfo&utm_content=thumbnail,Fructibus,CC0,http://creativecommons.org/publicdomain/zero/1.0/deed.en,commons-62251717,Codex visual review of contact sheet: one identifiable target within frozen category definition,d9432b0b442f36f5,1280,1707,,
commons-62251718,data/raw/commons/backpack/commons-62251718.jpg,afae7c65947c553477617927eace6b59df87aa0645fe03d3e40fa4da3dd78c11,9,,,commons-api,,train,approved,campus-public-pilot-v1,wikimedia_commons,62251718,https://commons.wikimedia.org/wiki/File:Quechua_backpack_-_B.jpg,https://upload.wikimedia.org/wikipedia/commons/7/73/Quechua_backpack_-_B.jpg?utm_source=commons.wikimedia.org&utm_campaign=imageinfo&utm_content=original,https://thumb.wikimedia.org/wikipedia/commons/thumb/7/73/Quechua_backpack_-_B.jpg/1280px-Quechua_backpack_-_B.jpg?utm_source=commons.wikimedia.org&utm_campaign=imageinfo&utm_content=thumbnail,Fructibus,CC0,http://creativecommons.org/publicdomain/zero/1.0/deed.en,commons-62251717,Codex visual review of contact sheet: one identifiable target within frozen category definition,f0ab71a1ea85055f,1280,1707,,
oi-8f0dbb0ef168dc46,data/raw/openimages/backpack/oi-8f0dbb0ef168dc46.jpg,7ac24bb3e0843f529f748d6e2d66b41187600cd7fb0548cbca559df672ba8d06,9,,,open-images-official,,train,approved,campus-public-pilot-v1,open_images,8f0dbb0ef168dc46,https://www.flickr.com/photos/plusea/18426219840,https://farm7.staticflickr.com/256/18426219840_3d5f4fb008_o.jpg,https://open-images-dataset.s3.amazonaws.com/test/8f0dbb0ef168dc46.jpg,Plusea,https://creativecommons.org/licenses/by/2.0/,https://creativecommons.org/licenses/by/2.0/,oi-8f0dbb0ef168dc46,Codex visual inspection: one identifiable physical target within confirmed definition,3793d643d821897d,768,1024,2026-10-07T18:14:15+08:00,Open Images V7 public test image / V5 human boxable labels; one non-depicted box >=25% image area
oi-7491dc5b881626cd,data/raw/openimages/backpack/oi-7491dc5b881626cd.jpg,63c153d37aef667d07c623ccbee941199cdc5ce412ca23fb5f10537a363cd78f,9,,,open-images-official,,train,approved,campus-public-pilot-v1,open_images,7491dc5b881626cd,https://www.flickr.com/photos/yukochatulapoly/5055254596,https://c6.staticflickr.com/5/4092/5055254596_87a6920104_o.jpg,https://open-images-dataset.s3.amazonaws.com/validation/7491dc5b881626cd.jpg,watashiwani,https://creativecommons.org/licenses/by/2.0/,https://creativecommons.org/licenses/by/2.0/,oi-7491dc5b881626cd,Codex visual inspection: one identifiable target within frozen definition,6431b3d387d9192d,1024,685,2026-10-07T17:56:04+08:00,Open Images V7 public validation image / V5 human boxable labels
commons-32791227,data/raw/commons/backpack/commons-32791227.jpg,2dc528f0b9c93fa75a89926f1b414e558dab5655718afe8cebbb9b96bc115303,9,,,commons-api,,train,approved,campus-public-pilot-v1,wikimedia_commons,32791227,https://commons.wikimedia.org/wiki/File:GOLDEN_LABEL.jpg,https://upload.wikimedia.org/wikipedia/commons/2/2f/GOLDEN_LABEL.jpg?utm_source=commons.wikimedia.org&utm_campaign=imageinfo&utm_content=original,https://thumb.wikimedia.org/wikipedia/commons/thumb/2/2f/GOLDEN_LABEL.jpg/1280px-GOLDEN_LABEL.jpg?utm_source=commons.wikimedia.org&utm_campaign=imageinfo&utm_content=thumbnail,Eastpack,CC BY-SA 3.0,https://creativecommons.org/licenses/by-sa/3.0,commons-32791227,Codex visual review of contact sheet: one identifiable target within frozen category definition,3699dcc97003add5,1280,1720,,
oi-82b26dd4a353f9e8,data/raw/openimages/backpack/oi-82b26dd4a353f9e8.jpg,673c5b637add665932ff2711b978b4cb61a54d3821acd0cca9276c374b9c6e6f,9,,,open-images-official,,train,approved,campus-public-pilot-v1,open_images,82b26dd4a353f9e8,https://www.flickr.com/photos/u07ch/5053770492,https://c1.staticflickr.com/5/4104/5053770492_7f931bbbfd_o.jpg,https://open-images-dataset.s3.amazonaws.com/validation/82b26dd4a353f9e8.jpg,Chris Hoare,https://creativecommons.org/licenses/by/2.0/,https://creativecommons.org/licenses/by/2.0/,oi-82b26dd4a353f9e8,Codex visual inspection: one identifiable target within frozen definition,8b1d5a4949adad55,681,1024,2026-10-07T17:43:30+08:00,Open Images V7 public validation image / V5 human boxable labels
oi-5a6a4b7bb3362ff0,data/raw/openimages/backpack/oi-5a6a4b7bb3362ff0.jpg,5520c2e45290e5b57d755643c7ba5003afd3f0aa426d3bab10bae4eb44763e9f,9,,,open-images-official,,train,approved,campus-public-pilot-v1,open_images,5a6a4b7bb3362ff0,https://www.flickr.com/photos/ncmichael2k3/18550518059,https://farm1.staticflickr.com/548/18550518059_04e2d2f16e_o.jpg,https://open-images-dataset.s3.amazonaws.com/test/5a6a4b7bb3362ff0.jpg,Mike P.,https://creativecommons.org/licenses/by/2.0/,https://creativecommons.org/licenses/by/2.0/,oi-5a6a4b7bb3362ff0,Codex visual inspection: one identifiable physical target within confirmed definition,2cd32c7b901bf82d,1024,1024,2026-10-07T18:12:20+08:00,Open Images V7 public test image / V5 human boxable labels; one non-depicted box >=25% image area
oi-8eb63dd5f3f7b7f4,data/raw/openimages/backpack/oi-8eb63dd5f3f7b7f4.jpg,723f1a7a595812fc6668dfc2d187794c7f5853175e5a01351d7651a61265ba78,9,,,open-images-official,,train,approved,campus-public-pilot-v1,open_images,8eb63dd5f3f7b7f4,https://www.flickr.com/photos/albertoziveri/9415914033,https://farm5.staticflickr.com/2877/9415914033_4a66450a5d_o.jpg,https://open-images-dataset.s3.amazonaws.com/test/8eb63dd5f3f7b7f4.jpg,Alberto Ziveri,https://creativecommons.org/licenses/by/2.0/,https://creativecommons.org/licenses/by/2.0/,oi-8eb63dd5f3f7b7f4,Codex visual inspection: one identifiable physical target within confirmed definition,e69886d30c7959a7,1024,1024,2026-10-07T18:11:06+08:00,Open Images V7 public test image / V5 human boxable labels; one non-depicted box >=25% image area
oi-854bbae71c1315f0,data/raw/openimages/backpack/oi-854bbae71c1315f0.jpg,5c4a7e6ed80d2c0c0cc2a2d7e17a1600013c6ed81fc0e4c73ee1d885e41f631f,9,,,open-images-official,,train,approved,campus-public-pilot-v1,open_images,854bbae71c1315f0,https://www.flickr.com/photos/onepointfour/6526607393,https://farm1.staticflickr.com/7171/6526607393_b12da4c1af_o.jpg,https://open-images-dataset.s3.amazonaws.com/validation/854bbae71c1315f0.jpg,Dustin Gaffke,https://creativecommons.org/licenses/by/2.0/,https://creativecommons.org/licenses/by/2.0/,oi-854bbae71c1315f0,Codex visual inspection: one identifiable target within frozen definition,6a3962e9ae499157,759,1024,2026-10-07T17:52:54+08:00,Open Images V7 public validation image / V5 human boxable labels
oi-b47df0cfa900475a,data/raw/openimages/backpack/oi-b47df0cfa900475a.jpg,f5dcbbe9a9208102b76744cd466478dc342d043ce93dbfa698a1c01ffb788192,9,,,open-images-official,,train,approved,campus-public-pilot-v1,open_images,b47df0cfa900475a,https://www.flickr.com/photos/negative13/4057331617/,https://c3.staticflickr.com/3/2469/4057331617_23df79d2d5_o.jpg,https://open-images-dataset.s3.amazonaws.com/test/b47df0cfa900475a.jpg,Bernardo Chang,https://creativecommons.org/licenses/by/2.0/,https://creativecommons.org/licenses/by/2.0/,oi-b47df0cfa900475a,Codex visual inspection: one identifiable physical target within confirmed definition,c001425f090ffdff,874,1024,2026-10-07T18:11:59+08:00,Open Images V7 public test image / V5 human boxable labels; one non-depicted box >=25% image area
commons-17845940,data/raw/commons/backpack/commons-17845940.jpg,f79e957c948ac3c1429f9a0c641ea577e4ab7c34e6e966ce973fa1ff2f8190c6,9,,,commons-api,,train,approved,campus-public-pilot-v1,wikimedia_commons,17845940,https://commons.wikimedia.org/wiki/File:Backpack1.JPG,https://upload.wikimedia.org/wikipedia/commons/3/3b/Backpack1.JPG?utm_source=commons.wikimedia.org&utm_campaign=imageinfo&utm_content=original,https://thumb.wikimedia.org/wikipedia/commons/thumb/3/3b/Backpack1.JPG/1280px-Backpack1.JPG?utm_source=commons.wikimedia.org&utm_campaign=imageinfo&utm_content=thumbnail,Trongphu,CC BY-SA 3.0,https://creativecommons.org/licenses/by-sa/3.0,commons-17845940,Codex visual review of contact sheet: one identifiable target within frozen category definition,3b00792be0c72fd5,1280,1707,,
oi-26ab3b2dc3c7826e,data/raw/openimages/backpack/oi-26ab3b2dc3c7826e.jpg,bab4083edaff9ea51d1ee1ffd8cee67236b19f5cbd9613eee303759a030c170f,9,,,open-images-official,,train,approved,campus-public-pilot-v1,open_images,26ab3b2dc3c7826e,https://www.flickr.com/photos/codecop/8595479851,https://c7.staticflickr.com/9/8513/8595479851_29a4fd4c51_o.jpg,https://open-images-dataset.s3.amazonaws.com/test/26ab3b2dc3c7826e.jpg,Peter Kofler,https://creativecommons.org/licenses/by/2.0/,https://creativecommons.org/licenses/by/2.0/,oi-26ab3b2dc3c7826e,Codex visual inspection: one identifiable physical target within confirmed definition,67c9d63c0e62e991,1024,686,2026-10-07T18:14:39+08:00,Open Images V7 public test image / V5 human boxable labels; one non-depicted box >=25% image area
commons-126812023,data/raw/commons/backpack/commons-126812023.jpg,f030e5642f40f2931175c779995413708183bcdc4120ffb85ac81fb0b268b7fb,9,,,commons-api,,train,approved,campus-public-pilot-v1,wikimedia_commons,126812023,https://commons.wikimedia.org/wiki/File:Arcteryx_Alpha_Fast_light_40_black_backpack.jpg,https://upload.wikimedia.org/wikipedia/commons/8/8a/Arcteryx_Alpha_Fast_light_40_black_backpack.jpg?utm_source=commons.wikimedia.org&utm_campaign=imageinfo&utm_content=original,https://thumb.wikimedia.org/wikipedia/commons/thumb/8/8a/Arcteryx_Alpha_Fast_light_40_black_backpack.jpg/1280px-Arcteryx_Alpha_Fast_light_40_black_backpack.jpg?utm_source=commons.wikimedia.org&utm_campaign=imageinfo&utm_content=thumbnail,Jjanhone,CC BY-SA 4.0,https://creativecommons.org/licenses/by-sa/4.0,commons-126812023,Codex visual review of contact sheet: one identifiable target within frozen category definition,791978a97c691687,1280,1654,,
commons-61886491,data/raw/commons/backpack/commons-61886491.jpg,0c63c13a3faba28018ec13153e5aaea207cb8b3b017d39d580cd9ba421155c5b,9,,,commons-api,,train,approved,campus-public-pilot-v1,wikimedia_commons,61886491,https://commons.wikimedia.org/wiki/File:Andrew_Neel_2016-09-20_(Unsplash).jpg,https://upload.wikimedia.org/wikipedia/commons/d/d0/Andrew_Neel_2016-09-20_%28Unsplash%29.jpg?utm_source=commons.wikimedia.org&utm_campaign=imageinfo&utm_content=original,https://thumb.wikimedia.org/wikipedia/commons/thumb/d/d0/Andrew_Neel_2016-09-20_%28Unsplash%29.jpg/1280px-Andrew_Neel_2016-09-20_%28Unsplash%29.jpg?utm_source=commons.wikimedia.org&utm_campaign=imageinfo&utm_content=thumbnail,Andrew Neel andrewtneel,CC0,http://creativecommons.org/publicdomain/zero/1.0/deed.en,commons-61886491,Codex visual review of contact sheet: one identifiable target within frozen category definition,7b0cc1baba6616d1,1280,1920,,
oi-c5a63dc05121e7d4,data/raw/openimages/backpack/oi-c5a63dc05121e7d4.jpg,ad97adebc44a621926e8fa175c40fff9a6d87e589a579be697f9e2338d563876,9,,,open-images-official,,train,approved,campus-public-pilot-v1,open_images,c5a63dc05121e7d4,https://www.flickr.com/photos/slifex/36289207,https://farm5.staticflickr.com/26/36289207_417c7f1261_o.jpg,https://open-images-dataset.s3.amazonaws.com/test/c5a63dc05121e7d4.jpg,slifex,https://creativecommons.org/licenses/by/2.0/,https://creativecommons.org/licenses/by/2.0/,oi-c5a63dc05121e7d4,Codex visual inspection: one identifiable physical target within confirmed definition,8f316433b4cbd287,1024,1024,2026-10-07T18:14:37+08:00,Open Images V7 public test image / V5 human boxable labels; one non-depicted box >=25% image area
commons-129103290,data/raw/commons/backpack/commons-129103290.jpg,12d0c31797e08f8108c2c65705d674c1570059c9de3409cb1a2366f21ad996ac,9,,,commons-api,,train,approved,campus-public-pilot-v1,wikimedia_commons,129103290,https://commons.wikimedia.org/wiki/File:A_school_Bag.jpg,https://upload.wikimedia.org/wikipedia/commons/b/ba/A_school_Bag.jpg?utm_source=commons.wikimedia.org&utm_campaign=imageinfo&utm_content=original,https://thumb.wikimedia.org/wikipedia/commons/thumb/b/ba/A_school_Bag.jpg/1280px-A_school_Bag.jpg?utm_source=commons.wikimedia.org&utm_campaign=imageinfo&utm_content=thumbnail,Manhyia,CC BY-SA 4.0,https://creativecommons.org/licenses/by-sa/4.0,commons-129103290,Codex visual review of contact sheet: one identifiable target within frozen category definition,213b65a1aea75617,1280,1707,,
oi-6ea3590bdc6f214a,data/raw/openimages/backpack/oi-6ea3590bdc6f214a.jpg,7dae346e59a8f1258d0152973cb33cdf11de1ae9364b093e1b96170addd661b1,9,,,open-images-official,,train,approved,campus-public-pilot-v1,open_images,6ea3590bdc6f214a,https://www.flickr.com/photos/ehrenbergkommunikation/16441383021,https://c3.staticflickr.com/8/7380/16441383021_d7dd105398_o.jpg,https://open-images-dataset.s3.amazonaws.com/test/6ea3590bdc6f214a.jpg,EHRENBERG Kommunikation,https://creativecommons.org/licenses/by/2.0/,https://creativecommons.org/licenses/by/2.0/,oi-6ea3590bdc6f214a,Codex visual inspection: one identifiable physical target within confirmed definition,e6d386639ac3390d,1024,677,2026-10-07T18:12:12+08:00,Open Images V7 public test image / V5 human boxable labels; one non-depicted box >=25% image area
oi-42ff928c38bdfcae,data/raw/openimages/backpack/oi-42ff928c38bdfcae.jpg,2e1dbc56662a00574ab07711b8db3ef31c72ac1d9f0cc0545b3201633c881d17,9,,,open-images-official,,train,approved,campus-public-pilot-v1,open_images,42ff928c38bdfcae,https://www.flickr.com/photos/pengdo/4613402925,https://c7.staticflickr.com/5/4049/4613402925_a2b5e18e12_o.jpg,https://open-images-dataset.s3.amazonaws.com/test/42ff928c38bdfcae.jpg,Sungdo Cho,https://creativecommons.org/licenses/by/2.0/,https://creativecommons.org/licenses/by/2.0/,oi-42ff928c38bdfcae,Codex visual inspection: one identifiable target within frozen definition,a6a395f35a09293d,768,1024,2026-10-07T18:04:15+08:00,Open Images V7 public test image / V5 human boxable labels; one non-depicted box >=25% image area
oi-177f23404855017b,data/raw/openimages/backpack/oi-177f23404855017b.jpg,591270918e29173067adbb30957bb46f51fe77976eae3afa9bec273fa12baa6f,9,,,open-images-official,,train,approved,campus-public-pilot-v1,open_images,177f23404855017b,https://www.flickr.com/photos/shonk/3890538563,https://c4.staticflickr.com/3/2497/3890538563_85bd614ca4_o.jpg,https://open-images-dataset.s3.amazonaws.com/test/177f23404855017b.jpg,Clayton Shonkwiler,https://creativecommons.org/licenses/by/2.0/,https://creativecommons.org/licenses/by/2.0/,oi-177f23404855017b,Codex visual inspection: one identifiable physical target within confirmed definition,b7279281530b29fd,1024,768,2026-10-07T18:10:12+08:00,Open Images V7 public test image / V5 human boxable labels; one non-depicted box >=25% image area
oi-f9ecba243c6b8a07,data/raw/openimages/backpack/oi-f9ecba243c6b8a07.jpg,df9daf4ec3142d575cc9b2ab705a8337d55bbacba08d4a3150d790bdd4d480c6,9,,,open-images-official,,train,approved,campus-public-pilot-v1,open_images,f9ecba243c6b8a07,https://www.flickr.com/photos/hightechdad/5824744831,https://farm8.staticflickr.com/2094/5824744831_5b52d85feb_o.jpg,https://open-images-dataset.s3.amazonaws.com/validation/f9ecba243c6b8a07.jpg,Michael Sheehan,https://creativecommons.org/licenses/by/2.0/,https://creativecommons.org/licenses/by/2.0/,oi-f9ecba243c6b8a07,Codex visual inspection: one identifiable target within frozen definition,b22cd37ea6a70159,681,1024,2026-10-07T17:53:21+08:00,Open Images V7 public validation image / V5 human boxable labels
commons-47870418,data/raw/commons/backpack/commons-47870418.jpg,0d369e4acf55edc3269bdc8285cf2dee9fdec5c8dc46ef5b86b5d1f10651d3d3,9,,,commons-api,,train,approved,campus-public-pilot-v1,wikimedia_commons,47870418,https://commons.wikimedia.org/wiki/File:20150722_144603ffefdfisbfhskbdpis.jpg,https://upload.wikimedia.org/wikipedia/commons/0/04/20150722_144603ffefdfisbfhskbdpis.jpg?utm_source=commons.wikimedia.org&utm_campaign=imageinfo&utm_content=original,https://thumb.wikimedia.org/wikipedia/commons/thumb/0/04/20150722_144603ffefdfisbfhskbdpis.jpg/1280px-20150722_144603ffefdfisbfhskbdpis.jpg?utm_source=commons.wikimedia.org&utm_campaign=imageinfo&utm_content=thumbnail,Xmzx12,CC BY-SA 4.0,https://creativecommons.org/licenses/by-sa/4.0,commons-47870418,Codex visual review of contact sheet: one identifiable target within frozen category definition,b1c3c1c3436b6b69,1280,2133,,
oi-425e746b1b3ff4d8,data/raw/openimages/backpack/oi-425e746b1b3ff4d8.jpg,88f5893f9e97262d306701e1f1a1c31f1583ae320d6900e8cea95c45fece2b8b,9,,,open-images-official,,train,approved,campus-public-pilot-v1,open_images,425e746b1b3ff4d8,https://www.flickr.com/photos/bilora/5692915190,https://c1.staticflickr.com/6/5267/5692915190_86f94a3a3e_o.jpg,https://open-images-dataset.s3.amazonaws.com/test/425e746b1b3ff4d8.jpg,The Photo Company NL,https://creativecommons.org/licenses/by/2.0/,https://creativecommons.org/licenses/by/2.0/,oi-425e746b1b3ff4d8,Codex visual inspection: one identifiable physical target within confirmed definition,1479365379c3c32d,1024,680,2026-10-07T18:12:30+08:00,Open Images V7 public test image / V5 human boxable labels; one non-depicted box >=25% image area
oi-2edc0212721c4f22,data/raw/openimages/backpack/oi-2edc0212721c4f22.jpg,6a4d34cd2c0bbccb40528b3d39decd3e09a99675dbe20ed4c979e4c17db78722,9,,,open-images-official,,train,approved,campus-public-pilot-v1,open_images,2edc0212721c4f22,https://www.flickr.com/photos/kalleboo/9400639906,https://farm3.staticflickr.com/3790/9400639906_58d2ab747d_o.jpg,https://open-images-dataset.s3.amazonaws.com/validation/2edc0212721c4f22.jpg,Karl Baron,https://creativecommons.org/licenses/by/2.0/,https://creativecommons.org/licenses/by/2.0/,oi-2edc0212721c4f22,Codex visual inspection: one identifiable target within frozen definition,40480dbf76e3327d,768,1024,2026-10-07T17:42:50+08:00,Open Images V7 public validation image / V5 human boxable labels
oi-ffa382be7e2deb98,data/raw/openimages/backpack/oi-ffa382be7e2deb98.jpg,bb94248fae0141d0684b264dc320e7eb722adb06063817aa395520ebc6590d20,9,,,open-images-official,,train,approved,campus-public-pilot-v1,open_images,ffa382be7e2deb98,https://www.flickr.com/photos/janitors/6892582924,https://c1.staticflickr.com/8/7047/6892582924_8dd8625900_o.jpg,https://open-images-dataset.s3.amazonaws.com/test/ffa382be7e2deb98.jpg,Kārlis Dambrāns,https://creativecommons.org/licenses/by/2.0/,https://creativecommons.org/licenses/by/2.0/,oi-ffa382be7e2deb98,Codex visual inspection: one identifiable physical target within confirmed definition,02186aa97cf1af57,765,1024,2026-10-07T18:12:42+08:00,Open Images V7 public test image / V5 human boxable labels; one non-depicted box >=25% image area
