sample_id,image_path,image_sha256,category_id,object_id,session_id,collector,captured_at,split_name,review_status,data_version,source_dataset,source_id,source_url,original_url,download_url,author,license,license_url,group_id,review_reason,phash,width,height,downloaded_at,source_version
oi-0d0782d803701822,data/raw/openimages/pencil_case/oi-0d0782d803701822.jpg,27b4b96c0f14a6c37bd9608dc36e6726c9f3e80ed29db9a8df5745cc3a7614f4,3,,,open-images-official,,,pending,,open_images,0d0782d803701822,https://www.flickr.com/photos/trilliumdesign/15211744653,https://farm3.staticflickr.com/5611/15211744653_59e754a005_o.jpg,https://open-images-dataset.s3.amazonaws.com/train/0d0782d803701822.jpg,Trilliumdesign ~ Caroline,https://creativecommons.org/licenses/by/2.0/,,oi-0d0782d803701822,,,,,2026-10-07T14:29:04+08:00,Early collection; original source revision not retained; local downloaded rendition SHA-256=27b4b96c0f14a6c37bd9608dc36e6726c9f3e80ed29db9a8df5745cc3a7614f4; download time recovered from original local file mtime
oi-e75d854a53592c2e,data/raw/openimages/pencil_case/oi-e75d854a53592c2e.jpg,9c5d1a73051fdf4f7becc82089c2fd539ebd0a15b37acc65573fb1cca21d6ef7,3,,,open-images-official,,,pending,,open_images,e75d854a53592c2e,https://www.flickr.com/photos/ophilos/7372610146,https://c7.staticflickr.com/8/7083/7372610146_2ab111ed13_o.jpg,https://open-images-dataset.s3.amazonaws.com/train/e75d854a53592c2e.jpg,Christos Loufopoulos,https://creativecommons.org/licenses/by/2.0/,,oi-e75d854a53592c2e,,,,,2026-10-07T14:29:16+08:00,Early collection; original source revision not retained; local downloaded rendition SHA-256=9c5d1a73051fdf4f7becc82089c2fd539ebd0a15b37acc65573fb1cca21d6ef7; download time recovered from original local file mtime
oi-18fb994b460a1346,data/raw/openimages/pencil_case/oi-18fb994b460a1346.jpg,2c502f5bc87c7bcde2ae8760893400967facd829411c7fe6e63e8f0e591aba43,3,,,open-images-official,,,pending,,open_images,18fb994b460a1346,https://www.flickr.com/photos/gabby-girl/5677969825,https://farm7.staticflickr.com/5063/5677969825_0ab2016c78_o.jpg,https://open-images-dataset.s3.amazonaws.com/train/18fb994b460a1346.jpg,Gabrielle,https://creativecommons.org/licenses/by/2.0/,,oi-18fb994b460a1346,,,,,2026-10-07T14:29:21+08:00,Early collection; original source revision not retained; local downloaded rendition SHA-256=2c502f5bc87c7bcde2ae8760893400967facd829411c7fe6e63e8f0e591aba43; download time recovered from original local file mtime
oi-7aaef11e3d8c9271,data/raw/openimages/pencil_case/oi-7aaef11e3d8c9271.jpg,7551748773fe9e78772ffa086dd71bc77481a292181c50cd6936eec9164afc80,3,,,open-images-official,,,pending,,open_images,7aaef11e3d8c9271,https://www.flickr.com/photos/pazca/14403183922,https://farm2.staticflickr.com/5232/14403183922_479bf1653e_o.jpg,https://open-images-dataset.s3.amazonaws.com/train/7aaef11e3d8c9271.jpg,paz.ca,https://creativecommons.org/licenses/by/2.0/,,oi-7aaef11e3d8c9271,,,,,2026-10-07T14:29:25+08:00,Early collection; original source revision not retained; local downloaded rendition SHA-256=7551748773fe9e78772ffa086dd71bc77481a292181c50cd6936eec9164afc80; download time recovered from original local file mtime
oi-11d64192cfd404a7,data/raw/openimages/pencil_case/oi-11d64192cfd404a7.jpg,f6531064ec7353e6133e577f43be08da4c8dee34743084c732cb59827c34b842,3,,,open-images-official,,,pending,,open_images,11d64192cfd404a7,https://www.flickr.com/photos/gabby-girl/5247791753,https://farm8.staticflickr.com/5006/5247791753_9eb04a40a8_o.jpg,https://open-images-dataset.s3.amazonaws.com/train/11d64192cfd404a7.jpg,Gabrielle,https://creativecommons.org/licenses/by/2.0/,,oi-11d64192cfd404a7,,,,,2026-10-07T14:29:30+08:00,Early collection; original source revision not retained; local downloaded rendition SHA-256=f6531064ec7353e6133e577f43be08da4c8dee34743084c732cb59827c34b842; download time recovered from original local file mtime
oi-2ba4205a93f34512,data/raw/openimages/pencil_case/oi-2ba4205a93f34512.jpg,23bf9b60081ebc6ad92e162309c788b79585dfdaa728184394b39fba829a3d43,3,,,open-images-official,,,pending,,open_images,2ba4205a93f34512,https://www.flickr.com/photos/gabby-girl/5418485463,https://farm3.staticflickr.com/5094/5418485463_288bb559ec_o.jpg,https://open-images-dataset.s3.amazonaws.com/train/2ba4205a93f34512.jpg,Gabrielle,https://creativecommons.org/licenses/by/2.0/,,oi-2ba4205a93f34512,,,,,2026-10-07T14:29:35+08:00,Early collection; original source revision not retained; local downloaded rendition SHA-256=23bf9b60081ebc6ad92e162309c788b79585dfdaa728184394b39fba829a3d43; download time recovered from original local file mtime
oi-4bd3ecd96aad0656,data/raw/openimages/pencil_case/oi-4bd3ecd96aad0656.jpg,2b25ddbe586ca98e3ea1809165eba7da7e00d14679f316b222fec9d361a6b60e,3,,,open-images-official,,,pending,,open_images,4bd3ecd96aad0656,https://www.flickr.com/photos/monkeyfootdesigns/3818972261,https://farm7.staticflickr.com/2627/3818972261_806fd6296a_o.jpg,https://open-images-dataset.s3.amazonaws.com/train/4bd3ecd96aad0656.jpg,Kristen Valenti,https://creativecommons.org/licenses/by/2.0/,,oi-4bd3ecd96aad0656,,,,,2026-10-07T14:29:40+08:00,Early collection; original source revision not retained; local downloaded rendition SHA-256=2b25ddbe586ca98e3ea1809165eba7da7e00d14679f316b222fec9d361a6b60e; download time recovered from original local file mtime
oi-2c80d37ae411da82,data/raw/openimages/pencil_case/oi-2c80d37ae411da82.jpg,ecd1804aacaa7356f20d7dc7d189d59c6115683c977cd84847349fad86e0ce59,3,,,open-images-official,,,pending,,open_images,2c80d37ae411da82,https://www.flickr.com/photos/betsyweber/1470537965,https://farm3.staticflickr.com/1152/1470537965_bd916b4f24_o.jpg,https://open-images-dataset.s3.amazonaws.com/train/2c80d37ae411da82.jpg,Betsy Weber,https://creativecommons.org/licenses/by/2.0/,,oi-2c80d37ae411da82,,,,,2026-10-07T14:29:44+08:00,Early collection; original source revision not retained; local downloaded rendition SHA-256=ecd1804aacaa7356f20d7dc7d189d59c6115683c977cd84847349fad86e0ce59; download time recovered from original local file mtime
oi-b9b1802761cf61e7,data/raw/openimages/pencil_case/oi-b9b1802761cf61e7.jpg,a095f81498109f3d4db6aaa31d5a25f652dba2fb46532423c2cd930d8142c34f,3,,,open-images-official,,,pending,,open_images,b9b1802761cf61e7,https://www.flickr.com/photos/sheilascarborough/3412185909,https://farm8.staticflickr.com/3416/3412185909_1abce6870e_o.jpg,https://open-images-dataset.s3.amazonaws.com/train/b9b1802761cf61e7.jpg,Sheila Scarborough,https://creativecommons.org/licenses/by/2.0/,,oi-b9b1802761cf61e7,,,,,2026-10-07T14:29:50+08:00,Early collection; original source revision not retained; local downloaded rendition SHA-256=a095f81498109f3d4db6aaa31d5a25f652dba2fb46532423c2cd930d8142c34f; download time recovered from original local file mtime
oi-c65bab3de0a5df8d,data/raw/openimages/pencil_case/oi-c65bab3de0a5df8d.jpg,09d7e7d91d8ff9e75093836944133f58bc2bc31636ea173042072d04042180cb,3,,,open-images-official,,,pending,,open_images,c65bab3de0a5df8d,https://www.flickr.com/photos/30791749@N07/11473503074,https://c6.staticflickr.com/4/3824/11473503074_2efb65681b_o.jpg,https://open-images-dataset.s3.amazonaws.com/train/c65bab3de0a5df8d.jpg,mckinney75402,https://creativecommons.org/licenses/by/2.0/,,oi-c65bab3de0a5df8d,,,,,2026-10-07T14:29:54+08:00,Early collection; original source revision not retained; local downloaded rendition SHA-256=09d7e7d91d8ff9e75093836944133f58bc2bc31636ea173042072d04042180cb; download time recovered from original local file mtime
oi-0bb15281fec40c04,data/raw/openimages/pencil_case/oi-0bb15281fec40c04.jpg,5446ae525b61c161bdc78ca3cfa4397ab2206fddd9c421c111b33d29b608b09a,3,,,open-images-official,,,pending,,open_images,0bb15281fec40c04,https://www.flickr.com/photos/jeepersmedia/12665422093,https://farm5.staticflickr.com/3709/12665422093_90a962bde5_o.jpg,https://open-images-dataset.s3.amazonaws.com/train/0bb15281fec40c04.jpg,Mike Mozart,https://creativecommons.org/licenses/by/2.0/,,oi-0bb15281fec40c04,,,,,2026-10-07T14:30:00+08:00,Early collection; original source revision not retained; local downloaded rendition SHA-256=5446ae525b61c161bdc78ca3cfa4397ab2206fddd9c421c111b33d29b608b09a; download time recovered from original local file mtime
oi-34b0bbc8824f3225,data/raw/openimages/pencil_case/oi-34b0bbc8824f3225.jpg,43979f347be6754b701b10fa07b21d2665e76b803c74b5aa82086c164300bc91,3,,,open-images-official,,,pending,,open_images,34b0bbc8824f3225,https://www.flickr.com/photos/rbowen/6560280905,https://farm6.staticflickr.com/7149/6560280905_d0fea82db2_o.jpg,https://open-images-dataset.s3.amazonaws.com/train/34b0bbc8824f3225.jpg,Rich Bowen,https://creativecommons.org/licenses/by/2.0/,,oi-34b0bbc8824f3225,,,,,2026-10-07T14:30:06+08:00,Early collection; original source revision not retained; local downloaded rendition SHA-256=43979f347be6754b701b10fa07b21d2665e76b803c74b5aa82086c164300bc91; download time recovered from original local file mtime
oi-1d6474baedac0f23,data/raw/openimages/pencil_case/oi-1d6474baedac0f23.jpg,7148b3e1070a8d329dfecc579e3f4f08c21160da7dbf56854efd5b2e3f5a459a,3,,,open-images-official,,,pending,,open_images,1d6474baedac0f23,https://www.flickr.com/photos/shuttercat7/3400722584,https://farm4.staticflickr.com/3539/3400722584_4c5f9cd7de_o.jpg,https://open-images-dataset.s3.amazonaws.com/train/1d6474baedac0f23.jpg,NapInterrupted,https://creativecommons.org/licenses/by/2.0/,,oi-1d6474baedac0f23,,,,,2026-10-07T14:30:13+08:00,Early collection; original source revision not retained; local downloaded rendition SHA-256=7148b3e1070a8d329dfecc579e3f4f08c21160da7dbf56854efd5b2e3f5a459a; download time recovered from original local file mtime
oi-03a0976793ff7873,data/raw/openimages/pencil_case/oi-03a0976793ff7873.jpg,934c1fd8f866ae799724e63c89846a80284177045eed01c31b76a613a9eb2964,3,,,open-images-official,,,pending,,open_images,03a0976793ff7873,https://www.flickr.com/photos/itacorasuichi/1925004023,https://farm4.staticflickr.com/2145/1925004023_01047f3356_o.jpg,https://open-images-dataset.s3.amazonaws.com/train/03a0976793ff7873.jpg,Burdo Diseños,https://creativecommons.org/licenses/by/2.0/,,oi-03a0976793ff7873,,,,,2026-10-07T14:30:18+08:00,Early collection; original source revision not retained; local downloaded rendition SHA-256=934c1fd8f866ae799724e63c89846a80284177045eed01c31b76a613a9eb2964; download time recovered from original local file mtime
oi-7922e47f6f1d0565,data/raw/openimages/pencil_case/oi-7922e47f6f1d0565.jpg,37a5a6041633f9faa406584ca21ed9f804351ded20a21e2b44fabff5995816bb,3,,,open-images-official,,,pending,,open_images,7922e47f6f1d0565,https://www.flickr.com/photos/sinbiphone/13143172765/,https://farm6.staticflickr.com/3733/13143172765_1c4fe5b53c_o.jpg,https://open-images-dataset.s3.amazonaws.com/train/7922e47f6f1d0565.jpg,어쩌면 프로젝트,https://creativecommons.org/licenses/by/2.0/,,oi-7922e47f6f1d0565,,,,,2026-10-07T14:30:24+08:00,Early collection; original source revision not retained; local downloaded rendition SHA-256=37a5a6041633f9faa406584ca21ed9f804351ded20a21e2b44fabff5995816bb; download time recovered from original local file mtime
oi-0010c04f6b0766c1,data/raw/openimages/pencil_case/oi-0010c04f6b0766c1.jpg,6ea95cc0c7e56aa66551e1f367500f347abe544568306d2db7acf5a38cca9c7e,3,,,open-images-official,,,pending,,open_images,0010c04f6b0766c1,https://www.flickr.com/photos/uniform-studio/6636688463,https://farm2.staticflickr.com/7149/6636688463_0c10fb94c9_o.jpg,https://open-images-dataset.s3.amazonaws.com/train/0010c04f6b0766c1.jpg,Martha W McQuade,https://creativecommons.org/licenses/by/2.0/,,oi-0010c04f6b0766c1,,,,,2026-10-07T14:30:30+08:00,Early collection; original source revision not retained; local downloaded rendition SHA-256=6ea95cc0c7e56aa66551e1f367500f347abe544568306d2db7acf5a38cca9c7e; download time recovered from original local file mtime
oi-53096fc5af367be6,data/raw/openimages/pencil_case/oi-53096fc5af367be6.jpg,3f0b85bb969b97ef800a27d54a1bff4c976d64aeca67558bc21fedfa33b61201,3,,,open-images-official,,,pending,,open_images,53096fc5af367be6,https://www.flickr.com/photos/pugno_muliebriter/5042417586,https://farm7.staticflickr.com/4085/5042417586_33322125f5_o.jpg,https://open-images-dataset.s3.amazonaws.com/train/53096fc5af367be6.jpg,Nancy Sims,https://creativecommons.org/licenses/by/2.0/,,oi-53096fc5af367be6,,,,,2026-10-07T14:30:37+08:00,Early collection; original source revision not retained; local downloaded rendition SHA-256=3f0b85bb969b97ef800a27d54a1bff4c976d64aeca67558bc21fedfa33b61201; download time recovered from original local file mtime
oi-30a993ec7472a728,data/raw/openimages/pencil_case/oi-30a993ec7472a728.jpg,84722b689d0ece503c7a32a722cab6c3da5320cf01ac1e4575fbfdeffc712885,3,,,open-images-official,,,pending,,open_images,30a993ec7472a728,https://www.flickr.com/photos/keykalou/16402886076,https://c1.staticflickr.com/9/8666/16402886076_0d3943a0fe_o.jpg,https://open-images-dataset.s3.amazonaws.com/train/30a993ec7472a728.jpg,Michelle,https://creativecommons.org/licenses/by/2.0/,,oi-30a993ec7472a728,,,,,2026-10-07T14:30:44+08:00,Early collection; original source revision not retained; local downloaded rendition SHA-256=84722b689d0ece503c7a32a722cab6c3da5320cf01ac1e4575fbfdeffc712885; download time recovered from original local file mtime
oi-86216cff9e0bf561,data/raw/openimages/pencil_case/oi-86216cff9e0bf561.jpg,8614de650f2788c19009a7682f31f46a2dccf414d3298c6f523d3582a63da760,3,,,open-images-official,,,pending,,open_images,86216cff9e0bf561,https://www.flickr.com/photos/theporgiepig/7596630976,https://farm2.staticflickr.com/8011/7596630976_2232f82609_o.jpg,https://open-images-dataset.s3.amazonaws.com/train/86216cff9e0bf561.jpg,Charmaine Porgie,https://creativecommons.org/licenses/by/2.0/,,oi-86216cff9e0bf561,,,,,2026-10-07T14:30:51+08:00,Early collection; original source revision not retained; local downloaded rendition SHA-256=8614de650f2788c19009a7682f31f46a2dccf414d3298c6f523d3582a63da760; download time recovered from original local file mtime
oi-a83cbbc1a9d89642,data/raw/openimages/pencil_case/oi-a83cbbc1a9d89642.jpg,0ef9c1f9bf6e3b0e484cdd58bfe773cab0b5657c5a44c61d3129efcd4ca849e9,3,,,open-images-official,,,pending,,open_images,a83cbbc1a9d89642,https://www.flickr.com/photos/keykalou/18680834612,https://farm3.staticflickr.com/319/18680834612_4d8d48bb50_o.jpg,https://open-images-dataset.s3.amazonaws.com/train/a83cbbc1a9d89642.jpg,Michelle,https://creativecommons.org/licenses/by/2.0/,,oi-a83cbbc1a9d89642,,,,,2026-10-07T14:30:56+08:00,Early collection; original source revision not retained; local downloaded rendition SHA-256=0ef9c1f9bf6e3b0e484cdd58bfe773cab0b5657c5a44c61d3129efcd4ca849e9; download time recovered from original local file mtime
oi-1ec5fa9b2816a990,data/raw/openimages/pencil_case/oi-1ec5fa9b2816a990.jpg,def6199bb620f1fc93fed7fce02af8cab3ac69637385298fe092ce1d591c26d0,3,,,open-images-official,,,pending,,open_images,1ec5fa9b2816a990,https://www.flickr.com/photos/pugno_muliebriter/5042417794,https://farm1.staticflickr.com/4125/5042417794_5a1567ea2f_o.jpg,https://open-images-dataset.s3.amazonaws.com/train/1ec5fa9b2816a990.jpg,Nancy Sims,https://creativecommons.org/licenses/by/2.0/,,oi-1ec5fa9b2816a990,,,,,2026-10-07T14:31:03+08:00,Early collection; original source revision not retained; local downloaded rendition SHA-256=def6199bb620f1fc93fed7fce02af8cab3ac69637385298fe092ce1d591c26d0; download time recovered from original local file mtime
oi-3b71727246b3699a,data/raw/openimages/pencil_case/oi-3b71727246b3699a.jpg,fd0c3534343eb5a4bdc1b4bb3c8cd2d0b225a3fecd92e45162ed6688827b2f21,3,,,open-images-official,,,pending,,open_images,3b71727246b3699a,https://www.flickr.com/photos/keykalou/16659307290,https://c3.staticflickr.com/8/7604/16659307290_b290f98b3d_o.jpg,https://open-images-dataset.s3.amazonaws.com/train/3b71727246b3699a.jpg,Michelle,https://creativecommons.org/licenses/by/2.0/,,oi-3b71727246b3699a,,,,,2026-10-07T14:31:09+08:00,Early collection; original source revision not retained; local downloaded rendition SHA-256=fd0c3534343eb5a4bdc1b4bb3c8cd2d0b225a3fecd92e45162ed6688827b2f21; download time recovered from original local file mtime
oi-bf850f32f38bd52f,data/raw/openimages/pencil_case/oi-bf850f32f38bd52f.jpg,3505c72e65a7ae24b858ecde16cef9ffc7650fe3b8c5b36d8b6a476462b84d5b,3,,,open-images-official,,,pending,,open_images,bf850f32f38bd52f,https://www.flickr.com/photos/sinbiphone/13143171935,https://c8.staticflickr.com/8/7382/13143171935_c2eefec800_o.jpg,https://open-images-dataset.s3.amazonaws.com/train/bf850f32f38bd52f.jpg,어쩌면 프로젝트,https://creativecommons.org/licenses/by/2.0/,,oi-bf850f32f38bd52f,,,,,2026-10-07T14:31:14+08:00,Early collection; original source revision not retained; local downloaded rendition SHA-256=3505c72e65a7ae24b858ecde16cef9ffc7650fe3b8c5b36d8b6a476462b84d5b; download time recovered from original local file mtime
oi-b5fed0c0d8fab2de,data/raw/openimages/pencil_case/oi-b5fed0c0d8fab2de.jpg,2322ead53bba6f936935312e89f46ec85dec24b06529afdf537db5aaa7d2110b,3,,,open-images-official,,,pending,,open_images,b5fed0c0d8fab2de,https://www.flickr.com/photos/keykalou/18418700200,https://c7.staticflickr.com/1/475/18418700200_8066cd5e4c_o.jpg,https://open-images-dataset.s3.amazonaws.com/train/b5fed0c0d8fab2de.jpg,Michelle,https://creativecommons.org/licenses/by/2.0/,,oi-b5fed0c0d8fab2de,,,,,2026-10-07T14:31:21+08:00,Early collection; original source revision not retained; local downloaded rendition SHA-256=2322ead53bba6f936935312e89f46ec85dec24b06529afdf537db5aaa7d2110b; download time recovered from original local file mtime
oi-9b2fbd121b0531bc,data/raw/openimages/pencil_case/oi-9b2fbd121b0531bc.jpg,8693b4a9975b22e593b619efefb0f592a217a9dcea868bf375cdc1d6a9469a05,3,,,open-images-official,,,pending,,open_images,9b2fbd121b0531bc,https://www.flickr.com/photos/wearesocial/14273751142,https://c5.staticflickr.com/3/2925/14273751142_04c4db6e36_o.jpg,https://open-images-dataset.s3.amazonaws.com/train/9b2fbd121b0531bc.jpg,We Are Social,https://creativecommons.org/licenses/by/2.0/,,oi-9b2fbd121b0531bc,,,,,2026-10-07T14:31:27+08:00,Early collection; original source revision not retained; local downloaded rendition SHA-256=8693b4a9975b22e593b619efefb0f592a217a9dcea868bf375cdc1d6a9469a05; download time recovered from original local file mtime
oi-04e32389cf2a3fb2,data/raw/openimages/pencil_case/oi-04e32389cf2a3fb2.jpg,7552751dfb0ecf2cccaf5599d3628d271f3fb69dee3faaa7597f577f28924b64,3,,,open-images-official,,,pending,,open_images,04e32389cf2a3fb2,https://www.flickr.com/photos/oh_debby/8298896775,https://farm3.staticflickr.com/8216/8298896775_71623d0f72_o.jpg,https://open-images-dataset.s3.amazonaws.com/train/04e32389cf2a3fb2.jpg,Debby ☂,https://creativecommons.org/licenses/by/2.0/,,oi-04e32389cf2a3fb2,,,,,2026-10-07T14:31:35+08:00,Early collection; original source revision not retained; local downloaded rendition SHA-256=7552751dfb0ecf2cccaf5599d3628d271f3fb69dee3faaa7597f577f28924b64; download time recovered from original local file mtime
oi-1b5738cd6962eea0,data/raw/openimages/pencil_case/oi-1b5738cd6962eea0.jpg,39963ca0f3d75812f5f55ec034dcb577fccbd6182fa083ad97520741cac090df,3,,,open-images-official,,,pending,,open_images,1b5738cd6962eea0,https://www.flickr.com/photos/pumpkincat210/3314566728,https://farm1.staticflickr.com/3192/3314566728_e20bd616e7_o.jpg,https://open-images-dataset.s3.amazonaws.com/train/1b5738cd6962eea0.jpg,Courtney Rhodes,https://creativecommons.org/licenses/by/2.0/,,oi-1b5738cd6962eea0,,,,,2026-10-07T14:31:42+08:00,Early collection; original source revision not retained; local downloaded rendition SHA-256=39963ca0f3d75812f5f55ec034dcb577fccbd6182fa083ad97520741cac090df; download time recovered from original local file mtime
oi-88090db80f7bcbae,data/raw/openimages/pencil_case/oi-88090db80f7bcbae.jpg,83fc9e8c73c3a6742c264cc72508da83ddb135c03fd54cdd73bb3fbf52aef93c,3,,,open-images-official,,,pending,,open_images,88090db80f7bcbae,https://www.flickr.com/photos/ginapina/5861092002,https://c7.staticflickr.com/4/3027/5861092002_e7e1398937_o.jpg,https://open-images-dataset.s3.amazonaws.com/train/88090db80f7bcbae.jpg,gina pina,https://creativecommons.org/licenses/by/2.0/,,oi-88090db80f7bcbae,,,,,2026-10-07T14:31:46+08:00,Early collection; original source revision not retained; local downloaded rendition SHA-256=83fc9e8c73c3a6742c264cc72508da83ddb135c03fd54cdd73bb3fbf52aef93c; download time recovered from original local file mtime
oi-c30a21bbc556775a,data/raw/openimages/pencil_case/oi-c30a21bbc556775a.jpg,cba541f62440028d9ccb23293ee7bc12b33d30f1fcbf600281a6d8d9e8cb9d7d,3,,,open-images-official,,,pending,,open_images,c30a21bbc556775a,https://www.flickr.com/photos/vagnercarvalheiro/18992039820,https://c3.staticflickr.com/4/3781/18992039820_01f02171b0_o.jpg,https://open-images-dataset.s3.amazonaws.com/train/c30a21bbc556775a.jpg,Vagner Carvalheiro,https://creativecommons.org/licenses/by/2.0/,,oi-c30a21bbc556775a,,,,,2026-10-07T14:31:54+08:00,Early collection; original source revision not retained; local downloaded rendition SHA-256=cba541f62440028d9ccb23293ee7bc12b33d30f1fcbf600281a6d8d9e8cb9d7d; download time recovered from original local file mtime
oi-1454259e334186fd,data/raw/openimages/pencil_case/oi-1454259e334186fd.jpg,1e8a30c6a158bb17f27c9fe697f53b3ea3b949c12abdaa6aad3d1851949515f6,3,,,open-images-official,,,pending,,open_images,1454259e334186fd,https://www.flickr.com/photos/stellahyc/9655462448,https://c6.staticflickr.com/4/3801/9655462448_39eeaa2d56_o.jpg,https://open-images-dataset.s3.amazonaws.com/train/1454259e334186fd.jpg,stellahyc910,https://creativecommons.org/licenses/by/2.0/,,oi-1454259e334186fd,,,,,2026-10-07T14:32:01+08:00,Early collection; original source revision not retained; local downloaded rendition SHA-256=1e8a30c6a158bb17f27c9fe697f53b3ea3b949c12abdaa6aad3d1851949515f6; download time recovered from original local file mtime
oi-43ef63ba5fb17262,data/raw/openimages/pencil_case/oi-43ef63ba5fb17262.jpg,6097651ac59b56037e63970f20f70823cb9891e96fc50d7a8a403ee6195425d5,3,,,open-images-official,,,pending,,open_images,43ef63ba5fb17262,https://www.flickr.com/photos/trilliumdesign/19112596676,https://farm3.staticflickr.com/274/19112596676_5698559b74_o.jpg,https://open-images-dataset.s3.amazonaws.com/train/43ef63ba5fb17262.jpg,Trilliumdesign ~ Caroline,https://creativecommons.org/licenses/by/2.0/,,oi-43ef63ba5fb17262,,,,,2026-10-07T14:32:09+08:00,Early collection; original source revision not retained; local downloaded rendition SHA-256=6097651ac59b56037e63970f20f70823cb9891e96fc50d7a8a403ee6195425d5; download time recovered from original local file mtime
oi-8b7289028fc2d2ca,data/raw/openimages/pencil_case/oi-8b7289028fc2d2ca.jpg,83ed3222df9eefcf7e682aaf9888a7789ee10cdc2bf12dbd22e564b1e8e17808,3,,,open-images-official,,,pending,,open_images,8b7289028fc2d2ca,https://www.flickr.com/photos/uaeincredible/231011361,https://c3.staticflickr.com/1/73/231011361_4a4a257a60_o.jpg,https://open-images-dataset.s3.amazonaws.com/train/8b7289028fc2d2ca.jpg,Capture Queen,https://creativecommons.org/licenses/by/2.0/,,oi-8b7289028fc2d2ca,,,,,2026-10-07T14:32:14+08:00,Early collection; original source revision not retained; local downloaded rendition SHA-256=83ed3222df9eefcf7e682aaf9888a7789ee10cdc2bf12dbd22e564b1e8e17808; download time recovered from original local file mtime
oi-4fa1553e47a2b987,data/raw/openimages/pencil_case/oi-4fa1553e47a2b987.jpg,d2195628f81645574fe9a478e169125ab8b8079a2559ade2ac22ec7b4fd24ff3,3,,,open-images-official,,,pending,,open_images,4fa1553e47a2b987,https://www.flickr.com/photos/keykalou/16696592508,https://farm8.staticflickr.com/7585/16696592508_6bbe2837d2_o.jpg,https://open-images-dataset.s3.amazonaws.com/train/4fa1553e47a2b987.jpg,Michelle,https://creativecommons.org/licenses/by/2.0/,,oi-4fa1553e47a2b987,,,,,2026-10-07T14:32:20+08:00,Early collection; original source revision not retained; local downloaded rendition SHA-256=d2195628f81645574fe9a478e169125ab8b8079a2559ade2ac22ec7b4fd24ff3; download time recovered from original local file mtime
oi-0b3b9a620b0e316e,data/raw/openimages/pencil_case/oi-0b3b9a620b0e316e.jpg,796b41c56ba0c275f35a3477295bcb6cd1067e1ee9f9c5f89cfd1427531c67c7,3,,,open-images-official,,,pending,,open_images,0b3b9a620b0e316e,https://www.flickr.com/photos/monkeyfootdesigns/7250625614,https://c7.staticflickr.com/8/7096/7250625614_17db84a180_o.jpg,https://open-images-dataset.s3.amazonaws.com/train/0b3b9a620b0e316e.jpg,Kristen Valenti,https://creativecommons.org/licenses/by/2.0/,,oi-0b3b9a620b0e316e,,,,,2026-10-07T14:32:27+08:00,Early collection; original source revision not retained; local downloaded rendition SHA-256=796b41c56ba0c275f35a3477295bcb6cd1067e1ee9f9c5f89cfd1427531c67c7; download time recovered from original local file mtime
oi-6b784b107eaa3126,data/raw/openimages/pencil_case/oi-6b784b107eaa3126.jpg,4ee55a7a5615681a814352c360991131708a8ab218c5a772dd710f171225436b,3,,,open-images-official,,,pending,,open_images,6b784b107eaa3126,https://www.flickr.com/photos/sabrinaeras/1023482922,https://farm7.staticflickr.com/1190/1023482922_dd6bf46e38_o.jpg,https://open-images-dataset.s3.amazonaws.com/train/6b784b107eaa3126.jpg,Sabrina Eras,https://creativecommons.org/licenses/by/2.0/,,oi-6b784b107eaa3126,,,,,2026-10-07T14:32:34+08:00,Early collection; original source revision not retained; local downloaded rendition SHA-256=4ee55a7a5615681a814352c360991131708a8ab218c5a772dd710f171225436b; download time recovered from original local file mtime
oi-e3872f21ed05b1b7,data/raw/openimages/pencil_case/oi-e3872f21ed05b1b7.jpg,f078865cece0f1f819971c4488db18bd1ae23bfe631b929b79df05aa280fadbf,3,,,open-images-official,,,pending,,open_images,e3872f21ed05b1b7,https://www.flickr.com/photos/29047966@N05/20743570434,https://farm8.staticflickr.com/587/20743570434_212631e269_o.jpg,https://open-images-dataset.s3.amazonaws.com/train/e3872f21ed05b1b7.jpg,taz + belly,https://creativecommons.org/licenses/by/2.0/,,oi-e3872f21ed05b1b7,,,,,2026-10-07T14:32:41+08:00,Early collection; original source revision not retained; local downloaded rendition SHA-256=f078865cece0f1f819971c4488db18bd1ae23bfe631b929b79df05aa280fadbf; download time recovered from original local file mtime
oi-0ce0e62b1239f284,data/raw/openimages/pencil_case/oi-0ce0e62b1239f284.jpg,7c41784b89222bd48e69ceea4a1042fc0c750becf1186a8afe993f1cb51bb0b5,3,,,open-images-official,,,pending,,open_images,0ce0e62b1239f284,https://www.flickr.com/photos/8312543@N07/3390835526,https://farm5.staticflickr.com/3538/3390835526_f9205f4c09_o.jpg,https://open-images-dataset.s3.amazonaws.com/train/0ce0e62b1239f284.jpg,Patricia Harold,https://creativecommons.org/licenses/by/2.0/,,oi-0ce0e62b1239f284,,,,,2026-10-07T14:32:46+08:00,Early collection; original source revision not retained; local downloaded rendition SHA-256=7c41784b89222bd48e69ceea4a1042fc0c750becf1186a8afe993f1cb51bb0b5; download time recovered from original local file mtime
oi-b0c49ef67493d691,data/raw/openimages/pencil_case/oi-b0c49ef67493d691.jpg,c65270cbf0b8be40642d7908c63e9a5540dff796b42a1e73d15d18fac2da7280,3,,,open-images-official,,,pending,,open_images,b0c49ef67493d691,https://www.flickr.com/photos/jungepiraten/16647657290,https://farm2.staticflickr.com/7584/16647657290_a308143abc_o.jpg,https://open-images-dataset.s3.amazonaws.com/train/b0c49ef67493d691.jpg,Junge Piraten,https://creativecommons.org/licenses/by/2.0/,,oi-b0c49ef67493d691,,,,,2026-10-07T14:32:51+08:00,Early collection; original source revision not retained; local downloaded rendition SHA-256=c65270cbf0b8be40642d7908c63e9a5540dff796b42a1e73d15d18fac2da7280; download time recovered from original local file mtime
oi-10dd651ae86b43b3,data/raw/openimages/pencil_case/oi-10dd651ae86b43b3.jpg,2b54b6962a94ed01f27885abd00a5987ddab17fbb07acda9e3483696f64b3443,3,,,open-images-official,,,pending,,open_images,10dd651ae86b43b3,https://www.flickr.com/photos/sabrinaeras/1023482936,https://farm4.staticflickr.com/1248/1023482936_eac6bc6b77_o.jpg,https://open-images-dataset.s3.amazonaws.com/train/10dd651ae86b43b3.jpg,Sabrina Eras,https://creativecommons.org/licenses/by/2.0/,,oi-10dd651ae86b43b3,,,,,2026-10-07T14:32:58+08:00,Early collection; original source revision not retained; local downloaded rendition SHA-256=2b54b6962a94ed01f27885abd00a5987ddab17fbb07acda9e3483696f64b3443; download time recovered from original local file mtime
oi-d4171fda28f353f1,data/raw/openimages/pencil_case/oi-d4171fda28f353f1.jpg,dc35633b8b1bc78fc6ef4c26756ae8ee2cd9f9f483fcf5e56591721d5e0d3ed9,3,,,open-images-official,,,pending,,open_images,d4171fda28f353f1,https://www.flickr.com/photos/29047966@N05/16055782022,https://farm2.staticflickr.com/7538/16055782022_2d5e05673b_o.jpg,https://open-images-dataset.s3.amazonaws.com/train/d4171fda28f353f1.jpg,taz + belly,https://creativecommons.org/licenses/by/2.0/,,oi-d4171fda28f353f1,,,,,2026-10-07T14:33:05+08:00,Early collection; original source revision not retained; local downloaded rendition SHA-256=dc35633b8b1bc78fc6ef4c26756ae8ee2cd9f9f483fcf5e56591721d5e0d3ed9; download time recovered from original local file mtime
oi-7f5261defd85b2df,data/raw/openimages/pencil_case/oi-7f5261defd85b2df.jpg,9a4df86b5a56aa8b6814e343a787d98360a7d2595030f9ff87c8c972d5a14ecd,3,,,open-images-official,,,pending,,open_images,7f5261defd85b2df,https://www.flickr.com/photos/trilliumdesign/14724780170,https://c8.staticflickr.com/4/3895/14724780170_5f0d0e1b5b_o.jpg,https://open-images-dataset.s3.amazonaws.com/train/7f5261defd85b2df.jpg,Trilliumdesign ~ Caroline,https://creativecommons.org/licenses/by/2.0/,,oi-7f5261defd85b2df,,,,,2026-10-07T14:33:12+08:00,Early collection; original source revision not retained; local downloaded rendition SHA-256=9a4df86b5a56aa8b6814e343a787d98360a7d2595030f9ff87c8c972d5a14ecd; download time recovered from original local file mtime
oi-0e2c837ca7c5c9ea,data/raw/openimages/pencil_case/oi-0e2c837ca7c5c9ea.jpg,332e606b323c36d5569f37d1941f7c8a2e4c5896c494f28871e982e054664d8a,3,,,open-images-official,,,pending,,open_images,0e2c837ca7c5c9ea,https://www.flickr.com/photos/feeliz/4189510635,https://c3.staticflickr.com/3/2607/4189510635_476a9f876e_o.jpg,https://open-images-dataset.s3.amazonaws.com/train/0e2c837ca7c5c9ea.jpg,Jana Lehmann,https://creativecommons.org/licenses/by/2.0/,,oi-0e2c837ca7c5c9ea,,,,,2026-10-07T14:33:16+08:00,Early collection; original source revision not retained; local downloaded rendition SHA-256=332e606b323c36d5569f37d1941f7c8a2e4c5896c494f28871e982e054664d8a; download time recovered from original local file mtime
oi-020abe0ec21fdaea,data/raw/openimages/pencil_case/oi-020abe0ec21fdaea.jpg,c740208c96b0d0cb1aa268073297a02daf6abb10c3bbda412aa4577660899632,3,,,open-images-official,,,pending,,open_images,020abe0ec21fdaea,https://www.flickr.com/photos/pumpkincat210/3314561824,https://c3.staticflickr.com/4/3362/3314561824_1a8733a858_o.jpg,https://open-images-dataset.s3.amazonaws.com/train/020abe0ec21fdaea.jpg,Courtney Rhodes,https://creativecommons.org/licenses/by/2.0/,,oi-020abe0ec21fdaea,,,,,2026-10-07T14:33:22+08:00,Early collection; original source revision not retained; local downloaded rendition SHA-256=c740208c96b0d0cb1aa268073297a02daf6abb10c3bbda412aa4577660899632; download time recovered from original local file mtime
oi-1f3d8ccade270e7a,data/raw/openimages/pencil_case/oi-1f3d8ccade270e7a.jpg,3f6ae898e3727b36f43afed51298d3c142dcbb2d924e096032416be65f3cd9fc,3,,,open-images-official,,,pending,,open_images,1f3d8ccade270e7a,https://www.flickr.com/photos/palander/4500658912,https://c3.staticflickr.com/5/4071/4500658912_465075bf60_o.jpg,https://open-images-dataset.s3.amazonaws.com/train/1f3d8ccade270e7a.jpg,petter palander,https://creativecommons.org/licenses/by/2.0/,,oi-1f3d8ccade270e7a,,,,,2026-10-07T14:33:29+08:00,Early collection; original source revision not retained; local downloaded rendition SHA-256=3f6ae898e3727b36f43afed51298d3c142dcbb2d924e096032416be65f3cd9fc; download time recovered from original local file mtime
oi-5ff7c1402314ffb7,data/raw/openimages/pencil_case/oi-5ff7c1402314ffb7.jpg,dfd5a7b816593cd3c095cb3fc26366b01a82362caf7f7dce17120343a59c0148,3,,,open-images-official,,,pending,,open_images,5ff7c1402314ffb7,https://www.flickr.com/photos/hrns/15798519409,https://farm8.staticflickr.com/8602/15798519409_1e4d6c2526_o.jpg,https://open-images-dataset.s3.amazonaws.com/train/5ff7c1402314ffb7.jpg,Henry Söderlund,https://creativecommons.org/licenses/by/2.0/,,oi-5ff7c1402314ffb7,,,,,2026-10-07T14:33:35+08:00,Early collection; original source revision not retained; local downloaded rendition SHA-256=dfd5a7b816593cd3c095cb3fc26366b01a82362caf7f7dce17120343a59c0148; download time recovered from original local file mtime
oi-0725c26448e2045d,data/raw/openimages/pencil_case/oi-0725c26448e2045d.jpg,80aef1f9d9ffc2cb3e76fb226d002f562c2a5a9fdcce230257e23e64f26ebdd5,3,,,open-images-official,,,pending,,open_images,0725c26448e2045d,https://www.flickr.com/photos/keykalou/12412767715,https://c6.staticflickr.com/4/3753/12412767715_f8d92d3131_o.jpg,https://open-images-dataset.s3.amazonaws.com/train/0725c26448e2045d.jpg,Michelle,https://creativecommons.org/licenses/by/2.0/,,oi-0725c26448e2045d,,,,,2026-10-07T14:33:41+08:00,Early collection; original source revision not retained; local downloaded rendition SHA-256=80aef1f9d9ffc2cb3e76fb226d002f562c2a5a9fdcce230257e23e64f26ebdd5; download time recovered from original local file mtime
oi-007eddb64df9cc32,data/raw/openimages/pencil_case/oi-007eddb64df9cc32.jpg,606b91090f3988ac17ce74193347208457ec8474679e36aeb37975ad61068a61,3,,,open-images-official,,,pending,,open_images,007eddb64df9cc32,https://www.flickr.com/photos/101666380@N07/9761834181,https://farm3.staticflickr.com/5349/9761834181_68ab431759_o.jpg,https://open-images-dataset.s3.amazonaws.com/train/007eddb64df9cc32.jpg,Elisa Fair,https://creativecommons.org/licenses/by/2.0/,,oi-007eddb64df9cc32,,,,,2026-10-07T14:33:50+08:00,Early collection; original source revision not retained; local downloaded rendition SHA-256=606b91090f3988ac17ce74193347208457ec8474679e36aeb37975ad61068a61; download time recovered from original local file mtime
oi-217059e36842a45e,data/raw/openimages/pencil_case/oi-217059e36842a45e.jpg,b2d016699ad24faf0e91e38151f1baaa8499c147b0509195126178fe46fe93f5,3,,,open-images-official,,,pending,,open_images,217059e36842a45e,https://www.flickr.com/photos/keykalou/16723543427,https://c7.staticflickr.com/9/8731/16723543427_3d91df921a_o.jpg,https://open-images-dataset.s3.amazonaws.com/train/217059e36842a45e.jpg,Michelle,https://creativecommons.org/licenses/by/2.0/,,oi-217059e36842a45e,,,,,2026-10-07T14:34:03+08:00,Early collection; original source revision not retained; local downloaded rendition SHA-256=b2d016699ad24faf0e91e38151f1baaa8499c147b0509195126178fe46fe93f5; download time recovered from original local file mtime
oi-4b0312abb8f872ed,data/raw/openimages/pencil_case/oi-4b0312abb8f872ed.jpg,52ed2f04c5490353c9d958893448082dbcbb4aaf5e1b460ac78effe095def8bb,3,,,open-images-official,,,pending,,open_images,4b0312abb8f872ed,https://www.flickr.com/photos/keykalou/16194630654,https://c6.staticflickr.com/9/8728/16194630654_8d436cb4ba_o.jpg,https://open-images-dataset.s3.amazonaws.com/train/4b0312abb8f872ed.jpg,Michelle,https://creativecommons.org/licenses/by/2.0/,,oi-4b0312abb8f872ed,,,,,2026-10-07T14:34:09+08:00,Early collection; original source revision not retained; local downloaded rendition SHA-256=52ed2f04c5490353c9d958893448082dbcbb4aaf5e1b460ac78effe095def8bb; download time recovered from original local file mtime
oi-2abafe6c651be228,data/raw/openimages/pencil_case/oi-2abafe6c651be228.jpg,cb341a5c7db989d3a8db61ec6241d1ee048b270f03c94f81f546dffa9a57d111,3,,,open-images-official,,,pending,,open_images,2abafe6c651be228,https://www.flickr.com/photos/keykalou/11194773333,https://c1.staticflickr.com/4/3728/11194773333_ddce99a81f_o.jpg,https://open-images-dataset.s3.amazonaws.com/train/2abafe6c651be228.jpg,Michelle,https://creativecommons.org/licenses/by/2.0/,,oi-2abafe6c651be228,,,,,2026-10-07T14:34:17+08:00,Early collection; original source revision not retained; local downloaded rendition SHA-256=cb341a5c7db989d3a8db61ec6241d1ee048b270f03c94f81f546dffa9a57d111; download time recovered from original local file mtime
oi-343ac1f32a667b06,data/raw/openimages/pencil_case/oi-343ac1f32a667b06.jpg,eed5cf4f05e46846b1af9706a0424740305b4c571ab492b9b752d428461ec00b,3,,,open-images-official,,,pending,,open_images,343ac1f32a667b06,https://www.flickr.com/photos/cherryblossom_in_japan/382999121,https://farm7.staticflickr.com/170/382999121_53c09a40a7_o.jpg,https://open-images-dataset.s3.amazonaws.com/train/343ac1f32a667b06.jpg,cherryblossom in japan,https://creativecommons.org/licenses/by/2.0/,,oi-343ac1f32a667b06,,,,,2026-10-07T14:34:22+08:00,Early collection; original source revision not retained; local downloaded rendition SHA-256=eed5cf4f05e46846b1af9706a0424740305b4c571ab492b9b752d428461ec00b; download time recovered from original local file mtime
oi-e40e20dd13cc2986,data/raw/openimages/pencil_case/oi-e40e20dd13cc2986.jpg,bd8d2c688954543b1b22fc93e1b9ce0b175fa72685b81055c4262ec1f41d648b,3,,,open-images-official,,,pending,,open_images,e40e20dd13cc2986,https://www.flickr.com/photos/101666380@N07/14192237704,https://farm7.staticflickr.com/7354/14192237704_9f1719bba3_o.jpg,https://open-images-dataset.s3.amazonaws.com/train/e40e20dd13cc2986.jpg,Elisa Fair,https://creativecommons.org/licenses/by/2.0/,,oi-e40e20dd13cc2986,,,,,2026-10-07T14:34:28+08:00,Early collection; original source revision not retained; local downloaded rendition SHA-256=bd8d2c688954543b1b22fc93e1b9ce0b175fa72685b81055c4262ec1f41d648b; download time recovered from original local file mtime
oi-01e6091af2f16948,data/raw/openimages/pencil_case/oi-01e6091af2f16948.jpg,4757ed28a2018675b250ade25ecbc49a23214c30d18087a8056a89f9bf138b83,3,,,open-images-official,,,pending,,open_images,01e6091af2f16948,https://www.flickr.com/photos/martl/5340375831,https://c1.staticflickr.com/6/5123/5340375831_6f52d6c598_o.jpg,https://open-images-dataset.s3.amazonaws.com/train/01e6091af2f16948.jpg,heartbeaz,https://creativecommons.org/licenses/by/2.0/,,oi-01e6091af2f16948,,,,,2026-10-07T14:34:34+08:00,Early collection; original source revision not retained; local downloaded rendition SHA-256=4757ed28a2018675b250ade25ecbc49a23214c30d18087a8056a89f9bf138b83; download time recovered from original local file mtime
oi-0dbb70a5f2a54a3a,data/raw/openimages/pencil_case/oi-0dbb70a5f2a54a3a.jpg,a4f983060c62eba67c500bd4baa490a56a7cf206aadbccd830dc8ca79c0caa6d,3,,,open-images-official,,,pending,,open_images,0dbb70a5f2a54a3a,https://www.flickr.com/photos/gabby-girl/5248491994,https://c3.staticflickr.com/6/5208/5248491994_280f57ec30_o.jpg,https://open-images-dataset.s3.amazonaws.com/train/0dbb70a5f2a54a3a.jpg,Gabrielle,https://creativecommons.org/licenses/by/2.0/,,oi-0dbb70a5f2a54a3a,,,,,2026-10-07T14:34:39+08:00,Early collection; original source revision not retained; local downloaded rendition SHA-256=a4f983060c62eba67c500bd4baa490a56a7cf206aadbccd830dc8ca79c0caa6d; download time recovered from original local file mtime
oi-0e10a90256482b65,data/raw/openimages/pencil_case/oi-0e10a90256482b65.jpg,1640baf8761f59e1a85181c08acde4bf72338f601a6d7fb337c2bbc8ca7c2b3e,3,,,open-images-official,,,pending,,open_images,0e10a90256482b65,https://www.flickr.com/photos/131934348@N08/16365114204,https://farm6.staticflickr.com/7617/16365114204_565e5ac1c2_o.jpg,https://open-images-dataset.s3.amazonaws.com/train/0e10a90256482b65.jpg,La Manchuela al Día,https://creativecommons.org/licenses/by/2.0/,,oi-0e10a90256482b65,,,,,2026-10-07T14:34:46+08:00,Early collection; original source revision not retained; local downloaded rendition SHA-256=1640baf8761f59e1a85181c08acde4bf72338f601a6d7fb337c2bbc8ca7c2b3e; download time recovered from original local file mtime
oi-e95c584469ff140d,data/raw/openimages/pencil_case/oi-e95c584469ff140d.jpg,2f3690a9863e6b729ebec98ffc2f3d28ca11b70eb446ecc9c4bc9560d32b8c2f,3,,,open-images-official,,,pending,,open_images,e95c584469ff140d,https://www.flickr.com/photos/itacorasuichi/1228870194,https://c6.staticflickr.com/2/1317/1228870194_63cfe59184_o.jpg,https://open-images-dataset.s3.amazonaws.com/train/e95c584469ff140d.jpg,Burdo Diseños,https://creativecommons.org/licenses/by/2.0/,,oi-e95c584469ff140d,,,,,2026-10-07T14:34:53+08:00,Early collection; original source revision not retained; local downloaded rendition SHA-256=2f3690a9863e6b729ebec98ffc2f3d28ca11b70eb446ecc9c4bc9560d32b8c2f; download time recovered from original local file mtime
oi-4ee38c4185e67310,data/raw/openimages/pencil_case/oi-4ee38c4185e67310.jpg,6461ce5cea26e61f35ea8660dec531ecdb81204e59280d67aff6a3992162d2de,3,,,open-images-official,,,pending,,open_images,4ee38c4185e67310,https://www.flickr.com/photos/jemimus/3364853271,https://farm1.staticflickr.com/3612/3364853271_38e7decb81_o.jpg,https://open-images-dataset.s3.amazonaws.com/train/4ee38c4185e67310.jpg,Robert,https://creativecommons.org/licenses/by/2.0/,,oi-4ee38c4185e67310,,,,,2026-10-07T14:34:59+08:00,Early collection; original source revision not retained; local downloaded rendition SHA-256=6461ce5cea26e61f35ea8660dec531ecdb81204e59280d67aff6a3992162d2de; download time recovered from original local file mtime
oi-d05751b8585390db,data/raw/openimages/pencil_case/oi-d05751b8585390db.jpg,355986f8bb20b01973fb81fe644770b21ddd79df1e27affcb81d569182a39deb,3,,,open-images-official,,,pending,,open_images,d05751b8585390db,https://www.flickr.com/photos/shaneglobal/5148879601,https://c4.staticflickr.com/2/1169/5148879601_18861fdfc3_o.jpg,https://open-images-dataset.s3.amazonaws.com/train/d05751b8585390db.jpg,Shane Global,https://creativecommons.org/licenses/by/2.0/,,oi-d05751b8585390db,,,,,2026-10-07T14:35:05+08:00,Early collection; original source revision not retained; local downloaded rendition SHA-256=355986f8bb20b01973fb81fe644770b21ddd79df1e27affcb81d569182a39deb; download time recovered from original local file mtime
oi-510cc5a0ece3e926,data/raw/openimages/pencil_case/oi-510cc5a0ece3e926.jpg,ea0d2669960cd288db320869b6473ab110beb574224a3598b49a278f393af486,3,,,open-images-official,,,pending,,open_images,510cc5a0ece3e926,https://www.flickr.com/photos/ginapina/7754136052,https://farm7.staticflickr.com/8295/7754136052_fd0c8f254c_o.jpg,https://open-images-dataset.s3.amazonaws.com/train/510cc5a0ece3e926.jpg,gina pina,https://creativecommons.org/licenses/by/2.0/,,oi-510cc5a0ece3e926,,,,,2026-10-07T14:35:11+08:00,Early collection; original source revision not retained; local downloaded rendition SHA-256=ea0d2669960cd288db320869b6473ab110beb574224a3598b49a278f393af486; download time recovered from original local file mtime
oi-1265ab8792121ac4,data/raw/openimages/pencil_case/oi-1265ab8792121ac4.jpg,0e003d09e5e441751268ad917c78140d76775fc02dc4371c43eee55c1ad0ea29,3,,,open-images-official,,,pending,,open_images,1265ab8792121ac4,https://www.flickr.com/photos/adri_camelo/8529645522,https://farm5.staticflickr.com/8370/8529645522_76413ff8de_o.jpg,https://open-images-dataset.s3.amazonaws.com/train/1265ab8792121ac4.jpg,Adriana Camelo,https://creativecommons.org/licenses/by/2.0/,,oi-1265ab8792121ac4,,,,,2026-10-07T14:35:17+08:00,Early collection; original source revision not retained; local downloaded rendition SHA-256=0e003d09e5e441751268ad917c78140d76775fc02dc4371c43eee55c1ad0ea29; download time recovered from original local file mtime
oi-7a0371ebb6a6419a,data/raw/openimages/pencil_case/oi-7a0371ebb6a6419a.jpg,7afe67250162c76996432ac50bf0ac877dab012aa704e67a8359fa6ddbd48224,3,,,open-images-official,,,pending,,open_images,7a0371ebb6a6419a,https://www.flickr.com/photos/nachoeuropa/9386214669,https://c3.staticflickr.com/6/5343/9386214669_038d1e20a3_o.jpg,https://open-images-dataset.s3.amazonaws.com/train/7a0371ebb6a6419a.jpg,Colores Mari,https://creativecommons.org/licenses/by/2.0/,,oi-7a0371ebb6a6419a,,,,,2026-10-07T14:35:22+08:00,Early collection; original source revision not retained; local downloaded rendition SHA-256=7afe67250162c76996432ac50bf0ac877dab012aa704e67a8359fa6ddbd48224; download time recovered from original local file mtime
oi-bdf72bedac50c27f,data/raw/openimages/pencil_case/oi-bdf72bedac50c27f.jpg,2fa35bee32da82dffc6c08601e551c81ed682c496bd597fb68f41beb3b11c2d8,3,,,open-images-official,,,pending,,open_images,bdf72bedac50c27f,https://www.flickr.com/photos/keykalou/16929889111,https://c8.staticflickr.com/9/8719/16929889111_21008b3fe8_o.jpg,https://open-images-dataset.s3.amazonaws.com/train/bdf72bedac50c27f.jpg,Michelle,https://creativecommons.org/licenses/by/2.0/,,oi-bdf72bedac50c27f,,,,,2026-10-07T14:35:26+08:00,Early collection; original source revision not retained; local downloaded rendition SHA-256=2fa35bee32da82dffc6c08601e551c81ed682c496bd597fb68f41beb3b11c2d8; download time recovered from original local file mtime
oi-016b7894fbd160c5,data/raw/openimages/pencil_case/oi-016b7894fbd160c5.jpg,630cbc0c79bb469a0c0b0e3b50978046e85f18a14065578f2c8d2e9e79a3cf05,3,,,open-images-official,,,pending,,open_images,016b7894fbd160c5,https://www.flickr.com/photos/polentafria/4315434943,https://farm6.staticflickr.com/4040/4315434943_c1b9fa9ae1_o.jpg,https://open-images-dataset.s3.amazonaws.com/train/016b7894fbd160c5.jpg,Ana Maria Dacol,https://creativecommons.org/licenses/by/2.0/,,oi-016b7894fbd160c5,,,,,2026-10-07T14:35:32+08:00,Early collection; original source revision not retained; local downloaded rendition SHA-256=630cbc0c79bb469a0c0b0e3b50978046e85f18a14065578f2c8d2e9e79a3cf05; download time recovered from original local file mtime
oi-1e1bf9173c309bb1,data/raw/openimages/pencil_case/oi-1e1bf9173c309bb1.jpg,9413c125338935c3d60a2628fb57bcb876aa587a2d441ea6b5a9098e096e9b48,3,,,open-images-official,,,pending,,open_images,1e1bf9173c309bb1,https://www.flickr.com/photos/blargady/4261909997,https://farm2.staticflickr.com/4038/4261909997_d3bca8acb1_o.jpg,https://open-images-dataset.s3.amazonaws.com/train/1e1bf9173c309bb1.jpg,The Fleuette-deGuzman Alliance,https://creativecommons.org/licenses/by/2.0/,,oi-1e1bf9173c309bb1,,,,,2026-10-07T14:35:40+08:00,Early collection; original source revision not retained; local downloaded rendition SHA-256=9413c125338935c3d60a2628fb57bcb876aa587a2d441ea6b5a9098e096e9b48; download time recovered from original local file mtime
oi-484a4337282dde1e,data/raw/openimages/pencil_case/oi-484a4337282dde1e.jpg,360df7dbf4d4a55876b81f88500219f41c0c6fa7ee3c135d4d1bc5be537e6e18,3,,,open-images-official,,,pending,,open_images,484a4337282dde1e,https://www.flickr.com/photos/nachoeuropa/16426598841,https://c7.staticflickr.com/8/7311/16426598841_484624b614_o.jpg,https://open-images-dataset.s3.amazonaws.com/train/484a4337282dde1e.jpg,Colores Mari,https://creativecommons.org/licenses/by/2.0/,,oi-484a4337282dde1e,,,,,2026-10-07T14:35:46+08:00,Early collection; original source revision not retained; local downloaded rendition SHA-256=360df7dbf4d4a55876b81f88500219f41c0c6fa7ee3c135d4d1bc5be537e6e18; download time recovered from original local file mtime
oi-d79cbc07a042f448,data/raw/openimages/pencil_case/oi-d79cbc07a042f448.jpg,aa5da34658aba79824a8cabaf195a96565efb27afc233da148f388e263e0f2b6,3,,,open-images-official,,,pending,,open_images,d79cbc07a042f448,https://www.flickr.com/photos/lucaboldrini69/4178150963,https://c1.staticflickr.com/3/2752/4178150963_985d129572_o.jpg,https://open-images-dataset.s3.amazonaws.com/train/d79cbc07a042f448.jpg,Luca Boldrini,https://creativecommons.org/licenses/by/2.0/,,oi-d79cbc07a042f448,,,,,2026-10-07T14:35:53+08:00,Early collection; original source revision not retained; local downloaded rendition SHA-256=aa5da34658aba79824a8cabaf195a96565efb27afc233da148f388e263e0f2b6; download time recovered from original local file mtime
oi-1633a922341d89a6,data/raw/openimages/pencil_case/oi-1633a922341d89a6.jpg,b2e4c1832a66964e8288bf93427552de09531ceebcffd6cafeb4cff91771282d,3,,,open-images-official,,,pending,,open_images,1633a922341d89a6,https://flickr.com/39160147@N03/15056989166,https://farm7.staticflickr.com/3914/15056989166_926768d583_o.jpg,https://open-images-dataset.s3.amazonaws.com/train/1633a922341d89a6.jpg,Mike Mozart,https://creativecommons.org/licenses/by/2.0/,,oi-1633a922341d89a6,,,,,2026-10-07T14:35:58+08:00,Early collection; original source revision not retained; local downloaded rendition SHA-256=b2e4c1832a66964e8288bf93427552de09531ceebcffd6cafeb4cff91771282d; download time recovered from original local file mtime
oi-c0e8c687a4b54526,data/raw/openimages/pencil_case/oi-c0e8c687a4b54526.jpg,8da85b1bea19b4831dcce229e91ab927fdf113561ea02a96e92c0b41dacf3cb9,3,,,open-images-official,,,pending,,open_images,c0e8c687a4b54526,https://www.flickr.com/photos/26026157@N02/9466335111,https://farm7.staticflickr.com/7435/9466335111_2a34663d98_o.jpg,https://open-images-dataset.s3.amazonaws.com/train/c0e8c687a4b54526.jpg,naka hide,https://creativecommons.org/licenses/by/2.0/,,oi-c0e8c687a4b54526,,,,,2026-10-07T14:36:03+08:00,Early collection; original source revision not retained; local downloaded rendition SHA-256=8da85b1bea19b4831dcce229e91ab927fdf113561ea02a96e92c0b41dacf3cb9; download time recovered from original local file mtime
oi-34047a2c56b0866d,data/raw/openimages/pencil_case/oi-34047a2c56b0866d.jpg,3bb9da09ef1a2dabfa2866af3ab2783d49c803fce83fe81cd72993133fe3577a,3,,,open-images-official,,,pending,,open_images,34047a2c56b0866d,https://www.flickr.com/photos/anniemole/116219858,https://c6.staticflickr.com/1/47/116219858_52b980834d_o.jpg,https://open-images-dataset.s3.amazonaws.com/train/34047a2c56b0866d.jpg,Annie Mole,https://creativecommons.org/licenses/by/2.0/,,oi-34047a2c56b0866d,,,,,2026-10-07T14:36:11+08:00,Early collection; original source revision not retained; local downloaded rendition SHA-256=3bb9da09ef1a2dabfa2866af3ab2783d49c803fce83fe81cd72993133fe3577a; download time recovered from original local file mtime
oi-727da1aa71dc1260,data/raw/openimages/pencil_case/oi-727da1aa71dc1260.jpg,b8d027b4fea6811a0a46d48773c8e5255cfdae97aebd344d0f30f6adc1c03c6d,3,,,open-images-official,,,pending,,open_images,727da1aa71dc1260,https://www.flickr.com/photos/vanillaandlaceblog/6645827663,https://farm1.staticflickr.com/7172/6645827663_c0551dc718_o.jpg,https://open-images-dataset.s3.amazonaws.com/train/727da1aa71dc1260.jpg,Abi Porter,https://creativecommons.org/licenses/by/2.0/,,oi-727da1aa71dc1260,,,,,2026-10-07T14:36:17+08:00,Early collection; original source revision not retained; local downloaded rendition SHA-256=b8d027b4fea6811a0a46d48773c8e5255cfdae97aebd344d0f30f6adc1c03c6d; download time recovered from original local file mtime
oi-656c442f3af1fc1f,data/raw/openimages/pencil_case/oi-656c442f3af1fc1f.jpg,8b515589ec16ebed0bd2853a86578065f9b0c1799e6530d6ad3174e666d287a8,3,,,open-images-official,,,pending,,open_images,656c442f3af1fc1f,https://www.flickr.com/photos/trilliumdesign/15217757823,https://c8.staticflickr.com/8/7549/15217757823_c7fd0b1233_o.jpg,https://open-images-dataset.s3.amazonaws.com/train/656c442f3af1fc1f.jpg,Trilliumdesign ~ Caroline,https://creativecommons.org/licenses/by/2.0/,,oi-656c442f3af1fc1f,,,,,2026-10-07T14:36:23+08:00,Early collection; original source revision not retained; local downloaded rendition SHA-256=8b515589ec16ebed0bd2853a86578065f9b0c1799e6530d6ad3174e666d287a8; download time recovered from original local file mtime
oi-b7cb897814ae99a5,data/raw/openimages/pencil_case/oi-b7cb897814ae99a5.jpg,2de19d8b4e106a17b287d6151151db77e79dbd1d3145f72d6b9228d036409fa0,3,,,open-images-official,,,pending,,open_images,b7cb897814ae99a5,https://www.flickr.com/photos/sinbiphone/13216301245,https://farm6.staticflickr.com/3756/13216301245_6274d08a25_o.jpg,https://open-images-dataset.s3.amazonaws.com/train/b7cb897814ae99a5.jpg,어쩌면 프로젝트,https://creativecommons.org/licenses/by/2.0/,,oi-b7cb897814ae99a5,,,,,2026-10-07T14:36:29+08:00,Early collection; original source revision not retained; local downloaded rendition SHA-256=2de19d8b4e106a17b287d6151151db77e79dbd1d3145f72d6b9228d036409fa0; download time recovered from original local file mtime
oi-04c172daebba5782,data/raw/openimages/pencil_case/oi-04c172daebba5782.jpg,62b931c308f42cf8164c638123517cf67de9380c9f9a2561c9957b22a768f8ed,3,,,open-images-official,,,pending,,open_images,04c172daebba5782,https://www.flickr.com/photos/8110160@N07/12288060346,https://farm3.staticflickr.com/2871/12288060346_ccedd79ae5_o.jpg,https://open-images-dataset.s3.amazonaws.com/train/04c172daebba5782.jpg,Kentbags,https://creativecommons.org/licenses/by/2.0/,,oi-04c172daebba5782,,,,,2026-10-07T14:36:34+08:00,Early collection; original source revision not retained; local downloaded rendition SHA-256=62b931c308f42cf8164c638123517cf67de9380c9f9a2561c9957b22a768f8ed; download time recovered from original local file mtime
oi-01cea79a0b4f1012,data/raw/openimages/pencil_case/oi-01cea79a0b4f1012.jpg,326a48baf9dd87d018b61fded68f94a4ce351232c67db163a897999dda70e501,3,,,open-images-official,,,pending,,open_images,01cea79a0b4f1012,https://www.flickr.com/photos/schoko-riegel/7032959571,https://farm3.staticflickr.com/7256/7032959571_e44dc3f6d8_o.jpg,https://open-images-dataset.s3.amazonaws.com/train/01cea79a0b4f1012.jpg,Bodo,https://creativecommons.org/licenses/by/2.0/,,oi-01cea79a0b4f1012,,,,,2026-10-07T14:36:38+08:00,Early collection; original source revision not retained; local downloaded rendition SHA-256=326a48baf9dd87d018b61fded68f94a4ce351232c67db163a897999dda70e501; download time recovered from original local file mtime
oi-3d631084d819e84f,data/raw/openimages/pencil_case/oi-3d631084d819e84f.jpg,ecd3252b4bc316da5b197b095d0489a1c6f741dbea4e9e31c25041188759d9a4,3,,,open-images-official,,,pending,,open_images,3d631084d819e84f,https://www.flickr.com/photos/cherryblossom_in_japan/373770950,https://c8.staticflickr.com/1/170/373770950_5a2fccaf07_o.jpg,https://open-images-dataset.s3.amazonaws.com/train/3d631084d819e84f.jpg,cherryblossom in japan,https://creativecommons.org/licenses/by/2.0/,,oi-3d631084d819e84f,,,,,2026-10-07T14:36:44+08:00,Early collection; original source revision not retained; local downloaded rendition SHA-256=ecd3252b4bc316da5b197b095d0489a1c6f741dbea4e9e31c25041188759d9a4; download time recovered from original local file mtime
oi-68e57b74c3261439,data/raw/openimages/pencil_case/oi-68e57b74c3261439.jpg,fb6b02a092748dc7b306f091028722c235d0354316845fd9ebeb496fd170350a,3,,,open-images-official,,,pending,,open_images,68e57b74c3261439,https://www.flickr.com/photos/gonmi/7266568398,https://c2.staticflickr.com/8/7215/7266568398_3195a4ef02_o.jpg,https://open-images-dataset.s3.amazonaws.com/train/68e57b74c3261439.jpg,Nacho,https://creativecommons.org/licenses/by/2.0/,,oi-68e57b74c3261439,,,,,2026-10-07T14:36:51+08:00,Early collection; original source revision not retained; local downloaded rendition SHA-256=fb6b02a092748dc7b306f091028722c235d0354316845fd9ebeb496fd170350a; download time recovered from original local file mtime
oi-19d1bae4819f2a4b,data/raw/openimages/pencil_case/oi-19d1bae4819f2a4b.jpg,6ca043b07050ed01cf9ee05241c2e09f97646979dcb11ad8b420ea4d213f2e9d,3,,,open-images-official,,,pending,,open_images,19d1bae4819f2a4b,https://www.flickr.com/photos/morgy/5613973293,https://c4.staticflickr.com/6/5069/5613973293_891c3f2a90_o.jpg,https://open-images-dataset.s3.amazonaws.com/train/19d1bae4819f2a4b.jpg,Claudia Borralho,https://creativecommons.org/licenses/by/2.0/,,oi-19d1bae4819f2a4b,,,,,2026-10-07T14:36:58+08:00,Early collection; original source revision not retained; local downloaded rendition SHA-256=6ca043b07050ed01cf9ee05241c2e09f97646979dcb11ad8b420ea4d213f2e9d; download time recovered from original local file mtime
oi-ee57f5361bcf173b,data/raw/openimages/pencil_case/oi-ee57f5361bcf173b.jpg,d9a1921d0296ea5c020292e25bb6acd01f7b98ccfecca6c3eaaebddc4ec92b92,3,,,open-images-official,,,pending,,open_images,ee57f5361bcf173b,https://www.flickr.com/photos/wicker-furniture/9530712095,https://c4.staticflickr.com/3/2877/9530712095_662bcbb25f_o.jpg,https://open-images-dataset.s3.amazonaws.com/train/ee57f5361bcf173b.jpg,Wicker Paradise,https://creativecommons.org/licenses/by/2.0/,,oi-ee57f5361bcf173b,,,,,2026-10-07T14:37:07+08:00,Early collection; original source revision not retained; local downloaded rendition SHA-256=d9a1921d0296ea5c020292e25bb6acd01f7b98ccfecca6c3eaaebddc4ec92b92; download time recovered from original local file mtime
oi-a1e9c53057114ca6,data/raw/openimages/pencil_case/oi-a1e9c53057114ca6.jpg,149bf53af893d7bd25a818dcdbdd26346e7b0862485047238ec097a8453c022e,3,,,open-images-official,,,pending,,open_images,a1e9c53057114ca6,https://www.flickr.com/photos/loosepunctuation/2176867381,https://farm7.staticflickr.com/2331/2176867381_58b6b0ae9b_o.jpg,https://open-images-dataset.s3.amazonaws.com/train/a1e9c53057114ca6.jpg,Erica Kline,https://creativecommons.org/licenses/by/2.0/,,oi-a1e9c53057114ca6,,,,,2026-10-07T14:37:12+08:00,Early collection; original source revision not retained; local downloaded rendition SHA-256=149bf53af893d7bd25a818dcdbdd26346e7b0862485047238ec097a8453c022e; download time recovered from original local file mtime
oi-b736a47d84f26d8b,data/raw/openimages/pencil_case/oi-b736a47d84f26d8b.jpg,1351e5093163e9c49fe6f1c5b4ec2dc2bdf01220986e62672e2c10bb29c739d8,3,,,open-images-official,,,pending,,open_images,b736a47d84f26d8b,https://www.flickr.com/photos/handmadewhimsy/12170689895,https://c4.staticflickr.com/4/3776/12170689895_ff125512c6_o.jpg,https://open-images-dataset.s3.amazonaws.com/train/b736a47d84f26d8b.jpg,myam,https://creativecommons.org/licenses/by/2.0/,,oi-b736a47d84f26d8b,,,,,2026-10-07T14:37:17+08:00,Early collection; original source revision not retained; local downloaded rendition SHA-256=1351e5093163e9c49fe6f1c5b4ec2dc2bdf01220986e62672e2c10bb29c739d8; download time recovered from original local file mtime
oi-549af398f977f0b6,data/raw/openimages/pencil_case/oi-549af398f977f0b6.jpg,5d5f765999fa3ed9c952de5c6830bae9a4dd54f6e8abf847a0c55922573b6147,3,,,open-images-official,,,pending,,open_images,549af398f977f0b6,https://www.flickr.com/photos/tanabaiana/4510372499,https://farm7.staticflickr.com/2706/4510372499_b678624197_o.jpg,https://open-images-dataset.s3.amazonaws.com/train/549af398f977f0b6.jpg,Eliana Buchaul,https://creativecommons.org/licenses/by/2.0/,,oi-549af398f977f0b6,,,,,2026-10-07T14:37:25+08:00,Early collection; original source revision not retained; local downloaded rendition SHA-256=5d5f765999fa3ed9c952de5c6830bae9a4dd54f6e8abf847a0c55922573b6147; download time recovered from original local file mtime
oi-df09ee29afc30a75,data/raw/openimages/pencil_case/oi-df09ee29afc30a75.jpg,34e8a0e0f687817e0dbb22b33e7a083895285f559f8dda1035a8cca2fce493a4,3,,,open-images-official,,,pending,,open_images,df09ee29afc30a75,https://www.flickr.com/photos/u07ch/5479551312,https://farm6.staticflickr.com/5054/5479551312_2fba7e8570_o.jpg,https://open-images-dataset.s3.amazonaws.com/train/df09ee29afc30a75.jpg,Chris Hoare,https://creativecommons.org/licenses/by/2.0/,,oi-df09ee29afc30a75,,,,,2026-10-07T14:37:32+08:00,Early collection; original source revision not retained; local downloaded rendition SHA-256=34e8a0e0f687817e0dbb22b33e7a083895285f559f8dda1035a8cca2fce493a4; download time recovered from original local file mtime
oi-bf47c2198106d7b6,data/raw/openimages/pencil_case/oi-bf47c2198106d7b6.jpg,d17c597bdf3cd32e6973148b897c1a0198930e6ccb66f1b0d63bdf076a8e0983,3,,,open-images-official,,,pending,,open_images,bf47c2198106d7b6,https://www.flickr.com/photos/yto/4849701386,https://farm7.staticflickr.com/4139/4849701386_672a336255_o.jpg,https://open-images-dataset.s3.amazonaws.com/train/bf47c2198106d7b6.jpg,Tatsuo Yamashita,https://creativecommons.org/licenses/by/2.0/,,oi-bf47c2198106d7b6,,,,,2026-10-07T14:37:37+08:00,Early collection; original source revision not retained; local downloaded rendition SHA-256=d17c597bdf3cd32e6973148b897c1a0198930e6ccb66f1b0d63bdf076a8e0983; download time recovered from original local file mtime
oi-012980c8711c8da1,data/raw/openimages/pencil_case/oi-012980c8711c8da1.jpg,1028725add03379aaf832cb050cc1617042a8795d76225b74c4fe3307c571a4a,3,,,open-images-official,,,pending,,open_images,012980c8711c8da1,https://www.flickr.com/photos/adambruderer/4188245180,https://farm2.staticflickr.com/4002/4188245180_056f57f8e9_o.jpg,https://open-images-dataset.s3.amazonaws.com/train/012980c8711c8da1.jpg,Adam Bruderer,https://creativecommons.org/licenses/by/2.0/,,oi-012980c8711c8da1,,,,,2026-10-07T14:37:43+08:00,Early collection; original source revision not retained; local downloaded rendition SHA-256=1028725add03379aaf832cb050cc1617042a8795d76225b74c4fe3307c571a4a; download time recovered from original local file mtime
oi-0d1a3e96c75140ef,data/raw/openimages/pencil_case/oi-0d1a3e96c75140ef.jpg,f6568588888e29777a6ec61702ca9478f656a877fb55c978d9a6cdce5c5eb0f9,3,,,open-images-official,,,pending,,open_images,0d1a3e96c75140ef,https://www.flickr.com/photos/tanabaiana/4251475255,https://c8.staticflickr.com/3/2687/4251475255_13a1a6d30d_o.jpg,https://open-images-dataset.s3.amazonaws.com/train/0d1a3e96c75140ef.jpg,Eliana Buchaul,https://creativecommons.org/licenses/by/2.0/,,oi-0d1a3e96c75140ef,,,,,2026-10-07T14:37:48+08:00,Early collection; original source revision not retained; local downloaded rendition SHA-256=f6568588888e29777a6ec61702ca9478f656a877fb55c978d9a6cdce5c5eb0f9; download time recovered from original local file mtime
oi-e95400454f0c3023,data/raw/openimages/pencil_case/oi-e95400454f0c3023.jpg,cd4a57d2cc8325e548d6ecb61a29b88d1d6281a551b26616a7e331f08851f916,3,,,open-images-official,,,pending,,open_images,e95400454f0c3023,https://www.flickr.com/photos/100480512@N04/9555296632,https://farm4.staticflickr.com/2875/9555296632_27dd13e343_o.jpg,https://open-images-dataset.s3.amazonaws.com/train/e95400454f0c3023.jpg,Emeline et Maxime,https://creativecommons.org/licenses/by/2.0/,,oi-e95400454f0c3023,,,,,2026-10-07T14:37:54+08:00,Early collection; original source revision not retained; local downloaded rendition SHA-256=cd4a57d2cc8325e548d6ecb61a29b88d1d6281a551b26616a7e331f08851f916; download time recovered from original local file mtime
oi-a9233bb0cdbdab4f,data/raw/openimages/pencil_case/oi-a9233bb0cdbdab4f.jpg,76ea2643002a788de87018ea8a82d88d14a92f9435074224e9225c9472bec633,3,,,open-images-official,,,pending,,open_images,a9233bb0cdbdab4f,https://www.flickr.com/photos/jeepersmedia/9410005426,https://c8.staticflickr.com/6/5531/9410005426_39f9b932e7_o.jpg,https://open-images-dataset.s3.amazonaws.com/train/a9233bb0cdbdab4f.jpg,Mike Mozart,https://creativecommons.org/licenses/by/2.0/,,oi-a9233bb0cdbdab4f,,,,,2026-10-07T14:38:00+08:00,Early collection; original source revision not retained; local downloaded rendition SHA-256=76ea2643002a788de87018ea8a82d88d14a92f9435074224e9225c9472bec633; download time recovered from original local file mtime
oi-29d1cb99da3b992a,data/raw/openimages/pencil_case/oi-29d1cb99da3b992a.jpg,9e49b1e089029d73194d40cb786d36782ee73eaf3fcaa8ccb04ccc7a6409001c,3,,,open-images-official,,,pending,,open_images,29d1cb99da3b992a,https://www.flickr.com/photos/101666380@N07/9762010143,https://c3.staticflickr.com/8/7283/9762010143_555cb2cc83_o.jpg,https://open-images-dataset.s3.amazonaws.com/train/29d1cb99da3b992a.jpg,Elisa Fair,https://creativecommons.org/licenses/by/2.0/,,oi-29d1cb99da3b992a,,,,,2026-10-07T14:38:06+08:00,Early collection; original source revision not retained; local downloaded rendition SHA-256=9e49b1e089029d73194d40cb786d36782ee73eaf3fcaa8ccb04ccc7a6409001c; download time recovered from original local file mtime
oi-68a5fe53250722aa,data/raw/openimages/pencil_case/oi-68a5fe53250722aa.jpg,a6e942f55345dcf12f232720ca4f1a9bff8374f31fa267e862428c247d060429,3,,,open-images-official,,,pending,,open_images,68a5fe53250722aa,https://www.flickr.com/photos/keykalou/16295353539,https://c3.staticflickr.com/8/7345/16295353539_7ca06d93e2_o.jpg,https://open-images-dataset.s3.amazonaws.com/train/68a5fe53250722aa.jpg,Michelle,https://creativecommons.org/licenses/by/2.0/,,oi-68a5fe53250722aa,,,,,2026-10-07T14:38:12+08:00,Early collection; original source revision not retained; local downloaded rendition SHA-256=a6e942f55345dcf12f232720ca4f1a9bff8374f31fa267e862428c247d060429; download time recovered from original local file mtime
oi-1cf38b01181416f2,data/raw/openimages/pencil_case/oi-1cf38b01181416f2.jpg,4e78ffb041c968b66691ca2b44a8e2664604888a8165466a6b72e28b774641d0,3,,,open-images-official,,,pending,,open_images,1cf38b01181416f2,https://www.flickr.com/photos/azulcereja/1411901559,https://farm3.staticflickr.com/1019/1411901559_d86c76ccfd_o.jpg,https://open-images-dataset.s3.amazonaws.com/train/1cf38b01181416f2.jpg,bailout,https://creativecommons.org/licenses/by/2.0/,,oi-1cf38b01181416f2,,,,,2026-10-07T14:38:19+08:00,Early collection; original source revision not retained; local downloaded rendition SHA-256=4e78ffb041c968b66691ca2b44a8e2664604888a8165466a6b72e28b774641d0; download time recovered from original local file mtime
oi-f4e9ee9ee903921d,data/raw/openimages/pencil_case/oi-f4e9ee9ee903921d.jpg,d6ab126f8cdc1bc440a19c8e4189c4d79726d5db0bdbe47a0cbae9fccc40b3c3,3,,,open-images-official,,,pending,,open_images,f4e9ee9ee903921d,https://www.flickr.com/photos/43722166@N02/4028357361,https://c6.staticflickr.com/3/2724/4028357361_a8cf2a2bef_o.jpg,https://open-images-dataset.s3.amazonaws.com/train/f4e9ee9ee903921d.jpg,Vanessa Ferrer Arín,https://creativecommons.org/licenses/by/2.0/,,oi-f4e9ee9ee903921d,,,,,2026-10-07T14:38:26+08:00,Early collection; original source revision not retained; local downloaded rendition SHA-256=d6ab126f8cdc1bc440a19c8e4189c4d79726d5db0bdbe47a0cbae9fccc40b3c3; download time recovered from original local file mtime
oi-094d9e16dc15f628,data/raw/openimages/pencil_case/oi-094d9e16dc15f628.jpg,055fc67aba6caa1ed8899321b0686307c97ec5ed9d11f0aa04bc45c7719c1103,3,,,open-images-official,,,pending,,open_images,094d9e16dc15f628,https://www.flickr.com/photos/41738141@N06/6959543470,https://c1.staticflickr.com/8/7226/6959543470_925f706406_o.jpg,https://open-images-dataset.s3.amazonaws.com/train/094d9e16dc15f628.jpg,CananZembil,https://creativecommons.org/licenses/by/2.0/,,oi-094d9e16dc15f628,,,,,2026-10-07T14:38:32+08:00,Early collection; original source revision not retained; local downloaded rendition SHA-256=055fc67aba6caa1ed8899321b0686307c97ec5ed9d11f0aa04bc45c7719c1103; download time recovered from original local file mtime
oi-462e844ab473444b,data/raw/openimages/pencil_case/oi-462e844ab473444b.jpg,1b35ed9122573ebdfe3c5219a5f07f19f9a4995f07056bc691ad91ff61f47df0,3,,,open-images-official,,,pending,,open_images,462e844ab473444b,https://www.flickr.com/photos/keykalou/11214137805,https://c4.staticflickr.com/3/2835/11214137805_7d236ea46e_o.jpg,https://open-images-dataset.s3.amazonaws.com/train/462e844ab473444b.jpg,Michelle,https://creativecommons.org/licenses/by/2.0/,,oi-462e844ab473444b,,,,,2026-10-07T14:38:38+08:00,Early collection; original source revision not retained; local downloaded rendition SHA-256=1b35ed9122573ebdfe3c5219a5f07f19f9a4995f07056bc691ad91ff61f47df0; download time recovered from original local file mtime
oi-55a71aa2397de77b,data/raw/openimages/pencil_case/oi-55a71aa2397de77b.jpg,452dc7ea18be373ebf6cc0066deb36c460531b37894bff64dc764500005f46d4,3,,,open-images-official,,,pending,,open_images,55a71aa2397de77b,https://www.flickr.com/photos/trilliumdesign/14723826799,https://c4.staticflickr.com/4/3886/14723826799_e32917818e_o.jpg,https://open-images-dataset.s3.amazonaws.com/train/55a71aa2397de77b.jpg,Trilliumdesign ~ Caroline,https://creativecommons.org/licenses/by/2.0/,,oi-55a71aa2397de77b,,,,,2026-10-07T14:38:45+08:00,Early collection; original source revision not retained; local downloaded rendition SHA-256=452dc7ea18be373ebf6cc0066deb36c460531b37894bff64dc764500005f46d4; download time recovered from original local file mtime
oi-90d1e4a2ccacf7f8,data/raw/openimages/pencil_case/oi-90d1e4a2ccacf7f8.jpg,6fd8c368aebc5bef1eb6dba6c3fd0a0f571cbcff62d15d4d922083f17660e55b,3,,,open-images-official,,,pending,,open_images,90d1e4a2ccacf7f8,https://www.flickr.com/photos/keykalou/11194949023,https://c1.staticflickr.com/6/5513/11194949023_6a27f0269c_o.jpg,https://open-images-dataset.s3.amazonaws.com/train/90d1e4a2ccacf7f8.jpg,Michelle,https://creativecommons.org/licenses/by/2.0/,,oi-90d1e4a2ccacf7f8,,,,,2026-10-07T14:38:56+08:00,Early collection; original source revision not retained; local downloaded rendition SHA-256=6fd8c368aebc5bef1eb6dba6c3fd0a0f571cbcff62d15d4d922083f17660e55b; download time recovered from original local file mtime
oi-88eb2d7166dacd3b,data/raw/openimages/pencil_case/oi-88eb2d7166dacd3b.jpg,19ff0a333440e00f0e155e54bcb34104fd54780322fed4ef26aefe2295111500,3,,,open-images-official,,,pending,,open_images,88eb2d7166dacd3b,https://www.flickr.com/photos/77423179@N02/8489045575,https://c4.staticflickr.com/9/8109/8489045575_ea5cbbd471_o.jpg,https://open-images-dataset.s3.amazonaws.com/train/88eb2d7166dacd3b.jpg,Melissa Hillier,https://creativecommons.org/licenses/by/2.0/,,oi-88eb2d7166dacd3b,,,,,2026-10-07T14:39:02+08:00,Early collection; original source revision not retained; local downloaded rendition SHA-256=19ff0a333440e00f0e155e54bcb34104fd54780322fed4ef26aefe2295111500; download time recovered from original local file mtime
oi-f2dfb5ad09e1922e,data/raw/openimages/pencil_case/oi-f2dfb5ad09e1922e.jpg,c5e478a9674c3f0279bbf0430bd15cc47d173f792402e611ca65b9009019a825,3,,,open-images-official,,,pending,,open_images,f2dfb5ad09e1922e,https://www.flickr.com/photos/kaceyjordan/6521975023,https://c7.staticflickr.com/8/7018/6521975023_56c191fba4_o.jpg,https://open-images-dataset.s3.amazonaws.com/train/f2dfb5ad09e1922e.jpg,Cary and Kacey Jordan,https://creativecommons.org/licenses/by/2.0/,,oi-f2dfb5ad09e1922e,,,,,2026-10-07T14:39:11+08:00,Early collection; original source revision not retained; local downloaded rendition SHA-256=c5e478a9674c3f0279bbf0430bd15cc47d173f792402e611ca65b9009019a825; download time recovered from original local file mtime
oi-02f226c5cc06dfb8,data/raw/openimages/pencil_case/oi-02f226c5cc06dfb8.jpg,68d43bf9b3cc77292cd142be5529524508251779f55ce92959af5679e4434496,3,,,open-images-official,,,pending,,open_images,02f226c5cc06dfb8,https://www.flickr.com/photos/photo-digest/11931822266,https://c1.staticflickr.com/3/2856/11931822266_f9fd682ff4_o.jpg,https://open-images-dataset.s3.amazonaws.com/train/02f226c5cc06dfb8.jpg,media.digest,https://creativecommons.org/licenses/by/2.0/,,oi-02f226c5cc06dfb8,,,,,2026-10-07T14:39:16+08:00,Early collection; original source revision not retained; local downloaded rendition SHA-256=68d43bf9b3cc77292cd142be5529524508251779f55ce92959af5679e4434496; download time recovered from original local file mtime
oi-3dca452248af6c06,data/raw/openimages/pencil_case/oi-3dca452248af6c06.jpg,9b8aa464ef6de9b3e7009079fcc006553cd52dab48037c13c7f4284d3b7d2daf,3,,,open-images-official,,,pending,,open_images,3dca452248af6c06,https://www.flickr.com/photos/keykalou/18204915475,https://farm7.staticflickr.com/8770/18204915475_10232b7215_o.jpg,https://open-images-dataset.s3.amazonaws.com/train/3dca452248af6c06.jpg,Michelle,https://creativecommons.org/licenses/by/2.0/,,oi-3dca452248af6c06,,,,,2026-10-07T14:39:22+08:00,Early collection; original source revision not retained; local downloaded rendition SHA-256=9b8aa464ef6de9b3e7009079fcc006553cd52dab48037c13c7f4284d3b7d2daf; download time recovered from original local file mtime
oi-8bb4383d9c92dd20,data/raw/openimages/pencil_case/oi-8bb4383d9c92dd20.jpg,1d6fa64cfe597230808955fbbfd2f6c731e5a65d9df7f47e42a2eb3e2f3456f7,3,,,open-images-official,,,pending,,open_images,8bb4383d9c92dd20,https://www.flickr.com/photos/viverasiregar/17074188598,https://farm1.staticflickr.com/8719/17074188598_06ccc0c5aa_o.jpg,https://open-images-dataset.s3.amazonaws.com/train/8bb4383d9c92dd20.jpg,Vivera Siregar,https://creativecommons.org/licenses/by/2.0/,,oi-8bb4383d9c92dd20,,,,,2026-10-07T14:39:28+08:00,Early collection; original source revision not retained; local downloaded rendition SHA-256=1d6fa64cfe597230808955fbbfd2f6c731e5a65d9df7f47e42a2eb3e2f3456f7; download time recovered from original local file mtime
oi-1adb4aa538ab0611,data/raw/openimages/pencil_case/oi-1adb4aa538ab0611.jpg,2153dbda0c6601edd727fd496a8de73c882a2cdba6ab1ab2ce37077f818edb61,3,,,open-images-official,,,pending,,open_images,1adb4aa538ab0611,https://www.flickr.com/photos/ginapina/14910898152,https://farm2.staticflickr.com/3897/14910898152_04af08ec5b_o.jpg,https://open-images-dataset.s3.amazonaws.com/train/1adb4aa538ab0611.jpg,gina pina,https://creativecommons.org/licenses/by/2.0/,,oi-1adb4aa538ab0611,,,,,2026-10-07T14:39:34+08:00,Early collection; original source revision not retained; local downloaded rendition SHA-256=2153dbda0c6601edd727fd496a8de73c882a2cdba6ab1ab2ce37077f818edb61; download time recovered from original local file mtime
oi-95e5006e0ecb8332,data/raw/openimages/pencil_case/oi-95e5006e0ecb8332.jpg,39c9f1f88b95d95ff391bc13907d51393e2cee4fb6ecceefa3cb514fccdff0fa,3,,,open-images-official,,,pending,,open_images,95e5006e0ecb8332,https://www.flickr.com/photos/clandestini/14291043273/,https://farm3.staticflickr.com/2940/14291043273_0acb0de5dc_o.jpg,https://open-images-dataset.s3.amazonaws.com/train/95e5006e0ecb8332.jpg,Daniela Soares,https://creativecommons.org/licenses/by/2.0/,,oi-95e5006e0ecb8332,,,,,2026-10-07T14:39:40+08:00,Early collection; original source revision not retained; local downloaded rendition SHA-256=39c9f1f88b95d95ff391bc13907d51393e2cee4fb6ecceefa3cb514fccdff0fa; download time recovered from original local file mtime
oi-191c21626b019a74,data/raw/openimages/pencil_case/oi-191c21626b019a74.jpg,4b8bee6fe03c05de3cd58143fdaba5badae577033ae59fd459724acac5c85876,3,,,open-images-official,,,pending,,open_images,191c21626b019a74,https://www.flickr.com/photos/alexjaffee/5404445397,https://farm5.staticflickr.com/5256/5404445397_a2da05064c_o.jpg,https://open-images-dataset.s3.amazonaws.com/train/191c21626b019a74.jpg,Alex Jaffee,https://creativecommons.org/licenses/by/2.0/,,oi-191c21626b019a74,,,,,2026-10-07T14:39:46+08:00,Early collection; original source revision not retained; local downloaded rendition SHA-256=4b8bee6fe03c05de3cd58143fdaba5badae577033ae59fd459724acac5c85876; download time recovered from original local file mtime
oi-d82b7a3b1884f917,data/raw/openimages/pencil_case/oi-d82b7a3b1884f917.jpg,5bcb37ebb8e44c84cd77b0429134896e603e8962d3ec2199932394e7481320c0,3,,,open-images-official,,,pending,,open_images,d82b7a3b1884f917,https://www.flickr.com/photos/burstyriffic/4447920141,https://farm8.staticflickr.com/2798/4447920141_1e0b20583f_o.jpg,https://open-images-dataset.s3.amazonaws.com/train/d82b7a3b1884f917.jpg,Robyn Vines Smith,https://creativecommons.org/licenses/by/2.0/,,oi-d82b7a3b1884f917,,,,,2026-10-07T14:40:01+08:00,Early collection; original source revision not retained; local downloaded rendition SHA-256=5bcb37ebb8e44c84cd77b0429134896e603e8962d3ec2199932394e7481320c0; download time recovered from original local file mtime
oi-474636ff1697a6bc,data/raw/openimages/pencil_case/oi-474636ff1697a6bc.jpg,18ac131a0735e3b5f548efbd67aff91033459db7fea49c3d64537d8dcc74277a,3,,,open-images-official,,,pending,,open_images,474636ff1697a6bc,https://www.flickr.com/photos/keykalou/16438326325,https://c5.staticflickr.com/9/8632/16438326325_e865607622_o.jpg,https://open-images-dataset.s3.amazonaws.com/train/474636ff1697a6bc.jpg,Michelle,https://creativecommons.org/licenses/by/2.0/,,oi-474636ff1697a6bc,,,,,2026-10-07T14:40:07+08:00,Early collection; original source revision not retained; local downloaded rendition SHA-256=18ac131a0735e3b5f548efbd67aff91033459db7fea49c3d64537d8dcc74277a; download time recovered from original local file mtime
oi-976ca910c239e2fc,data/raw/openimages/book/oi-976ca910c239e2fc.jpg,ad5abda3e990c0a295e406e0466a8f3b4f5bc399dd512b4003b10c0c5ade955b,2,,,open-images-official,,,pending,,open_images,976ca910c239e2fc,https://www.flickr.com/photos/winstonavich/47823462,https://c5.staticflickr.com/1/32/47823462_c259edd662_o.jpg,https://open-images-dataset.s3.amazonaws.com/validation/976ca910c239e2fc.jpg,Winston Hearn,https://creativecommons.org/licenses/by/2.0/,https://creativecommons.org/licenses/by/2.0/,oi-976ca910c239e2fc,,,,,2026-10-07T17:42:43+08:00,Open Images V7 public validation image / V5 human boxable labels
oi-2117bc938d9d9ea4,data/raw/openimages/earphones/oi-2117bc938d9d9ea4.jpg,70bd4a1ba7a60ed04e85b771d17e64c03a5f8e0217894cdf13a0fd432772809d,6,,,open-images-official,,,pending,,open_images,2117bc938d9d9ea4,https://www.flickr.com/photos/townsquare/9466663348,https://farm5.staticflickr.com/7323/9466663348_63e4766911_o.jpg,https://open-images-dataset.s3.amazonaws.com/validation/2117bc938d9d9ea4.jpg,Townsquare Media,https://creativecommons.org/licenses/by/2.0/,https://creativecommons.org/licenses/by/2.0/,oi-2117bc938d9d9ea4,,,,,2026-10-07T17:42:45+08:00,Open Images V7 public validation image / V5 human boxable labels
oi-7cd81ab642e8c21e,data/raw/openimages/umbrella/oi-7cd81ab642e8c21e.jpg,2f4133454a057fcbc90b79bd1a979fd780c74527f9c67df5308d1d4db3042a65,1,,,open-images-official,,,pending,,open_images,7cd81ab642e8c21e,https://www.flickr.com/photos/nzcarfreak/5892323769,https://c7.staticflickr.com/7/6027/5892323769_9a51857f06_o.jpg,https://open-images-dataset.s3.amazonaws.com/validation/7cd81ab642e8c21e.jpg,Riley,https://creativecommons.org/licenses/by/2.0/,https://creativecommons.org/licenses/by/2.0/,oi-7cd81ab642e8c21e,,,,,2026-10-07T17:42:48+08:00,Open Images V7 public validation image / V5 human boxable labels
oi-2edc0212721c4f22,data/raw/openimages/backpack/oi-2edc0212721c4f22.jpg,6a4d34cd2c0bbccb40528b3d39decd3e09a99675dbe20ed4c979e4c17db78722,9,,,open-images-official,,,pending,,open_images,2edc0212721c4f22,https://www.flickr.com/photos/kalleboo/9400639906,https://farm3.staticflickr.com/3790/9400639906_58d2ab747d_o.jpg,https://open-images-dataset.s3.amazonaws.com/validation/2edc0212721c4f22.jpg,Karl Baron,https://creativecommons.org/licenses/by/2.0/,https://creativecommons.org/licenses/by/2.0/,oi-2edc0212721c4f22,,,,,2026-10-07T17:42:50+08:00,Open Images V7 public validation image / V5 human boxable labels
oi-db46e0a40b88e6ec,data/raw/openimages/earphones/oi-db46e0a40b88e6ec.jpg,d5574d5c9f32a20c2ea1c4b789d052f9fe31658d04a163129423ae5d3265ae44,6,,,open-images-official,,,pending,,open_images,db46e0a40b88e6ec,https://www.flickr.com/photos/nihonbunka/46329607,https://c5.staticflickr.com/1/32/46329607_b8e753145b_o.jpg,https://open-images-dataset.s3.amazonaws.com/validation/db46e0a40b88e6ec.jpg,Timothy Takemoto,https://creativecommons.org/licenses/by/2.0/,https://creativecommons.org/licenses/by/2.0/,oi-db46e0a40b88e6ec,,,,,2026-10-07T17:42:54+08:00,Open Images V7 public validation image / V5 human boxable labels
oi-ec141bdfee0b4711,data/raw/openimages/keyboard/oi-ec141bdfee0b4711.jpg,8955686d27341a06ffdfeb2f73ded0ae75dc54209dba47b659d539d8ccc4e93a,5,,,open-images-official,,,pending,,open_images,ec141bdfee0b4711,https://www.flickr.com/photos/dmje/5187721242/,https://farm2.staticflickr.com/4128/5187721242_4ffa0719d9_o.jpg,https://open-images-dataset.s3.amazonaws.com/validation/ec141bdfee0b4711.jpg,Mike,https://creativecommons.org/licenses/by/2.0/,https://creativecommons.org/licenses/by/2.0/,oi-ec141bdfee0b4711,,,,,2026-10-07T17:42:57+08:00,Open Images V7 public validation image / V5 human boxable labels
oi-800ee74da18e4ed4,data/raw/openimages/cup/oi-800ee74da18e4ed4.jpg,c0f01190bfbfa903f1ee38a8a91cf4125e941fa13df7175faebdd1b26375dfc1,0,,,open-images-official,,,pending,,open_images,800ee74da18e4ed4,https://www.flickr.com/photos/ryoichitanaka/4018266542,https://farm5.staticflickr.com/3524/4018266542_0e23fcafaf_o.jpg,https://open-images-dataset.s3.amazonaws.com/validation/800ee74da18e4ed4.jpg,Ryoichi Tanaka,https://creativecommons.org/licenses/by/2.0/,https://creativecommons.org/licenses/by/2.0/,oi-800ee74da18e4ed4,,,,,2026-10-07T17:42:59+08:00,Open Images V7 public validation image / V5 human boxable labels
oi-d009e02d8a1d2985,data/raw/openimages/book/oi-d009e02d8a1d2985.jpg,3e7d7eb991143317c0d84bd2fbdae42831d7ce550847e04dead1ffd7e3f1a2a4,2,,,open-images-official,,,pending,,open_images,d009e02d8a1d2985,https://www.flickr.com/photos/codnewsroom/12210595235,https://farm6.staticflickr.com/2881/12210595235_cc71055e2d_o.jpg,https://open-images-dataset.s3.amazonaws.com/validation/d009e02d8a1d2985.jpg,COD Newsroom,https://creativecommons.org/licenses/by/2.0/,https://creativecommons.org/licenses/by/2.0/,oi-d009e02d8a1d2985,,,,,2026-10-07T17:43:02+08:00,Open Images V7 public validation image / V5 human boxable labels
oi-962db0c6634d0c26,data/raw/openimages/earphones/oi-962db0c6634d0c26.jpg,2a85c4c16f94baf91f372510042c96e812fb7a93bfdcc8ba9c04b266f71588b6,6,,,open-images-official,,,pending,,open_images,962db0c6634d0c26,https://www.flickr.com/photos/nubobo/15628301274,https://farm7.staticflickr.com/7494/15628301274_bbf037e9b0_o.jpg,https://open-images-dataset.s3.amazonaws.com/validation/962db0c6634d0c26.jpg,nubobo,https://creativecommons.org/licenses/by/2.0/,https://creativecommons.org/licenses/by/2.0/,oi-962db0c6634d0c26,,,,,2026-10-07T17:43:05+08:00,Open Images V7 public validation image / V5 human boxable labels
oi-e780a9712fc54fd2,data/raw/openimages/umbrella/oi-e780a9712fc54fd2.jpg,d09743a45ebe7003b0244f06ac1cf3752c2041d4337733430b0d46bf98ba731a,1,,,open-images-official,,,pending,,open_images,e780a9712fc54fd2,https://www.flickr.com/photos/soul_stealer/20066744216,https://farm3.staticflickr.com/347/20066744216_c0700797c1_o.jpg,https://open-images-dataset.s3.amazonaws.com/validation/e780a9712fc54fd2.jpg,Martin SoulStealer,https://creativecommons.org/licenses/by/2.0/,https://creativecommons.org/licenses/by/2.0/,oi-e780a9712fc54fd2,,,,,2026-10-07T17:43:08+08:00,Open Images V7 public validation image / V5 human boxable labels
oi-de578e711d5d2712,data/raw/openimages/cup/oi-de578e711d5d2712.jpg,70736711f3f3e7f2eb2ae7975fe1d4dd1646370c1996ebb6d5ba235be801f5bd,0,,,open-images-official,,,pending,,open_images,de578e711d5d2712,https://www.flickr.com/photos/chichacha/2471138966,https://farm3.staticflickr.com/3149/2471138966_0611b8f078_o.jpg,https://open-images-dataset.s3.amazonaws.com/validation/de578e711d5d2712.jpg,chichacha,https://creativecommons.org/licenses/by/2.0/,https://creativecommons.org/licenses/by/2.0/,oi-de578e711d5d2712,,,,,2026-10-07T17:43:10+08:00,Open Images V7 public validation image / V5 human boxable labels
oi-eebecaf5f2eca0c3,data/raw/openimages/book/oi-eebecaf5f2eca0c3.jpg,2967dd0301c02126d38af771c4af82a464e215fc8fc5c303bee9831b7ed1e45f,2,,,open-images-official,,,pending,,open_images,eebecaf5f2eca0c3,https://www.flickr.com/photos/65417595@N06/14300972099,https://farm4.staticflickr.com/3913/14300972099_3b7facdebc_o.jpg,https://open-images-dataset.s3.amazonaws.com/validation/eebecaf5f2eca0c3.jpg,Javier Mendia García,https://creativecommons.org/licenses/by/2.0/,https://creativecommons.org/licenses/by/2.0/,oi-eebecaf5f2eca0c3,,,,,2026-10-07T17:43:13+08:00,Open Images V7 public validation image / V5 human boxable labels
oi-8d77172370c2d4b2,data/raw/openimages/book/oi-8d77172370c2d4b2.jpg,1ad106940854efeaac6fef36b9d5281560eaf177b98980085871870c5bebed12,2,,,open-images-official,,,pending,,open_images,8d77172370c2d4b2,https://www.flickr.com/photos/juhansonin/1939835642,https://farm3.staticflickr.com/2380/1939835642_bd80c96f02_o.jpg,https://open-images-dataset.s3.amazonaws.com/validation/8d77172370c2d4b2.jpg,Juhan Sonin,https://creativecommons.org/licenses/by/2.0/,https://creativecommons.org/licenses/by/2.0/,oi-8d77172370c2d4b2,,,,,2026-10-07T17:43:15+08:00,Open Images V7 public validation image / V5 human boxable labels
oi-d7d770f170f8f333,data/raw/openimages/earphones/oi-d7d770f170f8f333.jpg,0ed8d7c75741563fae054436161b1eedb343a663f16ab07f2d9d0d60d2f3e311,6,,,open-images-official,,,pending,,open_images,d7d770f170f8f333,https://www.flickr.com/photos/mseckington/8017672989,https://farm4.staticflickr.com/8041/8017672989_0967d68851_o.jpg,https://open-images-dataset.s3.amazonaws.com/validation/d7d770f170f8f333.jpg,Melinda Seckington,https://creativecommons.org/licenses/by/2.0/,https://creativecommons.org/licenses/by/2.0/,oi-d7d770f170f8f333,,,,,2026-10-07T17:43:17+08:00,Open Images V7 public validation image / V5 human boxable labels
oi-c533c5cf9e9558b5,data/raw/openimages/cup/oi-c533c5cf9e9558b5.jpg,8cbc722c2b2ab389037ae3325d91d55b03de0c63940eb349b3e3b00635264607,0,,,open-images-official,,,pending,,open_images,c533c5cf9e9558b5,https://www.flickr.com/photos/127788543@N02/15162408928,https://farm6.staticflickr.com/2941/15162408928_d32492c4ae_o.jpg,https://open-images-dataset.s3.amazonaws.com/validation/c533c5cf9e9558b5.jpg,Roberto T,https://creativecommons.org/licenses/by/2.0/,https://creativecommons.org/licenses/by/2.0/,oi-c533c5cf9e9558b5,,,,,2026-10-07T17:43:21+08:00,Open Images V7 public validation image / V5 human boxable labels
oi-d871866d69f583d1,data/raw/openimages/earphones/oi-d871866d69f583d1.jpg,ed4f42d811d9c1a9c2abd1c3c8f662d0f7a1d495f86d4061d932e031557f4601,6,,,open-images-official,,,pending,,open_images,d871866d69f583d1,https://www.flickr.com/photos/vanf/8413160447,https://farm2.staticflickr.com/8087/8413160447_7fd8c26ec6_o.jpg,https://open-images-dataset.s3.amazonaws.com/validation/d871866d69f583d1.jpg,Daniel Novta,https://creativecommons.org/licenses/by/2.0/,https://creativecommons.org/licenses/by/2.0/,oi-d871866d69f583d1,,,,,2026-10-07T17:43:24+08:00,Open Images V7 public validation image / V5 human boxable labels
oi-ad6c671913df1a7d,data/raw/openimages/backpack/oi-ad6c671913df1a7d.jpg,a423e9d81fe6df9e68ede9c0cda5370cd3014d7fea580638e60ca6de737bffec,9,,,open-images-official,,,pending,,open_images,ad6c671913df1a7d,https://www.flickr.com/photos/porcupiny/4789162348,https://c6.staticflickr.com/5/4079/4789162348_c7637c8a42_o.jpg,https://open-images-dataset.s3.amazonaws.com/validation/ad6c671913df1a7d.jpg,porcupiny,https://creativecommons.org/licenses/by/2.0/,https://creativecommons.org/licenses/by/2.0/,oi-ad6c671913df1a7d,,,,,2026-10-07T17:43:26+08:00,Open Images V7 public validation image / V5 human boxable labels
oi-82b26dd4a353f9e8,data/raw/openimages/backpack/oi-82b26dd4a353f9e8.jpg,673c5b637add665932ff2711b978b4cb61a54d3821acd0cca9276c374b9c6e6f,9,,,open-images-official,,,pending,,open_images,82b26dd4a353f9e8,https://www.flickr.com/photos/u07ch/5053770492,https://c1.staticflickr.com/5/4104/5053770492_7f931bbbfd_o.jpg,https://open-images-dataset.s3.amazonaws.com/validation/82b26dd4a353f9e8.jpg,Chris Hoare,https://creativecommons.org/licenses/by/2.0/,https://creativecommons.org/licenses/by/2.0/,oi-82b26dd4a353f9e8,,,,,2026-10-07T17:43:30+08:00,Open Images V7 public validation image / V5 human boxable labels
oi-19aa0e0ad2fa06b6,data/raw/openimages/book/oi-19aa0e0ad2fa06b6.jpg,c7a12bd0f648e085e756ab8bf8e5f86225f1cfd3fbbaadec84c0382968ee3668,2,,,open-images-official,,,pending,,open_images,19aa0e0ad2fa06b6,https://www.flickr.com/photos/artlung/1625328,https://farm7.staticflickr.com/2/1625328_7af356f861_o.jpg,https://open-images-dataset.s3.amazonaws.com/validation/19aa0e0ad2fa06b6.jpg,Joe Crawford,https://creativecommons.org/licenses/by/2.0/,https://creativecommons.org/licenses/by/2.0/,oi-19aa0e0ad2fa06b6,,,,,2026-10-07T17:43:33+08:00,Open Images V7 public validation image / V5 human boxable labels
oi-175aa1739edb9890,data/raw/openimages/umbrella/oi-175aa1739edb9890.jpg,a84bb08fa81dfcdea366e7eda26f164913bdc4418c5fe4609b6f11d7c2a36692,1,,,open-images-official,,,pending,,open_images,175aa1739edb9890,https://www.flickr.com/photos/oakleyoriginals/5042126836,https://farm1.staticflickr.com/4087/5042126836_14ef55663c_o.jpg,https://open-images-dataset.s3.amazonaws.com/validation/175aa1739edb9890.jpg,OakleyOriginals,https://creativecommons.org/licenses/by/2.0/,https://creativecommons.org/licenses/by/2.0/,oi-175aa1739edb9890,,,,,2026-10-07T17:43:37+08:00,Open Images V7 public validation image / V5 human boxable labels
oi-afbc7e1aac2dc61d,data/raw/openimages/earphones/oi-afbc7e1aac2dc61d.jpg,8412c0fe1ff2f2bc0414cc739b660ab1f11eebd27b7c02686d6fdcabfde5e4a8,6,,,open-images-official,,,pending,,open_images,afbc7e1aac2dc61d,https://www.flickr.com/photos/58827557@N06/13520000063,https://c6.staticflickr.com/4/3721/13520000063_d4cf81d9e0_o.jpg,https://open-images-dataset.s3.amazonaws.com/validation/afbc7e1aac2dc61d.jpg,Clint Budd,https://creativecommons.org/licenses/by/2.0/,https://creativecommons.org/licenses/by/2.0/,oi-afbc7e1aac2dc61d,,,,,2026-10-07T17:43:41+08:00,Open Images V7 public validation image / V5 human boxable labels
oi-460475ca9d34e13e,data/raw/openimages/cup/oi-460475ca9d34e13e.jpg,b083864dc4476fc73a3b1e3a227b4c6149ecee5b0601c2fe77caf331dab23f83,0,,,open-images-official,,,pending,,open_images,460475ca9d34e13e,https://www.flickr.com/photos/ayoltderoos/9110815638,https://c7.staticflickr.com/8/7325/9110815638_051c3e63bc_o.jpg,https://open-images-dataset.s3.amazonaws.com/validation/460475ca9d34e13e.jpg,Ayolt de Roos,https://creativecommons.org/licenses/by/2.0/,https://creativecommons.org/licenses/by/2.0/,oi-460475ca9d34e13e,,,,,2026-10-07T17:43:45+08:00,Open Images V7 public validation image / V5 human boxable labels
oi-9e6dcbec738debb7,data/raw/openimages/book/oi-9e6dcbec738debb7.jpg,6dbca0e18496ab93f62cb8c7d951f845e82149bbe71bbf74b8c40efa2f18bb37,2,,,open-images-official,,,pending,,open_images,9e6dcbec738debb7,https://www.flickr.com/photos/splinter66/3999757899,https://farm8.staticflickr.com/2476/3999757899_b858f4759d_o.jpg,https://open-images-dataset.s3.amazonaws.com/validation/9e6dcbec738debb7.jpg,martingreffe,https://creativecommons.org/licenses/by/2.0/,https://creativecommons.org/licenses/by/2.0/,oi-9e6dcbec738debb7,,,,,2026-10-07T17:43:48+08:00,Open Images V7 public validation image / V5 human boxable labels
oi-373c26ce480f8d29,data/raw/openimages/earphones/oi-373c26ce480f8d29.jpg,2bb29f9beb51f71a34849efa24bd3e4c10d069b9e3740217d6b7ddbff63f95c8,6,,,open-images-official,,,pending,,open_images,373c26ce480f8d29,https://www.flickr.com/photos/m0g/18669617612,https://c2.staticflickr.com/1/258/18669617612_fbb14c434b_o.jpg,https://open-images-dataset.s3.amazonaws.com/validation/373c26ce480f8d29.jpg,m0gg,https://creativecommons.org/licenses/by/2.0/,https://creativecommons.org/licenses/by/2.0/,oi-373c26ce480f8d29,,,,,2026-10-07T17:43:52+08:00,Open Images V7 public validation image / V5 human boxable labels
oi-ca7eab093b5ae2cc,data/raw/openimages/book/oi-ca7eab093b5ae2cc.jpg,10986988f2907c24f7d32bcbb388eb59276245171f084b98e41d44866fcb4fed,2,,,open-images-official,,,pending,,open_images,ca7eab093b5ae2cc,https://www.flickr.com/photos/tslac/3863064865,https://c5.staticflickr.com/3/2429/3863064865_18057638f3_o.jpg,https://open-images-dataset.s3.amazonaws.com/validation/ca7eab093b5ae2cc.jpg,Texas State Library and Archives Commission,https://creativecommons.org/licenses/by/2.0/,https://creativecommons.org/licenses/by/2.0/,oi-ca7eab093b5ae2cc,,,,,2026-10-07T17:43:56+08:00,Open Images V7 public validation image / V5 human boxable labels
oi-4e5a06da84daf5d8,data/raw/openimages/mouse/oi-4e5a06da84daf5d8.jpg,dceea3087c9f73a8799490f1d13253b921c65b02007bb4b9af669c395cc18d92,4,,,open-images-official,,,pending,,open_images,4e5a06da84daf5d8,https://www.flickr.com/photos/antoniolas/4367543346,https://c1.staticflickr.com/5/4016/4367543346_02633c809b_o.jpg,https://open-images-dataset.s3.amazonaws.com/validation/4e5a06da84daf5d8.jpg,Antonio Las,https://creativecommons.org/licenses/by/2.0/,https://creativecommons.org/licenses/by/2.0/,oi-4e5a06da84daf5d8,,,,,2026-10-07T17:43:59+08:00,Open Images V7 public validation image / V5 human boxable labels
oi-0e5613a5e521f5c5,data/raw/openimages/book/oi-0e5613a5e521f5c5.jpg,91aa290bf2ab051812697958d926d81b4c5dc4a8c6d01f27a67a74c0c8969b9b,2,,,open-images-official,,,pending,,open_images,0e5613a5e521f5c5,https://www.flickr.com/photos/shawnhargreaves/3737459891,https://farm6.staticflickr.com/3651/3737459891_0f04f6dfbf_o.jpg,https://open-images-dataset.s3.amazonaws.com/validation/0e5613a5e521f5c5.jpg,Shawn Hargreaves,https://creativecommons.org/licenses/by/2.0/,https://creativecommons.org/licenses/by/2.0/,oi-0e5613a5e521f5c5,,,,,2026-10-07T17:44:02+08:00,Open Images V7 public validation image / V5 human boxable labels
oi-aece65cdc2d9781b,data/raw/openimages/book/oi-aece65cdc2d9781b.jpg,b9d1b1c3e60c3eef82f1e10d31f4523e4950f797ea72e0350251e22bed38053d,2,,,open-images-official,,,pending,,open_images,aece65cdc2d9781b,https://www.flickr.com/photos/50826080@N00/1259071963,https://c4.staticflickr.com/2/1423/1259071963_66a047f6da_o.jpg,https://open-images-dataset.s3.amazonaws.com/validation/aece65cdc2d9781b.jpg,Stephen Bowler,https://creativecommons.org/licenses/by/2.0/,https://creativecommons.org/licenses/by/2.0/,oi-aece65cdc2d9781b,,,,,2026-10-07T17:44:05+08:00,Open Images V7 public validation image / V5 human boxable labels
oi-d38e1365450ab89e,data/raw/openimages/keyboard/oi-d38e1365450ab89e.jpg,bf4348ed4c3ec4a6008ceed6896cb91d75feffd03d6c020727934cf15504ec65,5,,,open-images-official,,,pending,,open_images,d38e1365450ab89e,https://www.flickr.com/photos/ymrl/5350550639,https://c7.staticflickr.com/6/5203/5350550639_9a733be93d_o.jpg,https://open-images-dataset.s3.amazonaws.com/validation/d38e1365450ab89e.jpg,ymrl,https://creativecommons.org/licenses/by/2.0/,https://creativecommons.org/licenses/by/2.0/,oi-d38e1365450ab89e,,,,,2026-10-07T17:44:08+08:00,Open Images V7 public validation image / V5 human boxable labels
oi-681808035e8c6442,data/raw/openimages/earphones/oi-681808035e8c6442.jpg,cc856934db4c11d4920704908cef857ec4e4b4d956ccdd0115e40ad91afa2a7e,6,,,open-images-official,,,pending,,open_images,681808035e8c6442,https://www.flickr.com/photos/vernieman/7194342536,https://farm3.staticflickr.com/7097/7194342536_a87ecfa3d0_o.jpg,https://open-images-dataset.s3.amazonaws.com/validation/681808035e8c6442.jpg,Vernon Chan,https://creativecommons.org/licenses/by/2.0/,https://creativecommons.org/licenses/by/2.0/,oi-681808035e8c6442,,,,,2026-10-07T17:44:11+08:00,Open Images V7 public validation image / V5 human boxable labels
oi-4b523b5b89444fcf,data/raw/openimages/book/oi-4b523b5b89444fcf.jpg,19e9ee7c01ee9d432b77d216eb2e5ba5860d98c9141c13d277b9bd3bc77eb20d,2,,,open-images-official,,,pending,,open_images,4b523b5b89444fcf,https://www.flickr.com/photos/toky/2181038007,https://c8.staticflickr.com/3/2110/2181038007_df83df865e_o.jpg,https://open-images-dataset.s3.amazonaws.com/validation/4b523b5b89444fcf.jpg,TOKY Branding and Design,https://creativecommons.org/licenses/by/2.0/,https://creativecommons.org/licenses/by/2.0/,oi-4b523b5b89444fcf,,,,,2026-10-07T17:44:13+08:00,Open Images V7 public validation image / V5 human boxable labels
oi-ee3d2c89a8ff0ce4,data/raw/openimages/keyboard/oi-ee3d2c89a8ff0ce4.jpg,4843eafa7cf7ba11a294891e6fa862fe446ada2e5f09055db11cdca68e88b757,5,,,open-images-official,,,pending,,open_images,ee3d2c89a8ff0ce4,https://www.flickr.com/photos/baltimike/307917392,https://farm5.staticflickr.com/114/307917392_f64692fc73_o.jpg,https://open-images-dataset.s3.amazonaws.com/validation/ee3d2c89a8ff0ce4.jpg,Mike K,https://creativecommons.org/licenses/by/2.0/,https://creativecommons.org/licenses/by/2.0/,oi-ee3d2c89a8ff0ce4,,,,,2026-10-07T17:44:16+08:00,Open Images V7 public validation image / V5 human boxable labels
oi-e918ca45aa73171c,data/raw/openimages/keyboard/oi-e918ca45aa73171c.jpg,b4c8ba1139cad46e0354d19e488b6f80b8835bb03e7e0107c289744a4377526f,5,,,open-images-official,,,pending,,open_images,e918ca45aa73171c,https://www.flickr.com/photos/joeshlabotnik/443477863,https://c5.staticflickr.com/1/210/443477863_3812f3e4ab_o.jpg,https://open-images-dataset.s3.amazonaws.com/validation/e918ca45aa73171c.jpg,Joe Shlabotnik,https://creativecommons.org/licenses/by/2.0/,https://creativecommons.org/licenses/by/2.0/,oi-e918ca45aa73171c,,,,,2026-10-07T17:44:18+08:00,Open Images V7 public validation image / V5 human boxable labels
oi-d540c2a75cbb78ea,data/raw/openimages/keyboard/oi-d540c2a75cbb78ea.jpg,3e77068218c494e372012c0bdf8095fdc1e10cd750a523109a6d843d727a9ede,5,,,open-images-official,,,pending,,open_images,d540c2a75cbb78ea,https://www.flickr.com/photos/18474854@N00/4656997785,https://c3.staticflickr.com/5/4050/4656997785_631aec1f96_o.jpg,https://open-images-dataset.s3.amazonaws.com/validation/d540c2a75cbb78ea.jpg,Joe,https://creativecommons.org/licenses/by/2.0/,https://creativecommons.org/licenses/by/2.0/,oi-d540c2a75cbb78ea,,,,,2026-10-07T17:44:21+08:00,Open Images V7 public validation image / V5 human boxable labels
oi-e4de4f4143491a9d,data/raw/openimages/keyboard/oi-e4de4f4143491a9d.jpg,9695e93883be04b7b8d6826fb4ad0cb2affcdfeaea648245671dd65baff9f7e0,5,,,open-images-official,,,pending,,open_images,e4de4f4143491a9d,https://www.flickr.com/photos/betsyweber/4913332173,https://c6.staticflickr.com/5/4074/4913332173_2d6c0686f9_o.jpg,https://open-images-dataset.s3.amazonaws.com/validation/e4de4f4143491a9d.jpg,Betsy Weber,https://creativecommons.org/licenses/by/2.0/,https://creativecommons.org/licenses/by/2.0/,oi-e4de4f4143491a9d,,,,,2026-10-07T17:44:23+08:00,Open Images V7 public validation image / V5 human boxable labels
oi-ac1d9f4001b2bb0e,data/raw/openimages/book/oi-ac1d9f4001b2bb0e.jpg,67b2d40d49457b70cf3ae9ae6486c61dc13372451374c4e383f9a542429c9472,2,,,open-images-official,,,pending,,open_images,ac1d9f4001b2bb0e,https://www.flickr.com/photos/97080909@N02/9024393357,https://c7.staticflickr.com/9/8114/9024393357_ec1058343f_o.jpg,https://open-images-dataset.s3.amazonaws.com/validation/ac1d9f4001b2bb0e.jpg,Michael Anranter,https://creativecommons.org/licenses/by/2.0/,https://creativecommons.org/licenses/by/2.0/,oi-ac1d9f4001b2bb0e,,,,,2026-10-07T17:44:26+08:00,Open Images V7 public validation image / V5 human boxable labels
oi-b60f5dde413fb23e,data/raw/openimages/cup/oi-b60f5dde413fb23e.jpg,72efe898afb5ab014b0afcffc7ab685719aeb8ac713706e30dafbdf8af46e3fc,0,,,open-images-official,,,pending,,open_images,b60f5dde413fb23e,https://www.flickr.com/photos/64148767@N00/8068954716,https://c7.staticflickr.com/9/8321/8068954716_c33b5f23b1_o.jpg,https://open-images-dataset.s3.amazonaws.com/validation/b60f5dde413fb23e.jpg,essie,https://creativecommons.org/licenses/by/2.0/,https://creativecommons.org/licenses/by/2.0/,oi-b60f5dde413fb23e,,,,,2026-10-07T17:44:28+08:00,Open Images V7 public validation image / V5 human boxable labels
oi-e3d9a16b0b22bb6f,data/raw/openimages/keyboard/oi-e3d9a16b0b22bb6f.jpg,6176eeb45a80a97369f73185bf474f5195b7d439ad2ff4472a4f0d60eb2998e8,5,,,open-images-official,,,pending,,open_images,e3d9a16b0b22bb6f,https://www.flickr.com/photos/mrbill/274832860,https://c8.staticflickr.com/1/85/274832860_ef1ae7e736_o.jpg,https://open-images-dataset.s3.amazonaws.com/validation/e3d9a16b0b22bb6f.jpg,Bill Bradford,https://creativecommons.org/licenses/by/2.0/,https://creativecommons.org/licenses/by/2.0/,oi-e3d9a16b0b22bb6f,,,,,2026-10-07T17:44:32+08:00,Open Images V7 public validation image / V5 human boxable labels
oi-7c1447593acbcab4,data/raw/openimages/book/oi-7c1447593acbcab4.jpg,c51c7056b0b22db117c52bbff111c4316cc4768acddc7b281681680c54ca88b4,2,,,open-images-official,,,pending,,open_images,7c1447593acbcab4,https://www.flickr.com/photos/120914443@N07/15824505851,https://farm5.staticflickr.com/7479/15824505851_763ee7e899_o.jpg,https://open-images-dataset.s3.amazonaws.com/validation/7c1447593acbcab4.jpg,florianlaguntzaile,https://creativecommons.org/licenses/by/2.0/,https://creativecommons.org/licenses/by/2.0/,oi-7c1447593acbcab4,,,,,2026-10-07T17:44:35+08:00,Open Images V7 public validation image / V5 human boxable labels
oi-a84bb9fa754ec7d5,data/raw/openimages/book/oi-a84bb9fa754ec7d5.jpg,1a29337d5b695cdcb7a4b3cad7d93cbaa6c74daf247a3606f5971633440e6784,2,,,open-images-official,,,pending,,open_images,a84bb9fa754ec7d5,https://www.flickr.com/photos/bobistraveling/14916298297,https://farm6.staticflickr.com/3872/14916298297_2dee90bd97_o.jpg,https://open-images-dataset.s3.amazonaws.com/validation/a84bb9fa754ec7d5.jpg,bobistraveling,https://creativecommons.org/licenses/by/2.0/,https://creativecommons.org/licenses/by/2.0/,oi-a84bb9fa754ec7d5,,,,,2026-10-07T17:44:38+08:00,Open Images V7 public validation image / V5 human boxable labels
oi-7f23e1de7320aebd,data/raw/openimages/keyboard/oi-7f23e1de7320aebd.jpg,f7c9a170ab8b40da6d5f6cadf00f49ddc9b2719215a4791ee97299ea0ece1ed3,5,,,open-images-official,,,pending,,open_images,7f23e1de7320aebd,https://www.flickr.com/photos/mkzero/17161423530,https://c6.staticflickr.com/9/8812/17161423530_9ab8e26d39_o.jpg,https://open-images-dataset.s3.amazonaws.com/validation/7f23e1de7320aebd.jpg,MKzero,https://creativecommons.org/licenses/by/2.0/,https://creativecommons.org/licenses/by/2.0/,oi-7f23e1de7320aebd,,,,,2026-10-07T17:44:40+08:00,Open Images V7 public validation image / V5 human boxable labels
oi-14d65997600bb7cd,data/raw/openimages/backpack/oi-14d65997600bb7cd.jpg,a78be4b22d9c9abd747581e5a960d52e55562a220feed5de16521889d1cde764,9,,,open-images-official,,,pending,,open_images,14d65997600bb7cd,https://www.flickr.com/photos/hejgustav/3518626337,https://c6.staticflickr.com/4/3606/3518626337_d42600e205_o.jpg,https://open-images-dataset.s3.amazonaws.com/validation/14d65997600bb7cd.jpg,Gustav Holmström,https://creativecommons.org/licenses/by/2.0/,https://creativecommons.org/licenses/by/2.0/,oi-14d65997600bb7cd,,,,,2026-10-07T17:44:43+08:00,Open Images V7 public validation image / V5 human boxable labels
oi-a296fe25ecf3f7a8,data/raw/openimages/book/oi-a296fe25ecf3f7a8.jpg,71a0652b077b580b73904295de72caf83470506cca3772635a150972a52c9d6d,2,,,open-images-official,,,pending,,open_images,a296fe25ecf3f7a8,https://www.flickr.com/photos/openknowledge/8736257599,https://c1.staticflickr.com/8/7286/8736257599_ff6bc3d4b9_o.jpg,https://open-images-dataset.s3.amazonaws.com/validation/a296fe25ecf3f7a8.jpg,Charles Greenberg,https://creativecommons.org/licenses/by/2.0/,https://creativecommons.org/licenses/by/2.0/,oi-a296fe25ecf3f7a8,,,,,2026-10-07T17:44:45+08:00,Open Images V7 public validation image / V5 human boxable labels
oi-5936c50fd0e4f5c1,data/raw/openimages/book/oi-5936c50fd0e4f5c1.jpg,236a4089b51d9d7d0bd1a5063beb1db8fce44c807f94e7ba584d6c881055ce0b,2,,,open-images-official,,,pending,,open_images,5936c50fd0e4f5c1,https://www.flickr.com/photos/takahiro1983/3209182687,https://farm2.staticflickr.com/3115/3209182687_18fa99503b_o.jpg,https://open-images-dataset.s3.amazonaws.com/validation/5936c50fd0e4f5c1.jpg,hiroshi ataka,https://creativecommons.org/licenses/by/2.0/,https://creativecommons.org/licenses/by/2.0/,oi-5936c50fd0e4f5c1,,,,,2026-10-07T17:44:49+08:00,Open Images V7 public validation image / V5 human boxable labels
oi-db124081108638ea,data/raw/openimages/book/oi-db124081108638ea.jpg,d3fa8be57617f296a076e531ca7840163a477f5b12d4d3bd2b6c3a8d6a1e616b,2,,,open-images-official,,,pending,,open_images,db124081108638ea,https://www.flickr.com/photos/irinaslutsky/2206369960,https://c3.staticflickr.com/3/2320/2206369960_ccb26d807e_o.jpg,https://open-images-dataset.s3.amazonaws.com/validation/db124081108638ea.jpg,irina slutsky,https://creativecommons.org/licenses/by/2.0/,https://creativecommons.org/licenses/by/2.0/,oi-db124081108638ea,,,,,2026-10-07T17:44:52+08:00,Open Images V7 public validation image / V5 human boxable labels
oi-52072b5c865a4f30,data/raw/openimages/cup/oi-52072b5c865a4f30.jpg,d1f3978e5991f099764426d103e5160db272fba1fe5fc77966835131c2da2dd9,0,,,open-images-official,,,pending,,open_images,52072b5c865a4f30,https://www.flickr.com/photos/m-nicolson/3115946285,https://farm1.staticflickr.com/3140/3115946285_945ebb5d65_o.jpg,https://open-images-dataset.s3.amazonaws.com/validation/52072b5c865a4f30.jpg,Mark Nicolson,https://creativecommons.org/licenses/by/2.0/,https://creativecommons.org/licenses/by/2.0/,oi-52072b5c865a4f30,,,,,2026-10-07T17:44:54+08:00,Open Images V7 public validation image / V5 human boxable labels
oi-22009267df1eef43,data/raw/openimages/umbrella/oi-22009267df1eef43.jpg,50bc5c19010c0aef911936e5e10df3cf6043f6fddeb0f70ebcd74fd8bffa9ad4,1,,,open-images-official,,,pending,,open_images,22009267df1eef43,https://www.flickr.com/photos/sackerman519/7183451820/,https://farm4.staticflickr.com/7071/7183451820_9342601830_o.jpg,https://open-images-dataset.s3.amazonaws.com/validation/22009267df1eef43.jpg,Sarah_Ackerman,https://creativecommons.org/licenses/by/2.0/,https://creativecommons.org/licenses/by/2.0/,oi-22009267df1eef43,,,,,2026-10-07T17:44:57+08:00,Open Images V7 public validation image / V5 human boxable labels
oi-e3847c796a5943b4,data/raw/openimages/cup/oi-e3847c796a5943b4.jpg,4c07e96f79ad2977a17bfa5fa3b01347ea895677deaba56923419f8703160681,0,,,open-images-official,,,pending,,open_images,e3847c796a5943b4,https://www.flickr.com/photos/twobee/8110947834,https://farm5.staticflickr.com/8333/8110947834_780a365c36_o.jpg,https://open-images-dataset.s3.amazonaws.com/validation/e3847c796a5943b4.jpg,Bianca Moraes,https://creativecommons.org/licenses/by/2.0/,https://creativecommons.org/licenses/by/2.0/,oi-e3847c796a5943b4,,,,,2026-10-07T17:44:59+08:00,Open Images V7 public validation image / V5 human boxable labels
oi-a09ff3a4b88d6f97,data/raw/openimages/book/oi-a09ff3a4b88d6f97.jpg,2f0ad945a29a067f64f37843dd4e69bb36f4e52192305bffb0889ad64733aed1,2,,,open-images-official,,,pending,,open_images,a09ff3a4b88d6f97,https://www.flickr.com/photos/mellis/2373450535,https://farm8.staticflickr.com/2068/2373450535_48ea72503d_o.jpg,https://open-images-dataset.s3.amazonaws.com/validation/a09ff3a4b88d6f97.jpg,David Mellis,https://creativecommons.org/licenses/by/2.0/,https://creativecommons.org/licenses/by/2.0/,oi-a09ff3a4b88d6f97,,,,,2026-10-07T17:45:03+08:00,Open Images V7 public validation image / V5 human boxable labels
oi-4f102a41ab8276b0,data/raw/openimages/earphones/oi-4f102a41ab8276b0.jpg,97bc3bc92a4b98b412a678ab24582d6696382bb40aae0a409ffba05c6beb6cc6,6,,,open-images-official,,,pending,,open_images,4f102a41ab8276b0,https://www.flickr.com/photos/sunil_soundarapandian/16201435753,https://farm1.staticflickr.com/8588/16201435753_0993792f37_o.jpg,https://open-images-dataset.s3.amazonaws.com/validation/4f102a41ab8276b0.jpg,Sunil Soundarapandian,https://creativecommons.org/licenses/by/2.0/,https://creativecommons.org/licenses/by/2.0/,oi-4f102a41ab8276b0,,,,,2026-10-07T17:45:06+08:00,Open Images V7 public validation image / V5 human boxable labels
oi-a815c88a0652f743,data/raw/openimages/book/oi-a815c88a0652f743.jpg,42991dbe6434c86d0ecf2b9c04790902377d01836735e4ab41e05f4b9175d3c1,2,,,open-images-official,,,pending,,open_images,a815c88a0652f743,https://www.flickr.com/photos/antonymayfield/4353775999,https://farm4.staticflickr.com/2744/4353775999_0830c22380_o.jpg,https://open-images-dataset.s3.amazonaws.com/validation/a815c88a0652f743.jpg,antony_mayfield,https://creativecommons.org/licenses/by/2.0/,https://creativecommons.org/licenses/by/2.0/,oi-a815c88a0652f743,,,,,2026-10-07T17:45:09+08:00,Open Images V7 public validation image / V5 human boxable labels
oi-6ee72e953b30a67b,data/raw/openimages/mouse/oi-6ee72e953b30a67b.jpg,bfc2107dfa2885cbf5a91e23eafd0bdd4e55145c220719da9f5a250a0206a2d8,4,,,open-images-official,,,pending,,open_images,6ee72e953b30a67b,https://www.flickr.com/photos/geojono/368050222,https://c4.staticflickr.com/1/173/368050222_0df14b8973_o.jpg,https://open-images-dataset.s3.amazonaws.com/validation/6ee72e953b30a67b.jpg,Jono Martin,https://creativecommons.org/licenses/by/2.0/,https://creativecommons.org/licenses/by/2.0/,oi-6ee72e953b30a67b,,,,,2026-10-07T17:45:12+08:00,Open Images V7 public validation image / V5 human boxable labels
oi-c95d9c2d3db9c72c,data/raw/openimages/mouse/oi-c95d9c2d3db9c72c.jpg,89de14331e194e8c1ec38c771acfb6d83ed4fa73a175c878b35e00a3650a3b98,4,,,open-images-official,,,pending,,open_images,c95d9c2d3db9c72c,https://www.flickr.com/photos/armydre2008/3332094346,https://c5.staticflickr.com/4/3662/3332094346_023a738117_o.jpg,https://open-images-dataset.s3.amazonaws.com/validation/c95d9c2d3db9c72c.jpg,frankieleon,https://creativecommons.org/licenses/by/2.0/,https://creativecommons.org/licenses/by/2.0/,oi-c95d9c2d3db9c72c,,,,,2026-10-07T17:45:14+08:00,Open Images V7 public validation image / V5 human boxable labels
oi-ed4fcc1defe53f54,data/raw/openimages/keyboard/oi-ed4fcc1defe53f54.jpg,b502e89f2548a8d279d83af8f7b5e54656669cceda8bc662a0df38d1bd625f3d,5,,,open-images-official,,,pending,,open_images,ed4fcc1defe53f54,https://www.flickr.com/photos/cinz/10796440786,https://farm5.staticflickr.com/5512/10796440786_c737114e75_o.jpg,https://open-images-dataset.s3.amazonaws.com/validation/ed4fcc1defe53f54.jpg,Shinji,https://creativecommons.org/licenses/by/2.0/,https://creativecommons.org/licenses/by/2.0/,oi-ed4fcc1defe53f54,,,,,2026-10-07T17:45:18+08:00,Open Images V7 public validation image / V5 human boxable labels
oi-780a4baa7c50d6e8,data/raw/openimages/cup/oi-780a4baa7c50d6e8.jpg,49361b835e965cdfc0ad9f163ca97c57729fa20b4c87cfed83e507f610e8e21e,0,,,open-images-official,,,pending,,open_images,780a4baa7c50d6e8,https://www.flickr.com/photos/pixel-sallo/16122341715,https://c1.staticflickr.com/9/8595/16122341715_ef086fe339_o.jpg,https://open-images-dataset.s3.amazonaws.com/validation/780a4baa7c50d6e8.jpg,Stefan Salich,https://creativecommons.org/licenses/by/2.0/,https://creativecommons.org/licenses/by/2.0/,oi-780a4baa7c50d6e8,,,,,2026-10-07T17:45:21+08:00,Open Images V7 public validation image / V5 human boxable labels
oi-5e7860330b1ce233,data/raw/openimages/cup/oi-5e7860330b1ce233.jpg,85e837dd4cba662e19873b0587ee1733e449f1fe19b46a84a8df412c2c51aaf9,0,,,open-images-official,,,pending,,open_images,5e7860330b1ce233,https://www.flickr.com/photos/scottfeldstein/421413768,https://farm4.staticflickr.com/183/421413768_5527889fb5_o.jpg,https://open-images-dataset.s3.amazonaws.com/validation/5e7860330b1ce233.jpg,scott feldstein,https://creativecommons.org/licenses/by/2.0/,https://creativecommons.org/licenses/by/2.0/,oi-5e7860330b1ce233,,,,,2026-10-07T17:45:23+08:00,Open Images V7 public validation image / V5 human boxable labels
oi-47376812f3fd3aa4,data/raw/openimages/earphones/oi-47376812f3fd3aa4.jpg,3de96c59ae579b3ebde9b36699710004bd6993904cd6282748c847ff658693e0,6,,,open-images-official,,,pending,,open_images,47376812f3fd3aa4,https://www.flickr.com/photos/batega/1475739236,https://farm5.staticflickr.com/1201/1475739236_63419c71d9_o.jpg,https://open-images-dataset.s3.amazonaws.com/validation/47376812f3fd3aa4.jpg,Josep Ma. Rosell,https://creativecommons.org/licenses/by/2.0/,https://creativecommons.org/licenses/by/2.0/,oi-47376812f3fd3aa4,,,,,2026-10-07T17:45:25+08:00,Open Images V7 public validation image / V5 human boxable labels
oi-eb4e5610ecbd134b,data/raw/openimages/book/oi-eb4e5610ecbd134b.jpg,cefcd41674d72cb51ccddd6a4389c2fb8b189700d69db4ca96c85db5e9737508,2,,,open-images-official,,,pending,,open_images,eb4e5610ecbd134b,https://www.flickr.com/photos/menlopics/7593965110/,https://c4.staticflickr.com/9/8286/7593965110_336e87fae8_o.jpg,https://open-images-dataset.s3.amazonaws.com/validation/eb4e5610ecbd134b.jpg,Menlo Innovations,https://creativecommons.org/licenses/by/2.0/,https://creativecommons.org/licenses/by/2.0/,oi-eb4e5610ecbd134b,,,,,2026-10-07T17:45:29+08:00,Open Images V7 public validation image / V5 human boxable labels
oi-23a87f441fbef58b,data/raw/openimages/umbrella/oi-23a87f441fbef58b.jpg,cc01b501a0cb3d0f5a684edacf44e5a3c47c01bb2055dd596928ad18553fdfa6,1,,,open-images-official,,,pending,,open_images,23a87f441fbef58b,https://www.flickr.com/photos/34397518@N07/8230939165,https://c4.staticflickr.com/9/8209/8230939165_ef5a627690_o.jpg,https://open-images-dataset.s3.amazonaws.com/validation/23a87f441fbef58b.jpg,uponlinestore,https://creativecommons.org/licenses/by/2.0/,https://creativecommons.org/licenses/by/2.0/,oi-23a87f441fbef58b,,,,,2026-10-07T17:45:32+08:00,Open Images V7 public validation image / V5 human boxable labels
oi-398328305b2ed3d7,data/raw/openimages/mouse/oi-398328305b2ed3d7.jpg,dd0ab83c6fbcdc6bf0b1c0ef873b65f4e61672339adc4b4c4fbe2d0a608a970a,4,,,open-images-official,,,pending,,open_images,398328305b2ed3d7,https://www.flickr.com/photos/free-stock/4817557344,https://farm8.staticflickr.com/4101/4817557344_b0c0e1b878_o.jpg,https://open-images-dataset.s3.amazonaws.com/validation/398328305b2ed3d7.jpg,Emilian Robert Vicol,https://creativecommons.org/licenses/by/2.0/,https://creativecommons.org/licenses/by/2.0/,oi-398328305b2ed3d7,,,,,2026-10-07T17:45:34+08:00,Open Images V7 public validation image / V5 human boxable labels
oi-505b4f9c1d24d83b,data/raw/openimages/book/oi-505b4f9c1d24d83b.jpg,39f0603a165a320b108fbfc1886dbaf547a979cda21acac2acd119cb1ad5b61b,2,,,open-images-official,,,pending,,open_images,505b4f9c1d24d83b,https://www.flickr.com/photos/bradmontgomery/5251959904,https://c4.staticflickr.com/6/5285/5251959904_c6e1147d9f_o.jpg,https://open-images-dataset.s3.amazonaws.com/validation/505b4f9c1d24d83b.jpg,Brad Montgomery,https://creativecommons.org/licenses/by/2.0/,https://creativecommons.org/licenses/by/2.0/,oi-505b4f9c1d24d83b,,,,,2026-10-07T17:45:36+08:00,Open Images V7 public validation image / V5 human boxable labels
oi-a7e5d2727af4299d,data/raw/openimages/keyboard/oi-a7e5d2727af4299d.jpg,245ca65368ad9c8816bfc32275e43a24570872a0e701dca26f569f4856a8b1f2,5,,,open-images-official,,,pending,,open_images,a7e5d2727af4299d,https://www.flickr.com/photos/mr_rcollins/6990021012,https://c6.staticflickr.com/9/8150/6990021012_b3b2b2e68c_o.jpg,https://open-images-dataset.s3.amazonaws.com/validation/a7e5d2727af4299d.jpg,mr.rcollins,https://creativecommons.org/licenses/by/2.0/,https://creativecommons.org/licenses/by/2.0/,oi-a7e5d2727af4299d,,,,,2026-10-07T17:45:38+08:00,Open Images V7 public validation image / V5 human boxable labels
oi-e0d6f90eaaed08e7,data/raw/openimages/book/oi-e0d6f90eaaed08e7.jpg,f1a1e0d63838e0611712441ac764719c66c5a6711f8ffccfcb3882b0972e288b,2,,,open-images-official,,,pending,,open_images,e0d6f90eaaed08e7,https://www.flickr.com/photos/micalangelone/3009531788/,https://farm8.staticflickr.com/3250/3009531788_97dcd75e3f_o.jpg,https://open-images-dataset.s3.amazonaws.com/validation/e0d6f90eaaed08e7.jpg,micalangelone,https://creativecommons.org/licenses/by/2.0/,https://creativecommons.org/licenses/by/2.0/,oi-e0d6f90eaaed08e7,,,,,2026-10-07T17:45:42+08:00,Open Images V7 public validation image / V5 human boxable labels
oi-56a7cff15cdb2009,data/raw/openimages/backpack/oi-56a7cff15cdb2009.jpg,c3fa4509acc8e01d5af412be5554ce4f89c7cdfd55f2cdec0ee79e972008c4d5,9,,,open-images-official,,,pending,,open_images,56a7cff15cdb2009,https://www.flickr.com/photos/zeerood/8633406471,https://c2.staticflickr.com/9/8386/8633406471_e2a5ab7de8_o.jpg,https://open-images-dataset.s3.amazonaws.com/validation/56a7cff15cdb2009.jpg,Simon,https://creativecommons.org/licenses/by/2.0/,https://creativecommons.org/licenses/by/2.0/,oi-56a7cff15cdb2009,,,,,2026-10-07T17:45:45+08:00,Open Images V7 public validation image / V5 human boxable labels
oi-14be91e9e9170798,data/raw/openimages/keyboard/oi-14be91e9e9170798.jpg,0175257226b2ec76cef348824c000670103541e60929feee9bdc5a3e029f9fd0,5,,,open-images-official,,,pending,,open_images,14be91e9e9170798,https://www.flickr.com/photos/guwashi999/2403410016,https://farm3.staticflickr.com/2137/2403410016_922c878c6c_o.jpg,https://open-images-dataset.s3.amazonaws.com/validation/14be91e9e9170798.jpg,Guwashi999,https://creativecommons.org/licenses/by/2.0/,https://creativecommons.org/licenses/by/2.0/,oi-14be91e9e9170798,,,,,2026-10-07T17:45:48+08:00,Open Images V7 public validation image / V5 human boxable labels
oi-838de5e8518cde16,data/raw/openimages/cup/oi-838de5e8518cde16.jpg,1ab24985128300bbdb69b2f26514b1f63f0a707bc38ebdbf0b63cdbd094607dc,0,,,open-images-official,,,pending,,open_images,838de5e8518cde16,https://www.flickr.com/photos/mediasavvy/15953517813,https://farm7.staticflickr.com/7374/15953517813_b294125c67_o.jpg,https://open-images-dataset.s3.amazonaws.com/validation/838de5e8518cde16.jpg,BeckyCortino,https://creativecommons.org/licenses/by/2.0/,https://creativecommons.org/licenses/by/2.0/,oi-838de5e8518cde16,,,,,2026-10-07T17:45:51+08:00,Open Images V7 public validation image / V5 human boxable labels
oi-96dac0044fbddc36,data/raw/openimages/keyboard/oi-96dac0044fbddc36.jpg,afdf93b43df3777e63b6c1f452847bda7e2ddf0e77899890161ed652e4aec8a5,5,,,open-images-official,,,pending,,open_images,96dac0044fbddc36,https://www.flickr.com/photos/insidious_plots/4101477686,https://farm7.staticflickr.com/2498/4101477686_4f0034776f_o.jpg,https://open-images-dataset.s3.amazonaws.com/validation/96dac0044fbddc36.jpg,christopher cornelius,https://creativecommons.org/licenses/by/2.0/,https://creativecommons.org/licenses/by/2.0/,oi-96dac0044fbddc36,,,,,2026-10-07T17:45:54+08:00,Open Images V7 public validation image / V5 human boxable labels
oi-0908dd33cf950266,data/raw/openimages/earphones/oi-0908dd33cf950266.jpg,b5ba67e447c79ff25cdd01fb01d76e948fa8fc45322293f770ddd433dc67f4cc,6,,,open-images-official,,,pending,,open_images,0908dd33cf950266,https://www.flickr.com/photos/orinrobertjohn/2559333952,https://farm7.staticflickr.com/3272/2559333952_d4ee4a70fb_o.jpg,https://open-images-dataset.s3.amazonaws.com/validation/0908dd33cf950266.jpg,Orin Zebest,https://creativecommons.org/licenses/by/2.0/,https://creativecommons.org/licenses/by/2.0/,oi-0908dd33cf950266,,,,,2026-10-07T17:45:57+08:00,Open Images V7 public validation image / V5 human boxable labels
oi-af77c5cfa195ea0c,data/raw/openimages/earphones/oi-af77c5cfa195ea0c.jpg,ddba384ab44725d0f1044d04f90784f83e1e0f9ce9d889a172ff15ede97199be,6,,,open-images-official,,,pending,,open_images,af77c5cfa195ea0c,https://www.flickr.com/photos/jvcamerica/6140608340,https://c5.staticflickr.com/7/6089/6140608340_7854d20da6_o.jpg,https://open-images-dataset.s3.amazonaws.com/validation/af77c5cfa195ea0c.jpg,JVCAmerica,https://creativecommons.org/licenses/by/2.0/,https://creativecommons.org/licenses/by/2.0/,oi-af77c5cfa195ea0c,,,,,2026-10-07T17:46:00+08:00,Open Images V7 public validation image / V5 human boxable labels
oi-5e831cbdbb666c0d,data/raw/openimages/earphones/oi-5e831cbdbb666c0d.jpg,54b018c9b395897361dd5d389daef4c90cd0c095ff8402b6a6fbe40c89cc1bfb,6,,,open-images-official,,,pending,,open_images,5e831cbdbb666c0d,https://www.flickr.com/photos/lesliejones_rstrctd/8404382447/,https://c6.staticflickr.com/9/8359/8404382447_31dc314987_o.jpg,https://open-images-dataset.s3.amazonaws.com/validation/5e831cbdbb666c0d.jpg,Leslie Jones,https://creativecommons.org/licenses/by/2.0/,https://creativecommons.org/licenses/by/2.0/,oi-5e831cbdbb666c0d,,,,,2026-10-07T17:46:03+08:00,Open Images V7 public validation image / V5 human boxable labels
oi-20d72fbd291c1f84,data/raw/openimages/keyboard/oi-20d72fbd291c1f84.jpg,fa99fbd24d53f45faa53ce92e5ef2c9298dc78dc3c1b6502f7b55316ba0c0760,5,,,open-images-official,,,pending,,open_images,20d72fbd291c1f84,https://www.flickr.com/photos/rocketboom/4442467842,https://farm5.staticflickr.com/4068/4442467842_f919db4ce6_o.jpg,https://open-images-dataset.s3.amazonaws.com/validation/20d72fbd291c1f84.jpg,Parker Knight,https://creativecommons.org/licenses/by/2.0/,https://creativecommons.org/licenses/by/2.0/,oi-20d72fbd291c1f84,,,,,2026-10-07T17:46:06+08:00,Open Images V7 public validation image / V5 human boxable labels
oi-e7bf630c163e9cbe,data/raw/openimages/mouse/oi-e7bf630c163e9cbe.jpg,48314663afa4ad2dec5a4a570cfd584d1169387d8b4bfeec4a9b329d1c4c4909,4,,,open-images-official,,,pending,,open_images,e7bf630c163e9cbe,https://www.flickr.com/photos/37709691@N05/16731670197,https://c7.staticflickr.com/8/7288/16731670197_e0681d1b36_o.jpg,https://open-images-dataset.s3.amazonaws.com/validation/e7bf630c163e9cbe.jpg,Daniele Adami,https://creativecommons.org/licenses/by/2.0/,https://creativecommons.org/licenses/by/2.0/,oi-e7bf630c163e9cbe,,,,,2026-10-07T17:46:09+08:00,Open Images V7 public validation image / V5 human boxable labels
oi-f8ca116285a527c4,data/raw/openimages/umbrella/oi-f8ca116285a527c4.jpg,d214192a5aac41aaddc7b4c701f0d2cfbaec51c935a79c1cfa1c82a1ed882ef9,1,,,open-images-official,,,pending,,open_images,f8ca116285a527c4,https://www.flickr.com/photos/caspargirl/7531060532/,https://farm5.staticflickr.com/8009/7531060532_5aa988e1ec_o.jpg,https://open-images-dataset.s3.amazonaws.com/validation/f8ca116285a527c4.jpg,CasparGirl,https://creativecommons.org/licenses/by/2.0/,https://creativecommons.org/licenses/by/2.0/,oi-f8ca116285a527c4,,,,,2026-10-07T17:46:12+08:00,Open Images V7 public validation image / V5 human boxable labels
oi-3c8454d0ff068b71,data/raw/openimages/earphones/oi-3c8454d0ff068b71.jpg,4ad31527af31ff14d02d9b8db0db77321abca98833b10888f503f66a4eb1707d,6,,,open-images-official,,,pending,,open_images,3c8454d0ff068b71,https://www.flickr.com/photos/junit16/6078796724,https://farm2.staticflickr.com/6194/6078796724_a300ed2b4d_o.jpg,https://open-images-dataset.s3.amazonaws.com/validation/3c8454d0ff068b71.jpg,Javonni Christopher,https://creativecommons.org/licenses/by/2.0/,https://creativecommons.org/licenses/by/2.0/,oi-3c8454d0ff068b71,,,,,2026-10-07T17:46:14+08:00,Open Images V7 public validation image / V5 human boxable labels
oi-9179c65d79619957,data/raw/openimages/keyboard/oi-9179c65d79619957.jpg,9c6a70450c70b0b31efd8a9da0a2076b414d80da9fcbae198d71fc0f027cf7ef,5,,,open-images-official,,,pending,,open_images,9179c65d79619957,https://www.flickr.com/photos/aurelian_s/3826017498,https://farm8.staticflickr.com/2537/3826017498_8704cd46fb_o.jpg,https://open-images-dataset.s3.amazonaws.com/validation/9179c65d79619957.jpg,Aurelian Săndulescu (:,https://creativecommons.org/licenses/by/2.0/,https://creativecommons.org/licenses/by/2.0/,oi-9179c65d79619957,,,,,2026-10-07T17:46:16+08:00,Open Images V7 public validation image / V5 human boxable labels
oi-0e09767b7dab9237,data/raw/openimages/keyboard/oi-0e09767b7dab9237.jpg,983ad2800f0cd327c30d9b241e6a6b9319a5f42dcffc51ded44e4e6bd12706ad,5,,,open-images-official,,,pending,,open_images,0e09767b7dab9237,https://www.flickr.com/photos/butterflysha/59504871,https://farm8.staticflickr.com/26/59504871_e9573f9cda_o.jpg,https://open-images-dataset.s3.amazonaws.com/validation/0e09767b7dab9237.jpg,fly,https://creativecommons.org/licenses/by/2.0/,https://creativecommons.org/licenses/by/2.0/,oi-0e09767b7dab9237,,,,,2026-10-07T17:46:18+08:00,Open Images V7 public validation image / V5 human boxable labels
oi-afb9e722b91f70da,data/raw/openimages/keyboard/oi-afb9e722b91f70da.jpg,409e788ae9f8f264f8679d5a54ab51bde1a61376db3a571a83a47b7194a3c476,5,,,open-images-official,,,pending,,open_images,afb9e722b91f70da,https://www.flickr.com/photos/toprankblog/1189440249,https://c3.staticflickr.com/2/1336/1189440249_3ab971dadf_o.jpg,https://open-images-dataset.s3.amazonaws.com/validation/afb9e722b91f70da.jpg,TopRank Online Marketing,https://creativecommons.org/licenses/by/2.0/,https://creativecommons.org/licenses/by/2.0/,oi-afb9e722b91f70da,,,,,2026-10-07T17:46:20+08:00,Open Images V7 public validation image / V5 human boxable labels
oi-a4afbc7697bdf23c,data/raw/openimages/book/oi-a4afbc7697bdf23c.jpg,a01f2bd1befa20868f4e45f6b1c9be0a58728673852c4af45e1e2932bebad82a,2,,,open-images-official,,,pending,,open_images,a4afbc7697bdf23c,https://www.flickr.com/photos/amanda-pants/8578020520,https://c5.staticflickr.com/9/8096/8578020520_12572a8a71_o.jpg,https://open-images-dataset.s3.amazonaws.com/validation/a4afbc7697bdf23c.jpg,Amanda O&#x27;Brien,https://creativecommons.org/licenses/by/2.0/,https://creativecommons.org/licenses/by/2.0/,oi-a4afbc7697bdf23c,,,,,2026-10-07T17:46:23+08:00,Open Images V7 public validation image / V5 human boxable labels
oi-3a29f0b33894d4a6,data/raw/openimages/book/oi-3a29f0b33894d4a6.jpg,65b3ef6dc41d7e291b405952438192a278bca4d2d181734a93c17b740256d79b,2,,,open-images-official,,,pending,,open_images,3a29f0b33894d4a6,https://www.flickr.com/photos/cofrin_library/4093454459,https://farm7.staticflickr.com/2519/4093454459_cf0557acac_o.jpg,https://open-images-dataset.s3.amazonaws.com/validation/3a29f0b33894d4a6.jpg,Cofrin Library,https://creativecommons.org/licenses/by/2.0/,https://creativecommons.org/licenses/by/2.0/,oi-3a29f0b33894d4a6,,,,,2026-10-07T17:46:26+08:00,Open Images V7 public validation image / V5 human boxable labels
oi-2a4a981209d491b5,data/raw/openimages/book/oi-2a4a981209d491b5.jpg,576f4c2545951544a4df18a0abb1ca16ad24e17d9b0aeca2994ddd8860213b0e,2,,,open-images-official,,,pending,,open_images,2a4a981209d491b5,https://www.flickr.com/photos/gonmi/9405022867,https://farm6.staticflickr.com/5477/9405022867_05ee5ed31d_o.jpg,https://open-images-dataset.s3.amazonaws.com/validation/2a4a981209d491b5.jpg,Nacho,https://creativecommons.org/licenses/by/2.0/,https://creativecommons.org/licenses/by/2.0/,oi-2a4a981209d491b5,,,,,2026-10-07T17:46:29+08:00,Open Images V7 public validation image / V5 human boxable labels
oi-ed6fd1df89836efe,data/raw/openimages/mouse/oi-ed6fd1df89836efe.jpg,fea99b453bebec544653bca35ab75ad1cf4ae9cc5a702b0fad5c69b02751ba2f,4,,,open-images-official,,,pending,,open_images,ed6fd1df89836efe,https://www.flickr.com/photos/anantablamichhane/437772694,https://c7.staticflickr.com/1/162/437772694_644f1a995d_o.jpg,https://open-images-dataset.s3.amazonaws.com/validation/ed6fd1df89836efe.jpg,Ananta Bhadra Lamichhane,https://creativecommons.org/licenses/by/2.0/,https://creativecommons.org/licenses/by/2.0/,oi-ed6fd1df89836efe,,,,,2026-10-07T17:46:31+08:00,Open Images V7 public validation image / V5 human boxable labels
oi-bf002ecd75305f97,data/raw/openimages/umbrella/oi-bf002ecd75305f97.jpg,bd4589da6d5d1f766509b634083346b125a6c0a6e063d108fe295d032687cc3e,1,,,open-images-official,,,pending,,open_images,bf002ecd75305f97,https://www.flickr.com/photos/24641143@N03/2343099654,https://farm8.staticflickr.com/3135/2343099654_0765fddf59_o.jpg,https://open-images-dataset.s3.amazonaws.com/validation/bf002ecd75305f97.jpg,nadia &amp; massimo,https://creativecommons.org/licenses/by/2.0/,https://creativecommons.org/licenses/by/2.0/,oi-bf002ecd75305f97,,,,,2026-10-07T17:46:34+08:00,Open Images V7 public validation image / V5 human boxable labels
oi-6e9dcdbee43b0346,data/raw/openimages/book/oi-6e9dcdbee43b0346.jpg,4b4611b4db740d37877b62c2dd9e641b5c04375b962f05fdf03f2ed6c5865367,2,,,open-images-official,,,pending,,open_images,6e9dcdbee43b0346,https://www.flickr.com/photos/31403074@N00/3515753460,https://farm7.staticflickr.com/3608/3515753460_dc017742db_o.jpg,https://open-images-dataset.s3.amazonaws.com/validation/6e9dcdbee43b0346.jpg,{| h.e.a.t.h.e.r |},https://creativecommons.org/licenses/by/2.0/,https://creativecommons.org/licenses/by/2.0/,oi-6e9dcdbee43b0346,,,,,2026-10-07T17:46:36+08:00,Open Images V7 public validation image / V5 human boxable labels
oi-aebdb96fb1f4efe1,data/raw/openimages/book/oi-aebdb96fb1f4efe1.jpg,6144f24726befe4f13ea4af96c665b827662a9c057e18cb6cde124bc06266e36,2,,,open-images-official,,,pending,,open_images,aebdb96fb1f4efe1,https://www.flickr.com/photos/bagogames/17126782157,https://farm2.staticflickr.com/7725/17126782157_15b7f8c4c1_o.jpg,https://open-images-dataset.s3.amazonaws.com/validation/aebdb96fb1f4efe1.jpg,BagoGames,https://creativecommons.org/licenses/by/2.0/,https://creativecommons.org/licenses/by/2.0/,oi-aebdb96fb1f4efe1,,,,,2026-10-07T17:46:39+08:00,Open Images V7 public validation image / V5 human boxable labels
oi-12b999f7e3b75de1,data/raw/openimages/umbrella/oi-12b999f7e3b75de1.jpg,cf9b593a4dba382e973154632272545ecbe89bca5eaba7b1e7d0920d8b05e44c,1,,,open-images-official,,,pending,,open_images,12b999f7e3b75de1,https://www.flickr.com/photos/editor/7934159350,https://farm2.staticflickr.com/8182/7934159350_58b0a97f16_o.jpg,https://open-images-dataset.s3.amazonaws.com/validation/12b999f7e3b75de1.jpg,Bart Everson,https://creativecommons.org/licenses/by/2.0/,https://creativecommons.org/licenses/by/2.0/,oi-12b999f7e3b75de1,,,,,2026-10-07T17:46:41+08:00,Open Images V7 public validation image / V5 human boxable labels
oi-e12d3e0517297b73,data/raw/openimages/cup/oi-e12d3e0517297b73.jpg,fd5a11a16eff4c3888c1b110fd58cda77648804ad037a16025094659029b786f,0,,,open-images-official,,,pending,,open_images,e12d3e0517297b73,https://www.flickr.com/photos/darioalvarez/13331653244,https://farm4.staticflickr.com/7371/13331653244_bda2f7fba9_o.jpg,https://open-images-dataset.s3.amazonaws.com/validation/e12d3e0517297b73.jpg,Dario Alvarez,https://creativecommons.org/licenses/by/2.0/,https://creativecommons.org/licenses/by/2.0/,oi-e12d3e0517297b73,,,,,2026-10-07T17:46:45+08:00,Open Images V7 public validation image / V5 human boxable labels
oi-2ab108bbaa221cd7,data/raw/openimages/backpack/oi-2ab108bbaa221cd7.jpg,10deae97afbc71b9bced620025864d35a30b6b554998ac2c101e0ab44d847338,9,,,open-images-official,,,pending,,open_images,2ab108bbaa221cd7,https://www.flickr.com/photos/57634952@N00/16095014865,https://farm8.staticflickr.com/8660/16095014865_154d7aa8af_o.jpg,https://open-images-dataset.s3.amazonaws.com/validation/2ab108bbaa221cd7.jpg,Khairil Yusof,https://creativecommons.org/licenses/by/2.0/,https://creativecommons.org/licenses/by/2.0/,oi-2ab108bbaa221cd7,,,,,2026-10-07T17:46:47+08:00,Open Images V7 public validation image / V5 human boxable labels
oi-a0e14c71c9a72b6b,data/raw/openimages/book/oi-a0e14c71c9a72b6b.jpg,c4313b756e3f0a876398234dfda552c1bb21a75cdf7b4335e4e69b667a52e04b,2,,,open-images-official,,,pending,,open_images,a0e14c71c9a72b6b,https://www.flickr.com/photos/isfullofcrap/17000616434,https://c4.staticflickr.com/9/8793/17000616434_e5804a183d_o.jpg,https://open-images-dataset.s3.amazonaws.com/validation/a0e14c71c9a72b6b.jpg,Laurence Simon (Crap Mariner),https://creativecommons.org/licenses/by/2.0/,https://creativecommons.org/licenses/by/2.0/,oi-a0e14c71c9a72b6b,,,,,2026-10-07T17:46:50+08:00,Open Images V7 public validation image / V5 human boxable labels
oi-86a6366f57093823,data/raw/openimages/book/oi-86a6366f57093823.jpg,220f4e7178aa3c71e6c0b70c869901b41f56e99d40c775987569a0aa0ddd29e1,2,,,open-images-official,,,pending,,open_images,86a6366f57093823,https://www.flickr.com/photos/127851964@N04/15071851437,https://farm4.staticflickr.com/3912/15071851437_acb8baf6eb_o.jpg,https://open-images-dataset.s3.amazonaws.com/validation/86a6366f57093823.jpg,Biblioteca Popular Hormiguero Cultural,https://creativecommons.org/licenses/by/2.0/,https://creativecommons.org/licenses/by/2.0/,oi-86a6366f57093823,,,,,2026-10-07T17:46:52+08:00,Open Images V7 public validation image / V5 human boxable labels
oi-1992db553680cac6,data/raw/openimages/umbrella/oi-1992db553680cac6.jpg,4ee9c7dcec02084012dbb474ae431638837e05eaac84bca6b2a7e6a5d499241a,1,,,open-images-official,,,pending,,open_images,1992db553680cac6,https://www.flickr.com/photos/tacitrequiem/8761293735,https://farm7.staticflickr.com/8273/8761293735_7b291b94ea_o.jpg,https://open-images-dataset.s3.amazonaws.com/validation/1992db553680cac6.jpg,tacit requiem (joanneQEscober ),https://creativecommons.org/licenses/by/2.0/,https://creativecommons.org/licenses/by/2.0/,oi-1992db553680cac6,,,,,2026-10-07T17:46:56+08:00,Open Images V7 public validation image / V5 human boxable labels
oi-bf6233a2802c96c8,data/raw/openimages/backpack/oi-bf6233a2802c96c8.jpg,7ed96f3d80db0527578908ec408629b36c5d9b807835b0c6ffda213fdc9fad32,9,,,open-images-official,,,pending,,open_images,bf6233a2802c96c8,https://www.flickr.com/photos/ingermaaike2/5254299488,https://c1.staticflickr.com/6/5243/5254299488_3392bd0d48_o.jpg,https://open-images-dataset.s3.amazonaws.com/validation/bf6233a2802c96c8.jpg,inger maaike,https://creativecommons.org/licenses/by/2.0/,https://creativecommons.org/licenses/by/2.0/,oi-bf6233a2802c96c8,,,,,2026-10-07T17:46:58+08:00,Open Images V7 public validation image / V5 human boxable labels
oi-b7640a870db80373,data/raw/openimages/keyboard/oi-b7640a870db80373.jpg,ec558ed886469a01eefb82b6cc824cb12da31af84b85a68e04df93a3eeabfed8,5,,,open-images-official,,,pending,,open_images,b7640a870db80373,https://www.flickr.com/photos/berkleevalenciamusictech/15726198876,https://farm4.staticflickr.com/3940/15726198876_88ee2a0ef7_o.jpg,https://open-images-dataset.s3.amazonaws.com/validation/b7640a870db80373.jpg,berklee valencia,https://creativecommons.org/licenses/by/2.0/,https://creativecommons.org/licenses/by/2.0/,oi-b7640a870db80373,,,,,2026-10-07T17:47:02+08:00,Open Images V7 public validation image / V5 human boxable labels
oi-28f45b12ee25ae19,data/raw/openimages/book/oi-28f45b12ee25ae19.jpg,4ba9dd396c2e22dd2a45e4d70c1f2a73a919089faf713517c716084c854c55b1,2,,,open-images-official,,,pending,,open_images,28f45b12ee25ae19,https://www.flickr.com/photos/bryanalexander/2158223442,https://c2.staticflickr.com/3/2387/2158223442_4f504dde16_o.jpg,https://open-images-dataset.s3.amazonaws.com/validation/28f45b12ee25ae19.jpg,Bryan Alexander,https://creativecommons.org/licenses/by/2.0/,https://creativecommons.org/licenses/by/2.0/,oi-28f45b12ee25ae19,,,,,2026-10-07T17:47:05+08:00,Open Images V7 public validation image / V5 human boxable labels
oi-579a1a7868334127,data/raw/openimages/mouse/oi-579a1a7868334127.jpg,12e41203f664a3c4cdf6e852b90d5b62abe5b423591c5a6276242d7b77d2b0cc,4,,,open-images-official,,,pending,,open_images,579a1a7868334127,https://www.flickr.com/photos/jooon/1800689004,https://farm8.staticflickr.com/2208/1800689004_da9ac9ce14_o.jpg,https://open-images-dataset.s3.amazonaws.com/validation/579a1a7868334127.jpg,Jon Åslund,https://creativecommons.org/licenses/by/2.0/,https://creativecommons.org/licenses/by/2.0/,oi-579a1a7868334127,,,,,2026-10-07T17:47:08+08:00,Open Images V7 public validation image / V5 human boxable labels
oi-a350fd1b187d4244,data/raw/openimages/keyboard/oi-a350fd1b187d4244.jpg,9c3e0623d34ce94ecf1fa1732c7d37a3c6b7399a9493c0bc151f4f3f53c72ca2,5,,,open-images-official,,,pending,,open_images,a350fd1b187d4244,https://www.flickr.com/photos/yxejamir/3863772225,https://farm5.staticflickr.com/3162/3863772225_f02d7280c0_o.jpg,https://open-images-dataset.s3.amazonaws.com/validation/a350fd1b187d4244.jpg,Amir Yalon,https://creativecommons.org/licenses/by/2.0/,https://creativecommons.org/licenses/by/2.0/,oi-a350fd1b187d4244,,,,,2026-10-07T17:47:11+08:00,Open Images V7 public validation image / V5 human boxable labels
oi-1c6cef0118791af9,data/raw/openimages/backpack/oi-1c6cef0118791af9.jpg,0dbf26119da39e9800438dd625793c777e6e86da02023e5c9a9b598187046cfd,9,,,open-images-official,,,pending,,open_images,1c6cef0118791af9,https://www.flickr.com/photos/pe5pe/8332893057,https://c2.staticflickr.com/9/8364/8332893057_6eedaecdfd_o.jpg,https://open-images-dataset.s3.amazonaws.com/validation/1c6cef0118791af9.jpg,Luis Pérez,https://creativecommons.org/licenses/by/2.0/,https://creativecommons.org/licenses/by/2.0/,oi-1c6cef0118791af9,,,,,2026-10-07T17:47:13+08:00,Open Images V7 public validation image / V5 human boxable labels
oi-a4c23a3629f31cd7,data/raw/openimages/mouse/oi-a4c23a3629f31cd7.jpg,03ace47b7bfb00921ae6625df460759977f902c4058eeee0250dc3e9f72aaba2,4,,,open-images-official,,,pending,,open_images,a4c23a3629f31cd7,https://www.flickr.com/photos/nothingpersonal/6838103398,https://farm8.staticflickr.com/7199/6838103398_028eb2e453_o.jpg,https://open-images-dataset.s3.amazonaws.com/validation/a4c23a3629f31cd7.jpg,Dmitry Dzhus,https://creativecommons.org/licenses/by/2.0/,https://creativecommons.org/licenses/by/2.0/,oi-a4c23a3629f31cd7,,,,,2026-10-07T17:47:16+08:00,Open Images V7 public validation image / V5 human boxable labels
oi-d6eb18235d52898c,data/raw/openimages/book/oi-d6eb18235d52898c.jpg,cc24b6448e78f36bcfa0893427729adb4195f3c3ea3ccc5a8dedcccfa67c1843,2,,,open-images-official,,,pending,,open_images,d6eb18235d52898c,https://www.flickr.com/photos/jiwasz/5862162512,https://c5.staticflickr.com/6/5080/5862162512_91b56409b2_o.jpg,https://open-images-dataset.s3.amazonaws.com/validation/d6eb18235d52898c.jpg,jiwasz,https://creativecommons.org/licenses/by/2.0/,https://creativecommons.org/licenses/by/2.0/,oi-d6eb18235d52898c,,,,,2026-10-07T17:47:19+08:00,Open Images V7 public validation image / V5 human boxable labels
oi-21c952b68141a87e,data/raw/openimages/umbrella/oi-21c952b68141a87e.jpg,92c0cff0c703dd90cf067b0a4c5d97f817aff1d04200a1229d9eb8c4196b9259,1,,,open-images-official,,,pending,,open_images,21c952b68141a87e,https://www.flickr.com/photos/cristian_may/15763814888,https://c7.staticflickr.com/8/7510/15763814888_5ea7b4dc40_o.jpg,https://open-images-dataset.s3.amazonaws.com/validation/21c952b68141a87e.jpg,Cristian May,https://creativecommons.org/licenses/by/2.0/,https://creativecommons.org/licenses/by/2.0/,oi-21c952b68141a87e,,,,,2026-10-07T17:47:22+08:00,Open Images V7 public validation image / V5 human boxable labels
oi-be1d215b6513ccbd,data/raw/openimages/cup/oi-be1d215b6513ccbd.jpg,663212b801e5e63e4cb18fd4ab00d408fd00d6e0b82c5fb5016699b47976e2f8,0,,,open-images-official,,,pending,,open_images,be1d215b6513ccbd,https://www.flickr.com/photos/pylbug/34403688,https://c6.staticflickr.com/1/21/34403688_447977bed1_o.jpg,https://open-images-dataset.s3.amazonaws.com/validation/be1d215b6513ccbd.jpg,Jake Setlak,https://creativecommons.org/licenses/by/2.0/,https://creativecommons.org/licenses/by/2.0/,oi-be1d215b6513ccbd,,,,,2026-10-07T17:47:24+08:00,Open Images V7 public validation image / V5 human boxable labels
oi-a459749f4e5769bd,data/raw/openimages/cup/oi-a459749f4e5769bd.jpg,2504f9968a93db6d6f1cd94bd02fe765359f8e71b963ba737e0ffec9f7142959,0,,,open-images-official,,,pending,,open_images,a459749f4e5769bd,https://www.flickr.com/photos/andnancysays/4359461891,https://c6.staticflickr.com/5/4009/4359461891_676806c61c_o.jpg,https://open-images-dataset.s3.amazonaws.com/validation/a459749f4e5769bd.jpg,Nancy Qian,https://creativecommons.org/licenses/by/2.0/,https://creativecommons.org/licenses/by/2.0/,oi-a459749f4e5769bd,,,,,2026-10-07T17:47:26+08:00,Open Images V7 public validation image / V5 human boxable labels
oi-1e6104d5518cb3f9,data/raw/openimages/cup/oi-1e6104d5518cb3f9.jpg,fea429dafbfca86bc1799aaf7b2c48156ebd37ce8533598eb3b5a398f2efac19,0,,,open-images-official,,,pending,,open_images,1e6104d5518cb3f9,https://www.flickr.com/photos/46695600@N03/6641737061,https://c2.staticflickr.com/8/7169/6641737061_0ea0bbb63c_o.jpg,https://open-images-dataset.s3.amazonaws.com/validation/1e6104d5518cb3f9.jpg,mi),https://creativecommons.org/licenses/by/2.0/,https://creativecommons.org/licenses/by/2.0/,oi-1e6104d5518cb3f9,,,,,2026-10-07T17:47:29+08:00,Open Images V7 public validation image / V5 human boxable labels
oi-2f7fde1527d592e5,data/raw/openimages/umbrella/oi-2f7fde1527d592e5.jpg,f3300204fb1b0a1591b4bd70ee1b75e2095f968cb2954bcbbfe99864f93e893c,1,,,open-images-official,,,pending,,open_images,2f7fde1527d592e5,https://www.flickr.com/photos/scott1723/15940955918,https://farm6.staticflickr.com/7499/15940955918_9da479bed3_o.jpg,https://open-images-dataset.s3.amazonaws.com/validation/2f7fde1527d592e5.jpg,Scott Anderson,https://creativecommons.org/licenses/by/2.0/,https://creativecommons.org/licenses/by/2.0/,oi-2f7fde1527d592e5,,,,,2026-10-07T17:47:33+08:00,Open Images V7 public validation image / V5 human boxable labels
oi-8f2e423a486c893b,data/raw/openimages/keyboard/oi-8f2e423a486c893b.jpg,bbe548e7cb14cb4b51642d4aecbebfe90cf7e190adebc204b6171a1ff0a5895a,5,,,open-images-official,,,pending,,open_images,8f2e423a486c893b,https://www.flickr.com/photos/istolethetv/3479871193,https://c4.staticflickr.com/4/3302/3479871193_88557f82e0_o.jpg,https://open-images-dataset.s3.amazonaws.com/validation/8f2e423a486c893b.jpg,istolethetv,https://creativecommons.org/licenses/by/2.0/,https://creativecommons.org/licenses/by/2.0/,oi-8f2e423a486c893b,,,,,2026-10-07T17:47:36+08:00,Open Images V7 public validation image / V5 human boxable labels
oi-a99155f23ba94544,data/raw/openimages/book/oi-a99155f23ba94544.jpg,546c0a6e148aef5da4e7a56464097c1cd6caa22506ba49c42dc8e2e607eb4f1a,2,,,open-images-official,,,pending,,open_images,a99155f23ba94544,https://www.flickr.com/photos/nortonlibrary/7074344669,https://farm5.staticflickr.com/7130/7074344669_d952cbe227_o.jpg,https://open-images-dataset.s3.amazonaws.com/validation/a99155f23ba94544.jpg,Norton Library,https://creativecommons.org/licenses/by/2.0/,https://creativecommons.org/licenses/by/2.0/,oi-a99155f23ba94544,,,,,2026-10-07T17:47:40+08:00,Open Images V7 public validation image / V5 human boxable labels
oi-3edf7490a8c07e59,data/raw/openimages/book/oi-3edf7490a8c07e59.jpg,5bd60b1204e56c0fd286dbe71d4f65777a1b9356e38396938ca96db390d10d74,2,,,open-images-official,,,pending,,open_images,3edf7490a8c07e59,https://www.flickr.com/photos/hageatama/2148700824,https://c2.staticflickr.com/3/2279/2148700824_6a21eccde1_o.jpg,https://open-images-dataset.s3.amazonaws.com/validation/3edf7490a8c07e59.jpg,hageatama,https://creativecommons.org/licenses/by/2.0/,https://creativecommons.org/licenses/by/2.0/,oi-3edf7490a8c07e59,,,,,2026-10-07T17:47:43+08:00,Open Images V7 public validation image / V5 human boxable labels
oi-8d0b1e22cc02c96a,data/raw/openimages/keyboard/oi-8d0b1e22cc02c96a.jpg,6c577ed48934ba8f476855521aa0a0f577b44262c99832c2d197165ddd254191,5,,,open-images-official,,,pending,,open_images,8d0b1e22cc02c96a,https://www.flickr.com/photos/toddneville/130345425,https://c3.staticflickr.com/1/51/130345425_2ebd4cf156_o.jpg,https://open-images-dataset.s3.amazonaws.com/validation/8d0b1e22cc02c96a.jpg,ToddonFlickr,https://creativecommons.org/licenses/by/2.0/,https://creativecommons.org/licenses/by/2.0/,oi-8d0b1e22cc02c96a,,,,,2026-10-07T17:47:46+08:00,Open Images V7 public validation image / V5 human boxable labels
oi-8d279daa12ffc691,data/raw/openimages/cup/oi-8d279daa12ffc691.jpg,104703adf3885f8638cdc9a1fd1053af5050b93f45a224fb2fd14e548d0aca0e,0,,,open-images-official,,,pending,,open_images,8d279daa12ffc691,https://www.flickr.com/photos/davidw/1289167157,https://farm2.staticflickr.com/1333/1289167157_23c2c9f2d5_o.jpg,https://open-images-dataset.s3.amazonaws.com/validation/8d279daa12ffc691.jpg,David,https://creativecommons.org/licenses/by/2.0/,https://creativecommons.org/licenses/by/2.0/,oi-8d279daa12ffc691,,,,,2026-10-07T17:47:48+08:00,Open Images V7 public validation image / V5 human boxable labels
oi-eb99cee1f01b08ff,data/raw/openimages/keyboard/oi-eb99cee1f01b08ff.jpg,def9c90c1dd31049351b01d52182fc3265db49844ed68893daf9e9d285c01ad1,5,,,open-images-official,,,pending,,open_images,eb99cee1f01b08ff,https://www.flickr.com/photos/striatic/131932697,https://c8.staticflickr.com/1/55/131932697_65aa6ae468_o.jpg,https://open-images-dataset.s3.amazonaws.com/validation/eb99cee1f01b08ff.jpg,hobvias sudoneighm,https://creativecommons.org/licenses/by/2.0/,https://creativecommons.org/licenses/by/2.0/,oi-eb99cee1f01b08ff,,,,,2026-10-07T17:47:52+08:00,Open Images V7 public validation image / V5 human boxable labels
oi-d2c3cebf153a1de9,data/raw/openimages/book/oi-d2c3cebf153a1de9.jpg,c7cf540158ad7b38f3b3a593e486cc5ac4c75d758063218579ecdd04f16e32a0,2,,,open-images-official,,,pending,,open_images,d2c3cebf153a1de9,https://www.flickr.com/photos/nyuhuhuu/2404595209,https://c2.staticflickr.com/3/2235/2404595209_04646ae1fb_o.jpg,https://open-images-dataset.s3.amazonaws.com/validation/d2c3cebf153a1de9.jpg,nyuhuhuu,https://creativecommons.org/licenses/by/2.0/,https://creativecommons.org/licenses/by/2.0/,oi-d2c3cebf153a1de9,,,,,2026-10-07T17:47:56+08:00,Open Images V7 public validation image / V5 human boxable labels
oi-6bcfd656708d25e2,data/raw/openimages/cup/oi-6bcfd656708d25e2.jpg,0964e1f5d865a0d4a71659a790f66f8d1afddf2f711fe3eb05ecb36a9451c9c7,0,,,open-images-official,,,pending,,open_images,6bcfd656708d25e2,https://www.flickr.com/photos/yourcastlesdecor/10813642783,https://farm3.staticflickr.com/3797/10813642783_129793a9af_o.jpg,https://open-images-dataset.s3.amazonaws.com/validation/6bcfd656708d25e2.jpg,Jean L.,https://creativecommons.org/licenses/by/2.0/,https://creativecommons.org/licenses/by/2.0/,oi-6bcfd656708d25e2,,,,,2026-10-07T17:47:59+08:00,Open Images V7 public validation image / V5 human boxable labels
oi-eb0f36c7ce3366cc,data/raw/openimages/book/oi-eb0f36c7ce3366cc.jpg,b594d80bf2613b8d6cf73fcda04cfb26f062f1737654e22e32167ea5f190d9de,2,,,open-images-official,,,pending,,open_images,eb0f36c7ce3366cc,https://www.flickr.com/photos/nazareth_college/8145376020,https://c5.staticflickr.com/9/8053/8145376020_82b01e87f2_o.jpg,https://open-images-dataset.s3.amazonaws.com/validation/eb0f36c7ce3366cc.jpg,Nazareth College,https://creativecommons.org/licenses/by/2.0/,https://creativecommons.org/licenses/by/2.0/,oi-eb0f36c7ce3366cc,,,,,2026-10-07T17:48:03+08:00,Open Images V7 public validation image / V5 human boxable labels
oi-128f92487d754a0c,data/raw/openimages/mouse/oi-128f92487d754a0c.jpg,c5583b69e5b55d852ba6fb9deaa8bfe77a2af39377527a9e1a4e9786b0d5b54e,4,,,open-images-official,,,pending,,open_images,128f92487d754a0c,https://www.flickr.com/photos/jonathansulo/8411544430,https://c5.staticflickr.com/9/8359/8411544430_36ef078b9c_o.jpg,https://open-images-dataset.s3.amazonaws.com/validation/128f92487d754a0c.jpg,Jonathan Sulo,https://creativecommons.org/licenses/by/2.0/,https://creativecommons.org/licenses/by/2.0/,oi-128f92487d754a0c,,,,,2026-10-07T17:48:05+08:00,Open Images V7 public validation image / V5 human boxable labels
oi-46b3ee69cede9f7c,data/raw/openimages/keyboard/oi-46b3ee69cede9f7c.jpg,366d83099a80eccd9f3abc212ef69da4d4da5d023daa61568881513b9ed4decc,5,,,open-images-official,,,pending,,open_images,46b3ee69cede9f7c,https://www.flickr.com/photos/workshop/7195722208,https://c5.staticflickr.com/8/7244/7195722208_5f17454c84_o.jpg,https://open-images-dataset.s3.amazonaws.com/validation/46b3ee69cede9f7c.jpg,Takumi Suidu,https://creativecommons.org/licenses/by/2.0/,https://creativecommons.org/licenses/by/2.0/,oi-46b3ee69cede9f7c,,,,,2026-10-07T17:48:08+08:00,Open Images V7 public validation image / V5 human boxable labels
oi-c0dea6f5a9da743e,data/raw/openimages/book/oi-c0dea6f5a9da743e.jpg,48db55732c46bb5d178fa7ef3872a98c7fbd21ccd89e0cdf8ec57c66a7a6e79b,2,,,open-images-official,,,pending,,open_images,c0dea6f5a9da743e,https://www.flickr.com/photos/ijames/20686329,https://c7.staticflickr.com/1/17/20686329_e0d73328b1_o.jpg,https://open-images-dataset.s3.amazonaws.com/validation/c0dea6f5a9da743e.jpg,Eric James Sarmiento,https://creativecommons.org/licenses/by/2.0/,https://creativecommons.org/licenses/by/2.0/,oi-c0dea6f5a9da743e,,,,,2026-10-07T17:48:11+08:00,Open Images V7 public validation image / V5 human boxable labels
oi-60c5d71f33765ee3,data/raw/openimages/cup/oi-60c5d71f33765ee3.jpg,0b42babead709ed4b8dd4b67f6d334a2c89602da0f63c0a12a0f9ace3a6239ad,0,,,open-images-official,,,pending,,open_images,60c5d71f33765ee3,https://www.flickr.com/photos/davidchief/3011373574,https://farm4.staticflickr.com/3001/3011373574_171766c8b2_o.jpg,https://open-images-dataset.s3.amazonaws.com/validation/60c5d71f33765ee3.jpg,David Martyn Hunt,https://creativecommons.org/licenses/by/2.0/,https://creativecommons.org/licenses/by/2.0/,oi-60c5d71f33765ee3,,,,,2026-10-07T17:48:14+08:00,Open Images V7 public validation image / V5 human boxable labels
oi-28c9331905cb8c5b,data/raw/openimages/book/oi-28c9331905cb8c5b.jpg,7303e3d7a66c90dc30feebd56f3f46790b2fe627123a5f078ca72f7267416f0d,2,,,open-images-official,,,pending,,open_images,28c9331905cb8c5b,https://www.flickr.com/photos/sarahandiain/13350590094/,https://c4.staticflickr.com/3/2833/13350590094_3587591d36_o.jpg,https://open-images-dataset.s3.amazonaws.com/validation/28c9331905cb8c5b.jpg,Iain and Sarah,https://creativecommons.org/licenses/by/2.0/,https://creativecommons.org/licenses/by/2.0/,oi-28c9331905cb8c5b,,,,,2026-10-07T17:48:17+08:00,Open Images V7 public validation image / V5 human boxable labels
oi-ab884a20d9b01773,data/raw/openimages/book/oi-ab884a20d9b01773.jpg,971f3c89de238bd491f3115381bd4de2d39228dd82dd4c35f1242f966d0dc1fd,2,,,open-images-official,,,pending,,open_images,ab884a20d9b01773,https://www.flickr.com/photos/paullyoung/324330957,https://farm4.staticflickr.com/124/324330957_1d7e827902_o.jpg,https://open-images-dataset.s3.amazonaws.com/validation/ab884a20d9b01773.jpg,Paull Young,https://creativecommons.org/licenses/by/2.0/,https://creativecommons.org/licenses/by/2.0/,oi-ab884a20d9b01773,,,,,2026-10-07T17:48:20+08:00,Open Images V7 public validation image / V5 human boxable labels
oi-15a16396c6dd9b84,data/raw/openimages/backpack/oi-15a16396c6dd9b84.jpg,96a17172f8cb09e87013f97faa31ed1b60b64ce5435805d0e054a2dc2f0da85c,9,,,open-images-official,,,pending,,open_images,15a16396c6dd9b84,https://www.flickr.com/photos/abin883abin883/9509842228,https://farm5.staticflickr.com/3689/9509842228_9f060bde0f_o.jpg,https://open-images-dataset.s3.amazonaws.com/validation/15a16396c6dd9b84.jpg,阿彬,https://creativecommons.org/licenses/by/2.0/,https://creativecommons.org/licenses/by/2.0/,oi-15a16396c6dd9b84,,,,,2026-10-07T17:48:24+08:00,Open Images V7 public validation image / V5 human boxable labels
oi-4a987796c9c03037,data/raw/openimages/cup/oi-4a987796c9c03037.jpg,b2f5260d940b048ad47c879371f13deecfcf8a12f1c9d51f8aa2caa36d6be359,0,,,open-images-official,,,pending,,open_images,4a987796c9c03037,https://www.flickr.com/photos/bitchbuzz/4008573408,https://farm8.staticflickr.com/2483/4008573408_d26346a988_o.jpg,https://open-images-dataset.s3.amazonaws.com/validation/4a987796c9c03037.jpg,BitchBuzz,https://creativecommons.org/licenses/by/2.0/,https://creativecommons.org/licenses/by/2.0/,oi-4a987796c9c03037,,,,,2026-10-07T17:48:26+08:00,Open Images V7 public validation image / V5 human boxable labels
oi-bfe4e92a6abafe46,data/raw/openimages/keyboard/oi-bfe4e92a6abafe46.jpg,149ea78793db502227fe2037e84a067a67ec8433499ec2a87bc6f583fb6d38cd,5,,,open-images-official,,,pending,,open_images,bfe4e92a6abafe46,https://www.flickr.com/photos/dustpuppy/7604089730,https://farm7.staticflickr.com/8017/7604089730_b0853ae321_o.jpg,https://open-images-dataset.s3.amazonaws.com/validation/bfe4e92a6abafe46.jpg,Björn Láczay,https://creativecommons.org/licenses/by/2.0/,https://creativecommons.org/licenses/by/2.0/,oi-bfe4e92a6abafe46,,,,,2026-10-07T17:48:28+08:00,Open Images V7 public validation image / V5 human boxable labels
oi-f65bae4da0211211,data/raw/openimages/cup/oi-f65bae4da0211211.jpg,8ebda328b408aec9edd5c83762cc84688ce524b47c3b794da722135faebb7d1b,0,,,open-images-official,,,pending,,open_images,f65bae4da0211211,https://www.flickr.com/photos/laurenmanning/11857999366,https://farm2.staticflickr.com/5496/11857999366_02805948e4_o.jpg,https://open-images-dataset.s3.amazonaws.com/validation/f65bae4da0211211.jpg,Lauren Manning,https://creativecommons.org/licenses/by/2.0/,https://creativecommons.org/licenses/by/2.0/,oi-f65bae4da0211211,,,,,2026-10-07T17:48:31+08:00,Open Images V7 public validation image / V5 human boxable labels
oi-f46abc3b39b2f1e4,data/raw/openimages/backpack/oi-f46abc3b39b2f1e4.jpg,6c768b4e5e416aa7721e4be60f4fc7e2faa220980511eef9582129ee3c003c3c,9,,,open-images-official,,,pending,,open_images,f46abc3b39b2f1e4,https://www.flickr.com/photos/koadla/2442701255,https://farm5.staticflickr.com/2198/2442701255_f575b2fce9_o.jpg,https://open-images-dataset.s3.amazonaws.com/validation/f46abc3b39b2f1e4.jpg,krebsmaus07,https://creativecommons.org/licenses/by/2.0/,https://creativecommons.org/licenses/by/2.0/,oi-f46abc3b39b2f1e4,,,,,2026-10-07T17:48:34+08:00,Open Images V7 public validation image / V5 human boxable labels
oi-f4f12ba16e9e93d5,data/raw/openimages/book/oi-f4f12ba16e9e93d5.jpg,5aaafc3b5ace8e96532ab664432152897828c8ad5ccfbe786c6a1db007729704,2,,,open-images-official,,,pending,,open_images,f4f12ba16e9e93d5,https://www.flickr.com/photos/timmccune/16272697149,https://farm6.staticflickr.com/7353/16272697149_c0766088b3_o.jpg,https://open-images-dataset.s3.amazonaws.com/validation/f4f12ba16e9e93d5.jpg,Tim McCune,https://creativecommons.org/licenses/by/2.0/,https://creativecommons.org/licenses/by/2.0/,oi-f4f12ba16e9e93d5,,,,,2026-10-07T17:48:37+08:00,Open Images V7 public validation image / V5 human boxable labels
oi-98f25c64461ba4a2,data/raw/openimages/keyboard/oi-98f25c64461ba4a2.jpg,d7db404d0aca5e7a59c9413db815d10a2e2f6fc35e278af957abcf1e2a3d01c5,5,,,open-images-official,,,pending,,open_images,98f25c64461ba4a2,https://www.flickr.com/photos/downloadsourcefr/14962166353,https://farm3.staticflickr.com/3934/14962166353_1b73fcb844_o.jpg,https://open-images-dataset.s3.amazonaws.com/validation/98f25c64461ba4a2.jpg,downloadsource.fr,https://creativecommons.org/licenses/by/2.0/,https://creativecommons.org/licenses/by/2.0/,oi-98f25c64461ba4a2,,,,,2026-10-07T17:48:40+08:00,Open Images V7 public validation image / V5 human boxable labels
oi-206983e330141abf,data/raw/openimages/umbrella/oi-206983e330141abf.jpg,615c29c495faaad8a2bebfb26e6b61636123cdaa5ff0b31ce457a505e6b32c0e,1,,,open-images-official,,,pending,,open_images,206983e330141abf,https://www.flickr.com/photos/rkramer62/7230129288,https://c8.staticflickr.com/9/8145/7230129288_7fcfa03b5f_o.jpg,https://open-images-dataset.s3.amazonaws.com/validation/206983e330141abf.jpg,Rachel Kramer,https://creativecommons.org/licenses/by/2.0/,https://creativecommons.org/licenses/by/2.0/,oi-206983e330141abf,,,,,2026-10-07T17:48:42+08:00,Open Images V7 public validation image / V5 human boxable labels
oi-3a18c41d6a250c1a,data/raw/openimages/book/oi-3a18c41d6a250c1a.jpg,4e06c710641478532c28cdc3a4ef60992272dc9865c3b1fc46db6322c4f468da,2,,,open-images-official,,,pending,,open_images,3a18c41d6a250c1a,https://www.flickr.com/photos/generated/4772290366,https://c3.staticflickr.com/5/4120/4772290366_e8a2242efa_o.jpg,https://open-images-dataset.s3.amazonaws.com/validation/3a18c41d6a250c1a.jpg,Jared Tarbell,https://creativecommons.org/licenses/by/2.0/,https://creativecommons.org/licenses/by/2.0/,oi-3a18c41d6a250c1a,,,,,2026-10-07T17:48:47+08:00,Open Images V7 public validation image / V5 human boxable labels
oi-e87f72d831ad7743,data/raw/openimages/umbrella/oi-e87f72d831ad7743.jpg,7367450efdca3c0f94f31c51b7cb57384c13d47d117f20b0c79da9250fb31133,1,,,open-images-official,,,pending,,open_images,e87f72d831ad7743,https://www.flickr.com/photos/maxkiesler/9235492458,https://farm4.staticflickr.com/5480/9235492458_a66cc479c8_o.jpg,https://open-images-dataset.s3.amazonaws.com/validation/e87f72d831ad7743.jpg,Max Kiesler,https://creativecommons.org/licenses/by/2.0/,https://creativecommons.org/licenses/by/2.0/,oi-e87f72d831ad7743,,,,,2026-10-07T17:48:49+08:00,Open Images V7 public validation image / V5 human boxable labels
oi-80140fbe2856945b,data/raw/openimages/book/oi-80140fbe2856945b.jpg,ccd5fffb0624fb1463efd8ebc2bb694aba55cae9143252ede277b787749fe0dd,2,,,open-images-official,,,pending,,open_images,80140fbe2856945b,https://www.flickr.com/photos/sterlic/19976940566,https://c4.staticflickr.com/1/323/19976940566_0bec00c445_o.jpg,https://open-images-dataset.s3.amazonaws.com/validation/80140fbe2856945b.jpg,Scott Akerman,https://creativecommons.org/licenses/by/2.0/,https://creativecommons.org/licenses/by/2.0/,oi-80140fbe2856945b,,,,,2026-10-07T17:48:52+08:00,Open Images V7 public validation image / V5 human boxable labels
oi-b0670fed268da345,data/raw/openimages/book/oi-b0670fed268da345.jpg,1bc011760c09efa060d259f5959f24f3afd39b2365592b3a24dc8f082d2637f1,2,,,open-images-official,,,pending,,open_images,b0670fed268da345,https://www.flickr.com/photos/jimlandover3/3657781806,https://farm6.staticflickr.com/3305/3657781806_f1dbf69a69_o.jpg,https://open-images-dataset.s3.amazonaws.com/validation/b0670fed268da345.jpg,Jim.landover3,https://creativecommons.org/licenses/by/2.0/,https://creativecommons.org/licenses/by/2.0/,oi-b0670fed268da345,,,,,2026-10-07T17:48:53+08:00,Open Images V7 public validation image / V5 human boxable labels
oi-6463145caf94b8a6,data/raw/openimages/mouse/oi-6463145caf94b8a6.jpg,7f19eecf09357a682db9e5610b715c1db41885baa1bc9469fc48883a112f9d59,4,,,open-images-official,,,pending,,open_images,6463145caf94b8a6,https://www.flickr.com/photos/fuzzcat/8291741616,https://farm7.staticflickr.com/8493/8291741616_2f29329dc7_o.jpg,https://open-images-dataset.s3.amazonaws.com/validation/6463145caf94b8a6.jpg,Kate Haskell,https://creativecommons.org/licenses/by/2.0/,https://creativecommons.org/licenses/by/2.0/,oi-6463145caf94b8a6,,,,,2026-10-07T17:48:56+08:00,Open Images V7 public validation image / V5 human boxable labels
oi-159c27c3fcf6e267,data/raw/openimages/backpack/oi-159c27c3fcf6e267.jpg,f4efee9b80f90d5042bcf0ec53d250d28ef10c8c7f844099cc3842bb2b4fb154,9,,,open-images-official,,,pending,,open_images,159c27c3fcf6e267,https://www.flickr.com/photos/k9d/7154587237,https://farm8.staticflickr.com/7102/7154587237_bab66c3082_o.jpg,https://open-images-dataset.s3.amazonaws.com/validation/159c27c3fcf6e267.jpg,j bizzie,https://creativecommons.org/licenses/by/2.0/,https://creativecommons.org/licenses/by/2.0/,oi-159c27c3fcf6e267,,,,,2026-10-07T17:48:58+08:00,Open Images V7 public validation image / V5 human boxable labels
oi-a8b164235b631065,data/raw/openimages/earphones/oi-a8b164235b631065.jpg,1e3a70180aaba4b713b222ab7890d5aec5035d1e491cb0a507b3c1728bac98b0,6,,,open-images-official,,,pending,,open_images,a8b164235b631065,https://www.flickr.com/photos/rhysasplundh/5738556102,https://farm6.staticflickr.com/2695/5738556102_90dcf9d913_o.jpg,https://open-images-dataset.s3.amazonaws.com/validation/a8b164235b631065.jpg,Rhys A.,https://creativecommons.org/licenses/by/2.0/,https://creativecommons.org/licenses/by/2.0/,oi-a8b164235b631065,,,,,2026-10-07T17:49:00+08:00,Open Images V7 public validation image / V5 human boxable labels
oi-e45b0a85a4cdb79c,data/raw/openimages/umbrella/oi-e45b0a85a4cdb79c.jpg,9be1f57aeca8d85b194586e817f69005e5debae7a4e58362036f9312a059f0a5,1,,,open-images-official,,,pending,,open_images,e45b0a85a4cdb79c,https://www.flickr.com/photos/42244964@N03/4466561827,https://c5.staticflickr.com/5/4055/4466561827_5b7cfae9fa_o.jpg,https://open-images-dataset.s3.amazonaws.com/validation/e45b0a85a4cdb79c.jpg,Frank Vassen,https://creativecommons.org/licenses/by/2.0/,https://creativecommons.org/licenses/by/2.0/,oi-e45b0a85a4cdb79c,,,,,2026-10-07T17:49:03+08:00,Open Images V7 public validation image / V5 human boxable labels
oi-fed5ef790d653fde,data/raw/openimages/keyboard/oi-fed5ef790d653fde.jpg,6114837b5c2700a4323f06023d34abecd6829d6a41ef3e3b4c83e5ba063dccb8,5,,,open-images-official,,,pending,,open_images,fed5ef790d653fde,https://www.flickr.com/photos/racum/3425057502,https://c7.staticflickr.com/4/3320/3425057502_e75bafd74a_o.jpg,https://open-images-dataset.s3.amazonaws.com/validation/fed5ef790d653fde.jpg,Ronaldo Ferreira,https://creativecommons.org/licenses/by/2.0/,https://creativecommons.org/licenses/by/2.0/,oi-fed5ef790d653fde,,,,,2026-10-07T17:49:06+08:00,Open Images V7 public validation image / V5 human boxable labels
oi-04311ae05c027377,data/raw/openimages/book/oi-04311ae05c027377.jpg,0018521c9f4de248486c1ba36422a27fed78cc1d719e9dbdd7b86f282d22cdd6,2,,,open-images-official,,,pending,,open_images,04311ae05c027377,https://www.flickr.com/photos/rfa/5184407278,https://farm8.staticflickr.com/4085/5184407278_d3120a32c0_o.jpg,https://open-images-dataset.s3.amazonaws.com/validation/04311ae05c027377.jpg,refeia,https://creativecommons.org/licenses/by/2.0/,https://creativecommons.org/licenses/by/2.0/,oi-04311ae05c027377,,,,,2026-10-07T17:49:08+08:00,Open Images V7 public validation image / V5 human boxable labels
oi-0a3873442ad329c2,data/raw/openimages/book/oi-0a3873442ad329c2.jpg,9b1d5a74d1fbbb27b44653853336d0b9329be3ebcc2a0cf1ec5c8dfdb2d99191,2,,,open-images-official,,,pending,,open_images,0a3873442ad329c2,https://www.flickr.com/photos/huntingtontheatreco/10019561865,https://farm3.staticflickr.com/5512/10019561865_908b579b55_o.jpg,https://open-images-dataset.s3.amazonaws.com/validation/0a3873442ad329c2.jpg,The Huntington,https://creativecommons.org/licenses/by/2.0/,https://creativecommons.org/licenses/by/2.0/,oi-0a3873442ad329c2,,,,,2026-10-07T17:49:13+08:00,Open Images V7 public validation image / V5 human boxable labels
oi-91050cbd94f33e90,data/raw/openimages/keyboard/oi-91050cbd94f33e90.jpg,00893c91f919a9412d40b7286a0a8c56ff454711d23541119b77fa4cb6a064aa,5,,,open-images-official,,,pending,,open_images,91050cbd94f33e90,https://www.flickr.com/photos/99781513@N04/16662111864,https://farm1.staticflickr.com/8767/16662111864_fc07d37706_o.jpg,https://open-images-dataset.s3.amazonaws.com/validation/91050cbd94f33e90.jpg,Scott Lewis,https://creativecommons.org/licenses/by/2.0/,https://creativecommons.org/licenses/by/2.0/,oi-91050cbd94f33e90,,,,,2026-10-07T17:49:16+08:00,Open Images V7 public validation image / V5 human boxable labels
oi-1eeda2f2e8f31933,data/raw/openimages/earphones/oi-1eeda2f2e8f31933.jpg,2edc1abf1acfab445cb2cb6a6002dd86902872b8f9480fa815cd95f4fa85afd3,6,,,open-images-official,,,pending,,open_images,1eeda2f2e8f31933,https://www.flickr.com/photos/freddy-click-boy/3202208642,https://farm4.staticflickr.com/3438/3202208642_8b31344f5e_o.jpg,https://open-images-dataset.s3.amazonaws.com/validation/1eeda2f2e8f31933.jpg,Angel Arcones,https://creativecommons.org/licenses/by/2.0/,https://creativecommons.org/licenses/by/2.0/,oi-1eeda2f2e8f31933,,,,,2026-10-07T17:49:18+08:00,Open Images V7 public validation image / V5 human boxable labels
oi-4879a8d9c8942d4f,data/raw/openimages/earphones/oi-4879a8d9c8942d4f.jpg,ee771be3fc0fbabd2dcae23a79047c1fcb66d6197370a6aa012725525254f6f6,6,,,open-images-official,,,pending,,open_images,4879a8d9c8942d4f,https://www.flickr.com/photos/bitninja/18222952,https://c8.staticflickr.com/1/12/18222952_c8baba959f_o.jpg,https://open-images-dataset.s3.amazonaws.com/validation/4879a8d9c8942d4f.jpg,Max,https://creativecommons.org/licenses/by/2.0/,https://creativecommons.org/licenses/by/2.0/,oi-4879a8d9c8942d4f,,,,,2026-10-07T17:49:22+08:00,Open Images V7 public validation image / V5 human boxable labels
oi-9338ef15df611769,data/raw/openimages/book/oi-9338ef15df611769.jpg,042d95d96759c4720efa803a5c375881f1e0b6ef6931d185712654e78c14c40f,2,,,open-images-official,,,pending,,open_images,9338ef15df611769,https://www.flickr.com/photos/moonierocks/2552591993,https://c2.staticflickr.com/4/3061/2552591993_0e2e752025_o.jpg,https://open-images-dataset.s3.amazonaws.com/validation/9338ef15df611769.jpg,Marilyn Roxie,https://creativecommons.org/licenses/by/2.0/,https://creativecommons.org/licenses/by/2.0/,oi-9338ef15df611769,,,,,2026-10-07T17:49:25+08:00,Open Images V7 public validation image / V5 human boxable labels
oi-886b0014dcc373a3,data/raw/openimages/backpack/oi-886b0014dcc373a3.jpg,c3ccba7c6d0691cbcb8e50ae3d78cd81fb6d29ef65cde09033592df467a9557d,9,,,open-images-official,,,pending,,open_images,886b0014dcc373a3,https://www.flickr.com/photos/ijammin/12392564684,https://farm4.staticflickr.com/7444/12392564684_ffd19b5b55_o.jpg,https://open-images-dataset.s3.amazonaws.com/validation/886b0014dcc373a3.jpg,BenGrantham,https://creativecommons.org/licenses/by/2.0/,https://creativecommons.org/licenses/by/2.0/,oi-886b0014dcc373a3,,,,,2026-10-07T17:49:28+08:00,Open Images V7 public validation image / V5 human boxable labels
oi-fe32b6feffc6f5ac,data/raw/openimages/book/oi-fe32b6feffc6f5ac.jpg,4d900f0c428283f5515b5162f430a8e85c6808af93f8f2a7949d6d04756469fe,2,,,open-images-official,,,pending,,open_images,fe32b6feffc6f5ac,https://www.flickr.com/photos/koichiroo/8015608795,https://c5.staticflickr.com/9/8300/8015608795_968bb07b26_o.jpg,https://open-images-dataset.s3.amazonaws.com/validation/fe32b6feffc6f5ac.jpg,Koichiro Ohba,https://creativecommons.org/licenses/by/2.0/,https://creativecommons.org/licenses/by/2.0/,oi-fe32b6feffc6f5ac,,,,,2026-10-07T17:49:31+08:00,Open Images V7 public validation image / V5 human boxable labels
oi-ce1f66c25b26ac2e,data/raw/openimages/cup/oi-ce1f66c25b26ac2e.jpg,2e3f1592ed8c3f88bc9736b135a7b9df020d19ce8bf7bfee9c34bade38d4144d,0,,,open-images-official,,,pending,,open_images,ce1f66c25b26ac2e,https://www.flickr.com/photos/kalleboo/5953288350,https://c7.staticflickr.com/7/6141/5953288350_48d99c42de_o.jpg,https://open-images-dataset.s3.amazonaws.com/validation/ce1f66c25b26ac2e.jpg,Karl Baron,https://creativecommons.org/licenses/by/2.0/,https://creativecommons.org/licenses/by/2.0/,oi-ce1f66c25b26ac2e,,,,,2026-10-07T17:49:33+08:00,Open Images V7 public validation image / V5 human boxable labels
oi-09ea349ee555b61d,data/raw/openimages/keyboard/oi-09ea349ee555b61d.jpg,c7e9e1e0c77fdd3b1a840b763bd37ea60ca2ea71aa83015fa6a8782ad2f28e45,5,,,open-images-official,,,pending,,open_images,09ea349ee555b61d,https://www.flickr.com/photos/aaronpk/5871553771,https://c6.staticflickr.com/6/5031/5871553771_8e637f5473_o.jpg,https://open-images-dataset.s3.amazonaws.com/validation/09ea349ee555b61d.jpg,Aaron Parecki,https://creativecommons.org/licenses/by/2.0/,https://creativecommons.org/licenses/by/2.0/,oi-09ea349ee555b61d,,,,,2026-10-07T17:49:35+08:00,Open Images V7 public validation image / V5 human boxable labels
oi-8b031007bf62947a,data/raw/openimages/keyboard/oi-8b031007bf62947a.jpg,1c2377e184d40ff0839da9316eb68603429518570c26b97e03b09dce662426c5,5,,,open-images-official,,,pending,,open_images,8b031007bf62947a,https://www.flickr.com/photos/dudup/2606652998,https://c3.staticflickr.com/4/3228/2606652998_d7d8fa5db7_o.jpg,https://open-images-dataset.s3.amazonaws.com/validation/8b031007bf62947a.jpg,Dudu Pontes,https://creativecommons.org/licenses/by/2.0/,https://creativecommons.org/licenses/by/2.0/,oi-8b031007bf62947a,,,,,2026-10-07T17:49:37+08:00,Open Images V7 public validation image / V5 human boxable labels
oi-1735d6aa0d62cb00,data/raw/openimages/keyboard/oi-1735d6aa0d62cb00.jpg,a1045bedc599d03e593d1130d79a96777fe57b2dc12daab763301a31c9e4fb1e,5,,,open-images-official,,,pending,,open_images,1735d6aa0d62cb00,https://www.flickr.com/photos/eliazar/3037733438,https://farm1.staticflickr.com/3058/3037733438_66d313769e_o.jpg,https://open-images-dataset.s3.amazonaws.com/validation/1735d6aa0d62cb00.jpg,Eliazar Parra Cardenas,https://creativecommons.org/licenses/by/2.0/,https://creativecommons.org/licenses/by/2.0/,oi-1735d6aa0d62cb00,,,,,2026-10-07T17:49:41+08:00,Open Images V7 public validation image / V5 human boxable labels
oi-19a0aafe6ab92d0e,data/raw/openimages/backpack/oi-19a0aafe6ab92d0e.jpg,0aae05391d19f218dedd600e43b73d5c8e1dfd3f040ba77c106d8b7b63cc4a7a,9,,,open-images-official,,,pending,,open_images,19a0aafe6ab92d0e,https://www.flickr.com/photos/richardchild/4450773081,https://c7.staticflickr.com/5/4003/4450773081_f1866dc83a_o.jpg,https://open-images-dataset.s3.amazonaws.com/validation/19a0aafe6ab92d0e.jpg,Richard Child,https://creativecommons.org/licenses/by/2.0/,https://creativecommons.org/licenses/by/2.0/,oi-19a0aafe6ab92d0e,,,,,2026-10-07T17:49:43+08:00,Open Images V7 public validation image / V5 human boxable labels
oi-9b7b64ac71066255,data/raw/openimages/keyboard/oi-9b7b64ac71066255.jpg,eb3e4dd07ae276ccfa3295a9d3f94806e4a6524d8745b5cef5c334a10d62df3c,5,,,open-images-official,,,pending,,open_images,9b7b64ac71066255,https://www.flickr.com/photos/nyuhuhuu/8501340666,https://farm6.staticflickr.com/8518/8501340666_331e2b7b90_o.jpg,https://open-images-dataset.s3.amazonaws.com/validation/9b7b64ac71066255.jpg,nyuhuhuu,https://creativecommons.org/licenses/by/2.0/,https://creativecommons.org/licenses/by/2.0/,oi-9b7b64ac71066255,,,,,2026-10-07T17:49:46+08:00,Open Images V7 public validation image / V5 human boxable labels
oi-695b4fc14d56e32c,data/raw/openimages/keyboard/oi-695b4fc14d56e32c.jpg,b87b9d639d7afd54f98dce5b9d8a35db2c700a6a4cd4298c7ce05ea9dc20c70b,5,,,open-images-official,,,pending,,open_images,695b4fc14d56e32c,https://www.flickr.com/photos/bacteriano/2465240011,https://c5.staticflickr.com/3/2179/2465240011_0b6ecfb561_o.jpg,https://open-images-dataset.s3.amazonaws.com/validation/695b4fc14d56e32c.jpg,Richie Rich,https://creativecommons.org/licenses/by/2.0/,https://creativecommons.org/licenses/by/2.0/,oi-695b4fc14d56e32c,,,,,2026-10-07T17:49:48+08:00,Open Images V7 public validation image / V5 human boxable labels
oi-42894a81eca95732,data/raw/openimages/cup/oi-42894a81eca95732.jpg,a1dd11b2cfdae041a6413324ccfe52d7395152b6288d4ba806aae6fea89e7663,0,,,open-images-official,,,pending,,open_images,42894a81eca95732,https://www.flickr.com/photos/rankingfuuta/4645322024,https://farm3.staticflickr.com/3405/4645322024_58a73d5ce8_o.jpg,https://open-images-dataset.s3.amazonaws.com/validation/42894a81eca95732.jpg,Aaron Stidwell,https://creativecommons.org/licenses/by/2.0/,https://creativecommons.org/licenses/by/2.0/,oi-42894a81eca95732,,,,,2026-10-07T17:49:51+08:00,Open Images V7 public validation image / V5 human boxable labels
oi-edede358fde9f04a,data/raw/openimages/earphones/oi-edede358fde9f04a.jpg,c1b370fca3f4027355886cae533e07da52b67c6ef1ee4ef12c0ce1e2f419a85b,6,,,open-images-official,,,pending,,open_images,edede358fde9f04a,https://www.flickr.com/photos/rayand/6109359251/,https://c3.staticflickr.com/7/6083/6109359251_dd46f01e23_o.jpg,https://open-images-dataset.s3.amazonaws.com/validation/edede358fde9f04a.jpg,rayand,https://creativecommons.org/licenses/by/2.0/,https://creativecommons.org/licenses/by/2.0/,oi-edede358fde9f04a,,,,,2026-10-07T17:49:54+08:00,Open Images V7 public validation image / V5 human boxable labels
oi-731173d27e06b210,data/raw/openimages/book/oi-731173d27e06b210.jpg,3ac7c723fd2c932bde63b72a43841fc18bedcabc2c5ca2d3ad81ecc4d992713f,2,,,open-images-official,,,pending,,open_images,731173d27e06b210,https://www.flickr.com/photos/runneralan/1795441870,https://farm1.staticflickr.com/2334/1795441870_39d27614e6_o.jpg,https://open-images-dataset.s3.amazonaws.com/validation/731173d27e06b210.jpg,Alan Kotok,https://creativecommons.org/licenses/by/2.0/,https://creativecommons.org/licenses/by/2.0/,oi-731173d27e06b210,,,,,2026-10-07T17:49:56+08:00,Open Images V7 public validation image / V5 human boxable labels
oi-843b65da2d2f213e,data/raw/openimages/keyboard/oi-843b65da2d2f213e.jpg,abf1eef8167f34032b68f09a92769aae6f71217b8cdfd18b9880c21938e332f9,5,,,open-images-official,,,pending,,open_images,843b65da2d2f213e,https://www.flickr.com/photos/chrigu/4258914867,https://c7.staticflickr.com/5/4072/4258914867_89af94f5ba_o.jpg,https://open-images-dataset.s3.amazonaws.com/validation/843b65da2d2f213e.jpg,chriscom,https://creativecommons.org/licenses/by/2.0/,https://creativecommons.org/licenses/by/2.0/,oi-843b65da2d2f213e,,,,,2026-10-07T17:49:59+08:00,Open Images V7 public validation image / V5 human boxable labels
oi-82e02465a9c48fd0,data/raw/openimages/book/oi-82e02465a9c48fd0.jpg,5fab8cd93c0ea8516fe3ce58eaee8202071bc8428420c18e3a0baa1ccfad6130,2,,,open-images-official,,,pending,,open_images,82e02465a9c48fd0,https://www.flickr.com/photos/arndog/4091665697,https://farm1.staticflickr.com/2619/4091665697_9a1b3ef0c3_o.jpg,https://open-images-dataset.s3.amazonaws.com/validation/82e02465a9c48fd0.jpg,Arnold Gatilao,https://creativecommons.org/licenses/by/2.0/,https://creativecommons.org/licenses/by/2.0/,oi-82e02465a9c48fd0,,,,,2026-10-07T17:50:02+08:00,Open Images V7 public validation image / V5 human boxable labels
oi-dc747e1d542bf243,data/raw/openimages/backpack/oi-dc747e1d542bf243.jpg,d8d695bfb0c237ca8ce41fe56bb89909f67f68753694d5235ae6604d80687327,9,,,open-images-official,,,pending,,open_images,dc747e1d542bf243,https://www.flickr.com/photos/ehrenbergkommunikation/15823041733,https://farm4.staticflickr.com/7380/15823041733_5c94ba1a63_o.jpg,https://open-images-dataset.s3.amazonaws.com/validation/dc747e1d542bf243.jpg,EHRENBERG Kommunikation,https://creativecommons.org/licenses/by/2.0/,https://creativecommons.org/licenses/by/2.0/,oi-dc747e1d542bf243,,,,,2026-10-07T17:50:05+08:00,Open Images V7 public validation image / V5 human boxable labels
oi-980d86950a374b74,data/raw/openimages/earphones/oi-980d86950a374b74.jpg,d96b6c769a19ceb5be76202baf700782e221da134d7b221149e6149a5d2feaf0,6,,,open-images-official,,,pending,,open_images,980d86950a374b74,https://www.flickr.com/photos/aloha75/14061739817/,https://farm5.staticflickr.com/2900/14061739817_19965835c6_o.jpg,https://open-images-dataset.s3.amazonaws.com/validation/980d86950a374b74.jpg,Sam Howzit,https://creativecommons.org/licenses/by/2.0/,https://creativecommons.org/licenses/by/2.0/,oi-980d86950a374b74,,,,,2026-10-07T17:50:08+08:00,Open Images V7 public validation image / V5 human boxable labels
oi-b9cf34215e297484,data/raw/openimages/cup/oi-b9cf34215e297484.jpg,fcf1db6b8fa25211ecc6f21c995fa68a4b52a8d7d61a46615cf2869f7b995b6b,0,,,open-images-official,,,pending,,open_images,b9cf34215e297484,https://www.flickr.com/photos/61626678@N07/8566557884,https://farm5.staticflickr.com/8088/8566557884_7df680f122_o.jpg,https://open-images-dataset.s3.amazonaws.com/validation/b9cf34215e297484.jpg,Joan Carles Torres,https://creativecommons.org/licenses/by/2.0/,https://creativecommons.org/licenses/by/2.0/,oi-b9cf34215e297484,,,,,2026-10-07T17:50:11+08:00,Open Images V7 public validation image / V5 human boxable labels
oi-831ef1ed000ea182,data/raw/openimages/book/oi-831ef1ed000ea182.jpg,800a5d822a35df32e940acd670fd155a8691ab9bf510aa3928c68198e8132807,2,,,open-images-official,,,pending,,open_images,831ef1ed000ea182,https://www.flickr.com/photos/phelyan/2765021918/,https://farm3.staticflickr.com/3264/2765021918_2782a14d90_o.jpg,https://open-images-dataset.s3.amazonaws.com/validation/831ef1ed000ea182.jpg,Phelyan Sanjoin,https://creativecommons.org/licenses/by/2.0/,https://creativecommons.org/licenses/by/2.0/,oi-831ef1ed000ea182,,,,,2026-10-07T17:50:14+08:00,Open Images V7 public validation image / V5 human boxable labels
oi-ebb3973705745056,data/raw/openimages/umbrella/oi-ebb3973705745056.jpg,de7c6ae5389da545f43491062609f9b036e95559dd28fbf7f3d0c09f02bc11e0,1,,,open-images-official,,,pending,,open_images,ebb3973705745056,https://www.flickr.com/photos/gracewong/3958715259,https://farm7.staticflickr.com/3532/3958715259_3c45a20262_o.jpg,https://open-images-dataset.s3.amazonaws.com/validation/ebb3973705745056.jpg,Tommy Wong,https://creativecommons.org/licenses/by/2.0/,https://creativecommons.org/licenses/by/2.0/,oi-ebb3973705745056,,,,,2026-10-07T17:50:17+08:00,Open Images V7 public validation image / V5 human boxable labels
oi-f98bd2fa48070821,data/raw/openimages/cup/oi-f98bd2fa48070821.jpg,981cf257724d1f86eb3783bd8f3fd08d0fb667c6d400a6b00bbb1b0182a944a3,0,,,open-images-official,,,pending,,open_images,f98bd2fa48070821,https://www.flickr.com/photos/allenburt/11334905754,https://farm2.staticflickr.com/5481/11334905754_594afb52b3_o.jpg,https://open-images-dataset.s3.amazonaws.com/validation/f98bd2fa48070821.jpg,Allen Burt,https://creativecommons.org/licenses/by/2.0/,https://creativecommons.org/licenses/by/2.0/,oi-f98bd2fa48070821,,,,,2026-10-07T17:50:20+08:00,Open Images V7 public validation image / V5 human boxable labels
oi-f5f77d3a50ea6e21,data/raw/openimages/keyboard/oi-f5f77d3a50ea6e21.jpg,758b7e6fb17f48822a9d400ad26f3c65aa476ea7e7787c4d92d37fccf2ddfa85,5,,,open-images-official,,,pending,,open_images,f5f77d3a50ea6e21,https://www.flickr.com/photos/eyeliam/2544333973,https://farm2.staticflickr.com/3040/2544333973_05a1ac5fe4_o.jpg,https://open-images-dataset.s3.amazonaws.com/validation/f5f77d3a50ea6e21.jpg,Jason Lander,https://creativecommons.org/licenses/by/2.0/,https://creativecommons.org/licenses/by/2.0/,oi-f5f77d3a50ea6e21,,,,,2026-10-07T17:50:25+08:00,Open Images V7 public validation image / V5 human boxable labels
oi-cd7f62ec61b117b6,data/raw/openimages/cup/oi-cd7f62ec61b117b6.jpg,16454717ebef632b3b4c58e97e2539bc880bad8e4a4ed91f846b23c1cad3bc75,0,,,open-images-official,,,pending,,open_images,cd7f62ec61b117b6,https://www.flickr.com/photos/kaythaney/9445233205,https://farm7.staticflickr.com/2820/9445233205_94fd43921f_o.jpg,https://open-images-dataset.s3.amazonaws.com/validation/cd7f62ec61b117b6.jpg,kaythaney,https://creativecommons.org/licenses/by/2.0/,https://creativecommons.org/licenses/by/2.0/,oi-cd7f62ec61b117b6,,,,,2026-10-07T17:50:28+08:00,Open Images V7 public validation image / V5 human boxable labels
oi-2310a9d90806ca38,data/raw/openimages/book/oi-2310a9d90806ca38.jpg,1c2d1a9a286903a99c32755c70d32ec1fd244b1eb66d27dd5d7145e1c6c8b289,2,,,open-images-official,,,pending,,open_images,2310a9d90806ca38,https://www.flickr.com/photos/helenzhang/2754967756,https://c1.staticflickr.com/4/3244/2754967756_fd66c46a12_o.jpg,https://open-images-dataset.s3.amazonaws.com/validation/2310a9d90806ca38.jpg,zhelen,https://creativecommons.org/licenses/by/2.0/,https://creativecommons.org/licenses/by/2.0/,oi-2310a9d90806ca38,,,,,2026-10-07T17:50:31+08:00,Open Images V7 public validation image / V5 human boxable labels
oi-8caa9569fcd835ad,data/raw/openimages/backpack/oi-8caa9569fcd835ad.jpg,d597f405bd3c4a79613ba65d53128bfe94f0a95c6fb799ab2e19d70eaf380533,9,,,open-images-official,,,pending,,open_images,8caa9569fcd835ad,https://www.flickr.com/photos/mountrainiernps/20113909743,https://c6.staticflickr.com/1/693/20113909743_528c332ebe_o.jpg,https://open-images-dataset.s3.amazonaws.com/validation/8caa9569fcd835ad.jpg,Mount Rainier National Park,https://creativecommons.org/licenses/by/2.0/,https://creativecommons.org/licenses/by/2.0/,oi-8caa9569fcd835ad,,,,,2026-10-07T17:50:34+08:00,Open Images V7 public validation image / V5 human boxable labels
oi-6e9ea1a16ef06bee,data/raw/openimages/umbrella/oi-6e9ea1a16ef06bee.jpg,e0df3a6d8760eb93f5006c99220a55cb6937869d119c3c1340cda82982adc65b,1,,,open-images-official,,,pending,,open_images,6e9ea1a16ef06bee,https://www.flickr.com/photos/w00kie/190799046,https://c7.staticflickr.com/1/31/190799046_ecf536e861_o.jpg,https://open-images-dataset.s3.amazonaws.com/validation/6e9ea1a16ef06bee.jpg,w00kie,https://creativecommons.org/licenses/by/2.0/,https://creativecommons.org/licenses/by/2.0/,oi-6e9ea1a16ef06bee,,,,,2026-10-07T17:50:37+08:00,Open Images V7 public validation image / V5 human boxable labels
oi-4caa7f161916628e,data/raw/openimages/book/oi-4caa7f161916628e.jpg,1c752f7f1790582448982138b265d9959df60f015996fd5f8a93f5645278d2d6,2,,,open-images-official,,,pending,,open_images,4caa7f161916628e,https://www.flickr.com/photos/experiencela/37341136,https://c7.staticflickr.com/1/22/37341136_e8fa19f85b_o.jpg,https://open-images-dataset.s3.amazonaws.com/validation/4caa7f161916628e.jpg,Curt Gibbs,https://creativecommons.org/licenses/by/2.0/,https://creativecommons.org/licenses/by/2.0/,oi-4caa7f161916628e,,,,,2026-10-07T17:50:41+08:00,Open Images V7 public validation image / V5 human boxable labels
oi-c16a846baefae10f,data/raw/openimages/umbrella/oi-c16a846baefae10f.jpg,09e8027772e319402cbaee3868e306f21d9d6b5e616d5cfeb167fc5146def244,1,,,open-images-official,,,pending,,open_images,c16a846baefae10f,https://www.flickr.com/photos/aakanayev/14740812273,https://c8.staticflickr.com/4/3893/14740812273_2baf50a84a_o.jpg,https://open-images-dataset.s3.amazonaws.com/validation/c16a846baefae10f.jpg,Asparukh Akanayev,https://creativecommons.org/licenses/by/2.0/,https://creativecommons.org/licenses/by/2.0/,oi-c16a846baefae10f,,,,,2026-10-07T17:50:43+08:00,Open Images V7 public validation image / V5 human boxable labels
oi-61ad317ddcfdb148,data/raw/openimages/keyboard/oi-61ad317ddcfdb148.jpg,7fdd75104d4f47351ef176d1064b63f5275a1bc372b6aeefea3b89324076e3b8,5,,,open-images-official,,,pending,,open_images,61ad317ddcfdb148,https://www.flickr.com/photos/c32/4769781969,https://c1.staticflickr.com/5/4139/4769781969_b335bcfb1e_o.jpg,https://open-images-dataset.s3.amazonaws.com/validation/61ad317ddcfdb148.jpg,Carlos Varela,https://creativecommons.org/licenses/by/2.0/,https://creativecommons.org/licenses/by/2.0/,oi-61ad317ddcfdb148,,,,,2026-10-07T17:50:46+08:00,Open Images V7 public validation image / V5 human boxable labels
oi-2dfb0cd7ac014fc1,data/raw/openimages/umbrella/oi-2dfb0cd7ac014fc1.jpg,0b5b3079f2effc639e4b421821b7cea1ef6be9509f25d93fb158043944ff76ce,1,,,open-images-official,,,pending,,open_images,2dfb0cd7ac014fc1,https://www.flickr.com/photos/125032164@N04/14308710912,https://farm2.staticflickr.com/3802/14308710912_ea5dcbed7c_o.jpg,https://open-images-dataset.s3.amazonaws.com/validation/2dfb0cd7ac014fc1.jpg,Martin Pilkington,https://creativecommons.org/licenses/by/2.0/,https://creativecommons.org/licenses/by/2.0/,oi-2dfb0cd7ac014fc1,,,,,2026-10-07T17:50:48+08:00,Open Images V7 public validation image / V5 human boxable labels
oi-caec78807407ad5f,data/raw/openimages/book/oi-caec78807407ad5f.jpg,cab66ccdfc8ce65b8d672f8516795ff2cd94461825cce2386f6af7cdf6bd1b00,2,,,open-images-official,,,pending,,open_images,caec78807407ad5f,https://www.flickr.com/photos/36302473@N03/8114996604,https://c8.staticflickr.com/9/8053/8114996604_f99d6f6b90_o.jpg,https://open-images-dataset.s3.amazonaws.com/validation/caec78807407ad5f.jpg,Ching,https://creativecommons.org/licenses/by/2.0/,https://creativecommons.org/licenses/by/2.0/,oi-caec78807407ad5f,,,,,2026-10-07T17:50:51+08:00,Open Images V7 public validation image / V5 human boxable labels
oi-34aebaebe39bfaf0,data/raw/openimages/cup/oi-34aebaebe39bfaf0.jpg,b43cc96718b4edee827705d4bf11859cf044bd3e3e28540cd4233122bd3a3b1d,0,,,open-images-official,,,pending,,open_images,34aebaebe39bfaf0,https://www.flickr.com/photos/carlescv/6429975597,https://farm1.staticflickr.com/7168/6429975597_7da50aca8d_o.jpg,https://open-images-dataset.s3.amazonaws.com/validation/34aebaebe39bfaf0.jpg,Carles Caño Valls,https://creativecommons.org/licenses/by/2.0/,https://creativecommons.org/licenses/by/2.0/,oi-34aebaebe39bfaf0,,,,,2026-10-07T17:50:54+08:00,Open Images V7 public validation image / V5 human boxable labels
oi-796bd28e09de2124,data/raw/openimages/book/oi-796bd28e09de2124.jpg,a4617ce9f507f0a018cbf86041955e0c81eea530f1ac95eb5b889e4ad5de97eb,2,,,open-images-official,,,pending,,open_images,796bd28e09de2124,https://www.flickr.com/photos/cote/60644414,https://farm5.staticflickr.com/24/60644414_a83de3f105_o.jpg,https://open-images-dataset.s3.amazonaws.com/validation/796bd28e09de2124.jpg,Michael Coté,https://creativecommons.org/licenses/by/2.0/,https://creativecommons.org/licenses/by/2.0/,oi-796bd28e09de2124,,,,,2026-10-07T17:50:56+08:00,Open Images V7 public validation image / V5 human boxable labels
oi-4aa5d7328d424408,data/raw/openimages/book/oi-4aa5d7328d424408.jpg,34ab7588fec9894e8f708e9e4d93b802a73eb2c38cad5ebb975de496bdb1dcb3,2,,,open-images-official,,,pending,,open_images,4aa5d7328d424408,https://www.flickr.com/photos/osamayy/5145461098,https://c1.staticflickr.com/5/4051/5145461098_9e5d0c6c09_o.jpg,https://open-images-dataset.s3.amazonaws.com/validation/4aa5d7328d424408.jpg,osamayy,https://creativecommons.org/licenses/by/2.0/,https://creativecommons.org/licenses/by/2.0/,oi-4aa5d7328d424408,,,,,2026-10-07T17:50:59+08:00,Open Images V7 public validation image / V5 human boxable labels
oi-1f5cf6e96f0e0690,data/raw/openimages/keyboard/oi-1f5cf6e96f0e0690.jpg,90c2430a5e76fdb53811d4c4822c059d74ea5e10ad1af4da38c626e7b8b1c64e,5,,,open-images-official,,,pending,,open_images,1f5cf6e96f0e0690,https://www.flickr.com/photos/cesarcardoso/6818950291,https://farm1.staticflickr.com/7168/6818950291_b9d616e4d6_o.jpg,https://open-images-dataset.s3.amazonaws.com/validation/1f5cf6e96f0e0690.jpg,Cesar Cardoso,https://creativecommons.org/licenses/by/2.0/,https://creativecommons.org/licenses/by/2.0/,oi-1f5cf6e96f0e0690,,,,,2026-10-07T17:51:01+08:00,Open Images V7 public validation image / V5 human boxable labels
oi-6e72dbc6e751522a,data/raw/openimages/cup/oi-6e72dbc6e751522a.jpg,193b9f7d936849e95fac4649361cdbd9256de5b00bf43793868ccc6898672ddb,0,,,open-images-official,,,pending,,open_images,6e72dbc6e751522a,https://www.flickr.com/photos/110844783@N04/17596396639,https://c3.staticflickr.com/6/5332/17596396639_d208499c0d_o.jpg,https://open-images-dataset.s3.amazonaws.com/validation/6e72dbc6e751522a.jpg,anfhoang,https://creativecommons.org/licenses/by/2.0/,https://creativecommons.org/licenses/by/2.0/,oi-6e72dbc6e751522a,,,,,2026-10-07T17:51:05+08:00,Open Images V7 public validation image / V5 human boxable labels
oi-dcdbabe52cb921f4,data/raw/openimages/cup/oi-dcdbabe52cb921f4.jpg,6223dafc10399ff5793ce3c7b70a65a75cf5124a287a264d20c6c2ceca426615,0,,,open-images-official,,,pending,,open_images,dcdbabe52cb921f4,https://www.flickr.com/photos/jenumfamily/5423247351,https://farm5.staticflickr.com/5259/5423247351_47f8da85d8_o.jpg,https://open-images-dataset.s3.amazonaws.com/validation/dcdbabe52cb921f4.jpg,Jeremy Jenum,https://creativecommons.org/licenses/by/2.0/,https://creativecommons.org/licenses/by/2.0/,oi-dcdbabe52cb921f4,,,,,2026-10-07T17:51:07+08:00,Open Images V7 public validation image / V5 human boxable labels
oi-9b94a2e364786610,data/raw/openimages/backpack/oi-9b94a2e364786610.jpg,6819afba0925f1922fa6fde8d508da8c5e98b7c942c98a897408ca819b1c4609,9,,,open-images-official,,,pending,,open_images,9b94a2e364786610,https://www.flickr.com/photos/zepfanman/376717173,https://farm1.staticflickr.com/182/376717173_d11a46a313_o.jpg,https://open-images-dataset.s3.amazonaws.com/validation/9b94a2e364786610.jpg,Zepfanman.com,https://creativecommons.org/licenses/by/2.0/,https://creativecommons.org/licenses/by/2.0/,oi-9b94a2e364786610,,,,,2026-10-07T17:51:15+08:00,Open Images V7 public validation image / V5 human boxable labels
oi-6142543e417e4688,data/raw/openimages/backpack/oi-6142543e417e4688.jpg,0a69376406566315bee69a150d4a8f6f67b6998b657405e6843017f477ea95ba,9,,,open-images-official,,,pending,,open_images,6142543e417e4688,https://www.flickr.com/photos/williambrawley/511715566,https://c1.staticflickr.com/1/197/511715566_ba01ca411f_o.jpg,https://open-images-dataset.s3.amazonaws.com/validation/6142543e417e4688.jpg,William Brawley,https://creativecommons.org/licenses/by/2.0/,https://creativecommons.org/licenses/by/2.0/,oi-6142543e417e4688,,,,,2026-10-07T17:51:19+08:00,Open Images V7 public validation image / V5 human boxable labels
oi-407f17aef1998eae,data/raw/openimages/book/oi-407f17aef1998eae.jpg,ffb4491d773eeed553d67c117d8ba85e59acf391dd5d863cadbf81915b1b699e,2,,,open-images-official,,,pending,,open_images,407f17aef1998eae,https://www.flickr.com/photos/pandemia/448456607,https://c7.staticflickr.com/1/241/448456607_db66393893_o.jpg,https://open-images-dataset.s3.amazonaws.com/validation/407f17aef1998eae.jpg,Luca Conti,https://creativecommons.org/licenses/by/2.0/,https://creativecommons.org/licenses/by/2.0/,oi-407f17aef1998eae,,,,,2026-10-07T17:51:21+08:00,Open Images V7 public validation image / V5 human boxable labels
oi-6bc17e16228c12fb,data/raw/openimages/cup/oi-6bc17e16228c12fb.jpg,3e9b28165dd124b1110f86c4446257af320d09bc7265edaaf89643c1cc50e642,0,,,open-images-official,,,pending,,open_images,6bc17e16228c12fb,https://www.flickr.com/photos/tomandemma/6541786335,https://c4.staticflickr.com/8/7157/6541786335_b22447ccfa_o.jpg,https://open-images-dataset.s3.amazonaws.com/validation/6bc17e16228c12fb.jpg,Emma,https://creativecommons.org/licenses/by/2.0/,https://creativecommons.org/licenses/by/2.0/,oi-6bc17e16228c12fb,,,,,2026-10-07T17:51:24+08:00,Open Images V7 public validation image / V5 human boxable labels
oi-8e95a33ddc1c093d,data/raw/openimages/earphones/oi-8e95a33ddc1c093d.jpg,cd573825904b14ba48b59006b667572f249804dff8cff7c977040b9e8c712cef,6,,,open-images-official,,,pending,,open_images,8e95a33ddc1c093d,https://www.flickr.com/photos/90941490@N06/16271647292,https://c6.staticflickr.com/8/7492/16271647292_22751ca529_o.jpg,https://open-images-dataset.s3.amazonaws.com/validation/8e95a33ddc1c093d.jpg,tomemrich,https://creativecommons.org/licenses/by/2.0/,https://creativecommons.org/licenses/by/2.0/,oi-8e95a33ddc1c093d,,,,,2026-10-07T17:51:26+08:00,Open Images V7 public validation image / V5 human boxable labels
oi-18c116997ddb662b,data/raw/openimages/cup/oi-18c116997ddb662b.jpg,c4740854cf350055dc661ea757e1e689a16404c57b971a4643c857e9cda10356,0,,,open-images-official,,,pending,,open_images,18c116997ddb662b,https://www.flickr.com/photos/k_derwinski/5460933548,https://c4.staticflickr.com/6/5217/5460933548_d5eb1ce8ef_o.jpg,https://open-images-dataset.s3.amazonaws.com/validation/18c116997ddb662b.jpg,Krzysztof Derwinski,https://creativecommons.org/licenses/by/2.0/,https://creativecommons.org/licenses/by/2.0/,oi-18c116997ddb662b,,,,,2026-10-07T17:51:28+08:00,Open Images V7 public validation image / V5 human boxable labels
oi-9c99cf700c9de073,data/raw/openimages/earphones/oi-9c99cf700c9de073.jpg,db371a2234e9ad1cafc5ff14c73f4a3575c3fce1936bdbb75bb360536b154cf3,6,,,open-images-official,,,pending,,open_images,9c99cf700c9de073,https://www.flickr.com/photos/mujitra/9174957114,https://farm4.staticflickr.com/3731/9174957114_b0a0b35562_o.jpg,https://open-images-dataset.s3.amazonaws.com/validation/9c99cf700c9de073.jpg,MIKI Yoshihito,https://creativecommons.org/licenses/by/2.0/,https://creativecommons.org/licenses/by/2.0/,oi-9c99cf700c9de073,,,,,2026-10-07T17:51:31+08:00,Open Images V7 public validation image / V5 human boxable labels
oi-b79ee19cc605140a,data/raw/openimages/keyboard/oi-b79ee19cc605140a.jpg,f93164e94ac0f1de3c110aa3070762a183b39c4d866c75fc9abea72199bf1298,5,,,open-images-official,,,pending,,open_images,b79ee19cc605140a,https://www.flickr.com/photos/olpc/2880149152,https://c3.staticflickr.com/4/3175/2880149152_309f57f390_o.jpg,https://open-images-dataset.s3.amazonaws.com/validation/b79ee19cc605140a.jpg,One Laptop per Child,https://creativecommons.org/licenses/by/2.0/,https://creativecommons.org/licenses/by/2.0/,oi-b79ee19cc605140a,,,,,2026-10-07T17:51:35+08:00,Open Images V7 public validation image / V5 human boxable labels
oi-a234b17c1813407c,data/raw/openimages/cup/oi-a234b17c1813407c.jpg,564f94f529a73eb7de44756dc5c22774f15576639ed2a592cee9a0c7296277f9,0,,,open-images-official,,,pending,,open_images,a234b17c1813407c,https://www.flickr.com/photos/clownfish/12580109095,https://c5.staticflickr.com/3/2836/12580109095_4930f09414_o.jpg,https://open-images-dataset.s3.amazonaws.com/validation/a234b17c1813407c.jpg,Mike Spasoff,https://creativecommons.org/licenses/by/2.0/,https://creativecommons.org/licenses/by/2.0/,oi-a234b17c1813407c,,,,,2026-10-07T17:51:37+08:00,Open Images V7 public validation image / V5 human boxable labels
oi-270ddc1b90c7c8bb,data/raw/openimages/book/oi-270ddc1b90c7c8bb.jpg,833f38b12365f50b39538c40f6377bf8b007928a5e7c1235c2f827f3b034c3cc,2,,,open-images-official,,,pending,,open_images,270ddc1b90c7c8bb,https://www.flickr.com/photos/nateone/3108422099,https://c4.staticflickr.com/4/3077/3108422099_15991a8f6f_o.jpg,https://open-images-dataset.s3.amazonaws.com/validation/270ddc1b90c7c8bb.jpg,Nate Grigg,https://creativecommons.org/licenses/by/2.0/,https://creativecommons.org/licenses/by/2.0/,oi-270ddc1b90c7c8bb,,,,,2026-10-07T17:51:41+08:00,Open Images V7 public validation image / V5 human boxable labels
oi-55709f00b158ee38,data/raw/openimages/keyboard/oi-55709f00b158ee38.jpg,5a51e4eb56dff887fdc5c25aa49a0824a391df497d25082e5f48b838b7fa891c,5,,,open-images-official,,,pending,,open_images,55709f00b158ee38,https://www.flickr.com/photos/lawtonchiles/3304856265,https://c1.staticflickr.com/4/3333/3304856265_3cf04a55f2_o.jpg,https://open-images-dataset.s3.amazonaws.com/validation/55709f00b158ee38.jpg,Lawton Chiles,https://creativecommons.org/licenses/by/2.0/,https://creativecommons.org/licenses/by/2.0/,oi-55709f00b158ee38,,,,,2026-10-07T17:51:43+08:00,Open Images V7 public validation image / V5 human boxable labels
oi-cfbd0ea8d3acc635,data/raw/openimages/keyboard/oi-cfbd0ea8d3acc635.jpg,444d7cc81a614de4bdb7d53d981da9fb2ddd5d268a4d484d71a251bf21ace8ed,5,,,open-images-official,,,pending,,open_images,cfbd0ea8d3acc635,https://www.flickr.com/photos/sparkfun/16222925751,https://farm6.staticflickr.com/8566/16222925751_9468ab86ae_o.jpg,https://open-images-dataset.s3.amazonaws.com/validation/cfbd0ea8d3acc635.jpg,SparkFun Electronics,https://creativecommons.org/licenses/by/2.0/,https://creativecommons.org/licenses/by/2.0/,oi-cfbd0ea8d3acc635,,,,,2026-10-07T17:51:47+08:00,Open Images V7 public validation image / V5 human boxable labels
oi-4756eb5d588de749,data/raw/openimages/cup/oi-4756eb5d588de749.jpg,4171ac02ac46c99f8727c08c9488a61b30a1215ceae0811c67766bac49b11d74,0,,,open-images-official,,,pending,,open_images,4756eb5d588de749,https://www.flickr.com/photos/sidm/8025053329,https://c2.staticflickr.com/9/8321/8025053329_2195644ca7_o.jpg,https://open-images-dataset.s3.amazonaws.com/validation/4756eb5d588de749.jpg,Sid Mosdell,https://creativecommons.org/licenses/by/2.0/,https://creativecommons.org/licenses/by/2.0/,oi-4756eb5d588de749,,,,,2026-10-07T17:51:51+08:00,Open Images V7 public validation image / V5 human boxable labels
oi-b0a6eb74f9722e8b,data/raw/openimages/keyboard/oi-b0a6eb74f9722e8b.jpg,33eb833c92e2ace580e02c4ae59eeabcee210b648b6d52d950e0b0e41c2e10b5,5,,,open-images-official,,,pending,,open_images,b0a6eb74f9722e8b,https://www.flickr.com/photos/slushpup/278309162,https://c4.staticflickr.com/1/112/278309162_dfac59dca3_o.jpg,https://open-images-dataset.s3.amazonaws.com/validation/b0a6eb74f9722e8b.jpg,Dani Lurie,https://creativecommons.org/licenses/by/2.0/,https://creativecommons.org/licenses/by/2.0/,oi-b0a6eb74f9722e8b,,,,,2026-10-07T17:51:54+08:00,Open Images V7 public validation image / V5 human boxable labels
oi-97e7b0a09e39d453,data/raw/openimages/umbrella/oi-97e7b0a09e39d453.jpg,813a76a8b20537e61ca35091694cdd17f280f1db877c213484fda8bd35b6bafe,1,,,open-images-official,,,pending,,open_images,97e7b0a09e39d453,https://www.flickr.com/photos/57634952@N00/3860143895,https://farm4.staticflickr.com/3424/3860143895_8079344302_o.jpg,https://open-images-dataset.s3.amazonaws.com/validation/97e7b0a09e39d453.jpg,Khairil Yusof,https://creativecommons.org/licenses/by/2.0/,https://creativecommons.org/licenses/by/2.0/,oi-97e7b0a09e39d453,,,,,2026-10-07T17:51:57+08:00,Open Images V7 public validation image / V5 human boxable labels
oi-8f1ea5e11dbc40e5,data/raw/openimages/cup/oi-8f1ea5e11dbc40e5.jpg,92b70cfb8d713153e26059b68cf3c0154dc2f79b7bebbbb4e31f19253adf340d,0,,,open-images-official,,,pending,,open_images,8f1ea5e11dbc40e5,https://www.flickr.com/photos/u-suke/3780451000/,https://farm6.staticflickr.com/2648/3780451000_5e3f760678_o.jpg,https://open-images-dataset.s3.amazonaws.com/validation/8f1ea5e11dbc40e5.jpg,Yusuke Kawasaki,https://creativecommons.org/licenses/by/2.0/,https://creativecommons.org/licenses/by/2.0/,oi-8f1ea5e11dbc40e5,,,,,2026-10-07T17:51:59+08:00,Open Images V7 public validation image / V5 human boxable labels
oi-4fe2fb3816b91c44,data/raw/openimages/mouse/oi-4fe2fb3816b91c44.jpg,6f59b621c9375b3c4b29dbcc8d6bed342f25baa5bbb6c805d1a470ab5b1ef06d,4,,,open-images-official,,,pending,,open_images,4fe2fb3816b91c44,https://www.flickr.com/photos/juanpol/1663593,https://farm5.staticflickr.com/2/1663593_c8e7118ff4_o.jpg,https://open-images-dataset.s3.amazonaws.com/validation/4fe2fb3816b91c44.jpg,Juan Pablo Olmo,https://creativecommons.org/licenses/by/2.0/,https://creativecommons.org/licenses/by/2.0/,oi-4fe2fb3816b91c44,,,,,2026-10-07T17:52:01+08:00,Open Images V7 public validation image / V5 human boxable labels
oi-507d5beadbfbb1b4,data/raw/openimages/keyboard/oi-507d5beadbfbb1b4.jpg,4e297ea86735998a065dcca4aa97f52767891a45b79852eb8cb1c65c43c7bffc,5,,,open-images-official,,,pending,,open_images,507d5beadbfbb1b4,https://www.flickr.com/photos/epredator/640012939,https://farm5.staticflickr.com/1103/640012939_7a64321a1e_o.jpg,https://open-images-dataset.s3.amazonaws.com/validation/507d5beadbfbb1b4.jpg,Ian Hughes,https://creativecommons.org/licenses/by/2.0/,https://creativecommons.org/licenses/by/2.0/,oi-507d5beadbfbb1b4,,,,,2026-10-07T17:52:03+08:00,Open Images V7 public validation image / V5 human boxable labels
oi-b6ab01e24cac855b,data/raw/openimages/keyboard/oi-b6ab01e24cac855b.jpg,b8381def85e954abf7d91b6805f2809c35df4bacd1dd644f5e23028d14ab0cf3,5,,,open-images-official,,,pending,,open_images,b6ab01e24cac855b,https://www.flickr.com/photos/jacobms/4306993853,https://c4.staticflickr.com/5/4028/4306993853_a492b63f0a_o.jpg,https://open-images-dataset.s3.amazonaws.com/validation/b6ab01e24cac855b.jpg,Jacob Munk-Stander,https://creativecommons.org/licenses/by/2.0/,https://creativecommons.org/licenses/by/2.0/,oi-b6ab01e24cac855b,,,,,2026-10-07T17:52:06+08:00,Open Images V7 public validation image / V5 human boxable labels
oi-b63ef8e87f49cc03,data/raw/openimages/book/oi-b63ef8e87f49cc03.jpg,7363b0438d9069bacf13fab7f8cf9808acb5214278334ce3de1b369637121f41,2,,,open-images-official,,,pending,,open_images,b63ef8e87f49cc03,https://www.flickr.com/photos/maong/3588079287,https://farm4.staticflickr.com/3617/3588079287_164a04ff73_o.jpg,https://open-images-dataset.s3.amazonaws.com/validation/b63ef8e87f49cc03.jpg,Monica Arellano-Ongpin,https://creativecommons.org/licenses/by/2.0/,https://creativecommons.org/licenses/by/2.0/,oi-b63ef8e87f49cc03,,,,,2026-10-07T17:52:10+08:00,Open Images V7 public validation image / V5 human boxable labels
oi-74fe00dcf307c42e,data/raw/openimages/keyboard/oi-74fe00dcf307c42e.jpg,c97bf4993b4c7697d40ed3caff78ce1693a169b9a6b62a8d67962ad2ba0e0f86,5,,,open-images-official,,,pending,,open_images,74fe00dcf307c42e,https://www.flickr.com/photos/naturegeak/6146005190,https://c7.staticflickr.com/7/6201/6146005190_cd4285f39a_o.jpg,https://open-images-dataset.s3.amazonaws.com/validation/74fe00dcf307c42e.jpg,Brandon Giesbrecht,https://creativecommons.org/licenses/by/2.0/,https://creativecommons.org/licenses/by/2.0/,oi-74fe00dcf307c42e,,,,,2026-10-07T17:52:12+08:00,Open Images V7 public validation image / V5 human boxable labels
oi-caa59ce4f210e906,data/raw/openimages/book/oi-caa59ce4f210e906.jpg,69c69eddf69c1249aa710938fd425041a4333213baa29df36c094ee5f942b117,2,,,open-images-official,,,pending,,open_images,caa59ce4f210e906,https://www.flickr.com/photos/organised/8831035,https://farm7.staticflickr.com/6/8831035_aba6dccad3_o.jpg,https://open-images-dataset.s3.amazonaws.com/validation/caa59ce4f210e906.jpg,Shay Moradi,https://creativecommons.org/licenses/by/2.0/,https://creativecommons.org/licenses/by/2.0/,oi-caa59ce4f210e906,,,,,2026-10-07T17:52:14+08:00,Open Images V7 public validation image / V5 human boxable labels
oi-e823885c5fe5400a,data/raw/openimages/book/oi-e823885c5fe5400a.jpg,1dfd15ea80caaf91551f9d87acb5580a0cc3571c32e7ff390fe15524ff7701a3,2,,,open-images-official,,,pending,,open_images,e823885c5fe5400a,https://www.flickr.com/photos/127556345@N02/15421284214,https://c3.staticflickr.com/8/7559/15421284214_542a599133_o.jpg,https://open-images-dataset.s3.amazonaws.com/validation/e823885c5fe5400a.jpg,Maxime De Ruyck,https://creativecommons.org/licenses/by/2.0/,https://creativecommons.org/licenses/by/2.0/,oi-e823885c5fe5400a,,,,,2026-10-07T17:52:16+08:00,Open Images V7 public validation image / V5 human boxable labels
oi-922d30b8769c19a1,data/raw/openimages/book/oi-922d30b8769c19a1.jpg,85da60fc3850729996cfff6cdbc067438c509e624135e02f13fe9468255f4e60,2,,,open-images-official,,,pending,,open_images,922d30b8769c19a1,https://www.flickr.com/photos/60399258@N00/6796953450,https://farm2.staticflickr.com/7194/6796953450_b89854a13a_o.jpg,https://open-images-dataset.s3.amazonaws.com/validation/922d30b8769c19a1.jpg,franlhughes,https://creativecommons.org/licenses/by/2.0/,https://creativecommons.org/licenses/by/2.0/,oi-922d30b8769c19a1,,,,,2026-10-07T17:52:21+08:00,Open Images V7 public validation image / V5 human boxable labels
oi-fc9221e13d8ebee1,data/raw/openimages/book/oi-fc9221e13d8ebee1.jpg,a3035f98cd5802bb4abe7335c27105ad124e567b713c4ee4784dd473c0b6219b,2,,,open-images-official,,,pending,,open_images,fc9221e13d8ebee1,https://www.flickr.com/photos/faceme/9601839656,https://farm2.staticflickr.com/3778/9601839656_2c7957a8ba_o.jpg,https://open-images-dataset.s3.amazonaws.com/validation/fc9221e13d8ebee1.jpg,FaceMePLS,https://creativecommons.org/licenses/by/2.0/,https://creativecommons.org/licenses/by/2.0/,oi-fc9221e13d8ebee1,,,,,2026-10-07T17:52:24+08:00,Open Images V7 public validation image / V5 human boxable labels
oi-ea1f6d8b3ad4a5dd,data/raw/openimages/earphones/oi-ea1f6d8b3ad4a5dd.jpg,f6e81d0915cfcde19a4bec06bb1d658ae6d70edec7fd787e7c98c7822abbf904,6,,,open-images-official,,,pending,,open_images,ea1f6d8b3ad4a5dd,https://www.flickr.com/photos/23925460@N04/4751971982,https://c6.staticflickr.com/5/4140/4751971982_75a0413863_o.jpg,https://open-images-dataset.s3.amazonaws.com/validation/ea1f6d8b3ad4a5dd.jpg,TipsyCake Chicago,https://creativecommons.org/licenses/by/2.0/,https://creativecommons.org/licenses/by/2.0/,oi-ea1f6d8b3ad4a5dd,,,,,2026-10-07T17:52:27+08:00,Open Images V7 public validation image / V5 human boxable labels
oi-d19489c45985294b,data/raw/openimages/book/oi-d19489c45985294b.jpg,fad76217625dbbf7dcddd347b4cfdb2f2a927ee33817dfbeaaecfaddc66b9961,2,,,open-images-official,,,pending,,open_images,d19489c45985294b,https://www.flickr.com/photos/sterlingcollege/16598910029,https://c4.staticflickr.com/8/7286/16598910029_42a5598aa7_o.jpg,https://open-images-dataset.s3.amazonaws.com/validation/d19489c45985294b.jpg,Sterling College,https://creativecommons.org/licenses/by/2.0/,https://creativecommons.org/licenses/by/2.0/,oi-d19489c45985294b,,,,,2026-10-07T17:52:30+08:00,Open Images V7 public validation image / V5 human boxable labels
oi-ab2b3c365acadd96,data/raw/openimages/umbrella/oi-ab2b3c365acadd96.jpg,1536c134159c7ae82f33cb2d3eebf23a0e3b8f9fcc39bfb83a71a4c08958a90c,1,,,open-images-official,,,pending,,open_images,ab2b3c365acadd96,https://www.flickr.com/photos/ajari/14552130843,https://farm7.staticflickr.com/2935/14552130843_48bab55469_o.jpg,https://open-images-dataset.s3.amazonaws.com/validation/ab2b3c365acadd96.jpg,ajari,https://creativecommons.org/licenses/by/2.0/,https://creativecommons.org/licenses/by/2.0/,oi-ab2b3c365acadd96,,,,,2026-10-07T17:52:34+08:00,Open Images V7 public validation image / V5 human boxable labels
oi-b4c3b7b7d76b2bf2,data/raw/openimages/earphones/oi-b4c3b7b7d76b2bf2.jpg,143d71ed21bbd8ac098912a797606a04d6432b39f29e5dbef4e06361c56eebe9,6,,,open-images-official,,,pending,,open_images,b4c3b7b7d76b2bf2,https://www.flickr.com/photos/bfishadow/4865410766,https://farm3.staticflickr.com/4093/4865410766_f1f7c6d44c_o.jpg,https://open-images-dataset.s3.amazonaws.com/validation/b4c3b7b7d76b2bf2.jpg,bfishadow,https://creativecommons.org/licenses/by/2.0/,https://creativecommons.org/licenses/by/2.0/,oi-b4c3b7b7d76b2bf2,,,,,2026-10-07T17:52:36+08:00,Open Images V7 public validation image / V5 human boxable labels
oi-a3196fa577444985,data/raw/openimages/keyboard/oi-a3196fa577444985.jpg,0b4ed42fbdcea124f8148f5a86a172f99ed5f159b1b3a8b1fe4811d38dd006f7,5,,,open-images-official,,,pending,,open_images,a3196fa577444985,https://www.flickr.com/photos/norasun/26478862,https://farm6.staticflickr.com/22/26478862_f8bc23642b_o.jpg,https://open-images-dataset.s3.amazonaws.com/validation/a3196fa577444985.jpg,yang zhao,https://creativecommons.org/licenses/by/2.0/,https://creativecommons.org/licenses/by/2.0/,oi-a3196fa577444985,,,,,2026-10-07T17:52:39+08:00,Open Images V7 public validation image / V5 human boxable labels
oi-e8cb0ea3697ea480,data/raw/openimages/book/oi-e8cb0ea3697ea480.jpg,e78ca1d95075bdfaf4942d25688930721ff2debce38253da222d722596aa2a53,2,,,open-images-official,,,pending,,open_images,e8cb0ea3697ea480,https://www.flickr.com/photos/martinamor/496217200,https://farm1.staticflickr.com/229/496217200_8820a8b7f8_o.jpg,https://open-images-dataset.s3.amazonaws.com/validation/e8cb0ea3697ea480.jpg,Nicolai Bangsgaard,https://creativecommons.org/licenses/by/2.0/,https://creativecommons.org/licenses/by/2.0/,oi-e8cb0ea3697ea480,,,,,2026-10-07T17:52:41+08:00,Open Images V7 public validation image / V5 human boxable labels
oi-82ec287514404742,data/raw/openimages/keyboard/oi-82ec287514404742.jpg,16e9bd5bf5bfe4f4b17261af112f4e3982bd46ce14263057e7253c63312f8878,5,,,open-images-official,,,pending,,open_images,82ec287514404742,https://www.flickr.com/photos/60484182@N00/3330463411,https://farm3.staticflickr.com/3620/3330463411_8f8411f124_o.jpg,https://open-images-dataset.s3.amazonaws.com/validation/82ec287514404742.jpg,JuanKamilo,https://creativecommons.org/licenses/by/2.0/,https://creativecommons.org/licenses/by/2.0/,oi-82ec287514404742,,,,,2026-10-07T17:52:43+08:00,Open Images V7 public validation image / V5 human boxable labels
oi-182c1f2bfa4b4280,data/raw/openimages/cup/oi-182c1f2bfa4b4280.jpg,b6f84420d26526e8cb76ee20715560a87acd3aea2cd6c1f90598a3a0629bb37d,0,,,open-images-official,,,pending,,open_images,182c1f2bfa4b4280,https://www.flickr.com/photos/dan_sai/3462798057,https://farm1.staticflickr.com/3662/3462798057_e9544d1677_o.jpg,https://open-images-dataset.s3.amazonaws.com/validation/182c1f2bfa4b4280.jpg,Dan_Sai,https://creativecommons.org/licenses/by/2.0/,https://creativecommons.org/licenses/by/2.0/,oi-182c1f2bfa4b4280,,,,,2026-10-07T17:52:46+08:00,Open Images V7 public validation image / V5 human boxable labels
oi-4bd22ced20a97685,data/raw/openimages/keyboard/oi-4bd22ced20a97685.jpg,d9b3c80fc3852b02dd8e158729bc9e3b809c940b4267f0dbe1507e6656d17c55,5,,,open-images-official,,,pending,,open_images,4bd22ced20a97685,https://www.flickr.com/photos/husseinabdallah/11504455765,https://farm6.staticflickr.com/5525/11504455765_defc72c73f_o.jpg,https://open-images-dataset.s3.amazonaws.com/validation/4bd22ced20a97685.jpg,abdallahh,https://creativecommons.org/licenses/by/2.0/,https://creativecommons.org/licenses/by/2.0/,oi-4bd22ced20a97685,,,,,2026-10-07T17:52:49+08:00,Open Images V7 public validation image / V5 human boxable labels
oi-41bece651eeeb9bc,data/raw/openimages/book/oi-41bece651eeeb9bc.jpg,5721f327240fc39efece4af6341140a12db5a9d324a6f1e5fc9bf1cd91b27211,2,,,open-images-official,,,pending,,open_images,41bece651eeeb9bc,https://www.flickr.com/photos/hams/1849594221,https://c5.staticflickr.com/3/2305/1849594221_f60e886a79_o.jpg,https://open-images-dataset.s3.amazonaws.com/validation/41bece651eeeb9bc.jpg,Marlon Hammes,https://creativecommons.org/licenses/by/2.0/,https://creativecommons.org/licenses/by/2.0/,oi-41bece651eeeb9bc,,,,,2026-10-07T17:52:52+08:00,Open Images V7 public validation image / V5 human boxable labels
oi-854bbae71c1315f0,data/raw/openimages/backpack/oi-854bbae71c1315f0.jpg,5c4a7e6ed80d2c0c0cc2a2d7e17a1600013c6ed81fc0e4c73ee1d885e41f631f,9,,,open-images-official,,,pending,,open_images,854bbae71c1315f0,https://www.flickr.com/photos/onepointfour/6526607393,https://farm1.staticflickr.com/7171/6526607393_b12da4c1af_o.jpg,https://open-images-dataset.s3.amazonaws.com/validation/854bbae71c1315f0.jpg,Dustin Gaffke,https://creativecommons.org/licenses/by/2.0/,https://creativecommons.org/licenses/by/2.0/,oi-854bbae71c1315f0,,,,,2026-10-07T17:52:54+08:00,Open Images V7 public validation image / V5 human boxable labels
oi-2ae47fa15fea397b,data/raw/openimages/umbrella/oi-2ae47fa15fea397b.jpg,9166e1ce3abba954498d19b52931b3cd59b3cc968c4fe4bdd0ff85f6764ea5ca,1,,,open-images-official,,,pending,,open_images,2ae47fa15fea397b,https://www.flickr.com/photos/girlguidesofcan/15870845868,https://c4.staticflickr.com/8/7476/15870845868_6d5dbf6a56_o.jpg,https://open-images-dataset.s3.amazonaws.com/validation/2ae47fa15fea397b.jpg,Girl Guides of Canada,https://creativecommons.org/licenses/by/2.0/,https://creativecommons.org/licenses/by/2.0/,oi-2ae47fa15fea397b,,,,,2026-10-07T17:52:58+08:00,Open Images V7 public validation image / V5 human boxable labels
oi-c88aa18f9fffa58d,data/raw/openimages/cup/oi-c88aa18f9fffa58d.jpg,01c24b76f8f6156a6571c0c5b9766042b4291c40829378663e0702340ed2f71b,0,,,open-images-official,,,pending,,open_images,c88aa18f9fffa58d,https://www.flickr.com/photos/wapster/8296913114,https://c6.staticflickr.com/9/8356/8296913114_7cdb966f2c_o.jpg,https://open-images-dataset.s3.amazonaws.com/validation/c88aa18f9fffa58d.jpg,Wapster,https://creativecommons.org/licenses/by/2.0/,https://creativecommons.org/licenses/by/2.0/,oi-c88aa18f9fffa58d,,,,,2026-10-07T17:53:00+08:00,Open Images V7 public validation image / V5 human boxable labels
oi-d0bbfdd40af35fcc,data/raw/openimages/cup/oi-d0bbfdd40af35fcc.jpg,76ee6ddf7e7c32aa52f1376bc6cb16a12ca59c2870cef4880c7c25944166248a,0,,,open-images-official,,,pending,,open_images,d0bbfdd40af35fcc,https://www.flickr.com/photos/jking89/4573304934,https://c5.staticflickr.com/5/4070/4573304934_c089a873e0_o.jpg,https://open-images-dataset.s3.amazonaws.com/validation/d0bbfdd40af35fcc.jpg,Joe King,https://creativecommons.org/licenses/by/2.0/,https://creativecommons.org/licenses/by/2.0/,oi-d0bbfdd40af35fcc,,,,,2026-10-07T17:53:02+08:00,Open Images V7 public validation image / V5 human boxable labels
oi-f3b046e9144b39e9,data/raw/openimages/keyboard/oi-f3b046e9144b39e9.jpg,7d0171ad31b8cf346af049cfe3e35ae924400511716a58500a1a9929ccbeb935,5,,,open-images-official,,,pending,,open_images,f3b046e9144b39e9,https://www.flickr.com/photos/lead_org/15950824410,https://c2.staticflickr.com/8/7481/15950824410_775cb81877_o.jpg,https://open-images-dataset.s3.amazonaws.com/validation/f3b046e9144b39e9.jpg,Jin  Li,https://creativecommons.org/licenses/by/2.0/,https://creativecommons.org/licenses/by/2.0/,oi-f3b046e9144b39e9,,,,,2026-10-07T17:53:05+08:00,Open Images V7 public validation image / V5 human boxable labels
oi-dd8a7bf210628fd7,data/raw/openimages/book/oi-dd8a7bf210628fd7.jpg,4513533f803709d1f4db4a084fe18955635ca19ddc50be144224a7e1faa041b4,2,,,open-images-official,,,pending,,open_images,dd8a7bf210628fd7,https://www.flickr.com/photos/clscphotos/1397988013,https://farm8.staticflickr.com/1025/1397988013_c90856c829_o.jpg,https://open-images-dataset.s3.amazonaws.com/validation/dd8a7bf210628fd7.jpg,CLSCphotos,https://creativecommons.org/licenses/by/2.0/,https://creativecommons.org/licenses/by/2.0/,oi-dd8a7bf210628fd7,,,,,2026-10-07T17:53:08+08:00,Open Images V7 public validation image / V5 human boxable labels
oi-1b5a2df8bba6d498,data/raw/openimages/book/oi-1b5a2df8bba6d498.jpg,64334f02eb25211787fa465874c4dfbacb8227cb70b3abe0eff7fb29e29edb71,2,,,open-images-official,,,pending,,open_images,1b5a2df8bba6d498,https://www.flickr.com/photos/egaroa/8294714907/,https://c1.staticflickr.com/9/8071/8294714907_d39f621741_o.jpg,https://open-images-dataset.s3.amazonaws.com/validation/1b5a2df8bba6d498.jpg,Garoa,https://creativecommons.org/licenses/by/2.0/,https://creativecommons.org/licenses/by/2.0/,oi-1b5a2df8bba6d498,,,,,2026-10-07T17:53:11+08:00,Open Images V7 public validation image / V5 human boxable labels
oi-eb86d7c511ddeb02,data/raw/openimages/keyboard/oi-eb86d7c511ddeb02.jpg,2f61a6fbb7fb6281e099626fa9d2f377522cb6641cbff643f96069890d92b128,5,,,open-images-official,,,pending,,open_images,eb86d7c511ddeb02,https://www.flickr.com/photos/pestoverde/12586053695,https://farm3.staticflickr.com/5520/12586053695_3d9435b5fb_o.jpg,https://open-images-dataset.s3.amazonaws.com/validation/eb86d7c511ddeb02.jpg,Maurizio Pesce,https://creativecommons.org/licenses/by/2.0/,https://creativecommons.org/licenses/by/2.0/,oi-eb86d7c511ddeb02,,,,,2026-10-07T17:53:15+08:00,Open Images V7 public validation image / V5 human boxable labels
oi-22e77e58651810bf,data/raw/openimages/book/oi-22e77e58651810bf.jpg,095bce9319468022f1e4ae4e4af1df43cd27f9ac344466be9658505150221fdb,2,,,open-images-official,,,pending,,open_images,22e77e58651810bf,https://www.flickr.com/photos/moedusa/3890522480,https://c8.staticflickr.com/4/3500/3890522480_37d0917df9_o.jpg,https://open-images-dataset.s3.amazonaws.com/validation/22e77e58651810bf.jpg,moedusa,https://creativecommons.org/licenses/by/2.0/,https://creativecommons.org/licenses/by/2.0/,oi-22e77e58651810bf,,,,,2026-10-07T17:53:19+08:00,Open Images V7 public validation image / V5 human boxable labels
oi-f9ecba243c6b8a07,data/raw/openimages/backpack/oi-f9ecba243c6b8a07.jpg,df9daf4ec3142d575cc9b2ab705a8337d55bbacba08d4a3150d790bdd4d480c6,9,,,open-images-official,,,pending,,open_images,f9ecba243c6b8a07,https://www.flickr.com/photos/hightechdad/5824744831,https://farm8.staticflickr.com/2094/5824744831_5b52d85feb_o.jpg,https://open-images-dataset.s3.amazonaws.com/validation/f9ecba243c6b8a07.jpg,Michael Sheehan,https://creativecommons.org/licenses/by/2.0/,https://creativecommons.org/licenses/by/2.0/,oi-f9ecba243c6b8a07,,,,,2026-10-07T17:53:21+08:00,Open Images V7 public validation image / V5 human boxable labels
oi-ed52f03ad1a8ef84,data/raw/openimages/cup/oi-ed52f03ad1a8ef84.jpg,2105a7b640ee6a2ec41fbf5abfb642ac95d9f4547f420b4c8c0add3a304f274e,0,,,open-images-official,,,pending,,open_images,ed52f03ad1a8ef84,https://www.flickr.com/photos/61192399@N04/10874878613,https://farm5.staticflickr.com/3792/10874878613_90f36db8d1_o.jpg,https://open-images-dataset.s3.amazonaws.com/validation/ed52f03ad1a8ef84.jpg,Katie,https://creativecommons.org/licenses/by/2.0/,https://creativecommons.org/licenses/by/2.0/,oi-ed52f03ad1a8ef84,,,,,2026-10-07T17:53:23+08:00,Open Images V7 public validation image / V5 human boxable labels
oi-462da63749fae994,data/raw/openimages/earphones/oi-462da63749fae994.jpg,32bc7f02ad27b9245e8e8bff2284814f5923008e21f8ab4d23a237831f70b84a,6,,,open-images-official,,,pending,,open_images,462da63749fae994,https://www.flickr.com/photos/kevinkrejci/6944811956,https://farm5.staticflickr.com/7254/6944811956_0c5b978bd4_o.jpg,https://open-images-dataset.s3.amazonaws.com/validation/462da63749fae994.jpg,Kevin Krejci,https://creativecommons.org/licenses/by/2.0/,https://creativecommons.org/licenses/by/2.0/,oi-462da63749fae994,,,,,2026-10-07T17:53:25+08:00,Open Images V7 public validation image / V5 human boxable labels
oi-d75cf2c450cfedf8,data/raw/openimages/earphones/oi-d75cf2c450cfedf8.jpg,9b47fd1fe85b85a61762f09dc14b56ace3282d22a78766f930cf62ef60f8f01a,6,,,open-images-official,,,pending,,open_images,d75cf2c450cfedf8,https://www.flickr.com/photos/kobakou/16784464633,https://c1.staticflickr.com/9/8733/16784464633_7096ec4eac_o.jpg,https://open-images-dataset.s3.amazonaws.com/validation/d75cf2c450cfedf8.jpg,kobakou,https://creativecommons.org/licenses/by/2.0/,https://creativecommons.org/licenses/by/2.0/,oi-d75cf2c450cfedf8,,,,,2026-10-07T17:53:28+08:00,Open Images V7 public validation image / V5 human boxable labels
oi-9ce6de026d0a4621,data/raw/openimages/umbrella/oi-9ce6de026d0a4621.jpg,4d80b9b330a21a107111f122f6ef434eeb5b36a7b20ffad3c93bbfb28fe3f7d7,1,,,open-images-official,,,pending,,open_images,9ce6de026d0a4621,https://www.flickr.com/photos/riyagi/11953809323,https://farm2.staticflickr.com/3690/11953809323_829c5791b0_o.jpg,https://open-images-dataset.s3.amazonaws.com/validation/9ce6de026d0a4621.jpg,Ricardo 清介 八木,https://creativecommons.org/licenses/by/2.0/,https://creativecommons.org/licenses/by/2.0/,oi-9ce6de026d0a4621,,,,,2026-10-07T17:53:30+08:00,Open Images V7 public validation image / V5 human boxable labels
oi-defb4911c2df3880,data/raw/openimages/keyboard/oi-defb4911c2df3880.jpg,57ec9ee9ca0e2ed18eb542439e0b14a969e03f14157b4ec8853a84a303c574b0,5,,,open-images-official,,,pending,,open_images,defb4911c2df3880,https://www.flickr.com/photos/mskogly/151147943,https://farm1.staticflickr.com/56/151147943_cfbdddfa4a_o.jpg,https://open-images-dataset.s3.amazonaws.com/validation/defb4911c2df3880.jpg,Morten Skogly,https://creativecommons.org/licenses/by/2.0/,https://creativecommons.org/licenses/by/2.0/,oi-defb4911c2df3880,,,,,2026-10-07T17:53:34+08:00,Open Images V7 public validation image / V5 human boxable labels
oi-74d9c3ea2244fe8f,data/raw/openimages/earphones/oi-74d9c3ea2244fe8f.jpg,2b691588996ea455be52fec4369bbd7965be011b1e20a7c2c6e3126f30fbcfc6,6,,,open-images-official,,,pending,,open_images,74d9c3ea2244fe8f,https://www.flickr.com/photos/thesmiler/14249748354,https://c8.staticflickr.com/3/2936/14249748354_ab813806d2_o.jpg,https://open-images-dataset.s3.amazonaws.com/validation/74d9c3ea2244fe8f.jpg,The Smiler (band),https://creativecommons.org/licenses/by/2.0/,https://creativecommons.org/licenses/by/2.0/,oi-74d9c3ea2244fe8f,,,,,2026-10-07T17:53:39+08:00,Open Images V7 public validation image / V5 human boxable labels
oi-62c3a0c8ce3a6ac6,data/raw/openimages/earphones/oi-62c3a0c8ce3a6ac6.jpg,4e2f52c10a733987c2de66942233f4396a5ebbb4fc73e7cafd162fb14d06a829,6,,,open-images-official,,,pending,,open_images,62c3a0c8ce3a6ac6,https://www.flickr.com/photos/knottyboywayne/655343,https://farm7.staticflickr.com/1/655343_23c35a2fb2_o.jpg,https://open-images-dataset.s3.amazonaws.com/validation/62c3a0c8ce3a6ac6.jpg,Wayne Noffsinger,https://creativecommons.org/licenses/by/2.0/,https://creativecommons.org/licenses/by/2.0/,oi-62c3a0c8ce3a6ac6,,,,,2026-10-07T17:53:42+08:00,Open Images V7 public validation image / V5 human boxable labels
oi-caede041e92b55c7,data/raw/openimages/keyboard/oi-caede041e92b55c7.jpg,3af21a63cf18930b84db251534fe34ced91f026cb78ce1e91e3890555e3f4b73,5,,,open-images-official,,,pending,,open_images,caede041e92b55c7,https://www.flickr.com/photos/jemimus/4906739233,https://farm8.staticflickr.com/4123/4906739233_8764659b7d_o.jpg,https://open-images-dataset.s3.amazonaws.com/validation/caede041e92b55c7.jpg,Robert,https://creativecommons.org/licenses/by/2.0/,https://creativecommons.org/licenses/by/2.0/,oi-caede041e92b55c7,,,,,2026-10-07T17:53:45+08:00,Open Images V7 public validation image / V5 human boxable labels
oi-dacff59f9391a87b,data/raw/openimages/book/oi-dacff59f9391a87b.jpg,b9d3b509fe57fea6c3a0aff31fca5b7ffb37a518a20b7a28d85b3a668792768b,2,,,open-images-official,,,pending,,open_images,dacff59f9391a87b,https://www.flickr.com/photos/25533577@N06/6563666511,https://c4.staticflickr.com/8/7171/6563666511_d99009a104_o.jpg,https://open-images-dataset.s3.amazonaws.com/validation/dacff59f9391a87b.jpg,LuneOwl,https://creativecommons.org/licenses/by/2.0/,https://creativecommons.org/licenses/by/2.0/,oi-dacff59f9391a87b,,,,,2026-10-07T17:53:48+08:00,Open Images V7 public validation image / V5 human boxable labels
oi-cf5a7db2da4df56c,data/raw/openimages/keyboard/oi-cf5a7db2da4df56c.jpg,f6447db728f702afe534fa7d5070783e9f91f150aa11c49329fcd3e768ac3585,5,,,open-images-official,,,pending,,open_images,cf5a7db2da4df56c,https://www.flickr.com/photos/14175729@N05/8511174878,https://c5.staticflickr.com/9/8247/8511174878_44dac607df_o.jpg,https://open-images-dataset.s3.amazonaws.com/validation/cf5a7db2da4df56c.jpg,zonderr,https://creativecommons.org/licenses/by/2.0/,https://creativecommons.org/licenses/by/2.0/,oi-cf5a7db2da4df56c,,,,,2026-10-07T17:53:50+08:00,Open Images V7 public validation image / V5 human boxable labels
oi-dab2223483fd7b34,data/raw/openimages/keyboard/oi-dab2223483fd7b34.jpg,9bbe1cacfc2fd0ff75aac8e8bbfd19da8246baf3404484d774e3cd836a48708c,5,,,open-images-official,,,pending,,open_images,dab2223483fd7b34,https://www.flickr.com/photos/gmahender/4047403467,https://farm5.staticflickr.com/2472/4047403467_788e4d2c40_o.jpg,https://open-images-dataset.s3.amazonaws.com/validation/dab2223483fd7b34.jpg,Mahender G,https://creativecommons.org/licenses/by/2.0/,https://creativecommons.org/licenses/by/2.0/,oi-dab2223483fd7b34,,,,,2026-10-07T17:53:55+08:00,Open Images V7 public validation image / V5 human boxable labels
oi-ba965d3fd74e1e61,data/raw/openimages/book/oi-ba965d3fd74e1e61.jpg,5afdd766162f3e32ff96cc14dc74423f6633fbe5d8103af3f8099aac161767b7,2,,,open-images-official,,,pending,,open_images,ba965d3fd74e1e61,https://www.flickr.com/photos/7855449@N02/4739695490,https://farm2.staticflickr.com/4076/4739695490_0f18dcc8f5_o.jpg,https://open-images-dataset.s3.amazonaws.com/validation/ba965d3fd74e1e61.jpg,David Armano,https://creativecommons.org/licenses/by/2.0/,https://creativecommons.org/licenses/by/2.0/,oi-ba965d3fd74e1e61,,,,,2026-10-07T17:53:57+08:00,Open Images V7 public validation image / V5 human boxable labels
oi-a32e3afe08e4a238,data/raw/openimages/cup/oi-a32e3afe08e4a238.jpg,6b3a3996bc4af53674a817ceb9b7a00c82f6a3ef4b33c599e72416dd8ef1a887,0,,,open-images-official,,,pending,,open_images,a32e3afe08e4a238,https://www.flickr.com/photos/sashafatcat/4677388545,https://c1.staticflickr.com/5/4049/4677388545_a7404e946d_o.jpg,https://open-images-dataset.s3.amazonaws.com/validation/a32e3afe08e4a238.jpg,Paul Joseph,https://creativecommons.org/licenses/by/2.0/,https://creativecommons.org/licenses/by/2.0/,oi-a32e3afe08e4a238,,,,,2026-10-07T17:53:59+08:00,Open Images V7 public validation image / V5 human boxable labels
oi-a2c3dedcab286534,data/raw/openimages/earphones/oi-a2c3dedcab286534.jpg,9b8357d1b86a343c3e82c2e9a6795c71b6addcd5b66a842890d26d07e22a1653,6,,,open-images-official,,,pending,,open_images,a2c3dedcab286534,https://www.flickr.com/photos/masuidrive/6653241557,https://farm5.staticflickr.com/7174/6653241557_992ec49812_o.jpg,https://open-images-dataset.s3.amazonaws.com/validation/a2c3dedcab286534.jpg,Yuichiro MASUI,https://creativecommons.org/licenses/by/2.0/,https://creativecommons.org/licenses/by/2.0/,oi-a2c3dedcab286534,,,,,2026-10-07T17:54:02+08:00,Open Images V7 public validation image / V5 human boxable labels
oi-8509d5c40c40b78a,data/raw/openimages/mouse/oi-8509d5c40c40b78a.jpg,4d870d33cf27f1a08d9fa00fb08da99316b383d536d924120db35228a3df99f4,4,,,open-images-official,,,pending,,open_images,8509d5c40c40b78a,https://www.flickr.com/photos/namsj/21855046725,https://c3.staticflickr.com/6/5657/21855046725_e7a97d6ccf_o.jpg,https://open-images-dataset.s3.amazonaws.com/validation/8509d5c40c40b78a.jpg,Nam Ngo,https://creativecommons.org/licenses/by/2.0/,https://creativecommons.org/licenses/by/2.0/,oi-8509d5c40c40b78a,,,,,2026-10-07T17:54:04+08:00,Open Images V7 public validation image / V5 human boxable labels
oi-b0d8a43b3c65a582,data/raw/openimages/backpack/oi-b0d8a43b3c65a582.jpg,5abf3dd0e3f1dc87a0aa6f2fdc219da9c7f7622650248ad2afee9525dd63646a,9,,,open-images-official,,,pending,,open_images,b0d8a43b3c65a582,https://www.flickr.com/photos/mrbill/2463364274,https://farm3.staticflickr.com/2257/2463364274_a5b44f8201_o.jpg,https://open-images-dataset.s3.amazonaws.com/validation/b0d8a43b3c65a582.jpg,Bill Bradford,https://creativecommons.org/licenses/by/2.0/,https://creativecommons.org/licenses/by/2.0/,oi-b0d8a43b3c65a582,,,,,2026-10-07T17:54:07+08:00,Open Images V7 public validation image / V5 human boxable labels
oi-1a00561698778497,data/raw/openimages/book/oi-1a00561698778497.jpg,a91462c9faf2d4db7aa25f3f28e510a4f777ef32238537c2696b1ecc175d5167,2,,,open-images-official,,,pending,,open_images,1a00561698778497,https://www.flickr.com/photos/111990164@N05/11899153385,https://farm8.staticflickr.com/2868/11899153385_ebf7911aed_o.jpg,https://open-images-dataset.s3.amazonaws.com/validation/1a00561698778497.jpg,rogintakesphotos,https://creativecommons.org/licenses/by/2.0/,https://creativecommons.org/licenses/by/2.0/,oi-1a00561698778497,,,,,2026-10-07T17:54:10+08:00,Open Images V7 public validation image / V5 human boxable labels
oi-623a7c5b74e0e574,data/raw/openimages/umbrella/oi-623a7c5b74e0e574.jpg,f1255ab3edf10207984bb9f4fbcd232dbe28d44fb67a401f96feef14a0645a60,1,,,open-images-official,,,pending,,open_images,623a7c5b74e0e574,https://www.flickr.com/photos/baha1210/3656817383,https://farm5.staticflickr.com/3548/3656817383_0b6c64e2b2_o.jpg,https://open-images-dataset.s3.amazonaws.com/validation/623a7c5b74e0e574.jpg,Barbara L. Hanson,https://creativecommons.org/licenses/by/2.0/,https://creativecommons.org/licenses/by/2.0/,oi-623a7c5b74e0e574,,,,,2026-10-07T17:54:12+08:00,Open Images V7 public validation image / V5 human boxable labels
oi-c1e3d0a2886a93c7,data/raw/openimages/umbrella/oi-c1e3d0a2886a93c7.jpg,cbb5b5704c47b8f31da873758d085aa2e804f1bd9c80c087b23dd370d09eccad,1,,,open-images-official,,,pending,,open_images,c1e3d0a2886a93c7,https://www.flickr.com/photos/lunabazaar/5863692794,https://farm8.staticflickr.com/5150/5863692794_046786a799_o.jpg,https://open-images-dataset.s3.amazonaws.com/validation/c1e3d0a2886a93c7.jpg,Dorothy Thompson,https://creativecommons.org/licenses/by/2.0/,https://creativecommons.org/licenses/by/2.0/,oi-c1e3d0a2886a93c7,,,,,2026-10-07T17:54:16+08:00,Open Images V7 public validation image / V5 human boxable labels
oi-f1f7ff1db85041ce,data/raw/openimages/cup/oi-f1f7ff1db85041ce.jpg,c0b296a9783d230d50ecb9c68e2b984d98d3456a708174f10076db00242854f1,0,,,open-images-official,,,pending,,open_images,f1f7ff1db85041ce,https://www.flickr.com/photos/littledebbie11/3193173953,https://c7.staticflickr.com/4/3258/3193173953_d21fa7d2fb_o.jpg,https://open-images-dataset.s3.amazonaws.com/validation/f1f7ff1db85041ce.jpg,Debs (ò‿ó)♪,https://creativecommons.org/licenses/by/2.0/,https://creativecommons.org/licenses/by/2.0/,oi-f1f7ff1db85041ce,,,,,2026-10-07T17:54:21+08:00,Open Images V7 public validation image / V5 human boxable labels
oi-0b19fbf13f8296d6,data/raw/openimages/book/oi-0b19fbf13f8296d6.jpg,321919828230ca5970af8a621acd1e6f12d0427e99bab9f7d4808d350e9f2421,2,,,open-images-official,,,pending,,open_images,0b19fbf13f8296d6,https://www.flickr.com/photos/fergiec/235400267,https://farm7.staticflickr.com/90/235400267_9f32ef9ae6_o.jpg,https://open-images-dataset.s3.amazonaws.com/validation/0b19fbf13f8296d6.jpg,Fergal Carr,https://creativecommons.org/licenses/by/2.0/,https://creativecommons.org/licenses/by/2.0/,oi-0b19fbf13f8296d6,,,,,2026-10-07T17:54:23+08:00,Open Images V7 public validation image / V5 human boxable labels
oi-55d391da105421e9,data/raw/openimages/book/oi-55d391da105421e9.jpg,6be65fef9f083d5040e2c6a84f330feef2d33c124d0ab76444c29cb5c902f9b8,2,,,open-images-official,,,pending,,open_images,55d391da105421e9,https://www.flickr.com/photos/mkwilliams/7172659369,https://c2.staticflickr.com/9/8014/7172659369_5df1ef69d9_o.jpg,https://open-images-dataset.s3.amazonaws.com/validation/55d391da105421e9.jpg,A Continuous Lean,https://creativecommons.org/licenses/by/2.0/,https://creativecommons.org/licenses/by/2.0/,oi-55d391da105421e9,,,,,2026-10-07T17:54:26+08:00,Open Images V7 public validation image / V5 human boxable labels
oi-c9d9cea323d50bae,data/raw/openimages/earphones/oi-c9d9cea323d50bae.jpg,01cbb4566eef3adbd4a6784b97f292a11ca9a961dd1837997dd9cf7bac6740de,6,,,open-images-official,,,pending,,open_images,c9d9cea323d50bae,https://www.flickr.com/photos/meandmyshadow/4553628250,https://c7.staticflickr.com/4/3182/4553628250_6f4a01029b_o.jpg,https://open-images-dataset.s3.amazonaws.com/validation/c9d9cea323d50bae.jpg,JULIAN MASON,https://creativecommons.org/licenses/by/2.0/,https://creativecommons.org/licenses/by/2.0/,oi-c9d9cea323d50bae,,,,,2026-10-07T17:54:29+08:00,Open Images V7 public validation image / V5 human boxable labels
oi-f1ea6128c736f9cd,data/raw/openimages/earphones/oi-f1ea6128c736f9cd.jpg,6459cbf64f4cb12e23b599f95ed3cebc7418313742b92f2cccc822fb51a65db3,6,,,open-images-official,,,pending,,open_images,f1ea6128c736f9cd,https://www.flickr.com/photos/gbpublic/8589379742,https://c6.staticflickr.com/9/8110/8589379742_2754f8a415_o.jpg,https://open-images-dataset.s3.amazonaws.com/validation/f1ea6128c736f9cd.jpg,GBPublic_PR,https://creativecommons.org/licenses/by/2.0/,https://creativecommons.org/licenses/by/2.0/,oi-f1ea6128c736f9cd,,,,,2026-10-07T17:54:33+08:00,Open Images V7 public validation image / V5 human boxable labels
oi-5907a0344543cd13,data/raw/openimages/mouse/oi-5907a0344543cd13.jpg,68741472f4203b6b1a7c32f910cdcc4c95a1f989e91cbc5074696f2deb075da0,4,,,open-images-official,,,pending,,open_images,5907a0344543cd13,https://www.flickr.com/photos/srboisvert/16188435509,https://farm4.staticflickr.com/7408/16188435509_8297d8e68d_o.jpg,https://open-images-dataset.s3.amazonaws.com/validation/5907a0344543cd13.jpg,stephen boisvert,https://creativecommons.org/licenses/by/2.0/,https://creativecommons.org/licenses/by/2.0/,oi-5907a0344543cd13,,,,,2026-10-07T17:54:36+08:00,Open Images V7 public validation image / V5 human boxable labels
oi-6e58d8b2c269091b,data/raw/openimages/book/oi-6e58d8b2c269091b.jpg,a5962af13b2f860ad545d31b1f79eb5e411d2d971cbcdc462f2d8e2541655906,2,,,open-images-official,,,pending,,open_images,6e58d8b2c269091b,https://www.flickr.com/photos/smith/3537255207,https://c4.staticflickr.com/3/2139/3537255207_05a95176dd_o.jpg,https://open-images-dataset.s3.amazonaws.com/validation/6e58d8b2c269091b.jpg,Richard Smith,https://creativecommons.org/licenses/by/2.0/,https://creativecommons.org/licenses/by/2.0/,oi-6e58d8b2c269091b,,,,,2026-10-07T17:54:38+08:00,Open Images V7 public validation image / V5 human boxable labels
oi-15e2134bf1363429,data/raw/openimages/book/oi-15e2134bf1363429.jpg,13f98ceee9f0508f9de9bffc0eb708c2af3e31d1d0adf1c62f52052435bd75db,2,,,open-images-official,,,pending,,open_images,15e2134bf1363429,https://www.flickr.com/photos/vanillaandlaceblog/5761127340,https://c2.staticflickr.com/3/2062/5761127340_1e8ecfc980_o.jpg,https://open-images-dataset.s3.amazonaws.com/validation/15e2134bf1363429.jpg,Abi Porter,https://creativecommons.org/licenses/by/2.0/,https://creativecommons.org/licenses/by/2.0/,oi-15e2134bf1363429,,,,,2026-10-07T17:54:43+08:00,Open Images V7 public validation image / V5 human boxable labels
oi-a26732f58ceb12a7,data/raw/openimages/book/oi-a26732f58ceb12a7.jpg,c11aa551a90b8111c6eeb346ac7251e78da5de972ba07b16b5f5980a71dade59,2,,,open-images-official,,,pending,,open_images,a26732f58ceb12a7,https://www.flickr.com/photos/88709139@N08/8430062408,https://farm8.staticflickr.com/8328/8430062408_4ab3226ce0_o.jpg,https://open-images-dataset.s3.amazonaws.com/validation/a26732f58ceb12a7.jpg,Media Mike Hazard,https://creativecommons.org/licenses/by/2.0/,https://creativecommons.org/licenses/by/2.0/,oi-a26732f58ceb12a7,,,,,2026-10-07T17:54:46+08:00,Open Images V7 public validation image / V5 human boxable labels
oi-1ea0b813513a3a40,data/raw/openimages/book/oi-1ea0b813513a3a40.jpg,114a14ca94a64ea2fc46a7049d616d455a4a1689f19f58e3650fa99ee80159f1,2,,,open-images-official,,,pending,,open_images,1ea0b813513a3a40,https://www.flickr.com/photos/ssblan/5488321263,https://farm1.staticflickr.com/5017/5488321263_f561c9f5bc_o.jpg,https://open-images-dataset.s3.amazonaws.com/validation/1ea0b813513a3a40.jpg,Regionbibliotek Stockholm,https://creativecommons.org/licenses/by/2.0/,https://creativecommons.org/licenses/by/2.0/,oi-1ea0b813513a3a40,,,,,2026-10-07T17:54:49+08:00,Open Images V7 public validation image / V5 human boxable labels
oi-5154dcba9b9dfe0b,data/raw/openimages/earphones/oi-5154dcba9b9dfe0b.jpg,4965ab40ffa5e193e9145037471384ebc3483ec3cb37bc2bd12c019d869e85f2,6,,,open-images-official,,,pending,,open_images,5154dcba9b9dfe0b,https://www.flickr.com/photos/somegeekintn/3809420605,https://c4.staticflickr.com/4/3443/3809420605_ccdec3a584_o.jpg,https://open-images-dataset.s3.amazonaws.com/validation/5154dcba9b9dfe0b.jpg,Casey Fleser,https://creativecommons.org/licenses/by/2.0/,https://creativecommons.org/licenses/by/2.0/,oi-5154dcba9b9dfe0b,,,,,2026-10-07T17:54:52+08:00,Open Images V7 public validation image / V5 human boxable labels
oi-dc8857479b0c8d32,data/raw/openimages/earphones/oi-dc8857479b0c8d32.jpg,2bbed33b1477738e0aedb384a12dc20578610f8f8c71a2ff76ffd2142ba92bcd,6,,,open-images-official,,,pending,,open_images,dc8857479b0c8d32,https://www.flickr.com/photos/jimmybenson/6311981004,https://farm3.staticflickr.com/6119/6311981004_38ceed99de_o.jpg,https://open-images-dataset.s3.amazonaws.com/validation/dc8857479b0c8d32.jpg,Jan-Willem Reusink,https://creativecommons.org/licenses/by/2.0/,https://creativecommons.org/licenses/by/2.0/,oi-dc8857479b0c8d32,,,,,2026-10-07T17:54:54+08:00,Open Images V7 public validation image / V5 human boxable labels
oi-12435d88b4504d3f,data/raw/openimages/book/oi-12435d88b4504d3f.jpg,fc3b7ecc7cef8b184fda6c54c77f36d539177ac6352635dd8de25a6eed303df3,2,,,open-images-official,,,pending,,open_images,12435d88b4504d3f,https://www.flickr.com/photos/sixteenmilesofstring/11162130925,https://c8.staticflickr.com/6/5519/11162130925_4897514abe_o.jpg,https://open-images-dataset.s3.amazonaws.com/validation/12435d88b4504d3f.jpg,Timothy Vollmer,https://creativecommons.org/licenses/by/2.0/,https://creativecommons.org/licenses/by/2.0/,oi-12435d88b4504d3f,,,,,2026-10-07T17:54:57+08:00,Open Images V7 public validation image / V5 human boxable labels
oi-4659ae93e8c76102,data/raw/openimages/book/oi-4659ae93e8c76102.jpg,7635aa7716d99e861bae2d51b619f1d1fe19fe3d06c0e3accc4c0f5a3ea1aa73,2,,,open-images-official,,,pending,,open_images,4659ae93e8c76102,https://www.flickr.com/photos/27132029@N06/2710719169,https://farm3.staticflickr.com/3259/2710719169_518cd08c8b_o.jpg,https://open-images-dataset.s3.amazonaws.com/validation/4659ae93e8c76102.jpg,Ogilvy PR,https://creativecommons.org/licenses/by/2.0/,https://creativecommons.org/licenses/by/2.0/,oi-4659ae93e8c76102,,,,,2026-10-07T17:55:00+08:00,Open Images V7 public validation image / V5 human boxable labels
oi-1d7929b66a611ea8,data/raw/openimages/cup/oi-1d7929b66a611ea8.jpg,c2da62fb905b2590b32628769c66af58a09c6f2eb2913b0b28ba98574c79f392,0,,,open-images-official,,,pending,,open_images,1d7929b66a611ea8,https://www.flickr.com/photos/little_yiye/6317035320,https://c1.staticflickr.com/7/6214/6317035320_729cb7fce8_o.jpg,https://open-images-dataset.s3.amazonaws.com/validation/1d7929b66a611ea8.jpg,&gt;littleyiye&lt;,https://creativecommons.org/licenses/by/2.0/,https://creativecommons.org/licenses/by/2.0/,oi-1d7929b66a611ea8,,,,,2026-10-07T17:55:03+08:00,Open Images V7 public validation image / V5 human boxable labels
oi-41c7ee95543af458,data/raw/openimages/umbrella/oi-41c7ee95543af458.jpg,ba30c18727f52c0af95622d432c0403e00815ea051cbab5aac48c26c134faf38,1,,,open-images-official,,,pending,,open_images,41c7ee95543af458,https://www.flickr.com/photos/pagedooley/15587650796,https://c1.staticflickr.com/4/3936/15587650796_0773665b02_o.jpg,https://open-images-dataset.s3.amazonaws.com/validation/41c7ee95543af458.jpg,Kevin Dooley,https://creativecommons.org/licenses/by/2.0/,https://creativecommons.org/licenses/by/2.0/,oi-41c7ee95543af458,,,,,2026-10-07T17:55:07+08:00,Open Images V7 public validation image / V5 human boxable labels
oi-333452abf04d1b2b,data/raw/openimages/book/oi-333452abf04d1b2b.jpg,9b54db1f97bc78c031652d4ea3a687259d4b4a59cc63aef64f1e214c36e3fd92,2,,,open-images-official,,,pending,,open_images,333452abf04d1b2b,https://www.flickr.com/photos/mstrniste/5982892221,https://c4.staticflickr.com/7/6011/5982892221_ec3fa88385_o.jpg,https://open-images-dataset.s3.amazonaws.com/validation/333452abf04d1b2b.jpg,Marissa Strniste,https://creativecommons.org/licenses/by/2.0/,https://creativecommons.org/licenses/by/2.0/,oi-333452abf04d1b2b,,,,,2026-10-07T17:55:09+08:00,Open Images V7 public validation image / V5 human boxable labels
oi-4948a8d435d70f7d,data/raw/openimages/keyboard/oi-4948a8d435d70f7d.jpg,6e2e442be1bac953a7089ff6aad83b2064739f2fe99230259baca2161067054a,5,,,open-images-official,,,pending,,open_images,4948a8d435d70f7d,https://www.flickr.com/photos/dkpto/2827671260,https://c6.staticflickr.com/4/3151/2827671260_e3fc5e2d43_o.jpg,https://open-images-dataset.s3.amazonaws.com/validation/4948a8d435d70f7d.jpg,dkpto,https://creativecommons.org/licenses/by/2.0/,https://creativecommons.org/licenses/by/2.0/,oi-4948a8d435d70f7d,,,,,2026-10-07T17:55:11+08:00,Open Images V7 public validation image / V5 human boxable labels
oi-89b1e7d636e0c5f8,data/raw/openimages/backpack/oi-89b1e7d636e0c5f8.jpg,182c1508d1a216179c32bd8ad2b2c362b6eead67acde360d187fa8d242600f4a,9,,,open-images-official,,,pending,,open_images,89b1e7d636e0c5f8,https://www.flickr.com/photos/imamon/16058309369,https://c1.staticflickr.com/9/8587/16058309369_876256f87a_o.jpg,https://open-images-dataset.s3.amazonaws.com/validation/89b1e7d636e0c5f8.jpg,Imamon,https://creativecommons.org/licenses/by/2.0/,https://creativecommons.org/licenses/by/2.0/,oi-89b1e7d636e0c5f8,,,,,2026-10-07T17:55:15+08:00,Open Images V7 public validation image / V5 human boxable labels
oi-19822f5f6db7de1f,data/raw/openimages/book/oi-19822f5f6db7de1f.jpg,e2ced4099453482463df19815208de468096b3c0dfb8b71b7a5ac83a5e356745,2,,,open-images-official,,,pending,,open_images,19822f5f6db7de1f,https://www.flickr.com/photos/landschaft/434093439,https://c8.staticflickr.com/1/169/434093439_92438cdedf_o.jpg,https://open-images-dataset.s3.amazonaws.com/validation/19822f5f6db7de1f.jpg,Jo Guldi,https://creativecommons.org/licenses/by/2.0/,https://creativecommons.org/licenses/by/2.0/,oi-19822f5f6db7de1f,,,,,2026-10-07T17:55:18+08:00,Open Images V7 public validation image / V5 human boxable labels
oi-ad8a7dccd533e84e,data/raw/openimages/book/oi-ad8a7dccd533e84e.jpg,1c34056cc21030500e9b83f704345c5c244eb80f87e03ba8bc47cb0a81af755c,2,,,open-images-official,,,pending,,open_images,ad8a7dccd533e84e,https://www.flickr.com/photos/usaghumphreys/16996807614,https://c7.staticflickr.com/8/7731/16996807614_a63e529f4d_o.jpg,https://open-images-dataset.s3.amazonaws.com/validation/ad8a7dccd533e84e.jpg,USAG- Humphreys,https://creativecommons.org/licenses/by/2.0/,https://creativecommons.org/licenses/by/2.0/,oi-ad8a7dccd533e84e,,,,,2026-10-07T17:55:21+08:00,Open Images V7 public validation image / V5 human boxable labels
oi-9e0d20b6184e1da5,data/raw/openimages/backpack/oi-9e0d20b6184e1da5.jpg,619455adec8858dafc8cfccd9b9a95da6f240306e2a204dea96bc3533ea67713,9,,,open-images-official,,,pending,,open_images,9e0d20b6184e1da5,https://www.flickr.com/photos/quirky/65950097,https://farm6.staticflickr.com/24/65950097_a7947ca79e_o.jpg,https://open-images-dataset.s3.amazonaws.com/validation/9e0d20b6184e1da5.jpg,Wendy Harman,https://creativecommons.org/licenses/by/2.0/,https://creativecommons.org/licenses/by/2.0/,oi-9e0d20b6184e1da5,,,,,2026-10-07T17:55:23+08:00,Open Images V7 public validation image / V5 human boxable labels
oi-b31c712320a70ed1,data/raw/openimages/cup/oi-b31c712320a70ed1.jpg,da24e8f4248cccbc634055f1ce64fd96ad4ac20a9e2e4dd3dbf61f18634b4c19,0,,,open-images-official,,,pending,,open_images,b31c712320a70ed1,https://www.flickr.com/photos/vintage-aura/11818909833,https://farm2.staticflickr.com/7355/11818909833_9032d93613_o.jpg,https://open-images-dataset.s3.amazonaws.com/validation/b31c712320a70ed1.jpg,Shanaz AL,https://creativecommons.org/licenses/by/2.0/,https://creativecommons.org/licenses/by/2.0/,oi-b31c712320a70ed1,,,,,2026-10-07T17:55:25+08:00,Open Images V7 public validation image / V5 human boxable labels
oi-bc37ccba2857d1e7,data/raw/openimages/earphones/oi-bc37ccba2857d1e7.jpg,40708beff259e29821d2c5d1fa50e51c59c3ffb1df93d825b14b43ac2a7c916b,6,,,open-images-official,,,pending,,open_images,bc37ccba2857d1e7,https://www.flickr.com/photos/leomei/2651051995,https://farm8.staticflickr.com/3010/2651051995_116619b0e2_o.jpg,https://open-images-dataset.s3.amazonaws.com/validation/bc37ccba2857d1e7.jpg,Lin Mei,https://creativecommons.org/licenses/by/2.0/,https://creativecommons.org/licenses/by/2.0/,oi-bc37ccba2857d1e7,,,,,2026-10-07T17:55:27+08:00,Open Images V7 public validation image / V5 human boxable labels
oi-3184492d5235d598,data/raw/openimages/backpack/oi-3184492d5235d598.jpg,a8d4ee057da260cffbbfe69da8bb5036cc92473b2c757d2a3d0d1d0374b25bd0,9,,,open-images-official,,,pending,,open_images,3184492d5235d598,https://www.flickr.com/photos/philippeclerjon/8551198489,https://c1.staticflickr.com/9/8086/8551198489_b0311a1a19_o.jpg,https://open-images-dataset.s3.amazonaws.com/validation/3184492d5235d598.jpg,philippe,https://creativecommons.org/licenses/by/2.0/,https://creativecommons.org/licenses/by/2.0/,oi-3184492d5235d598,,,,,2026-10-07T17:55:30+08:00,Open Images V7 public validation image / V5 human boxable labels
oi-25d9787f2ccde077,data/raw/openimages/earphones/oi-25d9787f2ccde077.jpg,9ffab4c4b1c7c184f2c882a12081d3fa38ed011442d6bc72571914b0810c5f36,6,,,open-images-official,,,pending,,open_images,25d9787f2ccde077,https://www.flickr.com/photos/yto/12672448254,https://farm8.staticflickr.com/2836/12672448254_f6bddb4d8d_o.jpg,https://open-images-dataset.s3.amazonaws.com/validation/25d9787f2ccde077.jpg,Tatsuo Yamashita,https://creativecommons.org/licenses/by/2.0/,https://creativecommons.org/licenses/by/2.0/,oi-25d9787f2ccde077,,,,,2026-10-07T17:55:34+08:00,Open Images V7 public validation image / V5 human boxable labels
oi-a3a73afe097efbfa,data/raw/openimages/keyboard/oi-a3a73afe097efbfa.jpg,8f1d7f0e705fd19d222c1b74cd26c3b9dedeef50730d1cef8244bf0be9c746b1,5,,,open-images-official,,,pending,,open_images,a3a73afe097efbfa,https://www.flickr.com/photos/carrotmadman6/3101829919,https://c3.staticflickr.com/4/3138/3101829919_7baf86a7e2_o.jpg,https://open-images-dataset.s3.amazonaws.com/validation/a3a73afe097efbfa.jpg,carrotmadman6,https://creativecommons.org/licenses/by/2.0/,https://creativecommons.org/licenses/by/2.0/,oi-a3a73afe097efbfa,,,,,2026-10-07T17:55:37+08:00,Open Images V7 public validation image / V5 human boxable labels
oi-749bd801be2b5be7,data/raw/openimages/keyboard/oi-749bd801be2b5be7.jpg,4556d29cbe86ba3da4af1cec8252de90cba012c9729d10fbbc8d00ac789be9b7,5,,,open-images-official,,,pending,,open_images,749bd801be2b5be7,https://www.flickr.com/photos/shawnzlea/2249111402,https://farm8.staticflickr.com/2048/2249111402_e6eedd64dc_o.jpg,https://open-images-dataset.s3.amazonaws.com/validation/749bd801be2b5be7.jpg,Shawn Rossi,https://creativecommons.org/licenses/by/2.0/,https://creativecommons.org/licenses/by/2.0/,oi-749bd801be2b5be7,,,,,2026-10-07T17:55:39+08:00,Open Images V7 public validation image / V5 human boxable labels
oi-ba246c102bf13a92,data/raw/openimages/keyboard/oi-ba246c102bf13a92.jpg,d2bc61ea61ee31fced0879c976b1e207894cab23dd340ee66aba3cef36ebf430,5,,,open-images-official,,,pending,,open_images,ba246c102bf13a92,https://www.flickr.com/photos/lissjasmin/6324231116,https://farm3.staticflickr.com/6053/6324231116_1b53e1a749_o.jpg,https://open-images-dataset.s3.amazonaws.com/validation/ba246c102bf13a92.jpg,Me-Liss-A,https://creativecommons.org/licenses/by/2.0/,https://creativecommons.org/licenses/by/2.0/,oi-ba246c102bf13a92,,,,,2026-10-07T17:55:42+08:00,Open Images V7 public validation image / V5 human boxable labels
oi-1b150af36d87a735,data/raw/openimages/umbrella/oi-1b150af36d87a735.jpg,4d53700829a48914befd332bb4a1abad5eeb51c1565fc987257cdcf0be0f8ba4,1,,,open-images-official,,,pending,,open_images,1b150af36d87a735,https://www.flickr.com/photos/quirky/1197630656,https://farm6.staticflickr.com/1066/1197630656_c54846f3d9_o.jpg,https://open-images-dataset.s3.amazonaws.com/validation/1b150af36d87a735.jpg,Wendy Harman,https://creativecommons.org/licenses/by/2.0/,https://creativecommons.org/licenses/by/2.0/,oi-1b150af36d87a735,,,,,2026-10-07T17:55:45+08:00,Open Images V7 public validation image / V5 human boxable labels
oi-d0f4244d04835dc4,data/raw/openimages/keyboard/oi-d0f4244d04835dc4.jpg,5316db8a3b90f16322fa65944975995bd08786c05dd1ed885d135b26a9d1ee9b,5,,,open-images-official,,,pending,,open_images,d0f4244d04835dc4,https://www.flickr.com/photos/85799360@N06/7906051834,https://farm5.staticflickr.com/8298/7906051834_b059b0ebbe_o.jpg,https://open-images-dataset.s3.amazonaws.com/validation/d0f4244d04835dc4.jpg,wizardjournal,https://creativecommons.org/licenses/by/2.0/,https://creativecommons.org/licenses/by/2.0/,oi-d0f4244d04835dc4,,,,,2026-10-07T17:55:47+08:00,Open Images V7 public validation image / V5 human boxable labels
oi-a88cf9722f76deeb,data/raw/openimages/mouse/oi-a88cf9722f76deeb.jpg,69382e98adede0039792e9c9cf153183c1c14056f7993d50567b600e33240ea0,4,,,open-images-official,,,pending,,open_images,a88cf9722f76deeb,https://www.flickr.com/photos/standout/4168779009,https://c4.staticflickr.com/3/2745/4168779009_f922fe8a97_o.jpg,https://open-images-dataset.s3.amazonaws.com/validation/a88cf9722f76deeb.jpg,David Svensson,https://creativecommons.org/licenses/by/2.0/,https://creativecommons.org/licenses/by/2.0/,oi-a88cf9722f76deeb,,,,,2026-10-07T17:55:49+08:00,Open Images V7 public validation image / V5 human boxable labels
oi-dc24d0bfa98cc138,data/raw/openimages/cup/oi-dc24d0bfa98cc138.jpg,741d9b718d99e28cff3d5221e063bf3c91ec61386aaab1b0277cb13cafaa436d,0,,,open-images-official,,,pending,,open_images,dc24d0bfa98cc138,https://www.flickr.com/photos/bagogames/18323494901,https://c1.staticflickr.com/9/8803/18323494901_ee012afeb7_o.jpg,https://open-images-dataset.s3.amazonaws.com/validation/dc24d0bfa98cc138.jpg,BagoGames,https://creativecommons.org/licenses/by/2.0/,https://creativecommons.org/licenses/by/2.0/,oi-dc24d0bfa98cc138,,,,,2026-10-07T17:55:52+08:00,Open Images V7 public validation image / V5 human boxable labels
oi-6261fb5e6bc208be,data/raw/openimages/keyboard/oi-6261fb5e6bc208be.jpg,1e73e2b6a745326374d7affb2689913ea55e38f53db2c30e118d26dac59ec45d,5,,,open-images-official,,,pending,,open_images,6261fb5e6bc208be,https://www.flickr.com/photos/80358908@N06/7447096844,https://c7.staticflickr.com/8/7132/7447096844_5179c7dfc3_o.jpg,https://open-images-dataset.s3.amazonaws.com/validation/6261fb5e6bc208be.jpg,anrt2,https://creativecommons.org/licenses/by/2.0/,https://creativecommons.org/licenses/by/2.0/,oi-6261fb5e6bc208be,,,,,2026-10-07T17:55:54+08:00,Open Images V7 public validation image / V5 human boxable labels
oi-a351fe3136692dcb,data/raw/openimages/mouse/oi-a351fe3136692dcb.jpg,c4b85b794fb8682ec5b45a3eb33e9e018b413083a07b0fbca427d9af1fbf0b7a,4,,,open-images-official,,,pending,,open_images,a351fe3136692dcb,https://www.flickr.com/photos/toms/127899401,https://c4.staticflickr.com/1/56/127899401_ded1541361_o.jpg,https://open-images-dataset.s3.amazonaws.com/validation/a351fe3136692dcb.jpg,Toms Baugis,https://creativecommons.org/licenses/by/2.0/,https://creativecommons.org/licenses/by/2.0/,oi-a351fe3136692dcb,,,,,2026-10-07T17:55:56+08:00,Open Images V7 public validation image / V5 human boxable labels
oi-278625937aee5ee4,data/raw/openimages/earphones/oi-278625937aee5ee4.jpg,44485d354d532d23d46ce815f340508133caaa101d94e7382891c866f0f3b77f,6,,,open-images-official,,,pending,,open_images,278625937aee5ee4,https://www.flickr.com/photos/hepp/5370427737,https://farm5.staticflickr.com/5042/5370427737_09243588cc_o.jpg,https://open-images-dataset.s3.amazonaws.com/validation/278625937aee5ee4.jpg,erik forsberg,https://creativecommons.org/licenses/by/2.0/,https://creativecommons.org/licenses/by/2.0/,oi-278625937aee5ee4,,,,,2026-10-07T17:55:59+08:00,Open Images V7 public validation image / V5 human boxable labels
oi-63f967b2b0da649d,data/raw/openimages/earphones/oi-63f967b2b0da649d.jpg,5667202189b7c4d7f1f56aff7aa65ba8c2f1fe0db42a6a9f7b89bcc9f3551081,6,,,open-images-official,,,pending,,open_images,63f967b2b0da649d,https://www.flickr.com/photos/kalleboo/2290818949,https://c6.staticflickr.com/4/3165/2290818949_9a16b0f6ed_o.jpg,https://open-images-dataset.s3.amazonaws.com/validation/63f967b2b0da649d.jpg,Karl Baron,https://creativecommons.org/licenses/by/2.0/,https://creativecommons.org/licenses/by/2.0/,oi-63f967b2b0da649d,,,,,2026-10-07T17:56:01+08:00,Open Images V7 public validation image / V5 human boxable labels
oi-7491dc5b881626cd,data/raw/openimages/backpack/oi-7491dc5b881626cd.jpg,63c153d37aef667d07c623ccbee941199cdc5ce412ca23fb5f10537a363cd78f,9,,,open-images-official,,,pending,,open_images,7491dc5b881626cd,https://www.flickr.com/photos/yukochatulapoly/5055254596,https://c6.staticflickr.com/5/4092/5055254596_87a6920104_o.jpg,https://open-images-dataset.s3.amazonaws.com/validation/7491dc5b881626cd.jpg,watashiwani,https://creativecommons.org/licenses/by/2.0/,https://creativecommons.org/licenses/by/2.0/,oi-7491dc5b881626cd,,,,,2026-10-07T17:56:04+08:00,Open Images V7 public validation image / V5 human boxable labels
oi-802ea6a6898b0d8c,data/raw/openimages/earphones/oi-802ea6a6898b0d8c.jpg,3e1bdd2b877918ae9daca56f791f6658dfd8eb81fe4de0c78d0b726fa8e1978e,6,,,open-images-official,,,pending,,open_images,802ea6a6898b0d8c,https://www.flickr.com/photos/yy1122/8526917223,https://c5.staticflickr.com/9/8380/8526917223_e0d8ab8710_o.jpg,https://open-images-dataset.s3.amazonaws.com/validation/802ea6a6898b0d8c.jpg,DEE_1122,https://creativecommons.org/licenses/by/2.0/,https://creativecommons.org/licenses/by/2.0/,oi-802ea6a6898b0d8c,,,,,2026-10-07T17:56:06+08:00,Open Images V7 public validation image / V5 human boxable labels
oi-16bb316c7c76b5a5,data/raw/openimages/keyboard/oi-16bb316c7c76b5a5.jpg,3049676abe565a9f04056fb86a093087389f2f21e46b2ad9fe39d32b248bc64c,5,,,open-images-official,,,pending,,open_images,16bb316c7c76b5a5,https://www.flickr.com/photos/yakobusan/141738938,https://farm6.staticflickr.com/47/141738938_5812ae475d_o.jpg,https://open-images-dataset.s3.amazonaws.com/validation/16bb316c7c76b5a5.jpg,Jakob Montrasio,https://creativecommons.org/licenses/by/2.0/,https://creativecommons.org/licenses/by/2.0/,oi-16bb316c7c76b5a5,,,,,2026-10-07T17:56:10+08:00,Open Images V7 public validation image / V5 human boxable labels
oi-28e06ba3283aaa84,data/raw/openimages/earphones/oi-28e06ba3283aaa84.jpg,222941487edde5fb8f96a29e2460489c13c8662bc079a764bfa5598653fdb072,6,,,open-images-official,,,pending,,open_images,28e06ba3283aaa84,https://www.flickr.com/photos/fawkeswei/8122191573,https://farm5.staticflickr.com/8052/8122191573_a1530f9f1b_o.jpg,https://open-images-dataset.s3.amazonaws.com/validation/28e06ba3283aaa84.jpg,Fawkes Wei,https://creativecommons.org/licenses/by/2.0/,https://creativecommons.org/licenses/by/2.0/,oi-28e06ba3283aaa84,,,,,2026-10-07T17:56:12+08:00,Open Images V7 public validation image / V5 human boxable labels
oi-bc052e81ba63c54b,data/raw/openimages/keyboard/oi-bc052e81ba63c54b.jpg,0a4543cfbbcfae6b3b4f34ba09f01191effe6a717b56ad0d96b61bb86433bf4b,5,,,open-images-official,,,pending,,open_images,bc052e81ba63c54b,https://www.flickr.com/photos/jrgd/4890449528,https://c4.staticflickr.com/5/4122/4890449528_299dc07aef_o.jpg,https://open-images-dataset.s3.amazonaws.com/validation/bc052e81ba63c54b.jpg,jrgd,https://creativecommons.org/licenses/by/2.0/,https://creativecommons.org/licenses/by/2.0/,oi-bc052e81ba63c54b,,,,,2026-10-07T17:56:15+08:00,Open Images V7 public validation image / V5 human boxable labels
oi-25f64e9aca8971ea,data/raw/openimages/umbrella/oi-25f64e9aca8971ea.jpg,2521ba7d2d9ef9af179620e6c70738d86ffe183b24b0094021bf1a8f18d56baf,1,,,open-images-official,,,pending,,open_images,25f64e9aca8971ea,https://www.flickr.com/photos/zachflanders/25835238,https://c3.staticflickr.com/1/21/25835238_428eb26861_o.jpg,https://open-images-dataset.s3.amazonaws.com/validation/25f64e9aca8971ea.jpg,Zach Flanders,https://creativecommons.org/licenses/by/2.0/,https://creativecommons.org/licenses/by/2.0/,oi-25f64e9aca8971ea,,,,,2026-10-07T17:56:17+08:00,Open Images V7 public validation image / V5 human boxable labels
oi-76d8919159c2a5c5,data/raw/openimages/mouse/oi-76d8919159c2a5c5.jpg,9a173443a2e2fcf93ec919236edaa10b8113f2e36353deb2601575c6e03f0e36,4,,,open-images-official,,,pending,,open_images,76d8919159c2a5c5,https://www.flickr.com/photos/itopic/3580966273,https://farm6.staticflickr.com/2439/3580966273_6b40581381_o.jpg,https://open-images-dataset.s3.amazonaws.com/validation/76d8919159c2a5c5.jpg,iTopic,https://creativecommons.org/licenses/by/2.0/,https://creativecommons.org/licenses/by/2.0/,oi-76d8919159c2a5c5,,,,,2026-10-07T17:56:19+08:00,Open Images V7 public validation image / V5 human boxable labels
oi-649331e7565dd249,data/raw/openimages/backpack/oi-649331e7565dd249.jpg,c8dc31f46bad7e16eed4b62b3f52ad5da0e2232476d4dba06c4862c5f5f57d31,9,,,open-images-official,,,pending,,open_images,649331e7565dd249,https://www.flickr.com/photos/bilora/5693145868,https://c2.staticflickr.com/6/5184/5693145868_860a90d0b8_o.jpg,https://open-images-dataset.s3.amazonaws.com/test/649331e7565dd249.jpg,The Photo Company NL,https://creativecommons.org/licenses/by/2.0/,https://creativecommons.org/licenses/by/2.0/,oi-649331e7565dd249,,,,,2026-10-07T18:03:37+08:00,Open Images V7 public test image / V5 human boxable labels; one non-depicted box >=25% image area
oi-bfe66da6cd62f60d,data/raw/openimages/book/oi-bfe66da6cd62f60d.jpg,b7876a371c9c178601a9783a8a6c7e5a5a1acb2dedacce9b9d5195b84cf4973c,2,,,open-images-official,,,pending,,open_images,bfe66da6cd62f60d,https://www.flickr.com/photos/table4five/280088977,https://c6.staticflickr.com/1/119/280088977_dbdb3a68d3_o.jpg,https://open-images-dataset.s3.amazonaws.com/test/bfe66da6cd62f60d.jpg,Elizabeth,https://creativecommons.org/licenses/by/2.0/,https://creativecommons.org/licenses/by/2.0/,oi-bfe66da6cd62f60d,,,,,2026-10-07T18:03:40+08:00,Open Images V7 public test image / V5 human boxable labels; one non-depicted box >=25% image area
oi-c50313ec973c3024,data/raw/openimages/earphones/oi-c50313ec973c3024.jpg,fcb47c04ac31ae53eb74550afc83175f370190447a7fc64c5e705021b7c23fdf,6,,,open-images-official,,,pending,,open_images,c50313ec973c3024,https://www.flickr.com/photos/vuarnet/15515624786,https://farm5.staticflickr.com/3949/15515624786_4c1f378867_o.jpg,https://open-images-dataset.s3.amazonaws.com/test/c50313ec973c3024.jpg,Raul Ramirez,https://creativecommons.org/licenses/by/2.0/,https://creativecommons.org/licenses/by/2.0/,oi-c50313ec973c3024,,,,,2026-10-07T18:03:42+08:00,Open Images V7 public test image / V5 human boxable labels; one non-depicted box >=25% image area
oi-1df6e430c821910b,data/raw/openimages/cup/oi-1df6e430c821910b.jpg,3a3592a2acaf450ff96291c0f6d021ec0ca8d70cd7585cfa06340fdf09410f3c,0,,,open-images-official,,,pending,,open_images,1df6e430c821910b,https://www.flickr.com/photos/pepemartin/8044306354,https://c4.staticflickr.com/9/8442/8044306354_2d571f0fb8_o.jpg,https://open-images-dataset.s3.amazonaws.com/test/1df6e430c821910b.jpg,Pepe Martin (Mário José Martins),https://creativecommons.org/licenses/by/2.0/,https://creativecommons.org/licenses/by/2.0/,oi-1df6e430c821910b,,,,,2026-10-07T18:03:44+08:00,Open Images V7 public test image / V5 human boxable labels; one non-depicted box >=25% image area
oi-9e15f41999541180,data/raw/openimages/book/oi-9e15f41999541180.jpg,3dd9991859cfd72a82afa40896a8e23c0e6505abdf6d0b73ccbbd160656dd131,2,,,open-images-official,,,pending,,open_images,9e15f41999541180,https://www.flickr.com/photos/cy-v/8587293816,https://farm1.staticflickr.com/8532/8587293816_f8e0b677db_o.jpg,https://open-images-dataset.s3.amazonaws.com/test/9e15f41999541180.jpg,Cy-V,https://creativecommons.org/licenses/by/2.0/,https://creativecommons.org/licenses/by/2.0/,oi-9e15f41999541180,,,,,2026-10-07T18:03:46+08:00,Open Images V7 public test image / V5 human boxable labels; one non-depicted box >=25% image area
oi-e6da0447cf622db3,data/raw/openimages/cup/oi-e6da0447cf622db3.jpg,351e2e1b046b9aea97182d277a6053529d9d8f8694a97c16d2a9e85680a56194,0,,,open-images-official,,,pending,,open_images,e6da0447cf622db3,https://www.flickr.com/photos/wstryder/7388081530,https://farm4.staticflickr.com/7084/7388081530_f39bd8088d_o.jpg,https://open-images-dataset.s3.amazonaws.com/test/e6da0447cf622db3.jpg,Lauri Rantala,https://creativecommons.org/licenses/by/2.0/,https://creativecommons.org/licenses/by/2.0/,oi-e6da0447cf622db3,,,,,2026-10-07T18:03:49+08:00,Open Images V7 public test image / V5 human boxable labels; one non-depicted box >=25% image area
oi-b9f301f5f569bd64,data/raw/openimages/earphones/oi-b9f301f5f569bd64.jpg,b63042d41090e1c1c177850e0d9c4628eb353b8c720b04c840ec6e907be437da,6,,,open-images-official,,,pending,,open_images,b9f301f5f569bd64,https://www.flickr.com/photos/perkovich/14503860227,https://farm5.staticflickr.com/3893/14503860227_c2734089cb_o.jpg,https://open-images-dataset.s3.amazonaws.com/test/b9f301f5f569bd64.jpg,Per Åström,https://creativecommons.org/licenses/by/2.0/,https://creativecommons.org/licenses/by/2.0/,oi-b9f301f5f569bd64,,,,,2026-10-07T18:03:51+08:00,Open Images V7 public test image / V5 human boxable labels; one non-depicted box >=25% image area
oi-999bcc0c129d4f79,data/raw/openimages/cup/oi-999bcc0c129d4f79.jpg,b994e922f1baa49bf37aff9af5b0f4bbbcd15f107cd2fc79478e9da846bc428b,0,,,open-images-official,,,pending,,open_images,999bcc0c129d4f79,https://www.flickr.com/photos/dylan20/5713124839,https://c2.staticflickr.com/4/3168/5713124839_1890ec1b84_o.jpg,https://open-images-dataset.s3.amazonaws.com/test/999bcc0c129d4f79.jpg,Dylan Tweney,https://creativecommons.org/licenses/by/2.0/,https://creativecommons.org/licenses/by/2.0/,oi-999bcc0c129d4f79,,,,,2026-10-07T18:03:53+08:00,Open Images V7 public test image / V5 human boxable labels; one non-depicted box >=25% image area
oi-34da803c6cae973c,data/raw/openimages/earphones/oi-34da803c6cae973c.jpg,c8e93cec6eac257975f37fa722aeb56facfa52c9833f5605f18c088cf6b68537,6,,,open-images-official,,,pending,,open_images,34da803c6cae973c,https://www.flickr.com/photos/nestosjp/6865126633,https://c5.staticflickr.com/8/7065/6865126633_fe18f4190c_o.jpg,https://open-images-dataset.s3.amazonaws.com/test/34da803c6cae973c.jpg,Nestor Correa Mayo,https://creativecommons.org/licenses/by/2.0/,https://creativecommons.org/licenses/by/2.0/,oi-34da803c6cae973c,,,,,2026-10-07T18:03:56+08:00,Open Images V7 public test image / V5 human boxable labels; one non-depicted box >=25% image area
oi-ca42379cb4c7701c,data/raw/openimages/book/oi-ca42379cb4c7701c.jpg,6642df60e4eab266e9d4034113fcc83c3c31404030688b939d1be238bc39190c,2,,,open-images-official,,,pending,,open_images,ca42379cb4c7701c,https://www.flickr.com/photos/thomasfisherlibrary/12523551933,https://c5.staticflickr.com/3/2817/12523551933_06a43f6594_o.jpg,https://open-images-dataset.s3.amazonaws.com/test/ca42379cb4c7701c.jpg,"Thomas Fisher Rare Book Library, UofT",https://creativecommons.org/licenses/by/2.0/,https://creativecommons.org/licenses/by/2.0/,oi-ca42379cb4c7701c,,,,,2026-10-07T18:03:59+08:00,Open Images V7 public test image / V5 human boxable labels; one non-depicted box >=25% image area
oi-58f5cc70f6264226,data/raw/openimages/keyboard/oi-58f5cc70f6264226.jpg,56144839d604c180b18a4d88f6755dee61888b2106b3d089359d86f67d466382,5,,,open-images-official,,,pending,,open_images,58f5cc70f6264226,https://www.flickr.com/photos/25949441@N02/6693770723,https://farm7.staticflickr.com/7031/6693770723_8bfa44dd46_o.jpg,https://open-images-dataset.s3.amazonaws.com/test/58f5cc70f6264226.jpg,Andrew E. Russell,https://creativecommons.org/licenses/by/2.0/,https://creativecommons.org/licenses/by/2.0/,oi-58f5cc70f6264226,,,,,2026-10-07T18:04:01+08:00,Open Images V7 public test image / V5 human boxable labels; one non-depicted box >=25% image area
oi-12ae3e29de392848,data/raw/openimages/cup/oi-12ae3e29de392848.jpg,ab401fd639f19758e8855c3a2ab41ba2b48d6acdca140053849057244032ae81,0,,,open-images-official,,,pending,,open_images,12ae3e29de392848,https://www.flickr.com/photos/45696337@N05/19876346010,https://c1.staticflickr.com/1/523/19876346010_502db1fd4b_o.jpg,https://open-images-dataset.s3.amazonaws.com/test/12ae3e29de392848.jpg,Gustavo La Rotta Amaya,https://creativecommons.org/licenses/by/2.0/,https://creativecommons.org/licenses/by/2.0/,oi-12ae3e29de392848,,,,,2026-10-07T18:04:03+08:00,Open Images V7 public test image / V5 human boxable labels; one non-depicted box >=25% image area
oi-a26b928945b612fc,data/raw/openimages/keyboard/oi-a26b928945b612fc.jpg,4982ce42309142cda09563df1363b5c55674656779541f1b6cd4d915dea72e23,5,,,open-images-official,,,pending,,open_images,a26b928945b612fc,https://www.flickr.com/photos/9009139@N08/2055979475,https://c5.staticflickr.com/3/2011/2055979475_9a4b946e34_o.jpg,https://open-images-dataset.s3.amazonaws.com/test/a26b928945b612fc.jpg,husin.sani,https://creativecommons.org/licenses/by/2.0/,https://creativecommons.org/licenses/by/2.0/,oi-a26b928945b612fc,,,,,2026-10-07T18:04:05+08:00,Open Images V7 public test image / V5 human boxable labels; one non-depicted box >=25% image area
oi-708de1ccd49b90ff,data/raw/openimages/cup/oi-708de1ccd49b90ff.jpg,9bf27200554f75bafda277eedf7ee5d80f9e2d9d45d345ce33f4242533922de0,0,,,open-images-official,,,pending,,open_images,708de1ccd49b90ff,https://www.flickr.com/photos/philliecasablanca/21504086102,https://c8.staticflickr.com/6/5832/21504086102_627c84b2f5_o.jpg,https://open-images-dataset.s3.amazonaws.com/test/708de1ccd49b90ff.jpg,Phil Whitehouse,https://creativecommons.org/licenses/by/2.0/,https://creativecommons.org/licenses/by/2.0/,oi-708de1ccd49b90ff,,,,,2026-10-07T18:04:07+08:00,Open Images V7 public test image / V5 human boxable labels; one non-depicted box >=25% image area
oi-9e66e9a2bbc72972,data/raw/openimages/cup/oi-9e66e9a2bbc72972.jpg,1b6d4c59d648a9537dc057067551c7d6c9f47ce3784698e429ac66b979da0ef1,0,,,open-images-official,,,pending,,open_images,9e66e9a2bbc72972,https://www.flickr.com/photos/adselwood/3155462396,https://farm3.staticflickr.com/3249/3155462396_b2a2316f20_o.jpg,https://open-images-dataset.s3.amazonaws.com/test/9e66e9a2bbc72972.jpg,Adam Selwood,https://creativecommons.org/licenses/by/2.0/,https://creativecommons.org/licenses/by/2.0/,oi-9e66e9a2bbc72972,,,,,2026-10-07T18:04:10+08:00,Open Images V7 public test image / V5 human boxable labels; one non-depicted box >=25% image area
oi-0a0aa9e4a5d037e5,data/raw/openimages/umbrella/oi-0a0aa9e4a5d037e5.jpg,f7ada0d60de18cbf789715785c8361d8db98d0d820118266146eecc4d81f05ab,1,,,open-images-official,,,pending,,open_images,0a0aa9e4a5d037e5,https://www.flickr.com/photos/nevillewootton/6393404903,https://farm6.staticflickr.com/7027/6393404903_f96c65732d_o.jpg,https://open-images-dataset.s3.amazonaws.com/test/0a0aa9e4a5d037e5.jpg,Neville Wootton,https://creativecommons.org/licenses/by/2.0/,https://creativecommons.org/licenses/by/2.0/,oi-0a0aa9e4a5d037e5,,,,,2026-10-07T18:04:12+08:00,Open Images V7 public test image / V5 human boxable labels; one non-depicted box >=25% image area
oi-42ff928c38bdfcae,data/raw/openimages/backpack/oi-42ff928c38bdfcae.jpg,2e1dbc56662a00574ab07711b8db3ef31c72ac1d9f0cc0545b3201633c881d17,9,,,open-images-official,,,pending,,open_images,42ff928c38bdfcae,https://www.flickr.com/photos/pengdo/4613402925,https://c7.staticflickr.com/5/4049/4613402925_a2b5e18e12_o.jpg,https://open-images-dataset.s3.amazonaws.com/test/42ff928c38bdfcae.jpg,Sungdo Cho,https://creativecommons.org/licenses/by/2.0/,https://creativecommons.org/licenses/by/2.0/,oi-42ff928c38bdfcae,,,,,2026-10-07T18:04:15+08:00,Open Images V7 public test image / V5 human boxable labels; one non-depicted box >=25% image area
oi-6b3ee8f9ce12c766,data/raw/openimages/book/oi-6b3ee8f9ce12c766.jpg,6210a097b1825a01061477c5d0cf2d5cfe4610d287eb5b4881e0cebca532cb85,2,,,open-images-official,,,pending,,open_images,6b3ee8f9ce12c766,https://www.flickr.com/photos/kirbyurner/10141595193,https://farm7.staticflickr.com/3787/10141595193_d81cf5a704_o.jpg,https://open-images-dataset.s3.amazonaws.com/test/6b3ee8f9ce12c766.jpg,thekirbster,https://creativecommons.org/licenses/by/2.0/,https://creativecommons.org/licenses/by/2.0/,oi-6b3ee8f9ce12c766,,,,,2026-10-07T18:04:20+08:00,Open Images V7 public test image / V5 human boxable labels; one non-depicted box >=25% image area
oi-8639930189a42868,data/raw/openimages/umbrella/oi-8639930189a42868.jpg,f232e9bc2d586b88c283f42d1f327f26f3d542e3af099e6a7da1e584c44ba102,1,,,open-images-official,,,pending,,open_images,8639930189a42868,https://www.flickr.com/photos/clydepossum/19597175,https://c1.staticflickr.com/1/14/19597175_12f153a4da_o.jpg,https://open-images-dataset.s3.amazonaws.com/test/8639930189a42868.jpg,Penny Blankenship,https://creativecommons.org/licenses/by/2.0/,https://creativecommons.org/licenses/by/2.0/,oi-8639930189a42868,,,,,2026-10-07T18:04:23+08:00,Open Images V7 public test image / V5 human boxable labels; one non-depicted box >=25% image area
oi-1348e6f01df2c79a,data/raw/openimages/mouse/oi-1348e6f01df2c79a.jpg,30a6c3382162b96f334ce0506bcd7757e7ac30deaffb14d605b4d6ab01b9bbd8,4,,,open-images-official,,,pending,,open_images,1348e6f01df2c79a,https://www.flickr.com/photos/pascal92/15264215674,https://c3.staticflickr.com/8/7511/15264215674_38fdf9b813_o.jpg,https://open-images-dataset.s3.amazonaws.com/test/1348e6f01df2c79a.jpg,pascal lefevre,https://creativecommons.org/licenses/by/2.0/,https://creativecommons.org/licenses/by/2.0/,oi-1348e6f01df2c79a,,,,,2026-10-07T18:04:25+08:00,Open Images V7 public test image / V5 human boxable labels; one non-depicted box >=25% image area
oi-b033c3642fc4e9cd,data/raw/openimages/mouse/oi-b033c3642fc4e9cd.jpg,259add1376435d3c23a2192352e182184ce9e4d7507333f66f8d89f7c2da36e7,4,,,open-images-official,,,pending,,open_images,b033c3642fc4e9cd,https://www.flickr.com/photos/williambrawley/4059304131,https://c6.staticflickr.com/4/3498/4059304131_2fe7f543ae_o.jpg,https://open-images-dataset.s3.amazonaws.com/test/b033c3642fc4e9cd.jpg,William Brawley,https://creativecommons.org/licenses/by/2.0/,https://creativecommons.org/licenses/by/2.0/,oi-b033c3642fc4e9cd,,,,,2026-10-07T18:04:29+08:00,Open Images V7 public test image / V5 human boxable labels; one non-depicted box >=25% image area
oi-e7c519cd1695f3dd,data/raw/openimages/earphones/oi-e7c519cd1695f3dd.jpg,796f50a115abe9cc8f5b247aad683c562fa790508307234363ce1c4ff7de5dbf,6,,,open-images-official,,,pending,,open_images,e7c519cd1695f3dd,https://www.flickr.com/photos/robertnelson/2311802491,https://c6.staticflickr.com/3/2071/2311802491_2c3eb6949d_o.jpg,https://open-images-dataset.s3.amazonaws.com/test/e7c519cd1695f3dd.jpg,Robert Nelson,https://creativecommons.org/licenses/by/2.0/,https://creativecommons.org/licenses/by/2.0/,oi-e7c519cd1695f3dd,,,,,2026-10-07T18:04:31+08:00,Open Images V7 public test image / V5 human boxable labels; one non-depicted box >=25% image area
oi-d5ddefc8089d3c72,data/raw/openimages/cup/oi-d5ddefc8089d3c72.jpg,22815968c0013c1b64bec259574d6a59c15a7b738a618e4de34502db5cdba65d,0,,,open-images-official,,,pending,,open_images,d5ddefc8089d3c72,https://www.flickr.com/photos/seo2/9354020436,https://farm3.staticflickr.com/3733/9354020436_fd140b23c3_o.jpg,https://open-images-dataset.s3.amazonaws.com/test/d5ddefc8089d3c72.jpg,Cristian Borquez,https://creativecommons.org/licenses/by/2.0/,https://creativecommons.org/licenses/by/2.0/,oi-d5ddefc8089d3c72,,,,,2026-10-07T18:04:34+08:00,Open Images V7 public test image / V5 human boxable labels; one non-depicted box >=25% image area
oi-c347be877115df4b,data/raw/openimages/cup/oi-c347be877115df4b.jpg,57ae05d6276883c90ba43494becbedc5ad8e1a1dba752a7d21d3b6e819ffc4b6,0,,,open-images-official,,,pending,,open_images,c347be877115df4b,https://www.flickr.com/photos/clove_miminari/3464778935,https://c4.staticflickr.com/4/3517/3464778935_4bb323d6c5_o.jpg,https://open-images-dataset.s3.amazonaws.com/test/c347be877115df4b.jpg,mimi nari,https://creativecommons.org/licenses/by/2.0/,https://creativecommons.org/licenses/by/2.0/,oi-c347be877115df4b,,,,,2026-10-07T18:04:36+08:00,Open Images V7 public test image / V5 human boxable labels; one non-depicted box >=25% image area
oi-4ee30f20fd17e8da,data/raw/openimages/keyboard/oi-4ee30f20fd17e8da.jpg,6b52f62880b8c3b8656def1d2545e6ee5a2bb08b0b0086545438c325f71afcfc,5,,,open-images-official,,,pending,,open_images,4ee30f20fd17e8da,https://www.flickr.com/photos/dakiny/4353300563,https://c3.staticflickr.com/5/4026/4353300563_0a9173323e_o.jpg,https://open-images-dataset.s3.amazonaws.com/test/4ee30f20fd17e8da.jpg,Toshihiro Gamo,https://creativecommons.org/licenses/by/2.0/,https://creativecommons.org/licenses/by/2.0/,oi-4ee30f20fd17e8da,,,,,2026-10-07T18:04:39+08:00,Open Images V7 public test image / V5 human boxable labels; one non-depicted box >=25% image area
oi-3e71a31b6796cf1e,data/raw/openimages/earphones/oi-3e71a31b6796cf1e.jpg,61565aaa222ddf9d34952b6953c2cbef9406ba4f7580d5e254e308f7a1fc0aaa,6,,,open-images-official,,,pending,,open_images,3e71a31b6796cf1e,https://www.flickr.com/photos/fwoclothing/6885002015,https://c7.staticflickr.com/8/7068/6885002015_abda8b040c_o.jpg,https://open-images-dataset.s3.amazonaws.com/test/3e71a31b6796cf1e.jpg,FWO Clothing www.zazzle.com/fivewuno,https://creativecommons.org/licenses/by/2.0/,https://creativecommons.org/licenses/by/2.0/,oi-3e71a31b6796cf1e,,,,,2026-10-07T18:04:41+08:00,Open Images V7 public test image / V5 human boxable labels; one non-depicted box >=25% image area
oi-c1f5cd6f7afd96ab,data/raw/openimages/cup/oi-c1f5cd6f7afd96ab.jpg,ae3bd7b009b7c20372b51b982ab457e03d1d97b4787688e1605b2b38c468dba5,0,,,open-images-official,,,pending,,open_images,c1f5cd6f7afd96ab,https://www.flickr.com/photos/pviojoenchile/3740788418,https://c4.staticflickr.com/3/2480/3740788418_d8d99388cb_o.jpg,https://open-images-dataset.s3.amazonaws.com/test/c1f5cd6f7afd96ab.jpg,Pablo Viojo,https://creativecommons.org/licenses/by/2.0/,https://creativecommons.org/licenses/by/2.0/,oi-c1f5cd6f7afd96ab,,,,,2026-10-07T18:04:44+08:00,Open Images V7 public test image / V5 human boxable labels; one non-depicted box >=25% image area
oi-48dfa3049039bdc3,data/raw/openimages/book/oi-48dfa3049039bdc3.jpg,eb65ad4a2f9ffcbf599fbc53ae7f0e7bd6dc64be03ea7bea02a1cfaa32bdf45d,2,,,open-images-official,,,pending,,open_images,48dfa3049039bdc3,https://www.flickr.com/photos/shardayyy/4014645393,https://farm4.staticflickr.com/2515/4014645393_599d16c7ed_o.jpg,https://open-images-dataset.s3.amazonaws.com/test/48dfa3049039bdc3.jpg,Shardayyy,https://creativecommons.org/licenses/by/2.0/,https://creativecommons.org/licenses/by/2.0/,oi-48dfa3049039bdc3,,,,,2026-10-07T18:04:47+08:00,Open Images V7 public test image / V5 human boxable labels; one non-depicted box >=25% image area
oi-c1352c20757a8be1,data/raw/openimages/earphones/oi-c1352c20757a8be1.jpg,427aa0eb8e59726349ab2ca428a5dbc76fb5752e875e038340496feaa9f276a4,6,,,open-images-official,,,pending,,open_images,c1352c20757a8be1,https://www.flickr.com/photos/masahiko/2621118565,https://farm2.staticflickr.com/2015/2621118565_34ae6d47f0_o.jpg,https://open-images-dataset.s3.amazonaws.com/test/c1352c20757a8be1.jpg,Masahiko Satoh,https://creativecommons.org/licenses/by/2.0/,https://creativecommons.org/licenses/by/2.0/,oi-c1352c20757a8be1,,,,,2026-10-07T18:04:51+08:00,Open Images V7 public test image / V5 human boxable labels; one non-depicted box >=25% image area
oi-846b1618b324bd91,data/raw/openimages/earphones/oi-846b1618b324bd91.jpg,fe2f1de335b14c2627953ad4d5fc343d0abf0d883aaf885797a8390885b72424,6,,,open-images-official,,,pending,,open_images,846b1618b324bd91,https://www.flickr.com/photos/fire_eyes/4511778238,https://farm2.staticflickr.com/2071/4511778238_7d4b683c77_o.jpg,https://open-images-dataset.s3.amazonaws.com/test/846b1618b324bd91.jpg,Fire_Eyes,https://creativecommons.org/licenses/by/2.0/,https://creativecommons.org/licenses/by/2.0/,oi-846b1618b324bd91,,,,,2026-10-07T18:04:53+08:00,Open Images V7 public test image / V5 human boxable labels; one non-depicted box >=25% image area
oi-2bc941fac87f3826,data/raw/openimages/mouse/oi-2bc941fac87f3826.jpg,20fc9a3b16a8d13aec24e09d6e998535955c4a4cfe1c736deefe049de2696b82,4,,,open-images-official,,,pending,,open_images,2bc941fac87f3826,https://www.flickr.com/photos/edwardyanquen/2089199809,https://farm7.staticflickr.com/2174/2089199809_b46424d75f_o.jpg,https://open-images-dataset.s3.amazonaws.com/test/2bc941fac87f3826.jpg,Edward Yanquen,https://creativecommons.org/licenses/by/2.0/,https://creativecommons.org/licenses/by/2.0/,oi-2bc941fac87f3826,,,,,2026-10-07T18:04:56+08:00,Open Images V7 public test image / V5 human boxable labels; one non-depicted box >=25% image area
oi-a3b0084de0f643d5,data/raw/openimages/keyboard/oi-a3b0084de0f643d5.jpg,66457ae863e106f12c637a10a75a9d11eccc207b87597854df67ab60909d0457,5,,,open-images-official,,,pending,,open_images,a3b0084de0f643d5,https://www.flickr.com/photos/mackarus/4130658281,https://farm6.staticflickr.com/2795/4130658281_3b79bec242_o.jpg,https://open-images-dataset.s3.amazonaws.com/test/a3b0084de0f643d5.jpg,Mark Guim,https://creativecommons.org/licenses/by/2.0/,https://creativecommons.org/licenses/by/2.0/,oi-a3b0084de0f643d5,,,,,2026-10-07T18:04:58+08:00,Open Images V7 public test image / V5 human boxable labels; one non-depicted box >=25% image area
oi-e5ddb82a545bd3cb,data/raw/openimages/book/oi-e5ddb82a545bd3cb.jpg,368fe355624eb628eb50aafe4287a70d927596666734cf11d8b3c218853d6699,2,,,open-images-official,,,pending,,open_images,e5ddb82a545bd3cb,https://www.flickr.com/photos/afgmatters/4284898784,https://c4.staticflickr.com/5/4042/4284898784_e014b14da7_o.jpg,https://open-images-dataset.s3.amazonaws.com/test/e5ddb82a545bd3cb.jpg,Afghanistan Matters,https://creativecommons.org/licenses/by/2.0/,https://creativecommons.org/licenses/by/2.0/,oi-e5ddb82a545bd3cb,,,,,2026-10-07T18:05:02+08:00,Open Images V7 public test image / V5 human boxable labels; one non-depicted box >=25% image area
oi-47497b996e58639d,data/raw/openimages/cup/oi-47497b996e58639d.jpg,75a37b3e8a9c3457f89e113a02a74a5b9d1e9b3185c494ba9512c5c94b970da3,0,,,open-images-official,,,pending,,open_images,47497b996e58639d,https://www.flickr.com/photos/ire_/17575965765,https://c6.staticflickr.com/9/8754/17575965765_1b1a578242_o.jpg,https://open-images-dataset.s3.amazonaws.com/test/47497b996e58639d.jpg,Irene_07,https://creativecommons.org/licenses/by/2.0/,https://creativecommons.org/licenses/by/2.0/,oi-47497b996e58639d,,,,,2026-10-07T18:05:05+08:00,Open Images V7 public test image / V5 human boxable labels; one non-depicted box >=25% image area
oi-ad0b84fa69dbb904,data/raw/openimages/book/oi-ad0b84fa69dbb904.jpg,8fbf2ba7607c6e254958e602a9b36551b0a27883b6d2d533633f10806802af0b,2,,,open-images-official,,,pending,,open_images,ad0b84fa69dbb904,https://www.flickr.com/photos/cdrummbks/6348140415,https://farm5.staticflickr.com/6056/6348140415_009ee261f9_o.jpg,https://open-images-dataset.s3.amazonaws.com/test/ad0b84fa69dbb904.jpg,CHRIS DRUMM,https://creativecommons.org/licenses/by/2.0/,https://creativecommons.org/licenses/by/2.0/,oi-ad0b84fa69dbb904,,,,,2026-10-07T18:05:07+08:00,Open Images V7 public test image / V5 human boxable labels; one non-depicted box >=25% image area
oi-49df299b42dace72,data/raw/openimages/keyboard/oi-49df299b42dace72.jpg,6c6ad0b5f6dcf0a5c947b4af0131ca571d4be252861ec90cd0cba0589cdf444c,5,,,open-images-official,,,pending,,open_images,49df299b42dace72,https://www.flickr.com/photos/iontodirel/4386765086/,https://farm3.staticflickr.com/4040/4386765086_f304e07e43_o.jpg,https://open-images-dataset.s3.amazonaws.com/test/49df299b42dace72.jpg,Ion Todirel,https://creativecommons.org/licenses/by/2.0/,https://creativecommons.org/licenses/by/2.0/,oi-49df299b42dace72,,,,,2026-10-07T18:05:12+08:00,Open Images V7 public test image / V5 human boxable labels; one non-depicted box >=25% image area
oi-c9624f343f44f25c,data/raw/openimages/keyboard/oi-c9624f343f44f25c.jpg,8afd28985fc0032b54659fda1744fc56d02d392dd7d2fe83703fd364b30cf034,5,,,open-images-official,,,pending,,open_images,c9624f343f44f25c,https://www.flickr.com/photos/126080240@N07/14725233489,https://c5.staticflickr.com/4/3920/14725233489_e583d6eeea_o.jpg,https://open-images-dataset.s3.amazonaws.com/test/c9624f343f44f25c.jpg,Sid Maharaj,https://creativecommons.org/licenses/by/2.0/,https://creativecommons.org/licenses/by/2.0/,oi-c9624f343f44f25c,,,,,2026-10-07T18:05:14+08:00,Open Images V7 public test image / V5 human boxable labels; one non-depicted box >=25% image area
oi-f4581c5e117f45dd,data/raw/openimages/mouse/oi-f4581c5e117f45dd.jpg,e987de98057f5d8e37c9e33a9c7a12b6283906bd3a74b2fd61a69dc862f7de2a,4,,,open-images-official,,,pending,,open_images,f4581c5e117f45dd,https://www.flickr.com/photos/126009213@N08/14973933862,https://c6.staticflickr.com/4/3865/14973933862_44f7be4edb_o.jpg,https://open-images-dataset.s3.amazonaws.com/test/f4581c5e117f45dd.jpg,jamal idris,https://creativecommons.org/licenses/by/2.0/,https://creativecommons.org/licenses/by/2.0/,oi-f4581c5e117f45dd,,,,,2026-10-07T18:05:17+08:00,Open Images V7 public test image / V5 human boxable labels; one non-depicted box >=25% image area
oi-523fc8459792d811,data/raw/openimages/keyboard/oi-523fc8459792d811.jpg,d7833c15f41b83e707b0cf176e67fe70b1e1ef71c753d6ea090970fbeda82a43,5,,,open-images-official,,,pending,,open_images,523fc8459792d811,https://www.flickr.com/photos/62620004@N03/6932359509,https://farm2.staticflickr.com/7176/6932359509_5b82143e8a_o.jpg,https://open-images-dataset.s3.amazonaws.com/test/523fc8459792d811.jpg,Algot Runeman,https://creativecommons.org/licenses/by/2.0/,https://creativecommons.org/licenses/by/2.0/,oi-523fc8459792d811,,,,,2026-10-07T18:05:19+08:00,Open Images V7 public test image / V5 human boxable labels; one non-depicted box >=25% image area
oi-4bab8bcfb47b0986,data/raw/openimages/mouse/oi-4bab8bcfb47b0986.jpg,1557cf38330b1f94a2fb632903642ad22b29322b11c0d3f17f782d3c6d7fd527,4,,,open-images-official,,,pending,,open_images,4bab8bcfb47b0986,https://www.flickr.com/photos/rueful/8058845636,https://farm7.staticflickr.com/8313/8058845636_d32deae274_o.jpg,https://open-images-dataset.s3.amazonaws.com/test/4bab8bcfb47b0986.jpg,Kiran Foster,https://creativecommons.org/licenses/by/2.0/,https://creativecommons.org/licenses/by/2.0/,oi-4bab8bcfb47b0986,,,,,2026-10-07T18:05:23+08:00,Open Images V7 public test image / V5 human boxable labels; one non-depicted box >=25% image area
oi-d68f85d27f38f4ae,data/raw/openimages/book/oi-d68f85d27f38f4ae.jpg,be3d257771381493cdb44686db2a8b4e6245f0526128ed8846a32cbf5a53150a,2,,,open-images-official,,,pending,,open_images,d68f85d27f38f4ae,https://www.flickr.com/photos/vanderworld/6299838089,https://c7.staticflickr.com/7/6109/6299838089_387e7f8104_o.jpg,https://open-images-dataset.s3.amazonaws.com/test/d68f85d27f38f4ae.jpg,vanderfrog,https://creativecommons.org/licenses/by/2.0/,https://creativecommons.org/licenses/by/2.0/,oi-d68f85d27f38f4ae,,,,,2026-10-07T18:05:25+08:00,Open Images V7 public test image / V5 human boxable labels; one non-depicted box >=25% image area
oi-134ceb5c6908059c,data/raw/openimages/keyboard/oi-134ceb5c6908059c.jpg,7b689e793af0d248cf306cc255906e0cf2212535fb20bfd1629ac784137a5abf,5,,,open-images-official,,,pending,,open_images,134ceb5c6908059c,https://www.flickr.com/photos/candy-s/6963170857,https://c5.staticflickr.com/8/7200/6963170857_50c284e3c5_o.jpg,https://open-images-dataset.s3.amazonaws.com/test/134ceb5c6908059c.jpg,candyschwartz,https://creativecommons.org/licenses/by/2.0/,https://creativecommons.org/licenses/by/2.0/,oi-134ceb5c6908059c,,,,,2026-10-07T18:05:28+08:00,Open Images V7 public test image / V5 human boxable labels; one non-depicted box >=25% image area
oi-f52485a73734f1eb,data/raw/openimages/earphones/oi-f52485a73734f1eb.jpg,0ee47bad00a496d502878158291ea498174d250a8674fe5009e6a504b97245ea,6,,,open-images-official,,,pending,,open_images,f52485a73734f1eb,https://www.flickr.com/photos/jelonekphotography/4697886443/,https://c4.staticflickr.com/5/4022/4697886443_b2b527552b_o.jpg,https://open-images-dataset.s3.amazonaws.com/test/f52485a73734f1eb.jpg,Brian Jelonek,https://creativecommons.org/licenses/by/2.0/,https://creativecommons.org/licenses/by/2.0/,oi-f52485a73734f1eb,,,,,2026-10-07T18:05:31+08:00,Open Images V7 public test image / V5 human boxable labels; one non-depicted box >=25% image area
oi-3b8bee1b571394ae,data/raw/openimages/earphones/oi-3b8bee1b571394ae.jpg,bce49f1680c79bb3df03d2dbb25773602840e01825714a5d40e9a09d8c1ccd3e,6,,,open-images-official,,,pending,,open_images,3b8bee1b571394ae,https://www.flickr.com/photos/yanki01/8480752236,https://c7.staticflickr.com/9/8391/8480752236_a8a58e602d_o.jpg,https://open-images-dataset.s3.amazonaws.com/test/3b8bee1b571394ae.jpg,Yanki01,https://creativecommons.org/licenses/by/2.0/,https://creativecommons.org/licenses/by/2.0/,oi-3b8bee1b571394ae,,,,,2026-10-07T18:05:35+08:00,Open Images V7 public test image / V5 human boxable labels; one non-depicted box >=25% image area
oi-3ef18d437afa1e76,data/raw/openimages/mouse/oi-3ef18d437afa1e76.jpg,fe985662bc6f54503620e2dca2396470fdd7d277aeb08818fe2c7bcaba601a45,4,,,open-images-official,,,pending,,open_images,3ef18d437afa1e76,https://www.flickr.com/photos/orangeacid/204164003,https://farm7.staticflickr.com/67/204164003_588c240c46_o.jpg,https://open-images-dataset.s3.amazonaws.com/test/3ef18d437afa1e76.jpg,Dan Foy,https://creativecommons.org/licenses/by/2.0/,https://creativecommons.org/licenses/by/2.0/,oi-3ef18d437afa1e76,,,,,2026-10-07T18:05:37+08:00,Open Images V7 public test image / V5 human boxable labels; one non-depicted box >=25% image area
oi-d5bbc03da4938635,data/raw/openimages/cup/oi-d5bbc03da4938635.jpg,d263f66d10bb81126ea25c8f5dbee91f4f3ccb4cc95d3a0e1dd9a44ffb97f247,0,,,open-images-official,,,pending,,open_images,d5bbc03da4938635,https://www.flickr.com/photos/midorisyu/2892843017,https://farm6.staticflickr.com/3250/2892843017_ddf600b7af_o.jpg,https://open-images-dataset.s3.amazonaws.com/test/d5bbc03da4938635.jpg,midorisyu,https://creativecommons.org/licenses/by/2.0/,https://creativecommons.org/licenses/by/2.0/,oi-d5bbc03da4938635,,,,,2026-10-07T18:05:41+08:00,Open Images V7 public test image / V5 human boxable labels; one non-depicted box >=25% image area
oi-f864f023cb5cf02d,data/raw/openimages/cup/oi-f864f023cb5cf02d.jpg,1c64a182b807f1d28560f92e64c02c2d1536eff133c5aae95dfbc055ede65777,0,,,open-images-official,,,pending,,open_images,f864f023cb5cf02d,https://www.flickr.com/photos/bridgmanpottery/156523303,https://c6.staticflickr.com/1/45/156523303_2f6833b4b3_o.jpg,https://open-images-dataset.s3.amazonaws.com/test/f864f023cb5cf02d.jpg,Melissa Bridgman,https://creativecommons.org/licenses/by/2.0/,https://creativecommons.org/licenses/by/2.0/,oi-f864f023cb5cf02d,,,,,2026-10-07T18:05:43+08:00,Open Images V7 public test image / V5 human boxable labels; one non-depicted box >=25% image area
oi-62ffca65d5090bad,data/raw/openimages/backpack/oi-62ffca65d5090bad.jpg,6edfedf094fef2953732085e007536f66f209e6b3018d3cf7529c7137237c8f8,9,,,open-images-official,,,pending,,open_images,62ffca65d5090bad,https://www.flickr.com/photos/mujitra/5991686379,https://c6.staticflickr.com/7/6131/5991686379_f655cbb132_o.jpg,https://open-images-dataset.s3.amazonaws.com/test/62ffca65d5090bad.jpg,MIKI Yoshihito,https://creativecommons.org/licenses/by/2.0/,https://creativecommons.org/licenses/by/2.0/,oi-62ffca65d5090bad,,,,,2026-10-07T18:05:47+08:00,Open Images V7 public test image / V5 human boxable labels; one non-depicted box >=25% image area
oi-bcb52a962e3bed87,data/raw/openimages/cup/oi-bcb52a962e3bed87.jpg,7d046b66844e05df9973f39c23dbfc6b0aa5853f1286fd9888888f9a6a65cea8,0,,,open-images-official,,,pending,,open_images,bcb52a962e3bed87,https://www.flickr.com/photos/27646542@N03/21809041701,https://farm8.staticflickr.com/5621/21809041701_a28b9604c0_o.jpg,https://open-images-dataset.s3.amazonaws.com/test/bcb52a962e3bed87.jpg,Franklin Graves,https://creativecommons.org/licenses/by/2.0/,https://creativecommons.org/licenses/by/2.0/,oi-bcb52a962e3bed87,,,,,2026-10-07T18:05:52+08:00,Open Images V7 public test image / V5 human boxable labels; one non-depicted box >=25% image area
oi-da264d5601673774,data/raw/openimages/earphones/oi-da264d5601673774.jpg,481c64fe81f033af242b71e9d03f21cbc48248cabae86658919e7e2aff634d2a,6,,,open-images-official,,,pending,,open_images,da264d5601673774,https://www.flickr.com/photos/thegabec/18790105579,https://farm5.staticflickr.com/266/18790105579_09d50fdb6a_o.jpg,https://open-images-dataset.s3.amazonaws.com/test/da264d5601673774.jpg,TheGabeC,https://creativecommons.org/licenses/by/2.0/,https://creativecommons.org/licenses/by/2.0/,oi-da264d5601673774,,,,,2026-10-07T18:05:55+08:00,Open Images V7 public test image / V5 human boxable labels; one non-depicted box >=25% image area
oi-78a0d9d601573285,data/raw/openimages/cup/oi-78a0d9d601573285.jpg,d493fa4037e8172a866b030477e6a78d692d2983d9b1c844a04ab6a64f66741c,0,,,open-images-official,,,pending,,open_images,78a0d9d601573285,https://www.flickr.com/photos/bengt-re/3049529235,https://farm6.staticflickr.com/3273/3049529235_43a89bf981_o.jpg,https://open-images-dataset.s3.amazonaws.com/test/78a0d9d601573285.jpg,bengt-re,https://creativecommons.org/licenses/by/2.0/,https://creativecommons.org/licenses/by/2.0/,oi-78a0d9d601573285,,,,,2026-10-07T18:05:57+08:00,Open Images V7 public test image / V5 human boxable labels; one non-depicted box >=25% image area
oi-be96346af6d930ef,data/raw/openimages/mouse/oi-be96346af6d930ef.jpg,47ecd69074e83f8097480453f65b6659ef56f833fc7f13c2588cf11b418ed80e,4,,,open-images-official,,,pending,,open_images,be96346af6d930ef,https://www.flickr.com/photos/josewshots/4913290672,https://c8.staticflickr.com/5/4123/4913290672_827e6723b3_o.jpg,https://open-images-dataset.s3.amazonaws.com/test/be96346af6d930ef.jpg,Jose Rey,https://creativecommons.org/licenses/by/2.0/,https://creativecommons.org/licenses/by/2.0/,oi-be96346af6d930ef,,,,,2026-10-07T18:06:01+08:00,Open Images V7 public test image / V5 human boxable labels; one non-depicted box >=25% image area
oi-932afd11bcf070e1,data/raw/openimages/book/oi-932afd11bcf070e1.jpg,71df99bc846c7fc25b3c75e4df821678fc6f2b97a066d40d85772870cbe9e33d,2,,,open-images-official,,,pending,,open_images,932afd11bcf070e1,https://www.flickr.com/photos/27668445@N03/3191987554,https://farm2.staticflickr.com/3403/3191987554_70216dcf57_o.jpg,https://open-images-dataset.s3.amazonaws.com/test/932afd11bcf070e1.jpg,Caleb,https://creativecommons.org/licenses/by/2.0/,https://creativecommons.org/licenses/by/2.0/,oi-932afd11bcf070e1,,,,,2026-10-07T18:06:03+08:00,Open Images V7 public test image / V5 human boxable labels; one non-depicted box >=25% image area
oi-5979c88c0717ebfd,data/raw/openimages/mouse/oi-5979c88c0717ebfd.jpg,d34af5b3eaf06783b5178a0b32d99faf7d6a5ffad2772a0989f6ce13ae54db7d,4,,,open-images-official,,,pending,,open_images,5979c88c0717ebfd,https://www.flickr.com/photos/koganetchi/3870034178,https://c6.staticflickr.com/4/3472/3870034178_84db41b3fa_o.jpg,https://open-images-dataset.s3.amazonaws.com/test/5979c88c0717ebfd.jpg,Yos C. Wiranata,https://creativecommons.org/licenses/by/2.0/,https://creativecommons.org/licenses/by/2.0/,oi-5979c88c0717ebfd,,,,,2026-10-07T18:06:07+08:00,Open Images V7 public test image / V5 human boxable labels; one non-depicted box >=25% image area
oi-50bb62d664042d33,data/raw/openimages/cup/oi-50bb62d664042d33.jpg,a1c36edd605cdc384088ae7df714a8c68681a05eb35876cc2137aab063a34714,0,,,open-images-official,,,pending,,open_images,50bb62d664042d33,https://www.flickr.com/photos/didbygraham/98387908,https://farm4.staticflickr.com/26/98387908_18a8bed5c4_o.jpg,https://open-images-dataset.s3.amazonaws.com/test/50bb62d664042d33.jpg,Graham Richardson,https://creativecommons.org/licenses/by/2.0/,https://creativecommons.org/licenses/by/2.0/,oi-50bb62d664042d33,,,,,2026-10-07T18:06:10+08:00,Open Images V7 public test image / V5 human boxable labels; one non-depicted box >=25% image area
oi-4a59b15a948b3965,data/raw/openimages/mouse/oi-4a59b15a948b3965.jpg,6f744e1cd443e07a9abc5fc5d2a60bc6b69162f5b839ce449e4c1f8f0eaa059e,4,,,open-images-official,,,pending,,open_images,4a59b15a948b3965,https://www.flickr.com/photos/crazytales562/3075250992,https://farm6.staticflickr.com/3017/3075250992_618e9238bc_o.jpg,https://open-images-dataset.s3.amazonaws.com/test/4a59b15a948b3965.jpg,Chris Chan,https://creativecommons.org/licenses/by/2.0/,https://creativecommons.org/licenses/by/2.0/,oi-4a59b15a948b3965,,,,,2026-10-07T18:06:14+08:00,Open Images V7 public test image / V5 human boxable labels; one non-depicted box >=25% image area
oi-a89977d946eebbac,data/raw/openimages/backpack/oi-a89977d946eebbac.jpg,779d4eab74a5cf5e9b1a72a29f083f97d8774f2436cd79659f4ea113d34ab4bc,9,,,open-images-official,,,pending,,open_images,a89977d946eebbac,https://www.flickr.com/photos/mistral938/2098622219,https://c5.staticflickr.com/3/2017/2098622219_b46a00a4b6_o.jpg,https://open-images-dataset.s3.amazonaws.com/test/a89977d946eebbac.jpg,Nicolaus Pro,https://creativecommons.org/licenses/by/2.0/,https://creativecommons.org/licenses/by/2.0/,oi-a89977d946eebbac,,,,,2026-10-07T18:06:17+08:00,Open Images V7 public test image / V5 human boxable labels; one non-depicted box >=25% image area
oi-04148d451d34d720,data/raw/openimages/earphones/oi-04148d451d34d720.jpg,d280db184b9283efce5907538cbe2049ea271177c4f4ae542ff1804eeb861714,6,,,open-images-official,,,pending,,open_images,04148d451d34d720,https://www.flickr.com/photos/av_hire_london/5579224313,https://farm1.staticflickr.com/5171/5579224313_a267ded8e1_o.jpg,https://open-images-dataset.s3.amazonaws.com/test/04148d451d34d720.jpg,AV Hire London,https://creativecommons.org/licenses/by/2.0/,https://creativecommons.org/licenses/by/2.0/,oi-04148d451d34d720,,,,,2026-10-07T18:06:19+08:00,Open Images V7 public test image / V5 human boxable labels; one non-depicted box >=25% image area
oi-968288c82e121f36,data/raw/openimages/umbrella/oi-968288c82e121f36.jpg,3aed5f4d04e2b716f9b6a8d4b7051cd3fba605eed9cf29b3a68f44ecd7c7d8e2,1,,,open-images-official,,,pending,,open_images,968288c82e121f36,https://www.flickr.com/photos/halloweencostumes2011/6845458255,https://farm7.staticflickr.com/7143/6845458255_61cbab3eda_o.jpg,https://open-images-dataset.s3.amazonaws.com/test/968288c82e121f36.jpg,Michelle Yao,https://creativecommons.org/licenses/by/2.0/,https://creativecommons.org/licenses/by/2.0/,oi-968288c82e121f36,,,,,2026-10-07T18:06:22+08:00,Open Images V7 public test image / V5 human boxable labels; one non-depicted box >=25% image area
oi-aefbe8e355b22942,data/raw/openimages/earphones/oi-aefbe8e355b22942.jpg,e606c6e241c45f14857c1a2b72701893bbcaafb4cc7aff052641fe58cfb86f34,6,,,open-images-official,,,pending,,open_images,aefbe8e355b22942,https://www.flickr.com/photos/stephanridgway/259297942,https://farm3.staticflickr.com/99/259297942_3bb32f7a65_o.jpg,https://open-images-dataset.s3.amazonaws.com/test/aefbe8e355b22942.jpg,Stephan Ridgway,https://creativecommons.org/licenses/by/2.0/,https://creativecommons.org/licenses/by/2.0/,oi-aefbe8e355b22942,,,,,2026-10-07T18:06:24+08:00,Open Images V7 public test image / V5 human boxable labels; one non-depicted box >=25% image area
oi-050631743357d5f0,data/raw/openimages/cup/oi-050631743357d5f0.jpg,94f74d3a8e4078fbd5fd9558a6a0e30cfc96a53e993ae306270e443069b6b398,0,,,open-images-official,,,pending,,open_images,050631743357d5f0,https://www.flickr.com/photos/georgiapeachez/8458054581/,https://farm1.staticflickr.com/8090/8458054581_bd405b8b21_o.jpg,https://open-images-dataset.s3.amazonaws.com/test/050631743357d5f0.jpg,suzy spence,https://creativecommons.org/licenses/by/2.0/,https://creativecommons.org/licenses/by/2.0/,oi-050631743357d5f0,,,,,2026-10-07T18:06:27+08:00,Open Images V7 public test image / V5 human boxable labels; one non-depicted box >=25% image area
oi-04332abb4e4ea1ea,data/raw/openimages/umbrella/oi-04332abb4e4ea1ea.jpg,d8138f979dfa7db8e2ac556dc28461880916f8b4c36f7ba5fd6aa9bc7fb89522,1,,,open-images-official,,,pending,,open_images,04332abb4e4ea1ea,https://www.flickr.com/photos/77rain/238125340,https://c3.staticflickr.com/1/91/238125340_f414e2a23a_o.jpg,https://open-images-dataset.s3.amazonaws.com/test/04332abb4e4ea1ea.jpg,kiukey,https://creativecommons.org/licenses/by/2.0/,https://creativecommons.org/licenses/by/2.0/,oi-04332abb4e4ea1ea,,,,,2026-10-07T18:06:31+08:00,Open Images V7 public test image / V5 human boxable labels; one non-depicted box >=25% image area
oi-1cbeb03e6efca760,data/raw/openimages/mouse/oi-1cbeb03e6efca760.jpg,3ab53ba9aea5fce77b0c4a3a25079ff8661bb588546b7886b009838da9ca5377,4,,,open-images-official,,,pending,,open_images,1cbeb03e6efca760,https://www.flickr.com/photos/the_pink_princess/283675171,https://farm1.staticflickr.com/108/283675171_4d40ee15b1_o.jpg,https://open-images-dataset.s3.amazonaws.com/test/1cbeb03e6efca760.jpg,Katy,https://creativecommons.org/licenses/by/2.0/,https://creativecommons.org/licenses/by/2.0/,oi-1cbeb03e6efca760,,,,,2026-10-07T18:06:33+08:00,Open Images V7 public test image / V5 human boxable labels; one non-depicted box >=25% image area
oi-e0a775234f9c2d01,data/raw/openimages/cup/oi-e0a775234f9c2d01.jpg,79db348481e58f2b20b1c1cfa107ca701472b8cf161debe8e5d7bc2754f55167,0,,,open-images-official,,,pending,,open_images,e0a775234f9c2d01,https://www.flickr.com/photos/jbozanowski/3445399982/,https://farm2.staticflickr.com/3626/3445399982_9e861d3c3e_o.jpg,https://open-images-dataset.s3.amazonaws.com/test/e0a775234f9c2d01.jpg,Kuba Bożanowski,https://creativecommons.org/licenses/by/2.0/,https://creativecommons.org/licenses/by/2.0/,oi-e0a775234f9c2d01,,,,,2026-10-07T18:06:36+08:00,Open Images V7 public test image / V5 human boxable labels; one non-depicted box >=25% image area
oi-a9dbe21059c9bc99,data/raw/openimages/cup/oi-a9dbe21059c9bc99.jpg,91322b8cbc48284def5b81734c5a443db6f8620692a1a05b66150bfdf84102e7,0,,,open-images-official,,,pending,,open_images,a9dbe21059c9bc99,https://www.flickr.com/photos/banumiel/977036574/,https://c2.staticflickr.com/2/1334/977036574_d3d0593f30_o.jpg,https://open-images-dataset.s3.amazonaws.com/test/a9dbe21059c9bc99.jpg,"Banumiel, el cubil",https://creativecommons.org/licenses/by/2.0/,https://creativecommons.org/licenses/by/2.0/,oi-a9dbe21059c9bc99,,,,,2026-10-07T18:06:37+08:00,Open Images V7 public test image / V5 human boxable labels; one non-depicted box >=25% image area
oi-a38c22a8c2a186c4,data/raw/openimages/backpack/oi-a38c22a8c2a186c4.jpg,a6b2b25aab412c4dab0e093c410bca0bf077eff703255895f7cb4d6faa319288,9,,,open-images-official,,,pending,,open_images,a38c22a8c2a186c4,https://www.flickr.com/photos/fruitnet/5839012679,https://farm5.staticflickr.com/3479/5839012679_4cc5970d7b_o.jpg,https://open-images-dataset.s3.amazonaws.com/test/a38c22a8c2a186c4.jpg,Fruitnet.com,https://creativecommons.org/licenses/by/2.0/,https://creativecommons.org/licenses/by/2.0/,oi-a38c22a8c2a186c4,,,,,2026-10-07T18:06:40+08:00,Open Images V7 public test image / V5 human boxable labels; one non-depicted box >=25% image area
oi-7331dc00776c06a3,data/raw/openimages/cup/oi-7331dc00776c06a3.jpg,4f5af29d06d80bb1241707f47b3e94ee71873b9a753ae1db64225d2c6a1d8f58,0,,,open-images-official,,,pending,,open_images,7331dc00776c06a3,https://www.flickr.com/photos/jimwolffman/6435711437,https://farm4.staticflickr.com/7022/6435711437_258ee64571_o.jpg,https://open-images-dataset.s3.amazonaws.com/test/7331dc00776c06a3.jpg,Jim Wolff,https://creativecommons.org/licenses/by/2.0/,https://creativecommons.org/licenses/by/2.0/,oi-7331dc00776c06a3,,,,,2026-10-07T18:06:42+08:00,Open Images V7 public test image / V5 human boxable labels; one non-depicted box >=25% image area
oi-5198c820d3b83737,data/raw/openimages/earphones/oi-5198c820d3b83737.jpg,f0475fa3d85415c57ef9f84e65644c45070e427e9a8ca029de3f06df54baf914,6,,,open-images-official,,,pending,,open_images,5198c820d3b83737,https://www.flickr.com/photos/mad_house_photography/4312147898,https://farm8.staticflickr.com/4035/4312147898_c54819933d_o.jpg,https://open-images-dataset.s3.amazonaws.com/test/5198c820d3b83737.jpg,Mad House Photography,https://creativecommons.org/licenses/by/2.0/,https://creativecommons.org/licenses/by/2.0/,oi-5198c820d3b83737,,,,,2026-10-07T18:06:47+08:00,Open Images V7 public test image / V5 human boxable labels; one non-depicted box >=25% image area
oi-0f92aa6babdb5149,data/raw/openimages/earphones/oi-0f92aa6babdb5149.jpg,2425b3706b027a46a209090360ef887ccf94a19b2b97b033a911a54f4e85bdf2,6,,,open-images-official,,,pending,,open_images,0f92aa6babdb5149,https://www.flickr.com/photos/compulsiveguile/2798098641,https://c2.staticflickr.com/4/3240/2798098641_cd26806abc_o.jpg,https://open-images-dataset.s3.amazonaws.com/test/0f92aa6babdb5149.jpg,Greg Loesch,https://creativecommons.org/licenses/by/2.0/,https://creativecommons.org/licenses/by/2.0/,oi-0f92aa6babdb5149,,,,,2026-10-07T18:06:50+08:00,Open Images V7 public test image / V5 human boxable labels; one non-depicted box >=25% image area
oi-e88cf5acfa238847,data/raw/openimages/mouse/oi-e88cf5acfa238847.jpg,d01f900176b955e34bd706f22ed83da59cd7777695fb53f1d9239602aefe0b99,4,,,open-images-official,,,pending,,open_images,e88cf5acfa238847,https://www.flickr.com/photos/vernieman/6982883138,https://farm8.staticflickr.com/7266/6982883138_561abc38e7_o.jpg,https://open-images-dataset.s3.amazonaws.com/test/e88cf5acfa238847.jpg,Vernon Chan,https://creativecommons.org/licenses/by/2.0/,https://creativecommons.org/licenses/by/2.0/,oi-e88cf5acfa238847,,,,,2026-10-07T18:06:53+08:00,Open Images V7 public test image / V5 human boxable labels; one non-depicted box >=25% image area
oi-42eeaccfcc8ed10a,data/raw/openimages/backpack/oi-42eeaccfcc8ed10a.jpg,bdca071f3a5023c2bd21ea40c54c997ba14b1bcd8a6b7ec1fd5fc2ae9f0e6efc,9,,,open-images-official,,,pending,,open_images,42eeaccfcc8ed10a,https://www.flickr.com/photos/jjspencer/17585053075,https://c3.staticflickr.com/9/8848/17585053075_a5cf1ab034_o.jpg,https://open-images-dataset.s3.amazonaws.com/test/42eeaccfcc8ed10a.jpg,Jessica Spencer,https://creativecommons.org/licenses/by/2.0/,https://creativecommons.org/licenses/by/2.0/,oi-42eeaccfcc8ed10a,,,,,2026-10-07T18:06:55+08:00,Open Images V7 public test image / V5 human boxable labels; one non-depicted box >=25% image area
oi-0ea1549299380eec,data/raw/openimages/cup/oi-0ea1549299380eec.jpg,360fbf1601b1824532072a96e882627548c84e5378420d44d1ee3dd74b75dc45,0,,,open-images-official,,,pending,,open_images,0ea1549299380eec,https://www.flickr.com/photos/thesaleswhisperer/8745073815,https://c5.staticflickr.com/9/8116/8745073815_b8d4308464_o.jpg,https://open-images-dataset.s3.amazonaws.com/test/0ea1549299380eec.jpg,Wes Schaeffer,https://creativecommons.org/licenses/by/2.0/,https://creativecommons.org/licenses/by/2.0/,oi-0ea1549299380eec,,,,,2026-10-07T18:06:58+08:00,Open Images V7 public test image / V5 human boxable labels; one non-depicted box >=25% image area
oi-731e999acdb6ae99,data/raw/openimages/cup/oi-731e999acdb6ae99.jpg,e3940bc3872504c3ad1632f878be9361e1c773edc784befc1e818236ff18c512,0,,,open-images-official,,,pending,,open_images,731e999acdb6ae99,https://www.flickr.com/photos/43584526@N06/16988704402,https://c2.staticflickr.com/8/7603/16988704402_005096c0a8_o.jpg,https://open-images-dataset.s3.amazonaws.com/test/731e999acdb6ae99.jpg,Mae Catherine Melchor,https://creativecommons.org/licenses/by/2.0/,https://creativecommons.org/licenses/by/2.0/,oi-731e999acdb6ae99,,,,,2026-10-07T18:07:01+08:00,Open Images V7 public test image / V5 human boxable labels; one non-depicted box >=25% image area
oi-ef02d574fcec8ae1,data/raw/openimages/cup/oi-ef02d574fcec8ae1.jpg,dc473a4ee99c467b78c73ab588a0a3156cd0ea1c361e7ba98530dec4b8abac10,0,,,open-images-official,,,pending,,open_images,ef02d574fcec8ae1,https://www.flickr.com/photos/eepaul/12226814763,https://farm2.staticflickr.com/3832/12226814763_2e5c3d9dfe_o.jpg,https://open-images-dataset.s3.amazonaws.com/test/ef02d574fcec8ae1.jpg,Paul Wilkinson,https://creativecommons.org/licenses/by/2.0/,https://creativecommons.org/licenses/by/2.0/,oi-ef02d574fcec8ae1,,,,,2026-10-07T18:07:05+08:00,Open Images V7 public test image / V5 human boxable labels; one non-depicted box >=25% image area
oi-227cfd9f3a0fbead,data/raw/openimages/cup/oi-227cfd9f3a0fbead.jpg,2c41a9c6a91eb08db9a181a686cae8000ca0fbf92f1be701b137406ce1c94389,0,,,open-images-official,,,pending,,open_images,227cfd9f3a0fbead,https://www.flickr.com/photos/cletch/16225350794,https://c6.staticflickr.com/8/7642/16225350794_062028c1ab_o.jpg,https://open-images-dataset.s3.amazonaws.com/test/227cfd9f3a0fbead.jpg,Pat (Cletch) Williams,https://creativecommons.org/licenses/by/2.0/,https://creativecommons.org/licenses/by/2.0/,oi-227cfd9f3a0fbead,,,,,2026-10-07T18:07:07+08:00,Open Images V7 public test image / V5 human boxable labels; one non-depicted box >=25% image area
oi-ee3ca9ff374d5212,data/raw/openimages/mouse/oi-ee3ca9ff374d5212.jpg,0bd4fbb919d24fc6b51e293810a72250a600a557304f661bd8d51ab163783c59,4,,,open-images-official,,,pending,,open_images,ee3ca9ff374d5212,https://www.flickr.com/photos/flixgp/9630515724,https://farm3.staticflickr.com/2820/9630515724_5f006a1097_o.jpg,https://open-images-dataset.s3.amazonaws.com/test/ee3ca9ff374d5212.jpg,Felix Padrosa Photography,https://creativecommons.org/licenses/by/2.0/,https://creativecommons.org/licenses/by/2.0/,oi-ee3ca9ff374d5212,,,,,2026-10-07T18:07:11+08:00,Open Images V7 public test image / V5 human boxable labels; one non-depicted box >=25% image area
oi-bb8d86c7a7e02093,data/raw/openimages/mouse/oi-bb8d86c7a7e02093.jpg,70db74bfee7aae6405615e107e9185b8cd0e143eee56861ef40360658ba748d9,4,,,open-images-official,,,pending,,open_images,bb8d86c7a7e02093,https://www.flickr.com/photos/79579651@N06/7660675526,https://farm4.staticflickr.com/7118/7660675526_633803042f_o.jpg,https://open-images-dataset.s3.amazonaws.com/test/bb8d86c7a7e02093.jpg,Bangbeni,https://creativecommons.org/licenses/by/2.0/,https://creativecommons.org/licenses/by/2.0/,oi-bb8d86c7a7e02093,,,,,2026-10-07T18:07:13+08:00,Open Images V7 public test image / V5 human boxable labels; one non-depicted box >=25% image area
oi-dd41a62f2347d53d,data/raw/openimages/backpack/oi-dd41a62f2347d53d.jpg,49258603c39c364c953c5a5e1948505519db3f6c97c39909ede834bfc0c9aa8a,9,,,open-images-official,,,pending,,open_images,dd41a62f2347d53d,https://www.flickr.com/photos/chipgriffin/2184846919,https://c6.staticflickr.com/3/2340/2184846919_68f4012837_o.jpg,https://open-images-dataset.s3.amazonaws.com/test/dd41a62f2347d53d.jpg,Chip Griffin,https://creativecommons.org/licenses/by/2.0/,https://creativecommons.org/licenses/by/2.0/,oi-dd41a62f2347d53d,,,,,2026-10-07T18:07:17+08:00,Open Images V7 public test image / V5 human boxable labels; one non-depicted box >=25% image area
oi-0e27c9b0593260d2,data/raw/openimages/mouse/oi-0e27c9b0593260d2.jpg,665f4541339e1ce78e6ee04a1d87c1e3a07f8d08d8439b558f8e58ef04998491,4,,,open-images-official,,,pending,,open_images,0e27c9b0593260d2,https://www.flickr.com/photos/ajaysphotography/8493337886,https://farm3.staticflickr.com/8514/8493337886_6a35e10ac5_o.jpg,https://open-images-dataset.s3.amazonaws.com/test/0e27c9b0593260d2.jpg,Alex Slaven,https://creativecommons.org/licenses/by/2.0/,https://creativecommons.org/licenses/by/2.0/,oi-0e27c9b0593260d2,,,,,2026-10-07T18:07:20+08:00,Open Images V7 public test image / V5 human boxable labels; one non-depicted box >=25% image area
oi-c3dcc0dee554947d,data/raw/openimages/book/oi-c3dcc0dee554947d.jpg,443fe2dcc02be9145c2dcd0312873cf52667186959b84777cf079cea9f4caaac,2,,,open-images-official,,,pending,,open_images,c3dcc0dee554947d,https://www.flickr.com/photos/thomasfisherlibrary/12523427335,https://c6.staticflickr.com/6/5531/12523427335_09bda95d6b_o.jpg,https://open-images-dataset.s3.amazonaws.com/test/c3dcc0dee554947d.jpg,"Thomas Fisher Rare Book Library, UofT",https://creativecommons.org/licenses/by/2.0/,https://creativecommons.org/licenses/by/2.0/,oi-c3dcc0dee554947d,,,,,2026-10-07T18:07:25+08:00,Open Images V7 public test image / V5 human boxable labels; one non-depicted box >=25% image area
oi-65312e4ca5a6f947,data/raw/openimages/mouse/oi-65312e4ca5a6f947.jpg,f398f1bdcb3614df5d1e5391191ddc324f5689ee9d2b360bdeb1d6716a622aae,4,,,open-images-official,,,pending,,open_images,65312e4ca5a6f947,https://www.flickr.com/photos/pauldineen/4133666285,https://farm8.staticflickr.com/2756/4133666285_f9df131a02_o.jpg,https://open-images-dataset.s3.amazonaws.com/test/65312e4ca5a6f947.jpg,Paul L Dineen,https://creativecommons.org/licenses/by/2.0/,https://creativecommons.org/licenses/by/2.0/,oi-65312e4ca5a6f947,,,,,2026-10-07T18:07:28+08:00,Open Images V7 public test image / V5 human boxable labels; one non-depicted box >=25% image area
oi-3c36839f4b54a72e,data/raw/openimages/keyboard/oi-3c36839f4b54a72e.jpg,521f38b5e6feb2646ba34d21d2bd7c63a0f681062907151a9548b60f4f872dcd,5,,,open-images-official,,,pending,,open_images,3c36839f4b54a72e,https://www.flickr.com/photos/farhan/2412410207,https://c7.staticflickr.com/3/2263/2412410207_2a7235daf0_o.jpg,https://open-images-dataset.s3.amazonaws.com/test/3c36839f4b54a72e.jpg,Farhan Chawla,https://creativecommons.org/licenses/by/2.0/,https://creativecommons.org/licenses/by/2.0/,oi-3c36839f4b54a72e,,,,,2026-10-07T18:07:31+08:00,Open Images V7 public test image / V5 human boxable labels; one non-depicted box >=25% image area
oi-bb0309bef6abcdf3,data/raw/openimages/umbrella/oi-bb0309bef6abcdf3.jpg,c50bc350128ea50f1a18aeaff5041f6dac4bf570e342613ba01d6ec6a9b2bd8d,1,,,open-images-official,,,pending,,open_images,bb0309bef6abcdf3,https://www.flickr.com/photos/puuedeser/5968012078,https://farm4.staticflickr.com/6018/5968012078_9d62835f89_o.jpg,https://open-images-dataset.s3.amazonaws.com/test/bb0309bef6abcdf3.jpg,.-L,https://creativecommons.org/licenses/by/2.0/,https://creativecommons.org/licenses/by/2.0/,oi-bb0309bef6abcdf3,,,,,2026-10-07T18:07:34+08:00,Open Images V7 public test image / V5 human boxable labels; one non-depicted box >=25% image area
oi-5b286cb11a433cf2,data/raw/openimages/backpack/oi-5b286cb11a433cf2.jpg,dee5b4561757a7395970438d10b980240cca38854b2ca28809a8a0d80e3227b9,9,,,open-images-official,,,pending,,open_images,5b286cb11a433cf2,https://www.flickr.com/photos/62358412@N03/5872198481,https://farm3.staticflickr.com/5305/5872198481_66ca8f3767_o.jpg,https://open-images-dataset.s3.amazonaws.com/test/5b286cb11a433cf2.jpg,Harsha Goonewardana,https://creativecommons.org/licenses/by/2.0/,https://creativecommons.org/licenses/by/2.0/,oi-5b286cb11a433cf2,,,,,2026-10-07T18:07:37+08:00,Open Images V7 public test image / V5 human boxable labels; one non-depicted box >=25% image area
oi-14eaab08037c5b17,data/raw/openimages/earphones/oi-14eaab08037c5b17.jpg,d85027e27eb3abacfe7bd9be3d297843cd52a0ac4e501f0dbcd3ca778092c5b2,6,,,open-images-official,,,pending,,open_images,14eaab08037c5b17,https://www.flickr.com/photos/yu_chuan/3196011358,https://farm8.staticflickr.com/3132/3196011358_3ef288dab5_o.jpg,https://open-images-dataset.s3.amazonaws.com/test/14eaab08037c5b17.jpg,lovesx-70,https://creativecommons.org/licenses/by/2.0/,https://creativecommons.org/licenses/by/2.0/,oi-14eaab08037c5b17,,,,,2026-10-07T18:07:39+08:00,Open Images V7 public test image / V5 human boxable labels; one non-depicted box >=25% image area
oi-c6890a19df2dcbf3,data/raw/openimages/book/oi-c6890a19df2dcbf3.jpg,223bbe3bc8c60c5c38ffc3957885ba190d891080066018299b318eae5dec33ca,2,,,open-images-official,,,pending,,open_images,c6890a19df2dcbf3,https://www.flickr.com/photos/boston_public_library/2350793246,https://farm4.staticflickr.com/2132/2350793246_43dfc964d1_o.jpg,https://open-images-dataset.s3.amazonaws.com/test/c6890a19df2dcbf3.jpg,Boston Public Library,https://creativecommons.org/licenses/by/2.0/,https://creativecommons.org/licenses/by/2.0/,oi-c6890a19df2dcbf3,,,,,2026-10-07T18:07:42+08:00,Open Images V7 public test image / V5 human boxable labels; one non-depicted box >=25% image area
oi-67c98db8cf15467f,data/raw/openimages/earphones/oi-67c98db8cf15467f.jpg,9a3b48801d0fd5301bdc9c03dda23586969a9830c349187e00a51306edfa465d,6,,,open-images-official,,,pending,,open_images,67c98db8cf15467f,https://www.flickr.com/photos/sga_se/5827614152,https://c8.staticflickr.com/3/2391/5827614152_36cef7766b_o.jpg,https://open-images-dataset.s3.amazonaws.com/test/67c98db8cf15467f.jpg,Saint-Gobain Abrasives AB Sweden,https://creativecommons.org/licenses/by/2.0/,https://creativecommons.org/licenses/by/2.0/,oi-67c98db8cf15467f,,,,,2026-10-07T18:07:45+08:00,Open Images V7 public test image / V5 human boxable labels; one non-depicted box >=25% image area
oi-0fb3b09b91685b46,data/raw/openimages/cup/oi-0fb3b09b91685b46.jpg,5ce755c3ce14cb73a09df17419795f6fb8fe866b68ab49abac1c53e22cddc2d7,0,,,open-images-official,,,pending,,open_images,0fb3b09b91685b46,https://www.flickr.com/photos/26219475@N04/4967650364,https://farm7.staticflickr.com/4128/4967650364_6b23e0e7de_o.jpg,https://open-images-dataset.s3.amazonaws.com/test/0fb3b09b91685b46.jpg,Mgoncalles,https://creativecommons.org/licenses/by/2.0/,https://creativecommons.org/licenses/by/2.0/,oi-0fb3b09b91685b46,,,,,2026-10-07T18:07:46+08:00,Open Images V7 public test image / V5 human boxable labels; one non-depicted box >=25% image area
oi-ba17a42100323ba3,data/raw/openimages/backpack/oi-ba17a42100323ba3.jpg,687892ab4b6a3813be0ecd77054180ffe861ca6d4c745b30bce615a51dd760a2,9,,,open-images-official,,,pending,,open_images,ba17a42100323ba3,https://www.flickr.com/photos/duffbert/17358176521,https://farm4.staticflickr.com/7720/17358176521_fb7a4ae99a_o.jpg,https://open-images-dataset.s3.amazonaws.com/test/ba17a42100323ba3.jpg,Thomas Duff,https://creativecommons.org/licenses/by/2.0/,https://creativecommons.org/licenses/by/2.0/,oi-ba17a42100323ba3,,,,,2026-10-07T18:07:49+08:00,Open Images V7 public test image / V5 human boxable labels; one non-depicted box >=25% image area
oi-4fabd72ee9dc6983,data/raw/openimages/earphones/oi-4fabd72ee9dc6983.jpg,378458f446d624c52bdbb60bf1e9c6d8b7e32603c950ecaaa87eabdb8a1ea72e,6,,,open-images-official,,,pending,,open_images,4fabd72ee9dc6983,https://www.flickr.com/photos/jronaldlee/5219863618,https://farm4.staticflickr.com/5042/5219863618_d09669d81f_o.jpg,https://open-images-dataset.s3.amazonaws.com/test/4fabd72ee9dc6983.jpg,James Lee,https://creativecommons.org/licenses/by/2.0/,https://creativecommons.org/licenses/by/2.0/,oi-4fabd72ee9dc6983,,,,,2026-10-07T18:07:52+08:00,Open Images V7 public test image / V5 human boxable labels; one non-depicted box >=25% image area
oi-4d95b874bc7801ef,data/raw/openimages/book/oi-4d95b874bc7801ef.jpg,50927c65e9055c2a745efc2bccd1268d457b4ede9bdc2ba7938cf6bb58a58944,2,,,open-images-official,,,pending,,open_images,4d95b874bc7801ef,https://www.flickr.com/photos/cdrummbks/4649364541,https://c8.staticflickr.com/5/4043/4649364541_245798ca3f_o.jpg,https://open-images-dataset.s3.amazonaws.com/test/4d95b874bc7801ef.jpg,CHRIS DRUMM,https://creativecommons.org/licenses/by/2.0/,https://creativecommons.org/licenses/by/2.0/,oi-4d95b874bc7801ef,,,,,2026-10-07T18:07:54+08:00,Open Images V7 public test image / V5 human boxable labels; one non-depicted box >=25% image area
oi-22ff8a252588f3d7,data/raw/openimages/keyboard/oi-22ff8a252588f3d7.jpg,f8d76f31332b8aaccae111cd4614cf5decbf32d0138f3cef1e95a0423ddff117,5,,,open-images-official,,,pending,,open_images,22ff8a252588f3d7,https://www.flickr.com/photos/hoelscherb/4039066496,https://farm8.staticflickr.com/2484/4039066496_8fa5747b20_o.jpg,https://open-images-dataset.s3.amazonaws.com/test/22ff8a252588f3d7.jpg,hoelscherb,https://creativecommons.org/licenses/by/2.0/,https://creativecommons.org/licenses/by/2.0/,oi-22ff8a252588f3d7,,,,,2026-10-07T18:07:56+08:00,Open Images V7 public test image / V5 human boxable labels; one non-depicted box >=25% image area
oi-30d38acdacfe06d0,data/raw/openimages/cup/oi-30d38acdacfe06d0.jpg,78b0fc7d6eea81fea4ddcd5b0630dbaba3e9e5fb14e7c174dccbf09e4fceb2e6,0,,,open-images-official,,,pending,,open_images,30d38acdacfe06d0,https://www.flickr.com/photos/uniform-studio/3198587420,https://farm1.staticflickr.com/3082/3198587420_798c20c5dd_o.jpg,https://open-images-dataset.s3.amazonaws.com/test/30d38acdacfe06d0.jpg,Martha W McQuade,https://creativecommons.org/licenses/by/2.0/,https://creativecommons.org/licenses/by/2.0/,oi-30d38acdacfe06d0,,,,,2026-10-07T18:08:00+08:00,Open Images V7 public test image / V5 human boxable labels; one non-depicted box >=25% image area
oi-fe7753e4c7e0d556,data/raw/openimages/cup/oi-fe7753e4c7e0d556.jpg,4b89004de936f72f85bdd76cb1b0145c10dce15cf3b4ccac15b5ea7dfb1bf7d7,0,,,open-images-official,,,pending,,open_images,fe7753e4c7e0d556,https://www.flickr.com/photos/iaincpatterson/14027249891/,https://farm7.staticflickr.com/5270/14027249891_5856ea6937_o.jpg,https://open-images-dataset.s3.amazonaws.com/test/fe7753e4c7e0d556.jpg,Iain Patterson,https://creativecommons.org/licenses/by/2.0/,https://creativecommons.org/licenses/by/2.0/,oi-fe7753e4c7e0d556,,,,,2026-10-07T18:08:02+08:00,Open Images V7 public test image / V5 human boxable labels; one non-depicted box >=25% image area
oi-7a2d59287bc751ee,data/raw/openimages/mouse/oi-7a2d59287bc751ee.jpg,2211d395f5990333d65424bf4e2b69673a6b7ff3b7011d9f47c6c7a8257b9b53,4,,,open-images-official,,,pending,,open_images,7a2d59287bc751ee,https://www.flickr.com/photos/steveganz/299014186,https://c7.staticflickr.com/1/112/299014186_9b56214de7_o.jpg,https://open-images-dataset.s3.amazonaws.com/test/7a2d59287bc751ee.jpg,Steve Ganz,https://creativecommons.org/licenses/by/2.0/,https://creativecommons.org/licenses/by/2.0/,oi-7a2d59287bc751ee,,,,,2026-10-07T18:08:05+08:00,Open Images V7 public test image / V5 human boxable labels; one non-depicted box >=25% image area
oi-7e956a04c4e6f886,data/raw/openimages/cup/oi-7e956a04c4e6f886.jpg,f9c33ee9c50f2b5951af7f99f90cd4c7cfd85b0a9561ec68cfa3b457356440dd,0,,,open-images-official,,,pending,,open_images,7e956a04c4e6f886,https://www.flickr.com/photos/euacreditava/7844082872,https://farm7.staticflickr.com/8285/7844082872_5edbc3b1f9_o.jpg,https://open-images-dataset.s3.amazonaws.com/test/7e956a04c4e6f886.jpg,Cássia Afini,https://creativecommons.org/licenses/by/2.0/,https://creativecommons.org/licenses/by/2.0/,oi-7e956a04c4e6f886,,,,,2026-10-07T18:08:07+08:00,Open Images V7 public test image / V5 human boxable labels; one non-depicted box >=25% image area
oi-02ca56a928857d93,data/raw/openimages/keyboard/oi-02ca56a928857d93.jpg,3306569d081fa042302b4ac9be051264ef2ee7048a73092faea8fa2b5a58cbd6,5,,,open-images-official,,,pending,,open_images,02ca56a928857d93,https://www.flickr.com/photos/timjoyfamily/12589927604,https://farm4.staticflickr.com/7417/12589927604_28e7b59f94_o.jpg,https://open-images-dataset.s3.amazonaws.com/test/02ca56a928857d93.jpg,Tim Walker,https://creativecommons.org/licenses/by/2.0/,https://creativecommons.org/licenses/by/2.0/,oi-02ca56a928857d93,,,,,2026-10-07T18:08:10+08:00,Open Images V7 public test image / V5 human boxable labels; one non-depicted box >=25% image area
oi-40f1d85dd5e2f505,data/raw/openimages/cup/oi-40f1d85dd5e2f505.jpg,e555f275ff0ebab605cd0667ed679fadb3b8150376163c218f9ac00edcff0cee,0,,,open-images-official,,,pending,,open_images,40f1d85dd5e2f505,https://www.flickr.com/photos/suzettesuzette/7214053274,https://farm6.staticflickr.com/7212/7214053274_b26404edb5_o.jpg,https://open-images-dataset.s3.amazonaws.com/test/40f1d85dd5e2f505.jpg,Suzette - www.suzette.nu,https://creativecommons.org/licenses/by/2.0/,https://creativecommons.org/licenses/by/2.0/,oi-40f1d85dd5e2f505,,,,,2026-10-07T18:08:13+08:00,Open Images V7 public test image / V5 human boxable labels; one non-depicted box >=25% image area
oi-d8f1783c5e99de8e,data/raw/openimages/keyboard/oi-d8f1783c5e99de8e.jpg,52999a3e5bdddf4266aba65094f36e628d1934d162969a8fe7326d1771c44a9e,5,,,open-images-official,,,pending,,open_images,d8f1783c5e99de8e,https://www.flickr.com/photos/31297289@N02/2956876349,https://c7.staticflickr.com/4/3283/2956876349_ce379a631d_o.jpg,https://open-images-dataset.s3.amazonaws.com/test/d8f1783c5e99de8e.jpg,rodolfo_isaias,https://creativecommons.org/licenses/by/2.0/,https://creativecommons.org/licenses/by/2.0/,oi-d8f1783c5e99de8e,,,,,2026-10-07T18:08:16+08:00,Open Images V7 public test image / V5 human boxable labels; one non-depicted box >=25% image area
oi-874f4719c5ec6c9d,data/raw/openimages/earphones/oi-874f4719c5ec6c9d.jpg,e59a0fde767c974376686aab8ff07ab6d39221b2e2ee144ce7fbb9f624c55638,6,,,open-images-official,,,pending,,open_images,874f4719c5ec6c9d,https://www.flickr.com/photos/nadeyphotography/9256418877,https://c6.staticflickr.com/4/3671/9256418877_21081ac49c_o.jpg,https://open-images-dataset.s3.amazonaws.com/test/874f4719c5ec6c9d.jpg,N Adey Photography,https://creativecommons.org/licenses/by/2.0/,https://creativecommons.org/licenses/by/2.0/,oi-874f4719c5ec6c9d,,,,,2026-10-07T18:08:18+08:00,Open Images V7 public test image / V5 human boxable labels; one non-depicted box >=25% image area
oi-af1af3062d04c7b6,data/raw/openimages/mouse/oi-af1af3062d04c7b6.jpg,5905984ab36cfbbf10c88bf3e6a2102044235d57e550cd1831baf42ff2226122,4,,,open-images-official,,,pending,,open_images,af1af3062d04c7b6,https://www.flickr.com/photos/116436808@N06/12311308474,https://farm7.staticflickr.com/7391/12311308474_7e76ac613f_o.jpg,https://open-images-dataset.s3.amazonaws.com/test/af1af3062d04c7b6.jpg,Jigsawphoenix,https://creativecommons.org/licenses/by/2.0/,https://creativecommons.org/licenses/by/2.0/,oi-af1af3062d04c7b6,,,,,2026-10-07T18:08:21+08:00,Open Images V7 public test image / V5 human boxable labels; one non-depicted box >=25% image area
oi-1fa24b13f85436dc,data/raw/openimages/umbrella/oi-1fa24b13f85436dc.jpg,519c9dda14593776398b91fef6291ef28ed6f9bbd7131f926b0201343ce214ae,1,,,open-images-official,,,pending,,open_images,1fa24b13f85436dc,https://www.flickr.com/photos/samanthabell/8272344244,https://c5.staticflickr.com/9/8204/8272344244_535e5bebeb_o.jpg,https://open-images-dataset.s3.amazonaws.com/test/1fa24b13f85436dc.jpg,Samantha Bell,https://creativecommons.org/licenses/by/2.0/,https://creativecommons.org/licenses/by/2.0/,oi-1fa24b13f85436dc,,,,,2026-10-07T18:08:23+08:00,Open Images V7 public test image / V5 human boxable labels; one non-depicted box >=25% image area
oi-a1300bd90ba889d4,data/raw/openimages/book/oi-a1300bd90ba889d4.jpg,0cc6a8c3f82c43bf279f5bc9504ea0aac0747e83ed858a41b7e065fe075a3056,2,,,open-images-official,,,pending,,open_images,a1300bd90ba889d4,https://www.flickr.com/photos/textfiles/3343713833,https://farm5.staticflickr.com/3599/3343713833_19097925bb_o.jpg,https://open-images-dataset.s3.amazonaws.com/test/a1300bd90ba889d4.jpg,Jason Scott,https://creativecommons.org/licenses/by/2.0/,https://creativecommons.org/licenses/by/2.0/,oi-a1300bd90ba889d4,,,,,2026-10-07T18:08:27+08:00,Open Images V7 public test image / V5 human boxable labels; one non-depicted box >=25% image area
oi-4dda76f455c64d61,data/raw/openimages/cup/oi-4dda76f455c64d61.jpg,6efecd419022f1d4d62371a8e7677396244a391ea924c995ee148f40bb89af92,0,,,open-images-official,,,pending,,open_images,4dda76f455c64d61,https://www.flickr.com/photos/erix/16525367624,https://farm2.staticflickr.com/8725/16525367624_2e1a784464_o.jpg,https://open-images-dataset.s3.amazonaws.com/test/4dda76f455c64d61.jpg,Erich Ferdinand,https://creativecommons.org/licenses/by/2.0/,https://creativecommons.org/licenses/by/2.0/,oi-4dda76f455c64d61,,,,,2026-10-07T18:08:30+08:00,Open Images V7 public test image / V5 human boxable labels; one non-depicted box >=25% image area
oi-3c380b4716ae11a9,data/raw/openimages/book/oi-3c380b4716ae11a9.jpg,fe2bac8df0ece28bba0bf5cc00939fa7963f381908eb59980238473b752579a4,2,,,open-images-official,,,pending,,open_images,3c380b4716ae11a9,https://www.flickr.com/photos/aemptv/4649172725,https://c2.staticflickr.com/5/4017/4649172725_a63119453a_o.jpg,https://open-images-dataset.s3.amazonaws.com/test/3c380b4716ae11a9.jpg,Asociacion Espanola de Metales Preciosos,https://creativecommons.org/licenses/by/2.0/,https://creativecommons.org/licenses/by/2.0/,oi-3c380b4716ae11a9,,,,,2026-10-07T18:08:33+08:00,Open Images V7 public test image / V5 human boxable labels; one non-depicted box >=25% image area
oi-acb9019c9ae6c5ea,data/raw/openimages/keyboard/oi-acb9019c9ae6c5ea.jpg,bce315a6b9584de3f685b496f1a3286323ba32834bad45d3b0632817264da326,5,,,open-images-official,,,pending,,open_images,acb9019c9ae6c5ea,https://www.flickr.com/photos/126089327@N04/14714880858,https://c3.staticflickr.com/4/3838/14714880858_7581106344_o.jpg,https://open-images-dataset.s3.amazonaws.com/test/acb9019c9ae6c5ea.jpg,osman gucel,https://creativecommons.org/licenses/by/2.0/,https://creativecommons.org/licenses/by/2.0/,oi-acb9019c9ae6c5ea,,,,,2026-10-07T18:08:35+08:00,Open Images V7 public test image / V5 human boxable labels; one non-depicted box >=25% image area
oi-6e1f1d40d59771ec,data/raw/openimages/keyboard/oi-6e1f1d40d59771ec.jpg,241eedb54ee19d07d06cb9c6efadd76f1b1f689c8b1be0e2401ea8c70b186fb4,5,,,open-images-official,,,pending,,open_images,6e1f1d40d59771ec,https://www.flickr.com/photos/chesterbr/6946429234,https://c5.staticflickr.com/8/7118/6946429234_ded625ddd8_o.jpg,https://open-images-dataset.s3.amazonaws.com/test/6e1f1d40d59771ec.jpg,Chester,https://creativecommons.org/licenses/by/2.0/,https://creativecommons.org/licenses/by/2.0/,oi-6e1f1d40d59771ec,,,,,2026-10-07T18:08:38+08:00,Open Images V7 public test image / V5 human boxable labels; one non-depicted box >=25% image area
oi-96fd4d8bc6631dee,data/raw/openimages/cup/oi-96fd4d8bc6631dee.jpg,c28a17b989b4c4f522dd85f1aa2f79d5fbf44e71692b2c9afbc14a800bf42ca3,0,,,open-images-official,,,pending,,open_images,96fd4d8bc6631dee,https://www.flickr.com/photos/chanter52/14506885398,https://c7.staticflickr.com/4/3886/14506885398_ba53fe3160_o.jpg,https://open-images-dataset.s3.amazonaws.com/test/96fd4d8bc6631dee.jpg,Chanter52,https://creativecommons.org/licenses/by/2.0/,https://creativecommons.org/licenses/by/2.0/,oi-96fd4d8bc6631dee,,,,,2026-10-07T18:08:41+08:00,Open Images V7 public test image / V5 human boxable labels; one non-depicted box >=25% image area
oi-8f6f2abe13fa8abf,data/raw/openimages/umbrella/oi-8f6f2abe13fa8abf.jpg,616ad5d992541574ec240be14ff6a15796f49335d60679e88db9a43fdd576fc2,1,,,open-images-official,,,pending,,open_images,8f6f2abe13fa8abf,https://www.flickr.com/photos/carolcastro/3069019146,https://c8.staticflickr.com/4/3197/3069019146_696b7ebc95_o.jpg,https://open-images-dataset.s3.amazonaws.com/test/8f6f2abe13fa8abf.jpg,Ana Carolina de Castro Cavalcanti,https://creativecommons.org/licenses/by/2.0/,https://creativecommons.org/licenses/by/2.0/,oi-8f6f2abe13fa8abf,,,,,2026-10-07T18:08:43+08:00,Open Images V7 public test image / V5 human boxable labels; one non-depicted box >=25% image area
oi-65eb9b425f8a99e1,data/raw/openimages/mouse/oi-65eb9b425f8a99e1.jpg,eaf4c76d51769d980b339761490131050abd150c76d63b795f1a8f976621bbe6,4,,,open-images-official,,,pending,,open_images,65eb9b425f8a99e1,https://www.flickr.com/photos/hardwareschotte/8738611278,https://farm2.staticflickr.com/7288/8738611278_900b31cfcf_o.jpg,https://open-images-dataset.s3.amazonaws.com/test/65eb9b425f8a99e1.jpg,Schottenland GmbH,https://creativecommons.org/licenses/by/2.0/,https://creativecommons.org/licenses/by/2.0/,oi-65eb9b425f8a99e1,,,,,2026-10-07T18:08:46+08:00,Open Images V7 public test image / V5 human boxable labels; one non-depicted box >=25% image area
oi-a13ad60d2ae08729,data/raw/openimages/book/oi-a13ad60d2ae08729.jpg,b5d56876f6dc04bf38ec13b9b96d0b19478cfe18df93da006c802350e834be43,2,,,open-images-official,,,pending,,open_images,a13ad60d2ae08729,https://www.flickr.com/photos/pensarenlouquece/4545380757,https://c2.staticflickr.com/5/4005/4545380757_16bf3e66d8_o.jpg,https://open-images-dataset.s3.amazonaws.com/test/a13ad60d2ae08729.jpg,Alexandre Inagaki,https://creativecommons.org/licenses/by/2.0/,https://creativecommons.org/licenses/by/2.0/,oi-a13ad60d2ae08729,,,,,2026-10-07T18:08:49+08:00,Open Images V7 public test image / V5 human boxable labels; one non-depicted box >=25% image area
oi-c028944212bdc80c,data/raw/openimages/backpack/oi-c028944212bdc80c.jpg,6145fa4ecc6f1fd4127315ce2946f309d91683bc079c31a43a29362bd78d116a,9,,,open-images-official,,,pending,,open_images,c028944212bdc80c,https://www.flickr.com/photos/ikoka/15074433649,https://c5.staticflickr.com/6/5588/15074433649_ecdef537b8_o.jpg,https://open-images-dataset.s3.amazonaws.com/test/c028944212bdc80c.jpg,koka_sexton,https://creativecommons.org/licenses/by/2.0/,https://creativecommons.org/licenses/by/2.0/,oi-c028944212bdc80c,,,,,2026-10-07T18:08:51+08:00,Open Images V7 public test image / V5 human boxable labels; one non-depicted box >=25% image area
oi-99c396d655c7f4bb,data/raw/openimages/backpack/oi-99c396d655c7f4bb.jpg,505d997725faeb192ffbf46e1a7b04cdc7630366fffcd9369aa7bf41fb9ef8ce,9,,,open-images-official,,,pending,,open_images,99c396d655c7f4bb,https://www.flickr.com/photos/jetalone/17206034787,https://c4.staticflickr.com/9/8855/17206034787_ffc6b51641_o.jpg,https://open-images-dataset.s3.amazonaws.com/test/99c396d655c7f4bb.jpg,Hajime NAKANO,https://creativecommons.org/licenses/by/2.0/,https://creativecommons.org/licenses/by/2.0/,oi-99c396d655c7f4bb,,,,,2026-10-07T18:08:54+08:00,Open Images V7 public test image / V5 human boxable labels; one non-depicted box >=25% image area
oi-2a28a37db2df5465,data/raw/openimages/cup/oi-2a28a37db2df5465.jpg,53218ec8fe6d48d033f52ac4fddfd7c8e0744deef569bee403de6e729d44a4b5,0,,,open-images-official,,,pending,,open_images,2a28a37db2df5465,https://www.flickr.com/photos/qwrrty/13812102394,https://farm6.staticflickr.com/7365/13812102394_67166276d8_o.jpg,https://open-images-dataset.s3.amazonaws.com/test/2a28a37db2df5465.jpg,Tim Pierce,https://creativecommons.org/licenses/by/2.0/,https://creativecommons.org/licenses/by/2.0/,oi-2a28a37db2df5465,,,,,2026-10-07T18:08:57+08:00,Open Images V7 public test image / V5 human boxable labels; one non-depicted box >=25% image area
oi-914617aee0e735d4,data/raw/openimages/mouse/oi-914617aee0e735d4.jpg,66fc79878c911d717f913d8da3d2578f56c1acdaeaca90e30b3526cb548f8db5,4,,,open-images-official,,,pending,,open_images,914617aee0e735d4,https://www.flickr.com/photos/hunter0405/5701768148,https://farm5.staticflickr.com/2417/5701768148_9406aebb11_o.jpg,https://open-images-dataset.s3.amazonaws.com/test/914617aee0e735d4.jpg,Vincent Li,https://creativecommons.org/licenses/by/2.0/,https://creativecommons.org/licenses/by/2.0/,oi-914617aee0e735d4,,,,,2026-10-07T18:08:59+08:00,Open Images V7 public test image / V5 human boxable labels; one non-depicted box >=25% image area
oi-0a51fd1a18528f7f,data/raw/openimages/mouse/oi-0a51fd1a18528f7f.jpg,6bd7f3cd9d67c9f84e0089975a81906cf9b6c2dfe802c2904265350cf8f011c4,4,,,open-images-official,,,pending,,open_images,0a51fd1a18528f7f,https://www.flickr.com/photos/hurtre/4942722825/,https://c8.staticflickr.com/5/4140/4942722825_fb2fb29b0c_o.jpg,https://open-images-dataset.s3.amazonaws.com/test/0a51fd1a18528f7f.jpg,Trevor Hurlbut,https://creativecommons.org/licenses/by/2.0/,https://creativecommons.org/licenses/by/2.0/,oi-0a51fd1a18528f7f,,,,,2026-10-07T18:09:01+08:00,Open Images V7 public test image / V5 human boxable labels; one non-depicted box >=25% image area
oi-dd878b1089326be1,data/raw/openimages/mouse/oi-dd878b1089326be1.jpg,a8ac05d94b4aaa418f20a621925e267f21e6f6a3318c362f77bb77906cb2ca3e,4,,,open-images-official,,,pending,,open_images,dd878b1089326be1,https://www.flickr.com/photos/11872189@N00/4916137611,https://farm2.staticflickr.com/4115/4916137611_29f41705dc_o.jpg,https://open-images-dataset.s3.amazonaws.com/test/dd878b1089326be1.jpg,Alex Garcia,https://creativecommons.org/licenses/by/2.0/,https://creativecommons.org/licenses/by/2.0/,oi-dd878b1089326be1,,,,,2026-10-07T18:09:03+08:00,Open Images V7 public test image / V5 human boxable labels; one non-depicted box >=25% image area
oi-954cd52679d0c86f,data/raw/openimages/mouse/oi-954cd52679d0c86f.jpg,b0a244a923ddbcb30dec5e746abc48b7e5cd6065ad8ac1acb0030860ce8dfd77,4,,,open-images-official,,,pending,,open_images,954cd52679d0c86f,https://www.flickr.com/photos/dragontomato/3451368520,https://c8.staticflickr.com/4/3356/3451368520_52a9d11289_o.jpg,https://open-images-dataset.s3.amazonaws.com/test/954cd52679d0c86f.jpg,Andrew_Writer,https://creativecommons.org/licenses/by/2.0/,https://creativecommons.org/licenses/by/2.0/,oi-954cd52679d0c86f,,,,,2026-10-07T18:09:06+08:00,Open Images V7 public test image / V5 human boxable labels; one non-depicted box >=25% image area
oi-5c4332cd0d3bf4a4,data/raw/openimages/cup/oi-5c4332cd0d3bf4a4.jpg,cad139dfab987df60cb7814b02f01b10dcd488f4af3df82652828b765c23a035,0,,,open-images-official,,,pending,,open_images,5c4332cd0d3bf4a4,https://www.flickr.com/photos/schoschie/194957874,https://farm5.staticflickr.com/76/194957874_ddb2e97f99_o.jpg,https://open-images-dataset.s3.amazonaws.com/test/5c4332cd0d3bf4a4.jpg,Niels Heidenreich,https://creativecommons.org/licenses/by/2.0/,https://creativecommons.org/licenses/by/2.0/,oi-5c4332cd0d3bf4a4,,,,,2026-10-07T18:09:08+08:00,Open Images V7 public test image / V5 human boxable labels; one non-depicted box >=25% image area
oi-40bc03bdddd567c3,data/raw/openimages/earphones/oi-40bc03bdddd567c3.jpg,8c027b2694459f5ddebdba7feede3f0c3e22fbf18dc36f456a09801f4420942c,6,,,open-images-official,,,pending,,open_images,40bc03bdddd567c3,https://www.flickr.com/photos/komenggg/1345357375,https://farm4.staticflickr.com/1293/1345357375_4c898de486_o.jpg,https://open-images-dataset.s3.amazonaws.com/test/40bc03bdddd567c3.jpg,komenggg,https://creativecommons.org/licenses/by/2.0/,https://creativecommons.org/licenses/by/2.0/,oi-40bc03bdddd567c3,,,,,2026-10-07T18:09:10+08:00,Open Images V7 public test image / V5 human boxable labels; one non-depicted box >=25% image area
oi-7fa782668c95918d,data/raw/openimages/earphones/oi-7fa782668c95918d.jpg,a52c18bc1741a6d27e4d3e6992f2d8b58cf0238200132f95dd979fcda792e008,6,,,open-images-official,,,pending,,open_images,7fa782668c95918d,https://www.flickr.com/photos/guadalajaracinemafest/5530821324,https://c6.staticflickr.com/6/5216/5530821324_22932e0087_o.jpg,https://open-images-dataset.s3.amazonaws.com/test/7fa782668c95918d.jpg,FICG.mx,https://creativecommons.org/licenses/by/2.0/,https://creativecommons.org/licenses/by/2.0/,oi-7fa782668c95918d,,,,,2026-10-07T18:09:13+08:00,Open Images V7 public test image / V5 human boxable labels; one non-depicted box >=25% image area
oi-84984fb110316646,data/raw/openimages/backpack/oi-84984fb110316646.jpg,c96f447ab2efc6b63df2fa197736f3574edcf6d7fad74338a8ac8b404f721364,9,,,open-images-official,,,pending,,open_images,84984fb110316646,https://www.flickr.com/photos/draxus/3757713613/,https://farm7.staticflickr.com/3472/3757713613_0fdcb3fee2_o.jpg,https://open-images-dataset.s3.amazonaws.com/test/84984fb110316646.jpg,Manuel Martín,https://creativecommons.org/licenses/by/2.0/,https://creativecommons.org/licenses/by/2.0/,oi-84984fb110316646,,,,,2026-10-07T18:09:15+08:00,Open Images V7 public test image / V5 human boxable labels; one non-depicted box >=25% image area
oi-e68fdc0e1599c679,data/raw/openimages/cup/oi-e68fdc0e1599c679.jpg,b0c7fdf0d3a91679fb37898d6ff7d25f1860b9532ca26eea96345d454f91c93b,0,,,open-images-official,,,pending,,open_images,e68fdc0e1599c679,https://www.flickr.com/photos/23927132@N05/2367999358,https://c2.staticflickr.com/3/2211/2367999358_6093d200bb_o.jpg,https://open-images-dataset.s3.amazonaws.com/test/e68fdc0e1599c679.jpg,Benjamin Thomas,https://creativecommons.org/licenses/by/2.0/,https://creativecommons.org/licenses/by/2.0/,oi-e68fdc0e1599c679,,,,,2026-10-07T18:09:21+08:00,Open Images V7 public test image / V5 human boxable labels; one non-depicted box >=25% image area
oi-4046869aa7ca8fc7,data/raw/openimages/backpack/oi-4046869aa7ca8fc7.jpg,8cd0cf1ada1beab93f5dbea332fc4710552f9f8c1641973298e498ecc8637ac6,9,,,open-images-official,,,pending,,open_images,4046869aa7ca8fc7,https://www.flickr.com/photos/42007902@N04/12215774463/,https://farm8.staticflickr.com/3798/12215774463_6db4d55c25_o.jpg,https://open-images-dataset.s3.amazonaws.com/test/4046869aa7ca8fc7.jpg,tanyaboza,https://creativecommons.org/licenses/by/2.0/,https://creativecommons.org/licenses/by/2.0/,oi-4046869aa7ca8fc7,,,,,2026-10-07T18:09:24+08:00,Open Images V7 public test image / V5 human boxable labels; one non-depicted box >=25% image area
oi-27e46f5f25ce1d6a,data/raw/openimages/cup/oi-27e46f5f25ce1d6a.jpg,d21b1c3435ad6333b9d3493c07f6134a8b228fa2d8ca330edc80549181aff751,0,,,open-images-official,,,pending,,open_images,27e46f5f25ce1d6a,https://www.flickr.com/photos/ryusuke/473190502,https://c3.staticflickr.com/1/189/473190502_1a74993855_o.jpg,https://open-images-dataset.s3.amazonaws.com/test/27e46f5f25ce1d6a.jpg,Ryusuke,https://creativecommons.org/licenses/by/2.0/,https://creativecommons.org/licenses/by/2.0/,oi-27e46f5f25ce1d6a,,,,,2026-10-07T18:09:25+08:00,Open Images V7 public test image / V5 human boxable labels; one non-depicted box >=25% image area
oi-f1fe2f31d80089f3,data/raw/openimages/backpack/oi-f1fe2f31d80089f3.jpg,302ebe771043fdfb7c20686ed2069e41b33dc7356b487bf1ddf2de6c8b3b1699,9,,,open-images-official,,,pending,,open_images,f1fe2f31d80089f3,https://www.flickr.com/photos/edkohler/4661404274,https://farm4.staticflickr.com/4029/4661404274_c39e749a38_o.jpg,https://open-images-dataset.s3.amazonaws.com/test/f1fe2f31d80089f3.jpg,edkohler,https://creativecommons.org/licenses/by/2.0/,https://creativecommons.org/licenses/by/2.0/,oi-f1fe2f31d80089f3,,,,,2026-10-07T18:09:27+08:00,Open Images V7 public test image / V5 human boxable labels; one non-depicted box >=25% image area
oi-577dd20d0d47b917,data/raw/openimages/earphones/oi-577dd20d0d47b917.jpg,d51a26f48c11cb0b5a3aa1e200dd02ded2790ed08ab09a478fc1923ddb946a51,6,,,open-images-official,,,pending,,open_images,577dd20d0d47b917,https://www.flickr.com/photos/jtjdt/4817193738,https://farm8.staticflickr.com/4102/4817193738_780f1cbe94_o.jpg,https://open-images-dataset.s3.amazonaws.com/test/577dd20d0d47b917.jpg,Joseph Thornton,https://creativecommons.org/licenses/by/2.0/,https://creativecommons.org/licenses/by/2.0/,oi-577dd20d0d47b917,,,,,2026-10-07T18:09:30+08:00,Open Images V7 public test image / V5 human boxable labels; one non-depicted box >=25% image area
oi-20fcb54990387431,data/raw/openimages/cup/oi-20fcb54990387431.jpg,ff0d441d254c2fed00eaa658bf2e661af13a18a85e84c2dc1e4c441afe124f42,0,,,open-images-official,,,pending,,open_images,20fcb54990387431,https://www.flickr.com/photos/bibliothekarin/18460486174,https://farm2.staticflickr.com/296/18460486174_ef9bcb5883_o.jpg,https://open-images-dataset.s3.amazonaws.com/test/20fcb54990387431.jpg,bibliothekarin,https://creativecommons.org/licenses/by/2.0/,https://creativecommons.org/licenses/by/2.0/,oi-20fcb54990387431,,,,,2026-10-07T18:09:32+08:00,Open Images V7 public test image / V5 human boxable labels; one non-depicted box >=25% image area
oi-14280aff9a37fc8e,data/raw/openimages/umbrella/oi-14280aff9a37fc8e.jpg,74f1cf8a6aa808b30f4eb9f452ca8447d8664edf59015289c3b4d506ee9cd6fa,1,,,open-images-official,,,pending,,open_images,14280aff9a37fc8e,https://www.flickr.com/photos/badkleinkirchheim/3832660269,https://c7.staticflickr.com/3/2642/3832660269_400b65a6a2_o.jpg,https://open-images-dataset.s3.amazonaws.com/test/14280aff9a37fc8e.jpg,Bad  Kleinkirchheim,https://creativecommons.org/licenses/by/2.0/,https://creativecommons.org/licenses/by/2.0/,oi-14280aff9a37fc8e,,,,,2026-10-07T18:09:35+08:00,Open Images V7 public test image / V5 human boxable labels; one non-depicted box >=25% image area
oi-4491ce28dbbaf88d,data/raw/openimages/backpack/oi-4491ce28dbbaf88d.jpg,acc2e83c18e5a4f79c4c3476ef6970f7962387342d4d32792aa3e524048b2c5f,9,,,open-images-official,,,pending,,open_images,4491ce28dbbaf88d,https://www.flickr.com/photos/larsjuh/4101335212/,https://c6.staticflickr.com/3/2424/4101335212_dcda5a988d_o.jpg,https://open-images-dataset.s3.amazonaws.com/test/4491ce28dbbaf88d.jpg,larsjuh,https://creativecommons.org/licenses/by/2.0/,https://creativecommons.org/licenses/by/2.0/,oi-4491ce28dbbaf88d,,,,,2026-10-07T18:09:37+08:00,Open Images V7 public test image / V5 human boxable labels; one non-depicted box >=25% image area
oi-b8ab60e81b8b3ab3,data/raw/openimages/cup/oi-b8ab60e81b8b3ab3.jpg,d911a1ac6a1d4ec530ce1322771bfbb630949c0872230509bb76ee7d0237143d,0,,,open-images-official,,,pending,,open_images,b8ab60e81b8b3ab3,https://www.flickr.com/photos/larryontheprairie/21423612159/,https://farm4.staticflickr.com/5674/21423612159_f950ae67b6_o.jpg,https://open-images-dataset.s3.amazonaws.com/test/b8ab60e81b8b3ab3.jpg,larryontheprairie,https://creativecommons.org/licenses/by/2.0/,https://creativecommons.org/licenses/by/2.0/,oi-b8ab60e81b8b3ab3,,,,,2026-10-07T18:09:39+08:00,Open Images V7 public test image / V5 human boxable labels; one non-depicted box >=25% image area
oi-de2f2a51c82273bb,data/raw/openimages/earphones/oi-de2f2a51c82273bb.jpg,d5af8ff84b401cb87634a0e3056c14d0ee49781a45b16531f6f05dd9c31fc66d,6,,,open-images-official,,,pending,,open_images,de2f2a51c82273bb,https://www.flickr.com/photos/34233222@N05/3701824397,https://c4.staticflickr.com/4/3222/3701824397_86991dd1cc_o.jpg,https://open-images-dataset.s3.amazonaws.com/test/de2f2a51c82273bb.jpg,Finding Josephine,https://creativecommons.org/licenses/by/2.0/,https://creativecommons.org/licenses/by/2.0/,oi-de2f2a51c82273bb,,,,,2026-10-07T18:09:41+08:00,Open Images V7 public test image / V5 human boxable labels; one non-depicted box >=25% image area
oi-d728be97da33a806,data/raw/openimages/cup/oi-d728be97da33a806.jpg,2b55d1468d0dd7fde110085b442720df4920d748992e17ef11d8a00b89161535,0,,,open-images-official,,,pending,,open_images,d728be97da33a806,https://www.flickr.com/photos/35168673@N03/3734983349,https://farm7.staticflickr.com/3418/3734983349_a40b121365_o.jpg,https://open-images-dataset.s3.amazonaws.com/test/d728be97da33a806.jpg,tiffany terry,https://creativecommons.org/licenses/by/2.0/,https://creativecommons.org/licenses/by/2.0/,oi-d728be97da33a806,,,,,2026-10-07T18:09:44+08:00,Open Images V7 public test image / V5 human boxable labels; one non-depicted box >=25% image area
oi-8e9714f21542b375,data/raw/openimages/earphones/oi-8e9714f21542b375.jpg,78c0bfa1d25a4ba375ea0bd918490058b24ffa3a2b531282f3af7315c8bc853b,6,,,open-images-official,,,pending,,open_images,8e9714f21542b375,https://www.flickr.com/photos/51219817@N04/4777334194,https://farm6.staticflickr.com/4138/4777334194_6c22c2003a_o.jpg,https://open-images-dataset.s3.amazonaws.com/test/8e9714f21542b375.jpg,gcg2009,https://creativecommons.org/licenses/by/2.0/,https://creativecommons.org/licenses/by/2.0/,oi-8e9714f21542b375,,,,,2026-10-07T18:09:48+08:00,Open Images V7 public test image / V5 human boxable labels; one non-depicted box >=25% image area
oi-6dcbbfe9c57a7944,data/raw/openimages/cup/oi-6dcbbfe9c57a7944.jpg,34bbf0012e2bdaf92df409f5e1e5ed1359f061d78079cf01ae19bef67257d207,0,,,open-images-official,,,pending,,open_images,6dcbbfe9c57a7944,https://www.flickr.com/photos/kaichanvong/11190337796,https://farm5.staticflickr.com/3759/11190337796_48a2f98d0c_o.jpg,https://open-images-dataset.s3.amazonaws.com/test/6dcbbfe9c57a7944.jpg,Kai Chan Vong,https://creativecommons.org/licenses/by/2.0/,https://creativecommons.org/licenses/by/2.0/,oi-6dcbbfe9c57a7944,,,,,2026-10-07T18:09:50+08:00,Open Images V7 public test image / V5 human boxable labels; one non-depicted box >=25% image area
oi-396a525890209734,data/raw/openimages/book/oi-396a525890209734.jpg,49d9f6e5f43c1ad8bd0e6fc497a2a8b4c7822cdf8a5b853cabebd790e6b9f32a,2,,,open-images-official,,,pending,,open_images,396a525890209734,https://www.flickr.com/photos/earthlightbooks/5414640239,https://farm5.staticflickr.com/5092/5414640239_3ef7787623_o.jpg,https://open-images-dataset.s3.amazonaws.com/test/396a525890209734.jpg,earthlightbooks,https://creativecommons.org/licenses/by/2.0/,https://creativecommons.org/licenses/by/2.0/,oi-396a525890209734,,,,,2026-10-07T18:09:53+08:00,Open Images V7 public test image / V5 human boxable labels; one non-depicted box >=25% image area
oi-456554233f51cb14,data/raw/openimages/earphones/oi-456554233f51cb14.jpg,91d8649134cc59ad2a98bb5ee69a45843c37715a4358449b75557e2597a3e411,6,,,open-images-official,,,pending,,open_images,456554233f51cb14,https://www.flickr.com/photos/alexkehr/25389476,https://farm5.staticflickr.com/23/25389476_21485a128a_o.jpg,https://open-images-dataset.s3.amazonaws.com/test/456554233f51cb14.jpg,Alex Kehr,https://creativecommons.org/licenses/by/2.0/,https://creativecommons.org/licenses/by/2.0/,oi-456554233f51cb14,,,,,2026-10-07T18:09:54+08:00,Open Images V7 public test image / V5 human boxable labels; one non-depicted box >=25% image area
oi-75b561324eacfb96,data/raw/openimages/book/oi-75b561324eacfb96.jpg,1663906d4afbf090b8f54ef180de00a61db2e5ccdfffbbd91904cb1d5624ee46,2,,,open-images-official,,,pending,,open_images,75b561324eacfb96,https://www.flickr.com/photos/mylifestory/2125382229,https://farm7.staticflickr.com/2188/2125382229_9b1706d465_o.jpg,https://open-images-dataset.s3.amazonaws.com/test/75b561324eacfb96.jpg,MyLifeStory,https://creativecommons.org/licenses/by/2.0/,https://creativecommons.org/licenses/by/2.0/,oi-75b561324eacfb96,,,,,2026-10-07T18:09:58+08:00,Open Images V7 public test image / V5 human boxable labels; one non-depicted box >=25% image area
oi-23487f4bf993138c,data/raw/openimages/backpack/oi-23487f4bf993138c.jpg,433495bb6a927607e95382e1b814b7c823c17d96f4ba3294017b83b512a90f2e,9,,,open-images-official,,,pending,,open_images,23487f4bf993138c,https://www.flickr.com/photos/andrijbulba/3560332529,https://c5.staticflickr.com/3/2454/3560332529_eac6284b29_o.jpg,https://open-images-dataset.s3.amazonaws.com/test/23487f4bf993138c.jpg,Andrij Bulba,https://creativecommons.org/licenses/by/2.0/,https://creativecommons.org/licenses/by/2.0/,oi-23487f4bf993138c,,,,,2026-10-07T18:10:01+08:00,Open Images V7 public test image / V5 human boxable labels; one non-depicted box >=25% image area
oi-a3ffd4ecf28e61e4,data/raw/openimages/backpack/oi-a3ffd4ecf28e61e4.jpg,b954fe8fd4d1bea3f3285cd5e88079234f999141a4825c2de53e4d40180979f7,9,,,open-images-official,,,pending,,open_images,a3ffd4ecf28e61e4,https://www.flickr.com/photos/14387977@N03/14521121413,https://farm5.staticflickr.com/3911/14521121413_d64ed39189_o.jpg,https://open-images-dataset.s3.amazonaws.com/test/a3ffd4ecf28e61e4.jpg,gilipollastv,https://creativecommons.org/licenses/by/2.0/,https://creativecommons.org/licenses/by/2.0/,oi-a3ffd4ecf28e61e4,,,,,2026-10-07T18:10:04+08:00,Open Images V7 public test image / V5 human boxable labels; one non-depicted box >=25% image area
oi-f5f7f727c98e2554,data/raw/openimages/cup/oi-f5f7f727c98e2554.jpg,58465dadd8e273bf57c6bd2e0f4c4f8b7e4ffb3f3c9ac7282365cd7df0eecad2,0,,,open-images-official,,,pending,,open_images,f5f7f727c98e2554,https://www.flickr.com/photos/roosterfarm/2543358037,https://farm5.staticflickr.com/2134/2543358037_6621952212_o.jpg,https://open-images-dataset.s3.amazonaws.com/test/f5f7f727c98e2554.jpg,julie,https://creativecommons.org/licenses/by/2.0/,https://creativecommons.org/licenses/by/2.0/,oi-f5f7f727c98e2554,,,,,2026-10-07T18:10:07+08:00,Open Images V7 public test image / V5 human boxable labels; one non-depicted box >=25% image area
oi-f9ff30103bfbff7e,data/raw/openimages/cup/oi-f9ff30103bfbff7e.jpg,83585c7bf5ba275198f8ac2ca98cc4ddd1e059d920797bb4f3b49fa63f5f9693,0,,,open-images-official,,,pending,,open_images,f9ff30103bfbff7e,https://www.flickr.com/photos/greencolander/432856237,https://c7.staticflickr.com/1/153/432856237_3212c3c068_o.jpg,https://open-images-dataset.s3.amazonaws.com/test/f9ff30103bfbff7e.jpg,Michelle Tribe,https://creativecommons.org/licenses/by/2.0/,https://creativecommons.org/licenses/by/2.0/,oi-f9ff30103bfbff7e,,,,,2026-10-07T18:10:10+08:00,Open Images V7 public test image / V5 human boxable labels; one non-depicted box >=25% image area
oi-177f23404855017b,data/raw/openimages/backpack/oi-177f23404855017b.jpg,591270918e29173067adbb30957bb46f51fe77976eae3afa9bec273fa12baa6f,9,,,open-images-official,,,pending,,open_images,177f23404855017b,https://www.flickr.com/photos/shonk/3890538563,https://c4.staticflickr.com/3/2497/3890538563_85bd614ca4_o.jpg,https://open-images-dataset.s3.amazonaws.com/test/177f23404855017b.jpg,Clayton Shonkwiler,https://creativecommons.org/licenses/by/2.0/,https://creativecommons.org/licenses/by/2.0/,oi-177f23404855017b,,,,,2026-10-07T18:10:12+08:00,Open Images V7 public test image / V5 human boxable labels; one non-depicted box >=25% image area
oi-8cc10b3985bc8379,data/raw/openimages/mouse/oi-8cc10b3985bc8379.jpg,8c0f346210d9ce7931a14964a7a157670434b20ab111cc0269afb09bb290a381,4,,,open-images-official,,,pending,,open_images,8cc10b3985bc8379,https://www.flickr.com/photos/43651810@N07/4025283840,https://c2.staticflickr.com/3/2768/4025283840_d0385cdbcd_o.jpg,https://open-images-dataset.s3.amazonaws.com/test/8cc10b3985bc8379.jpg,LupisSM,https://creativecommons.org/licenses/by/2.0/,https://creativecommons.org/licenses/by/2.0/,oi-8cc10b3985bc8379,,,,,2026-10-07T18:10:16+08:00,Open Images V7 public test image / V5 human boxable labels; one non-depicted box >=25% image area
oi-c7849e47a699da45,data/raw/openimages/earphones/oi-c7849e47a699da45.jpg,f1ccdf2892cec16d0409970e30f0ada9f72c20681f8b5bd3de67e6e7dc39fdde,6,,,open-images-official,,,pending,,open_images,c7849e47a699da45,https://www.flickr.com/photos/nikonvscanon/715473620,https://farm6.staticflickr.com/1134/715473620_132de1a764_o.jpg,https://open-images-dataset.s3.amazonaws.com/test/c7849e47a699da45.jpg,David Blaikie,https://creativecommons.org/licenses/by/2.0/,https://creativecommons.org/licenses/by/2.0/,oi-c7849e47a699da45,,,,,2026-10-07T18:10:19+08:00,Open Images V7 public test image / V5 human boxable labels; one non-depicted box >=25% image area
oi-f69353547a79cac3,data/raw/openimages/earphones/oi-f69353547a79cac3.jpg,a18cd2f6732676d7b921d9833c801b8423968ad810fa1cc5c27d38ed0dfe2917,6,,,open-images-official,,,pending,,open_images,f69353547a79cac3,https://www.flickr.com/photos/aidanwojtas/3827932797,https://farm4.staticflickr.com/2478/3827932797_f6b4511db3_o.jpg,https://open-images-dataset.s3.amazonaws.com/test/f69353547a79cac3.jpg,Aidan,https://creativecommons.org/licenses/by/2.0/,https://creativecommons.org/licenses/by/2.0/,oi-f69353547a79cac3,,,,,2026-10-07T18:10:22+08:00,Open Images V7 public test image / V5 human boxable labels; one non-depicted box >=25% image area
oi-719fb10bd1cab470,data/raw/openimages/backpack/oi-719fb10bd1cab470.jpg,286129df9371641af41b396df394aa419df816c45259c307c0858391b290276f,9,,,open-images-official,,,pending,,open_images,719fb10bd1cab470,https://www.flickr.com/photos/mgdt/63396279,https://farm1.staticflickr.com/26/63396279_8e0e5e8db4_o.jpg,https://open-images-dataset.s3.amazonaws.com/test/719fb10bd1cab470.jpg,Dany &amp; Maryse,https://creativecommons.org/licenses/by/2.0/,https://creativecommons.org/licenses/by/2.0/,oi-719fb10bd1cab470,,,,,2026-10-07T18:10:25+08:00,Open Images V7 public test image / V5 human boxable labels; one non-depicted box >=25% image area
oi-a0e4f1b5b3a876fd,data/raw/openimages/cup/oi-a0e4f1b5b3a876fd.jpg,e9c2cb2335379b4d4b1d9a8768aa091ce304280302b178529a372f3c2f7481cc,0,,,open-images-official,,,pending,,open_images,a0e4f1b5b3a876fd,https://www.flickr.com/photos/ratha/383416067,https://c6.staticflickr.com/1/128/383416067_587997a7a3_o.jpg,https://open-images-dataset.s3.amazonaws.com/test/a0e4f1b5b3a876fd.jpg,Ratha Grimes,https://creativecommons.org/licenses/by/2.0/,https://creativecommons.org/licenses/by/2.0/,oi-a0e4f1b5b3a876fd,,,,,2026-10-07T18:10:27+08:00,Open Images V7 public test image / V5 human boxable labels; one non-depicted box >=25% image area
oi-e20d12d009b24504,data/raw/openimages/book/oi-e20d12d009b24504.jpg,98aed0bb0e273b7ac023f52b470de3db353ff41558359f7cd31111f1e70ab53f,2,,,open-images-official,,,pending,,open_images,e20d12d009b24504,https://www.flickr.com/photos/rosenbach/9682176534,https://farm5.staticflickr.com/7368/9682176534_60c6c58d80_o.jpg,https://open-images-dataset.s3.amazonaws.com/test/e20d12d009b24504.jpg,Rosenbach Museum &amp; Library,https://creativecommons.org/licenses/by/2.0/,https://creativecommons.org/licenses/by/2.0/,oi-e20d12d009b24504,,,,,2026-10-07T18:10:29+08:00,Open Images V7 public test image / V5 human boxable labels; one non-depicted box >=25% image area
oi-75ee3538a05ce6e9,data/raw/openimages/earphones/oi-75ee3538a05ce6e9.jpg,26a794a661653fe803172d5062340335a695d84d455bc159f6d98e0777b9a88e,6,,,open-images-official,,,pending,,open_images,75ee3538a05ce6e9,https://www.flickr.com/photos/jabneyhastings/4916095743,https://c2.staticflickr.com/5/4136/4916095743_8e4a3a3a5c_o.jpg,https://open-images-dataset.s3.amazonaws.com/test/75ee3538a05ce6e9.jpg,jabneyhastings,https://creativecommons.org/licenses/by/2.0/,https://creativecommons.org/licenses/by/2.0/,oi-75ee3538a05ce6e9,,,,,2026-10-07T18:10:32+08:00,Open Images V7 public test image / V5 human boxable labels; one non-depicted box >=25% image area
oi-2a8880a420841a19,data/raw/openimages/keyboard/oi-2a8880a420841a19.jpg,debb3b177bc377c075dfa1c8e1cb307115f5a4c115d2558ac101265860c4b75a,5,,,open-images-official,,,pending,,open_images,2a8880a420841a19,https://www.flickr.com/photos/ansik/3604036685/,https://c2.staticflickr.com/4/3417/3604036685_a2674b8ae0_o.jpg,https://open-images-dataset.s3.amazonaws.com/test/2a8880a420841a19.jpg,Anssi Koskinen,https://creativecommons.org/licenses/by/2.0/,https://creativecommons.org/licenses/by/2.0/,oi-2a8880a420841a19,,,,,2026-10-07T18:10:35+08:00,Open Images V7 public test image / V5 human boxable labels; one non-depicted box >=25% image area
oi-9ff2b91c4f6885d1,data/raw/openimages/keyboard/oi-9ff2b91c4f6885d1.jpg,cc302f1abb190ceef85c7aaae559ac52c1ad52970c2b82750798fb0a26035198,5,,,open-images-official,,,pending,,open_images,9ff2b91c4f6885d1,https://www.flickr.com/photos/rosenfeldmedia/3261620660,https://farm2.staticflickr.com/3483/3261620660_b8330c06f0_o.jpg,https://open-images-dataset.s3.amazonaws.com/test/9ff2b91c4f6885d1.jpg,Rosenfeld Media,https://creativecommons.org/licenses/by/2.0/,https://creativecommons.org/licenses/by/2.0/,oi-9ff2b91c4f6885d1,,,,,2026-10-07T18:10:37+08:00,Open Images V7 public test image / V5 human boxable labels; one non-depicted box >=25% image area
oi-b095c8620e7070f4,data/raw/openimages/keyboard/oi-b095c8620e7070f4.jpg,203d1f015575dcf3a034766c77bcc3b655c9e28eaf62ff8b14d663cafab48ea9,5,,,open-images-official,,,pending,,open_images,b095c8620e7070f4,https://www.flickr.com/photos/davidfarrell/3915906934,https://farm5.staticflickr.com/2424/3915906934_4afd7be2b1_o.jpg,https://open-images-dataset.s3.amazonaws.com/test/b095c8620e7070f4.jpg,David Farrell,https://creativecommons.org/licenses/by/2.0/,https://creativecommons.org/licenses/by/2.0/,oi-b095c8620e7070f4,,,,,2026-10-07T18:10:40+08:00,Open Images V7 public test image / V5 human boxable labels; one non-depicted box >=25% image area
oi-ef8ab729f1850d16,data/raw/openimages/cup/oi-ef8ab729f1850d16.jpg,1e8b4e7fb6dcd694cccd33f856cba662615b6b4219dcee172c7a3e1c9011afa5,0,,,open-images-official,,,pending,,open_images,ef8ab729f1850d16,https://www.flickr.com/photos/jeffreyww/6422114111/in/photostream/,https://farm7.staticflickr.com/7013/6422114111_8293c6bcd2_o.jpg,https://open-images-dataset.s3.amazonaws.com/test/ef8ab729f1850d16.jpg,jeffreyw,https://creativecommons.org/licenses/by/2.0/,https://creativecommons.org/licenses/by/2.0/,oi-ef8ab729f1850d16,,,,,2026-10-07T18:10:43+08:00,Open Images V7 public test image / V5 human boxable labels; one non-depicted box >=25% image area
oi-c31aac45ea17d3f4,data/raw/openimages/book/oi-c31aac45ea17d3f4.jpg,e21197280b410601d2e867032ff87dc393da67bd162120ba77e2472acdd4198c,2,,,open-images-official,,,pending,,open_images,c31aac45ea17d3f4,https://www.flickr.com/photos/dinah/2155097413,https://farm5.staticflickr.com/2179/2155097413_30ae292c38_o.jpg,https://open-images-dataset.s3.amazonaws.com/test/c31aac45ea17d3f4.jpg,Dinah Sanders,https://creativecommons.org/licenses/by/2.0/,https://creativecommons.org/licenses/by/2.0/,oi-c31aac45ea17d3f4,,,,,2026-10-07T18:10:48+08:00,Open Images V7 public test image / V5 human boxable labels; one non-depicted box >=25% image area
oi-2680e39d5bf92952,data/raw/openimages/keyboard/oi-2680e39d5bf92952.jpg,0c1a203fe09599eb8edf57bfd38e6d3d64540adb7cdfbc92ff7c02b8c9072d2d,5,,,open-images-official,,,pending,,open_images,2680e39d5bf92952,https://www.flickr.com/photos/sikachu/5962606991,https://farm3.staticflickr.com/6025/5962606991_f1ec3a33ca_o.jpg,https://open-images-dataset.s3.amazonaws.com/test/2680e39d5bf92952.jpg,Prem Sichanugrist,https://creativecommons.org/licenses/by/2.0/,https://creativecommons.org/licenses/by/2.0/,oi-2680e39d5bf92952,,,,,2026-10-07T18:10:51+08:00,Open Images V7 public test image / V5 human boxable labels; one non-depicted box >=25% image area
oi-b322d0102768fb7f,data/raw/openimages/cup/oi-b322d0102768fb7f.jpg,0b9fad48ce8b5d372148f8d99beed94cb30db252b58b36c84e1179284ecc1920,0,,,open-images-official,,,pending,,open_images,b322d0102768fb7f,https://www.flickr.com/photos/visitmelbourne/15047084231,https://c8.staticflickr.com/6/5559/15047084231_2535d803b1_o.jpg,https://open-images-dataset.s3.amazonaws.com/test/b322d0102768fb7f.jpg,Tourism Victoria,https://creativecommons.org/licenses/by/2.0/,https://creativecommons.org/licenses/by/2.0/,oi-b322d0102768fb7f,,,,,2026-10-07T18:10:55+08:00,Open Images V7 public test image / V5 human boxable labels; one non-depicted box >=25% image area
oi-9570e0d6d77386cc,data/raw/openimages/keyboard/oi-9570e0d6d77386cc.jpg,202aacd5420f1bcfe45af8ab071f5ca686c97cea6f30d20143845c239faaf4bc,5,,,open-images-official,,,pending,,open_images,9570e0d6d77386cc,https://www.flickr.com/photos/31068346@N05/14920460348,https://c5.staticflickr.com/4/3914/14920460348_d88473d43d_o.jpg,https://open-images-dataset.s3.amazonaws.com/test/9570e0d6d77386cc.jpg,d_jan,https://creativecommons.org/licenses/by/2.0/,https://creativecommons.org/licenses/by/2.0/,oi-9570e0d6d77386cc,,,,,2026-10-07T18:10:57+08:00,Open Images V7 public test image / V5 human boxable labels; one non-depicted box >=25% image area
oi-afaf8927dde6af1d,data/raw/openimages/cup/oi-afaf8927dde6af1d.jpg,1a0107902c9f2dea5251b9626360ee8fc6ac3328efbee50c0bbab23e55ef702a,0,,,open-images-official,,,pending,,open_images,afaf8927dde6af1d,https://www.flickr.com/photos/aloha75/9539249566,https://c6.staticflickr.com/3/2868/9539249566_2119a8f950_o.jpg,https://open-images-dataset.s3.amazonaws.com/test/afaf8927dde6af1d.jpg,Sam Howzit,https://creativecommons.org/licenses/by/2.0/,https://creativecommons.org/licenses/by/2.0/,oi-afaf8927dde6af1d,,,,,2026-10-07T18:11:00+08:00,Open Images V7 public test image / V5 human boxable labels; one non-depicted box >=25% image area
oi-a3f5df138f442544,data/raw/openimages/backpack/oi-a3f5df138f442544.jpg,b7fe9e87cd1de2af2bef8fe355e0f864483f3a5b3e59b6cea2e009ecfeb9c1af,9,,,open-images-official,,,pending,,open_images,a3f5df138f442544,https://www.flickr.com/photos/mendeley/12303585923,https://farm5.staticflickr.com/2864/12303585923_cfb2be1652_o.jpg,https://open-images-dataset.s3.amazonaws.com/test/a3f5df138f442544.jpg,Team Mendeley,https://creativecommons.org/licenses/by/2.0/,https://creativecommons.org/licenses/by/2.0/,oi-a3f5df138f442544,,,,,2026-10-07T18:11:03+08:00,Open Images V7 public test image / V5 human boxable labels; one non-depicted box >=25% image area
oi-8eb63dd5f3f7b7f4,data/raw/openimages/backpack/oi-8eb63dd5f3f7b7f4.jpg,723f1a7a595812fc6668dfc2d187794c7f5853175e5a01351d7651a61265ba78,9,,,open-images-official,,,pending,,open_images,8eb63dd5f3f7b7f4,https://www.flickr.com/photos/albertoziveri/9415914033,https://farm5.staticflickr.com/2877/9415914033_4a66450a5d_o.jpg,https://open-images-dataset.s3.amazonaws.com/test/8eb63dd5f3f7b7f4.jpg,Alberto Ziveri,https://creativecommons.org/licenses/by/2.0/,https://creativecommons.org/licenses/by/2.0/,oi-8eb63dd5f3f7b7f4,,,,,2026-10-07T18:11:06+08:00,Open Images V7 public test image / V5 human boxable labels; one non-depicted box >=25% image area
oi-bfbf54bb17188d89,data/raw/openimages/earphones/oi-bfbf54bb17188d89.jpg,03f0ff3d755a5ffba1f60efa5bf947df97dce51884dbc3196856d5a4d85859b7,6,,,open-images-official,,,pending,,open_images,bfbf54bb17188d89,https://www.flickr.com/photos/photographybyobi/8092893694,https://c2.staticflickr.com/9/8054/8092893694_97b39edecc_o.jpg,https://open-images-dataset.s3.amazonaws.com/test/bfbf54bb17188d89.jpg,The photographer known as Obi,https://creativecommons.org/licenses/by/2.0/,https://creativecommons.org/licenses/by/2.0/,oi-bfbf54bb17188d89,,,,,2026-10-07T18:11:09+08:00,Open Images V7 public test image / V5 human boxable labels; one non-depicted box >=25% image area
oi-c320f6ce63e54c2e,data/raw/openimages/book/oi-c320f6ce63e54c2e.jpg,5cf161f0f729176e124700d5afae6a10a27a1cf8bdda3528d898aa37e18cce70,2,,,open-images-official,,,pending,,open_images,c320f6ce63e54c2e,https://www.flickr.com/photos/tahini/7101517385,https://c7.staticflickr.com/9/8006/7101517385_f4d6e29f3d_o.jpg,https://open-images-dataset.s3.amazonaws.com/test/c320f6ce63e54c2e.jpg,Mr Thinktank,https://creativecommons.org/licenses/by/2.0/,https://creativecommons.org/licenses/by/2.0/,oi-c320f6ce63e54c2e,,,,,2026-10-07T18:11:12+08:00,Open Images V7 public test image / V5 human boxable labels; one non-depicted box >=25% image area
oi-003b350846f7bdf5,data/raw/openimages/umbrella/oi-003b350846f7bdf5.jpg,a23925ac7f8f95a0f7e3a91f0e7bac953127a48feef7be7565b526e40e25893c,1,,,open-images-official,,,pending,,open_images,003b350846f7bdf5,https://www.flickr.com/photos/mario-mancuso/8239734263,https://farm6.staticflickr.com/8070/8239734263_eed53746b0_o.jpg,https://open-images-dataset.s3.amazonaws.com/test/003b350846f7bdf5.jpg,Mario Mancuso,https://creativecommons.org/licenses/by/2.0/,https://creativecommons.org/licenses/by/2.0/,oi-003b350846f7bdf5,,,,,2026-10-07T18:11:14+08:00,Open Images V7 public test image / V5 human boxable labels; one non-depicted box >=25% image area
oi-6a1d2ca243e0c7f0,data/raw/openimages/umbrella/oi-6a1d2ca243e0c7f0.jpg,6f90c0cad727080c454a413b53e3cce16933e0eea15e8d8652dff22fa666addb,1,,,open-images-official,,,pending,,open_images,6a1d2ca243e0c7f0,https://www.flickr.com/photos/payalnic/3997815795,https://farm1.staticflickr.com/2565/3997815795_350aeb410d_o.jpg,https://open-images-dataset.s3.amazonaws.com/test/6a1d2ca243e0c7f0.jpg,Vladimir Fedotov,https://creativecommons.org/licenses/by/2.0/,https://creativecommons.org/licenses/by/2.0/,oi-6a1d2ca243e0c7f0,,,,,2026-10-07T18:11:18+08:00,Open Images V7 public test image / V5 human boxable labels; one non-depicted box >=25% image area
oi-ed345747678d591c,data/raw/openimages/earphones/oi-ed345747678d591c.jpg,70a508aaf9777ac5eff93f354383b9d82ce6d6dd0bfc018d639c102ce7031729,6,,,open-images-official,,,pending,,open_images,ed345747678d591c,https://www.flickr.com/photos/renaissancechambara/5742599274,https://c5.staticflickr.com/4/3133/5742599274_0687c858e0_o.jpg,https://open-images-dataset.s3.amazonaws.com/test/ed345747678d591c.jpg,Ged Carroll,https://creativecommons.org/licenses/by/2.0/,https://creativecommons.org/licenses/by/2.0/,oi-ed345747678d591c,,,,,2026-10-07T18:11:23+08:00,Open Images V7 public test image / V5 human boxable labels; one non-depicted box >=25% image area
oi-3bb1e3442830880a,data/raw/openimages/mouse/oi-3bb1e3442830880a.jpg,832fcfcfef17dd58c089c23746b10f2440ad0d6601f5e0b77a36de4e1bad8f9b,4,,,open-images-official,,,pending,,open_images,3bb1e3442830880a,https://www.flickr.com/photos/mitmensch0812/2517996631,https://c3.staticflickr.com/4/3234/2517996631_3f7d091700_o.jpg,https://open-images-dataset.s3.amazonaws.com/test/3bb1e3442830880a.jpg,DietrichLiao,https://creativecommons.org/licenses/by/2.0/,https://creativecommons.org/licenses/by/2.0/,oi-3bb1e3442830880a,,,,,2026-10-07T18:11:25+08:00,Open Images V7 public test image / V5 human boxable labels; one non-depicted box >=25% image area
oi-d824d0ff84462029,data/raw/openimages/earphones/oi-d824d0ff84462029.jpg,bb5c82df39b3924cd573c3c0e8b608a0778539250490eee3254e82db952d7098,6,,,open-images-official,,,pending,,open_images,d824d0ff84462029,https://www.flickr.com/photos/x1brett/5912155000,https://c2.staticflickr.com/7/6007/5912155000_5f4a47ab8b_o.jpg,https://open-images-dataset.s3.amazonaws.com/test/d824d0ff84462029.jpg,brett jordan,https://creativecommons.org/licenses/by/2.0/,https://creativecommons.org/licenses/by/2.0/,oi-d824d0ff84462029,,,,,2026-10-07T18:11:28+08:00,Open Images V7 public test image / V5 human boxable labels; one non-depicted box >=25% image area
oi-c432eaa1c9288ab7,data/raw/openimages/earphones/oi-c432eaa1c9288ab7.jpg,d1c5c32f8fbf06e74b0850580fcb39c03909020c5f5af8abe5005eec918b3bd7,6,,,open-images-official,,,pending,,open_images,c432eaa1c9288ab7,https://www.flickr.com/photos/sigwyg20/1403422538,https://farm8.staticflickr.com/1339/1403422538_773a3863d7_o.jpg,https://open-images-dataset.s3.amazonaws.com/test/c432eaa1c9288ab7.jpg,Sig.,https://creativecommons.org/licenses/by/2.0/,https://creativecommons.org/licenses/by/2.0/,oi-c432eaa1c9288ab7,,,,,2026-10-07T18:11:31+08:00,Open Images V7 public test image / V5 human boxable labels; one non-depicted box >=25% image area
oi-3ef9c4e030a413b8,data/raw/openimages/mouse/oi-3ef9c4e030a413b8.jpg,b51ee2f3b510c65ef091e596ab383f207df4adea268bd460963faa81e46f12d2,4,,,open-images-official,,,pending,,open_images,3ef9c4e030a413b8,https://www.flickr.com/photos/fspina/5034379534,https://c1.staticflickr.com/5/4132/5034379534_eb5ebae9a3_o.jpg,https://open-images-dataset.s3.amazonaws.com/test/3ef9c4e030a413b8.jpg,Felipe Spina,https://creativecommons.org/licenses/by/2.0/,https://creativecommons.org/licenses/by/2.0/,oi-3ef9c4e030a413b8,,,,,2026-10-07T18:11:34+08:00,Open Images V7 public test image / V5 human boxable labels; one non-depicted box >=25% image area
oi-33917ea7a4885da5,data/raw/openimages/mouse/oi-33917ea7a4885da5.jpg,4ce0784a13e76f1630756c00168ee3113cacb2c0fc5bf3e778cd922a7d852434,4,,,open-images-official,,,pending,,open_images,33917ea7a4885da5,https://www.flickr.com/photos/yangsheng/2110455486,https://farm6.staticflickr.com/2406/2110455486_b43e2fbcd2_o.jpg,https://open-images-dataset.s3.amazonaws.com/test/33917ea7a4885da5.jpg,Yangsheng Chen,https://creativecommons.org/licenses/by/2.0/,https://creativecommons.org/licenses/by/2.0/,oi-33917ea7a4885da5,,,,,2026-10-07T18:11:36+08:00,Open Images V7 public test image / V5 human boxable labels; one non-depicted box >=25% image area
oi-7f29156f43bdfd49,data/raw/openimages/keyboard/oi-7f29156f43bdfd49.jpg,fab3044973100130049b6588f330466dcc32c2f701ea32456c02ba0c195a70fa,5,,,open-images-official,,,pending,,open_images,7f29156f43bdfd49,https://www.flickr.com/photos/vintuitive/14523745715,https://c2.staticflickr.com/4/3909/14523745715_e3a5da24b3_o.jpg,https://open-images-dataset.s3.amazonaws.com/test/7f29156f43bdfd49.jpg,Vincent Brown,https://creativecommons.org/licenses/by/2.0/,https://creativecommons.org/licenses/by/2.0/,oi-7f29156f43bdfd49,,,,,2026-10-07T18:11:38+08:00,Open Images V7 public test image / V5 human boxable labels; one non-depicted box >=25% image area
oi-618356c17451b50f,data/raw/openimages/cup/oi-618356c17451b50f.jpg,bebf67692c49bc2121c0cc97d6e7b0d2cec4c58acca67dbdd8b82a3a1220c91d,0,,,open-images-official,,,pending,,open_images,618356c17451b50f,https://www.flickr.com/photos/afropicmusing/13898087485,https://c8.staticflickr.com/3/2940/13898087485_cdbb4c090a_o.jpg,https://open-images-dataset.s3.amazonaws.com/test/618356c17451b50f.jpg,afromusing,https://creativecommons.org/licenses/by/2.0/,https://creativecommons.org/licenses/by/2.0/,oi-618356c17451b50f,,,,,2026-10-07T18:11:41+08:00,Open Images V7 public test image / V5 human boxable labels; one non-depicted box >=25% image area
oi-1a98e8eb29133e4a,data/raw/openimages/umbrella/oi-1a98e8eb29133e4a.jpg,d56699679a1fbec24957a1d65132b577d355dcf85daa36b4bc7557ca489e346b,1,,,open-images-official,,,pending,,open_images,1a98e8eb29133e4a,https://www.flickr.com/photos/usdagov/8884007377,https://c3.staticflickr.com/3/2829/8884007377_9c9ed1326d_o.jpg,https://open-images-dataset.s3.amazonaws.com/test/1a98e8eb29133e4a.jpg,U.S. Department of Agriculture,https://creativecommons.org/licenses/by/2.0/,https://creativecommons.org/licenses/by/2.0/,oi-1a98e8eb29133e4a,,,,,2026-10-07T18:11:46+08:00,Open Images V7 public test image / V5 human boxable labels; one non-depicted box >=25% image area
oi-45069d7de7100c0d,data/raw/openimages/mouse/oi-45069d7de7100c0d.jpg,487cb97a13c087cf559ef64bffd37f4238823d2f908bb59eafaba6a0d1d20d61,4,,,open-images-official,,,pending,,open_images,45069d7de7100c0d,https://www.flickr.com/photos/mmoscosa/6406526537,https://c6.staticflickr.com/8/7012/6406526537_1c876dded4_o.jpg,https://open-images-dataset.s3.amazonaws.com/test/45069d7de7100c0d.jpg,Martin Moscosa,https://creativecommons.org/licenses/by/2.0/,https://creativecommons.org/licenses/by/2.0/,oi-45069d7de7100c0d,,,,,2026-10-07T18:11:49+08:00,Open Images V7 public test image / V5 human boxable labels; one non-depicted box >=25% image area
oi-27a42265dc273376,data/raw/openimages/mouse/oi-27a42265dc273376.jpg,73746c97e1745788611813fe30eca4fd3547a2de75d7504769878d1f3fffd458,4,,,open-images-official,,,pending,,open_images,27a42265dc273376,https://www.flickr.com/photos/jerryluo0520/4249907576,https://farm7.staticflickr.com/4060/4249907576_eeaa86c24e_o.jpg,https://open-images-dataset.s3.amazonaws.com/test/27a42265dc273376.jpg,Jerry Luo,https://creativecommons.org/licenses/by/2.0/,https://creativecommons.org/licenses/by/2.0/,oi-27a42265dc273376,,,,,2026-10-07T18:11:51+08:00,Open Images V7 public test image / V5 human boxable labels; one non-depicted box >=25% image area
oi-c2562b46badf8f24,data/raw/openimages/book/oi-c2562b46badf8f24.jpg,3d14b5106654a3d9d15c84600b03b11f3495a94b6f4011613c54fb9f7bff55af,2,,,open-images-official,,,pending,,open_images,c2562b46badf8f24,https://www.flickr.com/photos/mikekline/2270843189,https://farm5.staticflickr.com/2184/2270843189_d1b4b88090_o.jpg,https://open-images-dataset.s3.amazonaws.com/test/c2562b46badf8f24.jpg,MIke Kline,https://creativecommons.org/licenses/by/2.0/,https://creativecommons.org/licenses/by/2.0/,oi-c2562b46badf8f24,,,,,2026-10-07T18:11:54+08:00,Open Images V7 public test image / V5 human boxable labels; one non-depicted box >=25% image area
oi-07048ea0ca4d5e4f,data/raw/openimages/book/oi-07048ea0ca4d5e4f.jpg,a9a7b7da4a46e560d579173b3d56588d1aed002160c2d6bf63722b4a954b9272,2,,,open-images-official,,,pending,,open_images,07048ea0ca4d5e4f,https://www.flickr.com/photos/7575810@N02/3184246134,https://c8.staticflickr.com/4/3117/3184246134_f69e144e03_o.jpg,https://open-images-dataset.s3.amazonaws.com/test/07048ea0ca4d5e4f.jpg,Melanie Goux,https://creativecommons.org/licenses/by/2.0/,https://creativecommons.org/licenses/by/2.0/,oi-07048ea0ca4d5e4f,,,,,2026-10-07T18:11:57+08:00,Open Images V7 public test image / V5 human boxable labels; one non-depicted box >=25% image area
oi-b47df0cfa900475a,data/raw/openimages/backpack/oi-b47df0cfa900475a.jpg,f5dcbbe9a9208102b76744cd466478dc342d043ce93dbfa698a1c01ffb788192,9,,,open-images-official,,,pending,,open_images,b47df0cfa900475a,https://www.flickr.com/photos/negative13/4057331617/,https://c3.staticflickr.com/3/2469/4057331617_23df79d2d5_o.jpg,https://open-images-dataset.s3.amazonaws.com/test/b47df0cfa900475a.jpg,Bernardo Chang,https://creativecommons.org/licenses/by/2.0/,https://creativecommons.org/licenses/by/2.0/,oi-b47df0cfa900475a,,,,,2026-10-07T18:11:59+08:00,Open Images V7 public test image / V5 human boxable labels; one non-depicted box >=25% image area
oi-838932fef9f0d687,data/raw/openimages/backpack/oi-838932fef9f0d687.jpg,c42d33c1591878aa7faa8359f2264d837454260dd382dbffb67ccb1ba4064cf9,9,,,open-images-official,,,pending,,open_images,838932fef9f0d687,https://www.flickr.com/photos/luigimengato/8544836853,https://farm8.staticflickr.com/8510/8544836853_e987802dd3_o.jpg,https://open-images-dataset.s3.amazonaws.com/test/838932fef9f0d687.jpg,Luigi Mengato,https://creativecommons.org/licenses/by/2.0/,https://creativecommons.org/licenses/by/2.0/,oi-838932fef9f0d687,,,,,2026-10-07T18:12:01+08:00,Open Images V7 public test image / V5 human boxable labels; one non-depicted box >=25% image area
oi-2ae5575f39119c7d,data/raw/openimages/cup/oi-2ae5575f39119c7d.jpg,7125edd42606fdd387d897d983aa81146e137ddc1518d6f09824f980b95bcec0,0,,,open-images-official,,,pending,,open_images,2ae5575f39119c7d,https://www.flickr.com/photos/miguelvaca/4102752839,https://c6.staticflickr.com/3/2668/4102752839_2ebf1b9cbd_o.jpg,https://open-images-dataset.s3.amazonaws.com/test/2ae5575f39119c7d.jpg,Miguel Vaca,https://creativecommons.org/licenses/by/2.0/,https://creativecommons.org/licenses/by/2.0/,oi-2ae5575f39119c7d,,,,,2026-10-07T18:12:03+08:00,Open Images V7 public test image / V5 human boxable labels; one non-depicted box >=25% image area
oi-0e01043680c40c32,data/raw/openimages/mouse/oi-0e01043680c40c32.jpg,8744d3fe221e455006e2d61366a220ed6352aa3a14fceaa6cea81e2105b9b75e,4,,,open-images-official,,,pending,,open_images,0e01043680c40c32,https://www.flickr.com/photos/infinity-d/5308874488,https://farm3.staticflickr.com/5164/5308874488_640f72c6db_o.jpg,https://open-images-dataset.s3.amazonaws.com/test/0e01043680c40c32.jpg,Yuichiro Haga,https://creativecommons.org/licenses/by/2.0/,https://creativecommons.org/licenses/by/2.0/,oi-0e01043680c40c32,,,,,2026-10-07T18:12:07+08:00,Open Images V7 public test image / V5 human boxable labels; one non-depicted box >=25% image area
oi-afb1f38678e2f2f8,data/raw/openimages/earphones/oi-afb1f38678e2f2f8.jpg,9a7c7972695749290bae281ff5cd942621da5fb28dc18bcaa496476245ab6840,6,,,open-images-official,,,pending,,open_images,afb1f38678e2f2f8,https://www.flickr.com/photos/seanfx/4844985289,https://c1.staticflickr.com/5/4103/4844985289_f2ebdc5008_o.jpg,https://open-images-dataset.s3.amazonaws.com/test/afb1f38678e2f2f8.jpg,Sean McMenemy,https://creativecommons.org/licenses/by/2.0/,https://creativecommons.org/licenses/by/2.0/,oi-afb1f38678e2f2f8,,,,,2026-10-07T18:12:09+08:00,Open Images V7 public test image / V5 human boxable labels; one non-depicted box >=25% image area
oi-6ea3590bdc6f214a,data/raw/openimages/backpack/oi-6ea3590bdc6f214a.jpg,7dae346e59a8f1258d0152973cb33cdf11de1ae9364b093e1b96170addd661b1,9,,,open-images-official,,,pending,,open_images,6ea3590bdc6f214a,https://www.flickr.com/photos/ehrenbergkommunikation/16441383021,https://c3.staticflickr.com/8/7380/16441383021_d7dd105398_o.jpg,https://open-images-dataset.s3.amazonaws.com/test/6ea3590bdc6f214a.jpg,EHRENBERG Kommunikation,https://creativecommons.org/licenses/by/2.0/,https://creativecommons.org/licenses/by/2.0/,oi-6ea3590bdc6f214a,,,,,2026-10-07T18:12:12+08:00,Open Images V7 public test image / V5 human boxable labels; one non-depicted box >=25% image area
oi-eb78ca30296803d9,data/raw/openimages/earphones/oi-eb78ca30296803d9.jpg,8cbb843395898456842e7c372dc7b9b0b8d20200dcda56005cd7cadd0042b309,6,,,open-images-official,,,pending,,open_images,eb78ca30296803d9,https://www.flickr.com/photos/stephendotcarter/4575228865/,https://c2.staticflickr.com/5/4048/4575228865_cf1ca45ae1_o.jpg,https://open-images-dataset.s3.amazonaws.com/test/eb78ca30296803d9.jpg,stephendotcarter,https://creativecommons.org/licenses/by/2.0/,https://creativecommons.org/licenses/by/2.0/,oi-eb78ca30296803d9,,,,,2026-10-07T18:12:15+08:00,Open Images V7 public test image / V5 human boxable labels; one non-depicted box >=25% image area
oi-a5bf08c72857c68b,data/raw/openimages/mouse/oi-a5bf08c72857c68b.jpg,46a10ffd6719ec72bba6829b161573e7e346a56d153106027b6bd1a73c1b30a0,4,,,open-images-official,,,pending,,open_images,a5bf08c72857c68b,https://www.flickr.com/photos/mcfe/18521653681,https://c4.staticflickr.com/1/330/18521653681_2d359fb5c4_o.jpg,https://open-images-dataset.s3.amazonaws.com/test/a5bf08c72857c68b.jpg,Mallow College,https://creativecommons.org/licenses/by/2.0/,https://creativecommons.org/licenses/by/2.0/,oi-a5bf08c72857c68b,,,,,2026-10-07T18:12:17+08:00,Open Images V7 public test image / V5 human boxable labels; one non-depicted box >=25% image area
oi-5a6a4b7bb3362ff0,data/raw/openimages/backpack/oi-5a6a4b7bb3362ff0.jpg,5520c2e45290e5b57d755643c7ba5003afd3f0aa426d3bab10bae4eb44763e9f,9,,,open-images-official,,,pending,,open_images,5a6a4b7bb3362ff0,https://www.flickr.com/photos/ncmichael2k3/18550518059,https://farm1.staticflickr.com/548/18550518059_04e2d2f16e_o.jpg,https://open-images-dataset.s3.amazonaws.com/test/5a6a4b7bb3362ff0.jpg,Mike P.,https://creativecommons.org/licenses/by/2.0/,https://creativecommons.org/licenses/by/2.0/,oi-5a6a4b7bb3362ff0,,,,,2026-10-07T18:12:20+08:00,Open Images V7 public test image / V5 human boxable labels; one non-depicted box >=25% image area
oi-b71a63b9c3a6bde3,data/raw/openimages/cup/oi-b71a63b9c3a6bde3.jpg,7e1e947275e8cf51b448bd2eb370c8b176b32973ab4d8d9daf8401d54c180728,0,,,open-images-official,,,pending,,open_images,b71a63b9c3a6bde3,https://www.flickr.com/photos/124594841@N03/14446402422,https://farm4.staticflickr.com/3851/14446402422_27a4863f03_o.jpg,https://open-images-dataset.s3.amazonaws.com/test/b71a63b9c3a6bde3.jpg,Dominic Melton,https://creativecommons.org/licenses/by/2.0/,https://creativecommons.org/licenses/by/2.0/,oi-b71a63b9c3a6bde3,,,,,2026-10-07T18:12:23+08:00,Open Images V7 public test image / V5 human boxable labels; one non-depicted box >=25% image area
oi-3a8eacfce3f15a7a,data/raw/openimages/backpack/oi-3a8eacfce3f15a7a.jpg,2bdca0d0ed3a4d8d57236aa93a2f11e3e572ac7f14f6155e1a8e835f6843ec32,9,,,open-images-official,,,pending,,open_images,3a8eacfce3f15a7a,https://www.flickr.com/photos/mako10/440639325,https://c3.staticflickr.com/1/189/440639325_00991356d0_o.jpg,https://open-images-dataset.s3.amazonaws.com/test/3a8eacfce3f15a7a.jpg,mako10,https://creativecommons.org/licenses/by/2.0/,https://creativecommons.org/licenses/by/2.0/,oi-3a8eacfce3f15a7a,,,,,2026-10-07T18:12:25+08:00,Open Images V7 public test image / V5 human boxable labels; one non-depicted box >=25% image area
oi-bce902c227b435da,data/raw/openimages/cup/oi-bce902c227b435da.jpg,72f69c2ad6071aef1a938cf304544a5a43e015b5a26d04f2e6dc8dfc2ba833b6,0,,,open-images-official,,,pending,,open_images,bce902c227b435da,https://www.flickr.com/photos/loneymops/4208457671,https://c3.staticflickr.com/3/2608/4208457671_d6aa043525_o.jpg,https://open-images-dataset.s3.amazonaws.com/test/bce902c227b435da.jpg,loneyvs,https://creativecommons.org/licenses/by/2.0/,https://creativecommons.org/licenses/by/2.0/,oi-bce902c227b435da,,,,,2026-10-07T18:12:27+08:00,Open Images V7 public test image / V5 human boxable labels; one non-depicted box >=25% image area
oi-425e746b1b3ff4d8,data/raw/openimages/backpack/oi-425e746b1b3ff4d8.jpg,88f5893f9e97262d306701e1f1a1c31f1583ae320d6900e8cea95c45fece2b8b,9,,,open-images-official,,,pending,,open_images,425e746b1b3ff4d8,https://www.flickr.com/photos/bilora/5692915190,https://c1.staticflickr.com/6/5267/5692915190_86f94a3a3e_o.jpg,https://open-images-dataset.s3.amazonaws.com/test/425e746b1b3ff4d8.jpg,The Photo Company NL,https://creativecommons.org/licenses/by/2.0/,https://creativecommons.org/licenses/by/2.0/,oi-425e746b1b3ff4d8,,,,,2026-10-07T18:12:30+08:00,Open Images V7 public test image / V5 human boxable labels; one non-depicted box >=25% image area
oi-2fdb1683aef581cf,data/raw/openimages/cup/oi-2fdb1683aef581cf.jpg,05af673a94eef83077700a0e4ccc69a8d01c4d466bb3362c57afcb3d448df9a2,0,,,open-images-official,,,pending,,open_images,2fdb1683aef581cf,https://www.flickr.com/photos/censemaking/16544507536,https://c8.staticflickr.com/9/8673/16544507536_09c6d70791_o.jpg,https://open-images-dataset.s3.amazonaws.com/test/2fdb1683aef581cf.jpg,Cameron Norman,https://creativecommons.org/licenses/by/2.0/,https://creativecommons.org/licenses/by/2.0/,oi-2fdb1683aef581cf,,,,,2026-10-07T18:12:33+08:00,Open Images V7 public test image / V5 human boxable labels; one non-depicted box >=25% image area
oi-f2d94a7ec3b1993f,data/raw/openimages/earphones/oi-f2d94a7ec3b1993f.jpg,fb999c89b306ffc7c533647dc9ea0c6cf81827c5fb71a4c30bb483b87591f562,6,,,open-images-official,,,pending,,open_images,f2d94a7ec3b1993f,https://www.flickr.com/photos/tshrinivasan/19911588288,https://c8.staticflickr.com/1/373/19911588288_f57ed3d65e_o.jpg,https://open-images-dataset.s3.amazonaws.com/test/f2d94a7ec3b1993f.jpg,Shrini,https://creativecommons.org/licenses/by/2.0/,https://creativecommons.org/licenses/by/2.0/,oi-f2d94a7ec3b1993f,,,,,2026-10-07T18:12:35+08:00,Open Images V7 public test image / V5 human boxable labels; one non-depicted box >=25% image area
oi-5fd2be53e962258f,data/raw/openimages/keyboard/oi-5fd2be53e962258f.jpg,a234b1da7d53b6a84fec51999167d58394471d0047bfa3fdf455ce092e3bb8b7,5,,,open-images-official,,,pending,,open_images,5fd2be53e962258f,https://www.flickr.com/photos/martinwcox/8802427694,https://c8.staticflickr.com/8/7366/8802427694_6ab68b73dc_o.jpg,https://open-images-dataset.s3.amazonaws.com/test/5fd2be53e962258f.jpg,Martin Cox,https://creativecommons.org/licenses/by/2.0/,https://creativecommons.org/licenses/by/2.0/,oi-5fd2be53e962258f,,,,,2026-10-07T18:12:37+08:00,Open Images V7 public test image / V5 human boxable labels; one non-depicted box >=25% image area
oi-17a108a78c12f568,data/raw/openimages/cup/oi-17a108a78c12f568.jpg,c646fbb574b018ba1cb162af56dc9b3e246a29da4405bbec262dd6cf866f425c,0,,,open-images-official,,,pending,,open_images,17a108a78c12f568,https://www.flickr.com/photos/feelingmyage/8234413508,https://c1.staticflickr.com/9/8347/8234413508_e86351690a_o.jpg,https://open-images-dataset.s3.amazonaws.com/test/17a108a78c12f568.jpg,Feeling My Age,https://creativecommons.org/licenses/by/2.0/,https://creativecommons.org/licenses/by/2.0/,oi-17a108a78c12f568,,,,,2026-10-07T18:12:40+08:00,Open Images V7 public test image / V5 human boxable labels; one non-depicted box >=25% image area
oi-ffa382be7e2deb98,data/raw/openimages/backpack/oi-ffa382be7e2deb98.jpg,bb94248fae0141d0684b264dc320e7eb722adb06063817aa395520ebc6590d20,9,,,open-images-official,,,pending,,open_images,ffa382be7e2deb98,https://www.flickr.com/photos/janitors/6892582924,https://c1.staticflickr.com/8/7047/6892582924_8dd8625900_o.jpg,https://open-images-dataset.s3.amazonaws.com/test/ffa382be7e2deb98.jpg,Kārlis Dambrāns,https://creativecommons.org/licenses/by/2.0/,https://creativecommons.org/licenses/by/2.0/,oi-ffa382be7e2deb98,,,,,2026-10-07T18:12:42+08:00,Open Images V7 public test image / V5 human boxable labels; one non-depicted box >=25% image area
oi-b5108b5b47b42463,data/raw/openimages/earphones/oi-b5108b5b47b42463.jpg,c97aab9ccfc3dd6c930afee2cab6c0283d649eea9a7d51c7c912d1d401c837e8,6,,,open-images-official,,,pending,,open_images,b5108b5b47b42463,https://www.flickr.com/photos/asimzb/5346304924,https://farm4.staticflickr.com/5005/5346304924_038a593f18_o.jpg,https://open-images-dataset.s3.amazonaws.com/test/b5108b5b47b42463.jpg,Asim Bijarani,https://creativecommons.org/licenses/by/2.0/,https://creativecommons.org/licenses/by/2.0/,oi-b5108b5b47b42463,,,,,2026-10-07T18:12:45+08:00,Open Images V7 public test image / V5 human boxable labels; one non-depicted box >=25% image area
oi-62fc277894fa3150,data/raw/openimages/cup/oi-62fc277894fa3150.jpg,60b1d1da0d4541977bbc9108384f9220c698b23e95f092c120bdcdcf3eeebf66,0,,,open-images-official,,,pending,,open_images,62fc277894fa3150,https://www.flickr.com/photos/gialiat/7996343796,https://farm1.staticflickr.com/8034/7996343796_a0da837e60_o.jpg,https://open-images-dataset.s3.amazonaws.com/test/62fc277894fa3150.jpg,KATH,https://creativecommons.org/licenses/by/2.0/,https://creativecommons.org/licenses/by/2.0/,oi-62fc277894fa3150,,,,,2026-10-07T18:12:47+08:00,Open Images V7 public test image / V5 human boxable labels; one non-depicted box >=25% image area
oi-35fc9c29ed8fb5f6,data/raw/openimages/earphones/oi-35fc9c29ed8fb5f6.jpg,954f4f92ff53e38ce9c92c281f57325707bd6c3484d796049d05e95da79ced8b,6,,,open-images-official,,,pending,,open_images,35fc9c29ed8fb5f6,https://www.flickr.com/photos/bearmann/4809602663,https://farm7.staticflickr.com/4120/4809602663_d86620d073_o.jpg,https://open-images-dataset.s3.amazonaws.com/test/35fc9c29ed8fb5f6.jpg,EveryDamnNameIsInUse,https://creativecommons.org/licenses/by/2.0/,https://creativecommons.org/licenses/by/2.0/,oi-35fc9c29ed8fb5f6,,,,,2026-10-07T18:12:49+08:00,Open Images V7 public test image / V5 human boxable labels; one non-depicted box >=25% image area
oi-42219b28724c0f07,data/raw/openimages/book/oi-42219b28724c0f07.jpg,2f96ed84634e67864507c9fad0d1c4be2ab5079fc0396df97aa90f5d18236982,2,,,open-images-official,,,pending,,open_images,42219b28724c0f07,https://www.flickr.com/photos/cs-jay/8605955385,https://farm8.staticflickr.com/8526/8605955385_d6d9c8ce10_o.jpg,https://open-images-dataset.s3.amazonaws.com/test/42219b28724c0f07.jpg,Christian Jensen,https://creativecommons.org/licenses/by/2.0/,https://creativecommons.org/licenses/by/2.0/,oi-42219b28724c0f07,,,,,2026-10-07T18:12:51+08:00,Open Images V7 public test image / V5 human boxable labels; one non-depicted box >=25% image area
oi-b2c56dfafde0b51f,data/raw/openimages/earphones/oi-b2c56dfafde0b51f.jpg,9d80d7142bebe21792ec57652dc1b11417e9136bef59411fc45aeecf4babfcea,6,,,open-images-official,,,pending,,open_images,b2c56dfafde0b51f,https://www.flickr.com/photos/davekobrehel/8720050452,https://c8.staticflickr.com/8/7425/8720050452_ee063b585d_o.jpg,https://open-images-dataset.s3.amazonaws.com/test/b2c56dfafde0b51f.jpg,Dave Kobrehel,https://creativecommons.org/licenses/by/2.0/,https://creativecommons.org/licenses/by/2.0/,oi-b2c56dfafde0b51f,,,,,2026-10-07T18:12:53+08:00,Open Images V7 public test image / V5 human boxable labels; one non-depicted box >=25% image area
oi-2fdfbd153b29517b,data/raw/openimages/backpack/oi-2fdfbd153b29517b.jpg,31ed486340ed912ded6d2f8b0f01944c22b57bfb2f14e797f22c1bab81975cc3,9,,,open-images-official,,,pending,,open_images,2fdfbd153b29517b,https://www.flickr.com/photos/stapler123/2168094620,https://c4.staticflickr.com/3/2239/2168094620_579845516c_o.jpg,https://open-images-dataset.s3.amazonaws.com/test/2fdfbd153b29517b.jpg,Winston,https://creativecommons.org/licenses/by/2.0/,https://creativecommons.org/licenses/by/2.0/,oi-2fdfbd153b29517b,,,,,2026-10-07T18:12:56+08:00,Open Images V7 public test image / V5 human boxable labels; one non-depicted box >=25% image area
oi-85b572241d10e14c,data/raw/openimages/mouse/oi-85b572241d10e14c.jpg,28beafcc8264144665a3b32e3f7876d7abda82744edc8e9fc280c40aa2801e13,4,,,open-images-official,,,pending,,open_images,85b572241d10e14c,https://www.flickr.com/photos/cristiano_betta/3335317373,https://c5.staticflickr.com/4/3338/3335317373_aeaa23c313_o.jpg,https://open-images-dataset.s3.amazonaws.com/test/85b572241d10e14c.jpg,Cristiano Betta,https://creativecommons.org/licenses/by/2.0/,https://creativecommons.org/licenses/by/2.0/,oi-85b572241d10e14c,,,,,2026-10-07T18:12:58+08:00,Open Images V7 public test image / V5 human boxable labels; one non-depicted box >=25% image area
oi-22fa860f70c6f856,data/raw/openimages/keyboard/oi-22fa860f70c6f856.jpg,03e546a5c3762887e26854902f54dc922168a7e609107d90b68a51fc44a208c9,5,,,open-images-official,,,pending,,open_images,22fa860f70c6f856,https://www.flickr.com/photos/psd/15465258944,https://farm7.staticflickr.com/7581/15465258944_1e4c27bd73_o.jpg,https://open-images-dataset.s3.amazonaws.com/test/22fa860f70c6f856.jpg,Paul Downey,https://creativecommons.org/licenses/by/2.0/,https://creativecommons.org/licenses/by/2.0/,oi-22fa860f70c6f856,,,,,2026-10-07T18:13:02+08:00,Open Images V7 public test image / V5 human boxable labels; one non-depicted box >=25% image area
oi-4ef03696007ad64f,data/raw/openimages/cup/oi-4ef03696007ad64f.jpg,365d903b56312f0c2efa54f3d36f6f8322296aecabf0b52687c4ed4f43c14ef3,0,,,open-images-official,,,pending,,open_images,4ef03696007ad64f,https://www.flickr.com/photos/pheezy/19770249723,https://c8.staticflickr.com/1/255/19770249723_925bca1d26_o.jpg,https://open-images-dataset.s3.amazonaws.com/test/4ef03696007ad64f.jpg,evan p. cordes,https://creativecommons.org/licenses/by/2.0/,https://creativecommons.org/licenses/by/2.0/,oi-4ef03696007ad64f,,,,,2026-10-07T18:13:05+08:00,Open Images V7 public test image / V5 human boxable labels; one non-depicted box >=25% image area
oi-174921b674eec449,data/raw/openimages/book/oi-174921b674eec449.jpg,fb3c8d60d2756617e9b957b57800262faa854be453e568eb12db814c28d2065a,2,,,open-images-official,,,pending,,open_images,174921b674eec449,https://www.flickr.com/photos/lac-bac/8569616160,https://c2.staticflickr.com/9/8246/8569616160_a6a55eae61_o.jpg,https://open-images-dataset.s3.amazonaws.com/test/174921b674eec449.jpg,BiblioArchives / LibraryArchives,https://creativecommons.org/licenses/by/2.0/,https://creativecommons.org/licenses/by/2.0/,oi-174921b674eec449,,,,,2026-10-07T18:13:07+08:00,Open Images V7 public test image / V5 human boxable labels; one non-depicted box >=25% image area
oi-a43934f16b2db997,data/raw/openimages/keyboard/oi-a43934f16b2db997.jpg,56d81da0a65095d6f3c5e104736e6291c1ed30f4a0b7624c9660275a2a2ffbf2,5,,,open-images-official,,,pending,,open_images,a43934f16b2db997,https://www.flickr.com/photos/126850594@N06/14714826367,https://farm8.staticflickr.com/3912/14714826367_0f9361e8ed_o.jpg,https://open-images-dataset.s3.amazonaws.com/test/a43934f16b2db997.jpg,Shakib Saifi,https://creativecommons.org/licenses/by/2.0/,https://creativecommons.org/licenses/by/2.0/,oi-a43934f16b2db997,,,,,2026-10-07T18:13:09+08:00,Open Images V7 public test image / V5 human boxable labels; one non-depicted box >=25% image area
oi-4e719f59d2411d9b,data/raw/openimages/cup/oi-4e719f59d2411d9b.jpg,323e47a3e5d20630603078e7c83b5cb4897e754859911e6ee32198cf97658a1d,0,,,open-images-official,,,pending,,open_images,4e719f59d2411d9b,https://www.flickr.com/photos/woolgenie/16808739051,https://c4.staticflickr.com/9/8660/16808739051_a7338f9155_o.jpg,https://open-images-dataset.s3.amazonaws.com/test/4e719f59d2411d9b.jpg,Heather,https://creativecommons.org/licenses/by/2.0/,https://creativecommons.org/licenses/by/2.0/,oi-4e719f59d2411d9b,,,,,2026-10-07T18:13:11+08:00,Open Images V7 public test image / V5 human boxable labels; one non-depicted box >=25% image area
oi-53bb6b5aa8f33d1a,data/raw/openimages/keyboard/oi-53bb6b5aa8f33d1a.jpg,f210c24452a4e15272ba475a2a59a56c332832120dc1bf8ca8ab3b98d28163cc,5,,,open-images-official,,,pending,,open_images,53bb6b5aa8f33d1a,https://www.flickr.com/photos/mrbill/5180814366,https://c3.staticflickr.com/2/1379/5180814366_fb6764aaa0_o.jpg,https://open-images-dataset.s3.amazonaws.com/test/53bb6b5aa8f33d1a.jpg,Bill Bradford,https://creativecommons.org/licenses/by/2.0/,https://creativecommons.org/licenses/by/2.0/,oi-53bb6b5aa8f33d1a,,,,,2026-10-07T18:13:13+08:00,Open Images V7 public test image / V5 human boxable labels; one non-depicted box >=25% image area
oi-596de74177faef2d,data/raw/openimages/cup/oi-596de74177faef2d.jpg,dc3e75bf3e12d508a8c983ecc3a94490dbaef64787cfc5ff516375ba13d2256e,0,,,open-images-official,,,pending,,open_images,596de74177faef2d,https://www.flickr.com/photos/31403417@N00/5520788613,https://c6.staticflickr.com/6/5020/5520788613_5e684e5ec5_o.jpg,https://open-images-dataset.s3.amazonaws.com/test/596de74177faef2d.jpg,kizzzbeth,https://creativecommons.org/licenses/by/2.0/,https://creativecommons.org/licenses/by/2.0/,oi-596de74177faef2d,,,,,2026-10-07T18:13:16+08:00,Open Images V7 public test image / V5 human boxable labels; one non-depicted box >=25% image area
oi-18a1a789a0efb41b,data/raw/openimages/cup/oi-18a1a789a0efb41b.jpg,798644611a916f97e8bb6aa0a5fa09fc9c0bc7cf02efe477b56c69e4a424c46b,0,,,open-images-official,,,pending,,open_images,18a1a789a0efb41b,https://www.flickr.com/photos/78428166@N00/20141029919,https://c4.staticflickr.com/4/3829/20141029919_1808852213_o.jpg,https://open-images-dataset.s3.amazonaws.com/test/18a1a789a0efb41b.jpg,Tony Alter,https://creativecommons.org/licenses/by/2.0/,https://creativecommons.org/licenses/by/2.0/,oi-18a1a789a0efb41b,,,,,2026-10-07T18:13:19+08:00,Open Images V7 public test image / V5 human boxable labels; one non-depicted box >=25% image area
oi-841af3a6415c3144,data/raw/openimages/backpack/oi-841af3a6415c3144.jpg,3f97443cc8713a6fbefbe8c9ed1d1f9ce95fc28276b3c3e367b1d2e33b0c774a,9,,,open-images-official,,,pending,,open_images,841af3a6415c3144,https://www.flickr.com/photos/imamon/15624577693,https://farm5.staticflickr.com/8595/15624577693_ac3556c0ee_o.jpg,https://open-images-dataset.s3.amazonaws.com/test/841af3a6415c3144.jpg,Imamon,https://creativecommons.org/licenses/by/2.0/,https://creativecommons.org/licenses/by/2.0/,oi-841af3a6415c3144,,,,,2026-10-07T18:13:21+08:00,Open Images V7 public test image / V5 human boxable labels; one non-depicted box >=25% image area
oi-e6b69ceea4952ad5,data/raw/openimages/cup/oi-e6b69ceea4952ad5.jpg,2de57051998ccf3afa91007474704169056e06c866840cf4e392647539fcc21e,0,,,open-images-official,,,pending,,open_images,e6b69ceea4952ad5,https://www.flickr.com/photos/nunnun/2361650006,https://farm6.staticflickr.com/2347/2361650006_1794ec4e1d_o.jpg,https://open-images-dataset.s3.amazonaws.com/test/e6b69ceea4952ad5.jpg,Hirotaka Nakajima,https://creativecommons.org/licenses/by/2.0/,https://creativecommons.org/licenses/by/2.0/,oi-e6b69ceea4952ad5,,,,,2026-10-07T18:13:23+08:00,Open Images V7 public test image / V5 human boxable labels; one non-depicted box >=25% image area
oi-608d813c31750c8b,data/raw/openimages/mouse/oi-608d813c31750c8b.jpg,07a16d8dafc76b3ef92ea222b73cccff5e79d46be7fe11aeedb0379bdb01193c,4,,,open-images-official,,,pending,,open_images,608d813c31750c8b,https://www.flickr.com/photos/x1brett/4216228162,https://c4.staticflickr.com/5/4043/4216228162_5218a1712e_o.jpg,https://open-images-dataset.s3.amazonaws.com/test/608d813c31750c8b.jpg,brett jordan,https://creativecommons.org/licenses/by/2.0/,https://creativecommons.org/licenses/by/2.0/,oi-608d813c31750c8b,,,,,2026-10-07T18:13:26+08:00,Open Images V7 public test image / V5 human boxable labels; one non-depicted box >=25% image area
oi-32b341a5d4167519,data/raw/openimages/cup/oi-32b341a5d4167519.jpg,9bc82d06194ef86b753e7145c2d7af6a0c2cfef21528eb9598a62534fccfcd0a,0,,,open-images-official,,,pending,,open_images,32b341a5d4167519,https://www.flickr.com/photos/glenbledsoe/10636462123,https://c2.staticflickr.com/6/5539/10636462123_1bcee8d33d_o.jpg,https://open-images-dataset.s3.amazonaws.com/test/32b341a5d4167519.jpg,PhotoAtelier,https://creativecommons.org/licenses/by/2.0/,https://creativecommons.org/licenses/by/2.0/,oi-32b341a5d4167519,,,,,2026-10-07T18:13:28+08:00,Open Images V7 public test image / V5 human boxable labels; one non-depicted box >=25% image area
oi-5e829a55d775a599,data/raw/openimages/keyboard/oi-5e829a55d775a599.jpg,1aaf726439694c3afa9bd8ccb567c8daa666808e2870d21490483655003fd91b,5,,,open-images-official,,,pending,,open_images,5e829a55d775a599,https://www.flickr.com/photos/junctions/2937746925,https://c2.staticflickr.com/4/3196/2937746925_e02eb9236d_o.jpg,https://open-images-dataset.s3.amazonaws.com/test/5e829a55d775a599.jpg,Juan Tello,https://creativecommons.org/licenses/by/2.0/,https://creativecommons.org/licenses/by/2.0/,oi-5e829a55d775a599,,,,,2026-10-07T18:13:31+08:00,Open Images V7 public test image / V5 human boxable labels; one non-depicted box >=25% image area
oi-c6891474b1432598,data/raw/openimages/book/oi-c6891474b1432598.jpg,8d2234fd013a2c2054c2c73085ab37319dd3426d8bf09b96d92be6ae47595956,2,,,open-images-official,,,pending,,open_images,c6891474b1432598,https://www.flickr.com/photos/usmcarchives/15166034580,https://c1.staticflickr.com/4/3912/15166034580_1b419dbea2_o.jpg,https://open-images-dataset.s3.amazonaws.com/test/c6891474b1432598.jpg,USMC Archives,https://creativecommons.org/licenses/by/2.0/,https://creativecommons.org/licenses/by/2.0/,oi-c6891474b1432598,,,,,2026-10-07T18:13:33+08:00,Open Images V7 public test image / V5 human boxable labels; one non-depicted box >=25% image area
oi-aa8eff0c3ac6046a,data/raw/openimages/book/oi-aa8eff0c3ac6046a.jpg,c6a32074383c0c83c6c81445c90f2dcd7fc782268b1604446b06bf2e1a906464,2,,,open-images-official,,,pending,,open_images,aa8eff0c3ac6046a,https://www.flickr.com/photos/oerafrica/7425092562,https://c3.staticflickr.com/9/8026/7425092562_7a23710435_o.jpg,https://open-images-dataset.s3.amazonaws.com/test/aa8eff0c3ac6046a.jpg,OER Africa,https://creativecommons.org/licenses/by/2.0/,https://creativecommons.org/licenses/by/2.0/,oi-aa8eff0c3ac6046a,,,,,2026-10-07T18:13:36+08:00,Open Images V7 public test image / V5 human boxable labels; one non-depicted box >=25% image area
oi-0afed95b79ac15e3,data/raw/openimages/earphones/oi-0afed95b79ac15e3.jpg,1ef82f87d9981b8ea8fd76cc1033407d9e8f3625fa2b3ae6283fee2c5bbfdb80,6,,,open-images-official,,,pending,,open_images,0afed95b79ac15e3,https://www.flickr.com/photos/mariahagglof/8148535920,https://farm4.staticflickr.com/8194/8148535920_049db8c506_o.jpg,https://open-images-dataset.s3.amazonaws.com/test/0afed95b79ac15e3.jpg,Maria Hägglöf,https://creativecommons.org/licenses/by/2.0/,https://creativecommons.org/licenses/by/2.0/,oi-0afed95b79ac15e3,,,,,2026-10-07T18:13:38+08:00,Open Images V7 public test image / V5 human boxable labels; one non-depicted box >=25% image area
oi-f11d5d1588572cd1,data/raw/openimages/cup/oi-f11d5d1588572cd1.jpg,3d235c3c18232074e2abd4c468b7d698595d9fff61c19630d7eaec840d559985,0,,,open-images-official,,,pending,,open_images,f11d5d1588572cd1,https://www.flickr.com/photos/62905337@N02/9169922866,https://farm2.staticflickr.com/7307/9169922866_a7bccb01b6_o.jpg,https://open-images-dataset.s3.amazonaws.com/test/f11d5d1588572cd1.jpg,Siwar Horchani,https://creativecommons.org/licenses/by/2.0/,https://creativecommons.org/licenses/by/2.0/,oi-f11d5d1588572cd1,,,,,2026-10-07T18:13:40+08:00,Open Images V7 public test image / V5 human boxable labels; one non-depicted box >=25% image area
oi-e52acedd24eeabd9,data/raw/openimages/cup/oi-e52acedd24eeabd9.jpg,b9c2f63cef2dd1d5590e65895144f97ff1f6f677b9f773be9352585043d5c4d3,0,,,open-images-official,,,pending,,open_images,e52acedd24eeabd9,https://www.flickr.com/photos/katefisher/9642512842,https://c2.staticflickr.com/3/2894/9642512842_2c0c4a6e9f_o.jpg,https://open-images-dataset.s3.amazonaws.com/test/e52acedd24eeabd9.jpg,Kate Fisher,https://creativecommons.org/licenses/by/2.0/,https://creativecommons.org/licenses/by/2.0/,oi-e52acedd24eeabd9,,,,,2026-10-07T18:13:43+08:00,Open Images V7 public test image / V5 human boxable labels; one non-depicted box >=25% image area
oi-fe5a65073bd23137,data/raw/openimages/backpack/oi-fe5a65073bd23137.jpg,9539a6a0cbbbc06b026baed90ce822c9b8729d1b64186ddbaaa389fd98d0f4e3,9,,,open-images-official,,,pending,,open_images,fe5a65073bd23137,https://www.flickr.com/photos/1c11/5119905520,https://farm8.staticflickr.com/4003/5119905520_2cdaca6f24_o.jpg,https://open-images-dataset.s3.amazonaws.com/test/fe5a65073bd23137.jpg,Aitor Calero,https://creativecommons.org/licenses/by/2.0/,https://creativecommons.org/licenses/by/2.0/,oi-fe5a65073bd23137,,,,,2026-10-07T18:13:45+08:00,Open Images V7 public test image / V5 human boxable labels; one non-depicted box >=25% image area
oi-7a1a3c57093f0653,data/raw/openimages/book/oi-7a1a3c57093f0653.jpg,276e4f4d111dc63262654221bc724637d9b947ad209891f382b0ea9e3bbc5e4a,2,,,open-images-official,,,pending,,open_images,7a1a3c57093f0653,https://www.flickr.com/photos/simbe/3953175645,https://farm4.staticflickr.com/2555/3953175645_bb56c8457c_o.jpg,https://open-images-dataset.s3.amazonaws.com/test/7a1a3c57093f0653.jpg,Simbe90,https://creativecommons.org/licenses/by/2.0/,https://creativecommons.org/licenses/by/2.0/,oi-7a1a3c57093f0653,,,,,2026-10-07T18:13:48+08:00,Open Images V7 public test image / V5 human boxable labels; one non-depicted box >=25% image area
oi-fb934a9e61fcc8dd,data/raw/openimages/umbrella/oi-fb934a9e61fcc8dd.jpg,13fdaf0a9b4cf417b42e7d6b0a03ef3d8a63fe9937f71856bf5d4509ce576435,1,,,open-images-official,,,pending,,open_images,fb934a9e61fcc8dd,https://www.flickr.com/photos/73451587@N05/9807463876/,https://c6.staticflickr.com/8/7451/9807463876_d61a0220ae_o.jpg,https://open-images-dataset.s3.amazonaws.com/test/fb934a9e61fcc8dd.jpg,luisjoRN,https://creativecommons.org/licenses/by/2.0/,https://creativecommons.org/licenses/by/2.0/,oi-fb934a9e61fcc8dd,,,,,2026-10-07T18:13:50+08:00,Open Images V7 public test image / V5 human boxable labels; one non-depicted box >=25% image area
oi-62ea443ac4888d11,data/raw/openimages/keyboard/oi-62ea443ac4888d11.jpg,81a2a7457e45cdf9bae2a3849878226e764bc071d4be6d4af30dad97f0fb1064,5,,,open-images-official,,,pending,,open_images,62ea443ac4888d11,https://www.flickr.com/photos/naotakem/108650313,https://farm2.staticflickr.com/38/108650313_3a88354288_o.jpg,https://open-images-dataset.s3.amazonaws.com/test/62ea443ac4888d11.jpg,Naotake Murayama,https://creativecommons.org/licenses/by/2.0/,https://creativecommons.org/licenses/by/2.0/,oi-62ea443ac4888d11,,,,,2026-10-07T18:13:53+08:00,Open Images V7 public test image / V5 human boxable labels; one non-depicted box >=25% image area
oi-bff7108553d5ca53,data/raw/openimages/cup/oi-bff7108553d5ca53.jpg,340ba869e7e3753a69d48ef16dec829a096d9883c4a081d93557ad2386ef6087,0,,,open-images-official,,,pending,,open_images,bff7108553d5ca53,https://www.flickr.com/photos/tschiae/8666057433,https://farm4.staticflickr.com/8255/8666057433_62a386804c_o.jpg,https://open-images-dataset.s3.amazonaws.com/test/bff7108553d5ca53.jpg,Markus Grossalber,https://creativecommons.org/licenses/by/2.0/,https://creativecommons.org/licenses/by/2.0/,oi-bff7108553d5ca53,,,,,2026-10-07T18:13:55+08:00,Open Images V7 public test image / V5 human boxable labels; one non-depicted box >=25% image area
oi-2b73260fcddd14d9,data/raw/openimages/keyboard/oi-2b73260fcddd14d9.jpg,414ee810f6e6d3ff97efe3fd43150c613081e1b42164d1f2212a37f5da77efa1,5,,,open-images-official,,,pending,,open_images,2b73260fcddd14d9,https://www.flickr.com/photos/inboundpass/5147875905,https://c2.staticflickr.com/5/4002/5147875905_838ca785b7_o.jpg,https://open-images-dataset.s3.amazonaws.com/test/2b73260fcddd14d9.jpg,inboundpass,https://creativecommons.org/licenses/by/2.0/,https://creativecommons.org/licenses/by/2.0/,oi-2b73260fcddd14d9,,,,,2026-10-07T18:13:57+08:00,Open Images V7 public test image / V5 human boxable labels; one non-depicted box >=25% image area
oi-fa23a3e9c9459f2a,data/raw/openimages/keyboard/oi-fa23a3e9c9459f2a.jpg,950e118f2c7469f7118a07cfa0cd2b5f41541709b1077a4ed57d58a4ce6a67be,5,,,open-images-official,,,pending,,open_images,fa23a3e9c9459f2a,https://www.flickr.com/photos/tony_duell/16657921393,https://c3.staticflickr.com/9/8820/16657921393_6631bc2ac2_o.jpg,https://open-images-dataset.s3.amazonaws.com/test/fa23a3e9c9459f2a.jpg,tony_duell,https://creativecommons.org/licenses/by/2.0/,https://creativecommons.org/licenses/by/2.0/,oi-fa23a3e9c9459f2a,,,,,2026-10-07T18:14:00+08:00,Open Images V7 public test image / V5 human boxable labels; one non-depicted box >=25% image area
oi-43780b475de45751,data/raw/openimages/earphones/oi-43780b475de45751.jpg,614cf602f64cbcfcb62fc92f37ab65133f35c77ccbeaea122c3d738e501bb67a,6,,,open-images-official,,,pending,,open_images,43780b475de45751,https://www.flickr.com/photos/rodrigogalindez/265735611,https://farm2.staticflickr.com/91/265735611_bda986b3e2_o.jpg,https://open-images-dataset.s3.amazonaws.com/test/43780b475de45751.jpg,Rodrigo Galindez,https://creativecommons.org/licenses/by/2.0/,https://creativecommons.org/licenses/by/2.0/,oi-43780b475de45751,,,,,2026-10-07T18:14:02+08:00,Open Images V7 public test image / V5 human boxable labels; one non-depicted box >=25% image area
oi-81f1bf204d4edf0b,data/raw/openimages/cup/oi-81f1bf204d4edf0b.jpg,4b7e551b6f3e2617dcc03fe5157d95240ad4999e444e1f4610659cd0818d4cfb,0,,,open-images-official,,,pending,,open_images,81f1bf204d4edf0b,https://www.flickr.com/photos/iruben/4341685688,https://c4.staticflickr.com/5/4058/4341685688_afcde4226d_o.jpg,https://open-images-dataset.s3.amazonaws.com/test/81f1bf204d4edf0b.jpg,iRubén,https://creativecommons.org/licenses/by/2.0/,https://creativecommons.org/licenses/by/2.0/,oi-81f1bf204d4edf0b,,,,,2026-10-07T18:14:05+08:00,Open Images V7 public test image / V5 human boxable labels; one non-depicted box >=25% image area
oi-6eb03384f25d3f01,data/raw/openimages/earphones/oi-6eb03384f25d3f01.jpg,930f96c49cafe7407106573f1cc8f9a789f10286fad3f6192fdcb7f4434a4abc,6,,,open-images-official,,,pending,,open_images,6eb03384f25d3f01,https://www.flickr.com/photos/macjerk/5847970149,https://farm2.staticflickr.com/5032/5847970149_82d6d7fd3b_o.jpg,https://open-images-dataset.s3.amazonaws.com/test/6eb03384f25d3f01.jpg,MacJerk2011,https://creativecommons.org/licenses/by/2.0/,https://creativecommons.org/licenses/by/2.0/,oi-6eb03384f25d3f01,,,,,2026-10-07T18:14:07+08:00,Open Images V7 public test image / V5 human boxable labels; one non-depicted box >=25% image area
oi-4f514936ece6fc3a,data/raw/openimages/keyboard/oi-4f514936ece6fc3a.jpg,3925026bcc575849fa90f181732c47bf25c13fc1f52fba9829906d475836bf34,5,,,open-images-official,,,pending,,open_images,4f514936ece6fc3a,https://www.flickr.com/photos/magicfab/3950993310,https://c3.staticflickr.com/4/3506/3950993310_5f81387fd8_o.jpg,https://open-images-dataset.s3.amazonaws.com/test/4f514936ece6fc3a.jpg,Fabian Rodriguez,https://creativecommons.org/licenses/by/2.0/,https://creativecommons.org/licenses/by/2.0/,oi-4f514936ece6fc3a,,,,,2026-10-07T18:14:10+08:00,Open Images V7 public test image / V5 human boxable labels; one non-depicted box >=25% image area
oi-0d5af6c966512522,data/raw/openimages/umbrella/oi-0d5af6c966512522.jpg,1ce6cd54a31bfa08a8e5ebd02d6876428e6a843e5c1a9cad1dd495950a05d276,1,,,open-images-official,,,pending,,open_images,0d5af6c966512522,https://www.flickr.com/photos/88526197@N00/3184772593,https://farm3.staticflickr.com/3360/3184772593_76cb248f49_o.jpg,https://open-images-dataset.s3.amazonaws.com/test/0d5af6c966512522.jpg,DymphieH,https://creativecommons.org/licenses/by/2.0/,https://creativecommons.org/licenses/by/2.0/,oi-0d5af6c966512522,,,,,2026-10-07T18:14:13+08:00,Open Images V7 public test image / V5 human boxable labels; one non-depicted box >=25% image area
oi-8f0dbb0ef168dc46,data/raw/openimages/backpack/oi-8f0dbb0ef168dc46.jpg,7ac24bb3e0843f529f748d6e2d66b41187600cd7fb0548cbca559df672ba8d06,9,,,open-images-official,,,pending,,open_images,8f0dbb0ef168dc46,https://www.flickr.com/photos/plusea/18426219840,https://farm7.staticflickr.com/256/18426219840_3d5f4fb008_o.jpg,https://open-images-dataset.s3.amazonaws.com/test/8f0dbb0ef168dc46.jpg,Plusea,https://creativecommons.org/licenses/by/2.0/,https://creativecommons.org/licenses/by/2.0/,oi-8f0dbb0ef168dc46,,,,,2026-10-07T18:14:15+08:00,Open Images V7 public test image / V5 human boxable labels; one non-depicted box >=25% image area
oi-560a2687acc7642d,data/raw/openimages/backpack/oi-560a2687acc7642d.jpg,7238c08662148aaf7ca18d3b38d6a9ec1858fd8a0511ed9e82b7546b8c44962a,9,,,open-images-official,,,pending,,open_images,560a2687acc7642d,https://www.flickr.com/photos/michaelpollak/6872685647,https://c6.staticflickr.com/8/7193/6872685647_a0f65c3dee_o.jpg,https://open-images-dataset.s3.amazonaws.com/test/560a2687acc7642d.jpg,Michael Pollak,https://creativecommons.org/licenses/by/2.0/,https://creativecommons.org/licenses/by/2.0/,oi-560a2687acc7642d,,,,,2026-10-07T18:14:18+08:00,Open Images V7 public test image / V5 human boxable labels; one non-depicted box >=25% image area
oi-76b8f1a90bcf997d,data/raw/openimages/backpack/oi-76b8f1a90bcf997d.jpg,33e49e2e50ac64b0667cd9cdf0481cac9750ca7348a99b54f435e3f7fcea6f7d,9,,,open-images-official,,,pending,,open_images,76b8f1a90bcf997d,https://www.flickr.com/photos/kiskiack/3984555309,https://c6.staticflickr.com/3/2462/3984555309_27bfc99e46_o.jpg,https://open-images-dataset.s3.amazonaws.com/test/76b8f1a90bcf997d.jpg,kiskiack,https://creativecommons.org/licenses/by/2.0/,https://creativecommons.org/licenses/by/2.0/,oi-76b8f1a90bcf997d,,,,,2026-10-07T18:14:21+08:00,Open Images V7 public test image / V5 human boxable labels; one non-depicted box >=25% image area
oi-fefeea12c3751c06,data/raw/openimages/keyboard/oi-fefeea12c3751c06.jpg,2614bb71ae1de75da1bfa6cc301f0f108090211f4a86f5987e6441fd710736e7,5,,,open-images-official,,,pending,,open_images,fefeea12c3751c06,https://www.flickr.com/photos/88916251@N00/16457984190,https://farm7.staticflickr.com/8664/16457984190_a3a63b1822_o.jpg,https://open-images-dataset.s3.amazonaws.com/test/fefeea12c3751c06.jpg,Antti Kultanen,https://creativecommons.org/licenses/by/2.0/,https://creativecommons.org/licenses/by/2.0/,oi-fefeea12c3751c06,,,,,2026-10-07T18:14:24+08:00,Open Images V7 public test image / V5 human boxable labels; one non-depicted box >=25% image area
oi-4dc1f23946c2d47c,data/raw/openimages/mouse/oi-4dc1f23946c2d47c.jpg,b1d354731aefa7bfe245b93501c1934f3a60dc81cc919f0697d89827e0e0ebc8,4,,,open-images-official,,,pending,,open_images,4dc1f23946c2d47c,https://www.flickr.com/photos/francapicc/141486603,https://c5.staticflickr.com/1/50/141486603_e447bbfde9_o.jpg,https://open-images-dataset.s3.amazonaws.com/test/4dc1f23946c2d47c.jpg,jespahjoy,https://creativecommons.org/licenses/by/2.0/,https://creativecommons.org/licenses/by/2.0/,oi-4dc1f23946c2d47c,,,,,2026-10-07T18:14:26+08:00,Open Images V7 public test image / V5 human boxable labels; one non-depicted box >=25% image area
oi-d7bdde0ccf91fef5,data/raw/openimages/keyboard/oi-d7bdde0ccf91fef5.jpg,e104ceda652fbdfa527ed085ed830628b56b9e2f9a98ada37444de194598c069,5,,,open-images-official,,,pending,,open_images,d7bdde0ccf91fef5,https://www.flickr.com/photos/mujitra/5400238727,https://farm6.staticflickr.com/5220/5400238727_817c22f683_o.jpg,https://open-images-dataset.s3.amazonaws.com/test/d7bdde0ccf91fef5.jpg,MIKI Yoshihito,https://creativecommons.org/licenses/by/2.0/,https://creativecommons.org/licenses/by/2.0/,oi-d7bdde0ccf91fef5,,,,,2026-10-07T18:14:31+08:00,Open Images V7 public test image / V5 human boxable labels; one non-depicted box >=25% image area
oi-77acbc0bc2c53f28,data/raw/openimages/backpack/oi-77acbc0bc2c53f28.jpg,b6c424d0264dc712a7473b1e4694befe16d4d338e6fdcc63bd66503b5efed57d,9,,,open-images-official,,,pending,,open_images,77acbc0bc2c53f28,https://www.flickr.com/photos/themkshop/5148274719,https://c1.staticflickr.com/2/1140/5148274719_deb14b05e6_o.jpg,https://open-images-dataset.s3.amazonaws.com/test/77acbc0bc2c53f28.jpg,The MK Shop Machinery Technicians,https://creativecommons.org/licenses/by/2.0/,https://creativecommons.org/licenses/by/2.0/,oi-77acbc0bc2c53f28,,,,,2026-10-07T18:14:34+08:00,Open Images V7 public test image / V5 human boxable labels; one non-depicted box >=25% image area
oi-c5a63dc05121e7d4,data/raw/openimages/backpack/oi-c5a63dc05121e7d4.jpg,ad97adebc44a621926e8fa175c40fff9a6d87e589a579be697f9e2338d563876,9,,,open-images-official,,,pending,,open_images,c5a63dc05121e7d4,https://www.flickr.com/photos/slifex/36289207,https://farm5.staticflickr.com/26/36289207_417c7f1261_o.jpg,https://open-images-dataset.s3.amazonaws.com/test/c5a63dc05121e7d4.jpg,slifex,https://creativecommons.org/licenses/by/2.0/,https://creativecommons.org/licenses/by/2.0/,oi-c5a63dc05121e7d4,,,,,2026-10-07T18:14:37+08:00,Open Images V7 public test image / V5 human boxable labels; one non-depicted box >=25% image area
oi-26ab3b2dc3c7826e,data/raw/openimages/backpack/oi-26ab3b2dc3c7826e.jpg,bab4083edaff9ea51d1ee1ffd8cee67236b19f5cbd9613eee303759a030c170f,9,,,open-images-official,,,pending,,open_images,26ab3b2dc3c7826e,https://www.flickr.com/photos/codecop/8595479851,https://c7.staticflickr.com/9/8513/8595479851_29a4fd4c51_o.jpg,https://open-images-dataset.s3.amazonaws.com/test/26ab3b2dc3c7826e.jpg,Peter Kofler,https://creativecommons.org/licenses/by/2.0/,https://creativecommons.org/licenses/by/2.0/,oi-26ab3b2dc3c7826e,,,,,2026-10-07T18:14:39+08:00,Open Images V7 public test image / V5 human boxable labels; one non-depicted box >=25% image area
oi-5d71d98e6ca58173,data/raw/openimages/keyboard/oi-5d71d98e6ca58173.jpg,c710f1ee2b7d09782e848e7dce9cde1fc3e195a5b4ea7fc4fa2c2e4dbf3e04f4,5,,,open-images-official,,,pending,,open_images,5d71d98e6ca58173,https://www.flickr.com/photos/briansolis/3360990963,https://farm4.staticflickr.com/3622/3360990963_59db6f3e4e_o.jpg,https://open-images-dataset.s3.amazonaws.com/test/5d71d98e6ca58173.jpg,Brian Solis,https://creativecommons.org/licenses/by/2.0/,https://creativecommons.org/licenses/by/2.0/,oi-5d71d98e6ca58173,,,,,2026-10-07T18:14:42+08:00,Open Images V7 public test image / V5 human boxable labels; one non-depicted box >=25% image area
oi-18fbdce60f948fbb,data/raw/openimages/umbrella/oi-18fbdce60f948fbb.jpg,d144e522ef345538a28e67c95cafba84cd06a09877c2cb64b81d90b220ab67fd,1,,,open-images-official,,,pending,,open_images,18fbdce60f948fbb,https://www.flickr.com/photos/toquyen/1307404825,https://c4.staticflickr.com/2/1260/1307404825_3fee2ef3ee_o.jpg,https://open-images-dataset.s3.amazonaws.com/test/18fbdce60f948fbb.jpg,ToQuyen,https://creativecommons.org/licenses/by/2.0/,https://creativecommons.org/licenses/by/2.0/,oi-18fbdce60f948fbb,,,,,2026-10-07T18:14:45+08:00,Open Images V7 public test image / V5 human boxable labels; one non-depicted box >=25% image area
oi-34d24329ff8adfeb,data/raw/openimages/book/oi-34d24329ff8adfeb.jpg,0c854c47e35bb038b3174dd3df34896c67a69635df1af2d1af05789c035429ec,2,,,open-images-official,,,pending,,open_images,34d24329ff8adfeb,https://www.flickr.com/photos/rosenbach/9686500213,https://c4.staticflickr.com/8/7358/9686500213_22f268de91_o.jpg,https://open-images-dataset.s3.amazonaws.com/test/34d24329ff8adfeb.jpg,Rosenbach Museum &amp; Library,https://creativecommons.org/licenses/by/2.0/,https://creativecommons.org/licenses/by/2.0/,oi-34d24329ff8adfeb,,,,,2026-10-07T18:14:48+08:00,Open Images V7 public test image / V5 human boxable labels; one non-depicted box >=25% image area
oi-fb5b186da77fd980,data/raw/openimages/keyboard/oi-fb5b186da77fd980.jpg,bab8ed1b8ebcb01c4edcfee758b4e4d304e9e18118d1aa053243064fa58683a9,5,,,open-images-official,,,pending,,open_images,fb5b186da77fd980,https://www.flickr.com/photos/mlibrary/6875262452,https://farm1.staticflickr.com/7088/6875262452_a19ed0b4bc_o.jpg,https://open-images-dataset.s3.amazonaws.com/test/fb5b186da77fd980.jpg,University of Michigan Library,https://creativecommons.org/licenses/by/2.0/,https://creativecommons.org/licenses/by/2.0/,oi-fb5b186da77fd980,,,,,2026-10-07T18:14:51+08:00,Open Images V7 public test image / V5 human boxable labels; one non-depicted box >=25% image area
oi-64f51a50c1aff6f7,data/raw/openimages/umbrella/oi-64f51a50c1aff6f7.jpg,67a9793b95419c68d7fc430f7b8bea9d54c05cf6a05e8ac20b4c97574963672a,1,,,open-images-official,,,pending,,open_images,64f51a50c1aff6f7,https://www.flickr.com/photos/andrewfhart/7962741614,https://farm8.staticflickr.com/8170/7962741614_51a3a8b874_o.jpg,https://open-images-dataset.s3.amazonaws.com/test/64f51a50c1aff6f7.jpg,Andrew Hart,https://creativecommons.org/licenses/by/2.0/,https://creativecommons.org/licenses/by/2.0/,oi-64f51a50c1aff6f7,,,,,2026-10-07T18:14:54+08:00,Open Images V7 public test image / V5 human boxable labels; one non-depicted box >=25% image area
oi-8ce355f47f0d1c45,data/raw/openimages/mouse/oi-8ce355f47f0d1c45.jpg,33ca4a26d471a7801094f8e913ac4613348dea79e4d6060c3d5b18c8633c4879,4,,,open-images-official,,,pending,,open_images,8ce355f47f0d1c45,https://www.flickr.com/photos/zephythor/6200769087,https://farm6.staticflickr.com/6030/6200769087_1d5cdba7dd_o.jpg,https://open-images-dataset.s3.amazonaws.com/test/8ce355f47f0d1c45.jpg,ZephyThor,https://creativecommons.org/licenses/by/2.0/,https://creativecommons.org/licenses/by/2.0/,oi-8ce355f47f0d1c45,,,,,2026-10-07T18:14:59+08:00,Open Images V7 public test image / V5 human boxable labels; one non-depicted box >=25% image area
oi-7cbb92c2094f8da4,data/raw/openimages/keyboard/oi-7cbb92c2094f8da4.jpg,2694f51869fbf29a1a0733b81df93c092b26f2fd5aed25153db665cd02b67217,5,,,open-images-official,,,pending,,open_images,7cbb92c2094f8da4,https://www.flickr.com/photos/126080172@N03/14714850068,https://farm5.staticflickr.com/5567/14714850068_182d1c1393_o.jpg,https://open-images-dataset.s3.amazonaws.com/test/7cbb92c2094f8da4.jpg,EricRobson214,https://creativecommons.org/licenses/by/2.0/,https://creativecommons.org/licenses/by/2.0/,oi-7cbb92c2094f8da4,,,,,2026-10-07T18:15:02+08:00,Open Images V7 public test image / V5 human boxable labels; one non-depicted box >=25% image area
oi-9ed24a2f128a52b0,data/raw/openimages/cup/oi-9ed24a2f128a52b0.jpg,a315ff11f20112bfd406e59106c15229295bcd05b19fd62a8672f070b41f6c98,0,,,open-images-official,,,pending,,open_images,9ed24a2f128a52b0,https://www.flickr.com/photos/illustrationspm/4155751058,https://farm1.staticflickr.com/2801/4155751058_887b192b3b_o.jpg,https://open-images-dataset.s3.amazonaws.com/test/9ed24a2f128a52b0.jpg,patricia miranda,https://creativecommons.org/licenses/by/2.0/,https://creativecommons.org/licenses/by/2.0/,oi-9ed24a2f128a52b0,,,,,2026-10-07T18:15:04+08:00,Open Images V7 public test image / V5 human boxable labels; one non-depicted box >=25% image area
oi-27bb3dc172948f53,data/raw/openimages/earphones/oi-27bb3dc172948f53.jpg,544048a846d4694e49676532ad0ba6557c2a3e39e6220725daee0640b973870f,6,,,open-images-official,,,pending,,open_images,27bb3dc172948f53,https://www.flickr.com/photos/itopic/3906843508,https://farm4.staticflickr.com/3509/3906843508_a611efdb89_o.jpg,https://open-images-dataset.s3.amazonaws.com/test/27bb3dc172948f53.jpg,iTopic,https://creativecommons.org/licenses/by/2.0/,https://creativecommons.org/licenses/by/2.0/,oi-27bb3dc172948f53,,,,,2026-10-07T18:15:07+08:00,Open Images V7 public test image / V5 human boxable labels; one non-depicted box >=25% image area
oi-055b3b56ed924815,data/raw/openimages/earphones/oi-055b3b56ed924815.jpg,1dc3c97fc7a7670b582f90bd4b26caf9298a38d28598993809ff9af6c2b88a3a,6,,,open-images-official,,,pending,,open_images,055b3b56ed924815,https://www.flickr.com/photos/neo_t3/6951952643,https://farm6.staticflickr.com/7187/6951952643_3c99210536_o.jpg,https://open-images-dataset.s3.amazonaws.com/test/055b3b56ed924815.jpg,Jérôme M,https://creativecommons.org/licenses/by/2.0/,https://creativecommons.org/licenses/by/2.0/,oi-055b3b56ed924815,,,,,2026-10-07T18:15:09+08:00,Open Images V7 public test image / V5 human boxable labels; one non-depicted box >=25% image area
oi-ad2d1728376d6167,data/raw/openimages/umbrella/oi-ad2d1728376d6167.jpg,79926b84121754f473d4ccd6f61cdd23529fb8f59df0fae3a550de28cb34225a,1,,,open-images-official,,,pending,,open_images,ad2d1728376d6167,https://www.flickr.com/photos/tomfrisch2000/5330067782,https://farm8.staticflickr.com/5245/5330067782_13a27947dd_o.jpg,https://open-images-dataset.s3.amazonaws.com/test/ad2d1728376d6167.jpg,t f,https://creativecommons.org/licenses/by/2.0/,https://creativecommons.org/licenses/by/2.0/,oi-ad2d1728376d6167,,,,,2026-10-07T18:15:14+08:00,Open Images V7 public test image / V5 human boxable labels; one non-depicted box >=25% image area
oi-9560082fdd029217,data/raw/openimages/keyboard/oi-9560082fdd029217.jpg,487c8e94e45e7faae741d2905fd827a61bb0940d6f1df19b91424105f2c6dbb9,5,,,open-images-official,,,pending,,open_images,9560082fdd029217,https://www.flickr.com/photos/chenshaoju/4203149644,https://farm8.staticflickr.com/2759/4203149644_fc1c87effb_o.jpg,https://open-images-dataset.s3.amazonaws.com/test/9560082fdd029217.jpg,陈 少举,https://creativecommons.org/licenses/by/2.0/,https://creativecommons.org/licenses/by/2.0/,oi-9560082fdd029217,,,,,2026-10-07T18:15:18+08:00,Open Images V7 public test image / V5 human boxable labels; one non-depicted box >=25% image area
