sample_id,category_id,review_status,review_reason,group_id,object_id
commons-186971,3,approved,Codex visual review: identifiable ordinary pencil case,,
commons-90690914,3,approved,Codex visual review: identifiable ordinary pencil case,series-snackpack,
commons-90690930,3,approved,Codex visual review: identifiable ordinary pencil case,series-snackpack,
commons-112016789,3,approved,Codex visual review: identifiable ordinary pencil case,,
commons-129668556,3,approved,Codex visual review: identifiable ordinary pencil case,,
commons-57705040,3,approved,Codex visual review: identifiable ordinary pencil case,,
commons-70577006,3,approved,Codex visual review: identifiable ordinary pencil case,,
commons-82128700,3,approved,Codex visual review: identifiable ordinary pencil case,,
commons-4459473,3,approved,Codex visual review: identifiable ordinary pencil case,,
commons-57705146,3,approved,Codex visual review: identifiable ordinary pencil case,,
commons-116774080,3,rejected,"Visual boundary review: uncertain retail pencil packaging, exclude from ordinary case",,
commons-157525131,3,approved,Codex visual review: identifiable ordinary pencil case,,
commons-7820256,3,approved,Codex visual review: identifiable ordinary pencil case,,
commons-10194164,3,approved,Codex visual review: identifiable ordinary pencil case,,
commons-71123321,3,approved,Codex visual review: identifiable ordinary pencil case,,
commons-90776699,3,approved,Codex visual review: identifiable ordinary pencil case,series-fountain-case,
commons-90776700,3,approved,Codex visual review: identifiable ordinary pencil case,series-fountain-case,
commons-90776701,3,approved,Codex visual review: identifiable ordinary pencil case,series-fountain-case,
commons-95180083,3,approved,Codex visual review: identifiable ordinary pencil case,,
commons-114234364,3,approved,Codex visual review: identifiable ordinary pencil case,,
commons-25911760,3,rejected,"Codex visual review: antique, unrelated, multi-subject or incomplete detail",,
commons-92839803,3,rejected,"Codex visual review: antique, unrelated, multi-subject or incomplete detail",,
commons-165744,3,rejected,"Codex visual review: antique, unrelated, multi-subject or incomplete detail",,
commons-307965,3,rejected,"Codex visual review: antique, unrelated, multi-subject or incomplete detail",,
commons-30360234,3,rejected,"Codex visual review: antique, unrelated, multi-subject or incomplete detail",,
commons-87449717,3,rejected,"Codex visual review: antique, unrelated, multi-subject or incomplete detail",,
commons-147065269,3,rejected,"Codex visual review: antique, unrelated, multi-subject or incomplete detail",,
commons-147065270,3,rejected,"Codex visual review: antique, unrelated, multi-subject or incomplete detail",,
commons-147065271,3,rejected,"Codex visual review: antique, unrelated, multi-subject or incomplete detail",,
commons-1663104,3,rejected,"Codex visual review: antique, unrelated, multi-subject or incomplete detail",,
commons-64764879,3,rejected,"Codex visual review: antique, unrelated, multi-subject or incomplete detail",,
commons-90769743,3,rejected,"Codex visual review: antique, unrelated, multi-subject or incomplete detail",,
commons-90769744,3,rejected,"Codex visual review: antique, unrelated, multi-subject or incomplete detail",,
commons-90769750,3,rejected,"Codex visual review: antique, unrelated, multi-subject or incomplete detail",,
commons-145359501,3,rejected,"Codex visual review: antique, unrelated, multi-subject or incomplete detail",,
commons-50486929,3,rejected,"Codex visual review: antique, unrelated, multi-subject or incomplete detail",,
commons-82135596,3,rejected,"Codex visual review: antique, unrelated, multi-subject or incomplete detail",,
commons-389273,3,rejected,"Codex visual review: antique, unrelated, multi-subject or incomplete detail",,
commons-389276,3,rejected,"Codex visual review: antique, unrelated, multi-subject or incomplete detail",,
commons-389277,3,rejected,"Codex visual review: antique, unrelated, multi-subject or incomplete detail",,
commons-1938513,3,approved,Codex visual contact-sheet review: ordinary pencil case,series-parker-display,
commons-2062751,3,approved,Codex visual contact-sheet review: ordinary pencil case,,
commons-9997360,3,approved,Codex visual contact-sheet review: ordinary pencil case,,
commons-11078098,3,approved,Codex visual contact-sheet review: ordinary pencil case,,
commons-145115297,3,approved,Codex visual contact-sheet review: ordinary pencil case,,
commons-469271,3,approved,Codex visual contact-sheet review: ordinary pencil case,,
commons-50609062,3,approved,Codex visual contact-sheet review: ordinary pencil case,,
commons-70813050,3,approved,Codex visual contact-sheet review: ordinary pencil case,,
commons-99164124,3,approved,Codex visual contact-sheet review: ordinary pencil case,,
commons-104159933,3,approved,Codex visual contact-sheet review: ordinary pencil case,,
commons-109870963,3,approved,Codex visual contact-sheet review: ordinary pencil case,,
commons-1994673,3,approved,Codex visual contact-sheet review: ordinary pencil case,series-parker-display,
commons-3926181,3,approved,Codex visual contact-sheet review: ordinary pencil case,,
commons-61985292,3,approved,Codex visual contact-sheet review: ordinary pencil case,,
commons-131037122,3,approved,Codex visual contact-sheet review: ordinary pencil case,,
commons-146706673,3,approved,Codex visual contact-sheet review: ordinary pencil case,,
commons-158582624,3,approved,Codex visual contact-sheet review: ordinary pencil case,,
commons-58183086,3,approved,Codex visual contact-sheet review: ordinary pencil case,series-black-pencilcase,
commons-58183092,3,approved,Codex visual contact-sheet review: ordinary pencil case,series-black-pencilcase,
commons-75737639,3,approved,Codex visual contact-sheet review: ordinary pencil case,,
commons-49839916,3,approved,Codex visual contact-sheet review: ordinary pencil case,,
commons-389278,3,rejected,Codex visual recheck: antique exhibit outside ordinary stationery case scope,,
commons-56984126,3,rejected,Codex visual review: unrelated/museum antique/diagram/multiple main subjects,,
commons-9423163,3,rejected,Codex visual review: unrelated/museum antique/diagram/multiple main subjects,,
commons-63569121,3,rejected,Codex visual review: unrelated/museum antique/diagram/multiple main subjects,series-antique-woodcase,
commons-74552860,3,rejected,Codex visual review: unrelated/museum antique/diagram/multiple main subjects,,
commons-104318968,3,rejected,Codex visual review: unrelated/museum antique/diagram/multiple main subjects,,
commons-6630517,3,rejected,Codex visual review: unrelated/museum antique/diagram/multiple main subjects,,
commons-45174693,3,rejected,Codex visual review: unrelated/museum antique/diagram/multiple main subjects,,
commons-95064214,3,rejected,Codex visual review: unrelated/museum antique/diagram/multiple main subjects,,
commons-163014215,3,rejected,Codex visual review: unrelated/museum antique/diagram/multiple main subjects,,
commons-53797932,3,rejected,Codex visual review: unrelated/museum antique/diagram/multiple main subjects,,
commons-63569110,3,rejected,Codex visual review: unrelated/museum antique/diagram/multiple main subjects,series-antique-woodcase,
commons-104827983,3,rejected,Codex visual review: unrelated/museum antique/diagram/multiple main subjects,,
commons-104827993,3,rejected,Codex visual review: unrelated/museum antique/diagram/multiple main subjects,,
commons-115031695,3,rejected,Codex visual review: unrelated/museum antique/diagram/multiple main subjects,,
commons-168368205,3,rejected,Codex visual review: unrelated/museum antique/diagram/multiple main subjects,,
commons-129441108,3,rejected,Codex visual review: unrelated/museum antique/diagram/multiple main subjects,,
commons-129690928,3,rejected,Codex visual review: unrelated/museum antique/diagram/multiple main subjects,,
commons-134104021,3,rejected,Codex visual review: unrelated/museum antique/diagram/multiple main subjects,,
commons-134859902,3,rejected,Codex visual review: unrelated/museum antique/diagram/multiple main subjects,,
commons-134878835,3,rejected,Codex visual review: unrelated/museum antique/diagram/multiple main subjects,,
commons-134880260,3,rejected,Codex visual review: unrelated/museum antique/diagram/multiple main subjects,,
commons-135203577,3,rejected,Codex visual review: unrelated/museum antique/diagram/multiple main subjects,,
commons-195997543,3,rejected,Codex visual review: unrelated/museum antique/diagram/multiple main subjects,,
commons-7731428,3,rejected,Codex visual review: unrelated/museum antique/diagram/multiple main subjects,,
commons-136702596,3,rejected,Codex visual review: unrelated/museum antique/diagram/multiple main subjects,,
commons-190010145,3,rejected,Codex visual review: unrelated/museum antique/diagram/multiple main subjects,,
commons-190600906,3,rejected,Codex visual review: unrelated/museum antique/diagram/multiple main subjects,,
commons-190600916,3,rejected,Codex visual review: unrelated/museum antique/diagram/multiple main subjects,,
commons-190600926,3,rejected,Codex visual review: unrelated/museum antique/diagram/multiple main subjects,,
commons-190600938,3,rejected,Codex visual review: unrelated/museum antique/diagram/multiple main subjects,,
commons-190600949,3,rejected,Codex visual review: unrelated/museum antique/diagram/multiple main subjects,,
commons-190600960,3,rejected,Codex visual review: unrelated/museum antique/diagram/multiple main subjects,,
commons-199460408,3,rejected,Codex visual review: unrelated/museum antique/diagram/multiple main subjects,,
commons-4792696,3,rejected,Codex visual review: unrelated/museum antique/diagram/multiple main subjects,,
commons-107979276,3,rejected,Codex visual review: unrelated/museum antique/diagram/multiple main subjects,,
commons-107979313,3,rejected,Codex visual review: unrelated/museum antique/diagram/multiple main subjects,,
commons-108011053,3,rejected,Codex visual review: unrelated/museum antique/diagram/multiple main subjects,,
commons-129377512,3,rejected,Codex visual review: unrelated/museum antique/diagram/multiple main subjects,,
commons-190010120,3,rejected,Codex visual review: unrelated/museum antique/diagram/multiple main subjects,,
commons-190010127,3,rejected,Codex visual review: unrelated/museum antique/diagram/multiple main subjects,,
commons-190010134,3,rejected,Codex visual review: unrelated/museum antique/diagram/multiple main subjects,,
commons-190010140,3,rejected,Codex visual review: unrelated/museum antique/diagram/multiple main subjects,,
commons-60914043,3,rejected,Codex visual review: unrelated/museum antique/diagram/multiple main subjects,,
commons-60914047,3,rejected,Codex visual review: unrelated/museum antique/diagram/multiple main subjects,,
oi-0d0782d803701822,3,rejected,"Codex visual review: multiple subjects, pens/holders, unclear case or partial detail",,
oi-e75d854a53592c2e,3,rejected,"Codex visual review: multiple subjects, pens/holders, unclear case or partial detail",,
oi-18fb994b460a1346,3,approved,Codex visual review: ordinary single-main pencil case,,
oi-7aaef11e3d8c9271,3,rejected,"Codex visual review: multiple subjects, pens/holders, unclear case or partial detail",,
oi-11d64192cfd404a7,3,rejected,"Codex visual review: multiple subjects, pens/holders, unclear case or partial detail",,
oi-2ba4205a93f34512,3,rejected,"Codex visual review: multiple subjects, pens/holders, unclear case or partial detail",,
oi-4bd3ecd96aad0656,3,approved,Codex visual review: ordinary single-main pencil case,,
oi-2c80d37ae411da82,3,approved,Codex visual review: ordinary single-main pencil case,,
oi-b9b1802761cf61e7,3,rejected,"Codex visual review: multiple subjects, pens/holders, unclear case or partial detail",,
oi-c65bab3de0a5df8d,3,rejected,"Codex visual review: multiple subjects, pens/holders, unclear case or partial detail",,
oi-0bb15281fec40c04,3,approved,Codex visual review: ordinary single-main pencil case,,
oi-34b0bbc8824f3225,3,approved,Codex visual review: ordinary single-main pencil case,,
oi-1d6474baedac0f23,3,approved,Codex visual review: ordinary single-main pencil case,,
oi-03a0976793ff7873,3,rejected,"Codex visual review: multiple subjects, pens/holders, unclear case or partial detail",,
oi-7922e47f6f1d0565,3,approved,Codex visual review: ordinary single-main pencil case,series-checker-yellow-bag,
oi-0010c04f6b0766c1,3,rejected,"Codex visual review: multiple subjects, pens/holders, unclear case or partial detail",,
oi-53096fc5af367be6,3,approved,Codex visual review: ordinary single-main pencil case,series-green-yellow-penroll,
oi-30a993ec7472a728,3,approved,Codex visual review: ordinary single-main pencil case,,
oi-86216cff9e0bf561,3,rejected,"Codex visual review: multiple subjects, pens/holders, unclear case or partial detail",,
oi-a83cbbc1a9d89642,3,approved,Codex visual review: ordinary single-main pencil case,,
oi-1ec5fa9b2816a990,3,approved,Codex visual review: ordinary single-main pencil case,series-green-yellow-penroll,
oi-3b71727246b3699a,3,approved,Codex visual review: ordinary single-main pencil case,,
oi-bf850f32f38bd52f,3,approved,Codex visual review: ordinary single-main pencil case,series-checker-yellow-bag,
oi-b5fed0c0d8fab2de,3,approved,Codex visual review: ordinary single-main pencil case,series-redwhite-foldcase,
oi-9b2fbd121b0531bc,3,approved,Codex visual review: ordinary single-main pencil case,,
oi-04e32389cf2a3fb2,3,approved,Codex visual review: ordinary single-main pencil case,,
oi-1b5738cd6962eea0,3,approved,Codex visual review: ordinary single-main pencil case,,
oi-88090db80f7bcbae,3,rejected,"Codex visual review: multiple subjects, pens/holders, unclear case or partial detail",,
oi-c30a21bbc556775a,3,approved,Codex visual review: ordinary single-main pencil case,,
oi-1454259e334186fd,3,rejected,"Codex visual review: multiple subjects, pens/holders, unclear case or partial detail",,
oi-43ef63ba5fb17262,3,rejected,"Codex visual review: multiple subjects, pens/holders, unclear case or partial detail",,
oi-8b7289028fc2d2ca,3,rejected,"Codex visual review: multiple subjects, pens/holders, unclear case or partial detail",,
oi-4fa1553e47a2b987,3,approved,Codex visual review: ordinary single-main pencil case,,
oi-0b3b9a620b0e316e,3,approved,Codex visual review: ordinary single-main pencil case,,
oi-6b784b107eaa3126,3,approved,Codex visual review: ordinary single-main pencil case,series-pinkheart-case,
oi-e3872f21ed05b1b7,3,rejected,"Codex visual review: multiple subjects, pens/holders, unclear case or partial detail",,
oi-0ce0e62b1239f284,3,approved,Codex visual review: ordinary single-main pencil case,,
oi-b0c49ef67493d691,3,rejected,"Codex visual review: multiple subjects, pens/holders, unclear case or partial detail",,
oi-10dd651ae86b43b3,3,approved,Codex visual review: ordinary single-main pencil case,series-pinkheart-case,
oi-d4171fda28f353f1,3,approved,Codex visual review: ordinary single-main pencil case,,
oi-7f5261defd85b2df,3,approved,Codex visual review: ordinary single-main pencil case,oi-visual-series-160,
oi-0e2c837ca7c5c9ea,3,rejected,"Codex visual review: multiple subjects, pens/holders, unclear case or partial detail",,
oi-020abe0ec21fdaea,3,approved,Codex visual review: ordinary single-main pencil case,,
oi-1f3d8ccade270e7a,3,approved,Codex visual review: ordinary single-main pencil case,,
oi-5ff7c1402314ffb7,3,rejected,"Codex visual review: multiple subjects, pens/holders, unclear case or partial detail",,
oi-0725c26448e2045d,3,approved,Codex visual review: ordinary single-main pencil case,,
oi-007eddb64df9cc32,3,approved,Codex visual review: ordinary single-main pencil case,oi-visual-series-166,
oi-217059e36842a45e,3,approved,Codex visual review: ordinary single-main pencil case,,
oi-4b0312abb8f872ed,3,approved,Codex visual review: ordinary single-main pencil case,,
oi-2abafe6c651be228,3,approved,Codex visual review: ordinary single-main pencil case,oi-visual-series-169,
oi-343ac1f32a667b06,3,approved,Codex visual review: ordinary single-main pencil case,,
oi-e40e20dd13cc2986,3,approved,Codex visual review: ordinary single-main pencil case,,
oi-01e6091af2f16948,3,rejected,"Codex visual review: multiple subjects, pens/holders, unclear case or partial detail",,
oi-0dbb70a5f2a54a3a,3,rejected,"Codex visual review: multiple subjects, pens/holders, unclear case or partial detail",,
oi-0e10a90256482b65,3,approved,Codex visual review: ordinary single-main pencil case,,
oi-e95c584469ff140d,3,approved,Codex visual review: ordinary single-main pencil case,,
oi-4ee38c4185e67310,3,rejected,"Codex visual review: multiple subjects, pens/holders, unclear case or partial detail",,
oi-d05751b8585390db,3,rejected,"Codex visual review: multiple subjects, pens/holders, unclear case or partial detail",,
oi-510cc5a0ece3e926,3,approved,Codex visual review: ordinary single-main pencil case,,
oi-1265ab8792121ac4,3,approved,Codex visual review: ordinary single-main pencil case,,
oi-7a0371ebb6a6419a,3,rejected,"Codex visual review: multiple subjects, pens/holders, unclear case or partial detail",,
oi-bdf72bedac50c27f,3,approved,Codex visual review: ordinary single-main pencil case,series-redwhite-foldcase,
oi-016b7894fbd160c5,3,rejected,"Codex visual review: multiple subjects, pens/holders, unclear case or partial detail",,
oi-1e1bf9173c309bb1,3,rejected,"Codex visual review: multiple subjects, pens/holders, unclear case or partial detail",,
oi-484a4337282dde1e,3,approved,Codex visual review: ordinary single-main pencil case,,
oi-d79cbc07a042f448,3,rejected,"Codex visual review: multiple subjects, pens/holders, unclear case or partial detail",,
oi-1633a922341d89a6,3,approved,Codex visual review: ordinary single-main pencil case,,
oi-c0e8c687a4b54526,3,approved,Codex visual review: ordinary single-main pencil case,,
oi-34047a2c56b0866d,3,approved,Codex visual review: ordinary single-main pencil case,,
oi-727da1aa71dc1260,3,rejected,"Codex visual review: multiple subjects, pens/holders, unclear case or partial detail",,
oi-656c442f3af1fc1f,3,approved,Codex visual review: ordinary single-main pencil case,,
oi-b7cb897814ae99a5,3,rejected,"Codex visual review: multiple subjects, pens/holders, unclear case or partial detail",,
oi-04c172daebba5782,3,approved,Codex visual review: ordinary single-main pencil case,,
oi-01cea79a0b4f1012,3,rejected,"Codex visual review: multiple subjects, pens/holders, unclear case or partial detail",,
oi-3d631084d819e84f,3,approved,Codex visual review: ordinary single-main pencil case,,
oi-68e57b74c3261439,3,approved,Codex visual review: ordinary single-main pencil case,,
oi-19d1bae4819f2a4b,3,approved,Codex visual review: ordinary single-main pencil case,,
oi-ee57f5361bcf173b,3,approved,Codex visual review: ordinary single-main pencil case,,
oi-a1e9c53057114ca6,3,approved,Codex visual review: ordinary single-main pencil case,,
oi-b736a47d84f26d8b,3,approved,Codex visual review: ordinary single-main pencil case,,
commons-18126029,0,rejected,"Codex visual review of contact sheet: multiple principal cups, clutter/scene, or cup not identifiable",,
commons-31914538,0,approved,Codex visual review of contact sheet: one identifiable target within frozen category definition,visual-series-0-1,
commons-31914539,0,approved,Codex visual review of contact sheet: one identifiable target within frozen category definition,visual-series-0-1,
commons-31915073,0,approved,Codex visual review of contact sheet: one identifiable target within frozen category definition,,
commons-44401341,0,rejected,"Codex visual review of contact sheet: multiple principal cups, clutter/scene, or cup not identifiable",,
commons-89967335,0,rejected,"Codex visual review of contact sheet: multiple principal cups, clutter/scene, or cup not identifiable",,
commons-101216081,0,approved,Codex visual review of contact sheet: one identifiable target within frozen category definition,,
commons-110918099,0,rejected,"Codex visual review of contact sheet: multiple principal cups, clutter/scene, or cup not identifiable",,
commons-147245454,0,approved,Codex visual review of contact sheet: one identifiable target within frozen category definition,visual-series-0-8,
commons-62119136,0,approved,Codex visual review of contact sheet: one identifiable target within frozen category definition,,
commons-71434327,0,rejected,"Codex visual review of contact sheet: multiple principal cups, clutter/scene, or cup not identifiable",,
commons-75331128,0,rejected,"Codex visual review of contact sheet: multiple principal cups, clutter/scene, or cup not identifiable",,
commons-97134894,0,approved,Codex visual review of contact sheet: one identifiable target within frozen category definition,,
commons-120419084,0,approved,Codex visual review of contact sheet: one identifiable target within frozen category definition,,
commons-147245455,0,approved,Codex visual review of contact sheet: one identifiable target within frozen category definition,visual-series-0-8,
commons-197215241,0,approved,Codex visual review of contact sheet: one identifiable target within frozen category definition,,
commons-70810973,0,rejected,"Codex visual review of contact sheet: multiple principal cups, clutter/scene, or cup not identifiable",,
commons-70847608,0,rejected,"Codex visual review of contact sheet: multiple principal cups, clutter/scene, or cup not identifiable",,
commons-71377363,0,rejected,"Codex visual review of contact sheet: multiple principal cups, clutter/scene, or cup not identifiable",,
commons-71769806,0,rejected,"Codex visual review of contact sheet: multiple principal cups, clutter/scene, or cup not identifiable",,
commons-87762212,0,approved,Codex visual review of contact sheet: one identifiable target within frozen category definition,,
commons-96352216,0,approved,Codex visual review of contact sheet: one identifiable target within frozen category definition,,
commons-101801303,0,approved,Codex visual review of contact sheet: one identifiable target within frozen category definition,,
commons-113794896,0,approved,Codex visual review of contact sheet: one identifiable target within frozen category definition,,
commons-137280342,0,rejected,"Codex visual review of contact sheet: multiple principal cups, clutter/scene, or cup not identifiable",,
commons-18673206,0,approved,Codex visual review of contact sheet: one identifiable target within frozen category definition,visual-series-0-25,
commons-18673211,0,approved,Codex visual review of contact sheet: one identifiable target within frozen category definition,visual-series-0-25,
commons-18673213,0,approved,Codex visual review of contact sheet: one identifiable target within frozen category definition,visual-series-0-25,
commons-58331627,0,rejected,"Codex visual review of contact sheet: multiple principal cups, clutter/scene, or cup not identifiable",,
commons-70847609,0,rejected,"Codex visual review of contact sheet: multiple principal cups, clutter/scene, or cup not identifiable",,
commons-90566589,0,rejected,"Codex visual review of contact sheet: multiple principal cups, clutter/scene, or cup not identifiable",,
commons-99408689,0,approved,Codex visual review of contact sheet: one identifiable target within frozen category definition,,
commons-114290196,0,approved,Codex visual review of contact sheet: one identifiable target within frozen category definition,,
commons-182111294,0,approved,Codex visual review of contact sheet: one identifiable target within frozen category definition,,
commons-129066358,0,rejected,"Codex visual review of contact sheet: multiple principal cups, clutter/scene, or cup not identifiable",,
commons-159670421,0,rejected,"Codex visual review of contact sheet: multiple principal cups, clutter/scene, or cup not identifiable",,
commons-177385086,0,approved,Codex visual review of contact sheet: one identifiable target within frozen category definition,,
commons-180333543,0,approved,Codex visual review of contact sheet: one identifiable target within frozen category definition,,
commons-37316229,0,approved,Codex visual review of contact sheet: one identifiable target within frozen category definition,,
commons-89131112,0,rejected,"Codex visual review of contact sheet: multiple principal cups, clutter/scene, or cup not identifiable",,
commons-16035930,1,rejected,"Codex visual review of contact sheet: umbrella not primary or out of scope: scene, drawing, ornamental item, small distant target",,
commons-17800067,1,rejected,"Codex visual review of contact sheet: umbrella not primary or out of scope: scene, drawing, ornamental item, small distant target",,
commons-18891535,1,rejected,"Codex visual review of contact sheet: umbrella not primary or out of scope: scene, drawing, ornamental item, small distant target",,
commons-32088857,1,rejected,"Codex visual review of contact sheet: umbrella not primary or out of scope: scene, drawing, ornamental item, small distant target",,
commons-32624057,1,rejected,"Codex visual review of contact sheet: umbrella not primary or out of scope: scene, drawing, ornamental item, small distant target",,
commons-38675723,1,rejected,"Codex visual review of contact sheet: umbrella not primary or out of scope: scene, drawing, ornamental item, small distant target",,
commons-194095647,1,rejected,"Codex visual review of contact sheet: umbrella not primary or out of scope: scene, drawing, ornamental item, small distant target",,
commons-194586801,1,rejected,"Codex visual review of contact sheet: umbrella not primary or out of scope: scene, drawing, ornamental item, small distant target",,
commons-18943161,1,rejected,"Codex visual review of contact sheet: umbrella not primary or out of scope: scene, drawing, ornamental item, small distant target",,
commons-67420116,1,approved,Codex visual review of contact sheet: one identifiable target within frozen category definition,,
commons-71288187,1,rejected,"Codex visual review of contact sheet: umbrella not primary or out of scope: scene, drawing, ornamental item, small distant target",,
commons-81029680,1,rejected,"Codex visual review of contact sheet: umbrella not primary or out of scope: scene, drawing, ornamental item, small distant target",,
commons-92836756,1,rejected,"Codex visual review of contact sheet: umbrella not primary or out of scope: scene, drawing, ornamental item, small distant target",,
commons-100844475,1,approved,Codex visual review of contact sheet: one identifiable target within frozen category definition,visual-series-1-13,
commons-100844480,1,approved,Codex visual review of contact sheet: one identifiable target within frozen category definition,visual-series-1-13,
commons-124688398,1,rejected,"Codex visual review of contact sheet: umbrella not primary or out of scope: scene, drawing, ornamental item, small distant target",,
commons-3100687,1,rejected,"Codex visual review of contact sheet: umbrella not primary or out of scope: scene, drawing, ornamental item, small distant target",,
commons-71287368,1,rejected,"Codex visual review of contact sheet: umbrella not primary or out of scope: scene, drawing, ornamental item, small distant target",,
commons-71365531,1,rejected,"Codex visual review of contact sheet: umbrella not primary or out of scope: scene, drawing, ornamental item, small distant target",,
commons-76864874,1,rejected,"Codex visual review of contact sheet: umbrella not primary or out of scope: scene, drawing, ornamental item, small distant target",,
commons-115382996,1,rejected,"Codex visual review of contact sheet: umbrella not primary or out of scope: scene, drawing, ornamental item, small distant target",,
commons-163653826,1,rejected,"Codex visual review of contact sheet: umbrella not primary or out of scope: scene, drawing, ornamental item, small distant target",,
commons-177482063,1,rejected,"Codex visual review of contact sheet: umbrella not primary or out of scope: scene, drawing, ornamental item, small distant target",,
commons-59458834,1,rejected,"Codex visual review of contact sheet: umbrella not primary or out of scope: scene, drawing, ornamental item, small distant target",,
commons-67316539,1,rejected,"Codex visual review of contact sheet: umbrella not primary or out of scope: scene, drawing, ornamental item, small distant target",,
commons-84469148,1,rejected,"Codex visual review of contact sheet: umbrella not primary or out of scope: scene, drawing, ornamental item, small distant target",,
commons-97399313,1,approved,Codex visual review of contact sheet: one identifiable target within frozen category definition,,
commons-102324372,1,rejected,"Codex visual review of contact sheet: umbrella not primary or out of scope: scene, drawing, ornamental item, small distant target",,
commons-102324416,1,rejected,"Codex visual review of contact sheet: umbrella not primary or out of scope: scene, drawing, ornamental item, small distant target",,
commons-138743794,1,rejected,"Codex visual review of contact sheet: umbrella not primary or out of scope: scene, drawing, ornamental item, small distant target",,
commons-163653834,1,rejected,"Codex visual review of contact sheet: umbrella not primary or out of scope: scene, drawing, ornamental item, small distant target",,
commons-163653841,1,rejected,"Codex visual review of contact sheet: umbrella not primary or out of scope: scene, drawing, ornamental item, small distant target",,
commons-40075115,1,rejected,"Codex visual review of contact sheet: umbrella not primary or out of scope: scene, drawing, ornamental item, small distant target",,
commons-40075117,1,rejected,"Codex visual review of contact sheet: umbrella not primary or out of scope: scene, drawing, ornamental item, small distant target",,
commons-40075118,1,rejected,"Codex visual review of contact sheet: umbrella not primary or out of scope: scene, drawing, ornamental item, small distant target",,
commons-40075121,1,rejected,"Codex visual review of contact sheet: umbrella not primary or out of scope: scene, drawing, ornamental item, small distant target",,
commons-110386880,1,rejected,"Codex visual review of contact sheet: umbrella not primary or out of scope: scene, drawing, ornamental item, small distant target",,
commons-152760517,1,rejected,"Codex visual review of contact sheet: umbrella not primary or out of scope: scene, drawing, ornamental item, small distant target",,
commons-17906776,1,rejected,"Codex visual review of contact sheet: umbrella not primary or out of scope: scene, drawing, ornamental item, small distant target",,
commons-27471901,1,rejected,"Codex visual review of contact sheet: umbrella not primary or out of scope: scene, drawing, ornamental item, small distant target",,
commons-48830885,2,rejected,Codex visual review of contact sheet: scan/drawing/page sample or book not primary; not a photograph of one identifiable book,,
commons-64287978,2,rejected,Codex visual review of contact sheet: scan/drawing/page sample or book not primary; not a photograph of one identifiable book,,
commons-64514073,2,rejected,Codex visual review of contact sheet: scan/drawing/page sample or book not primary; not a photograph of one identifiable book,,
commons-64514194,2,rejected,Codex visual review of contact sheet: scan/drawing/page sample or book not primary; not a photograph of one identifiable book,,
commons-64669274,2,rejected,Codex visual review of contact sheet: scan/drawing/page sample or book not primary; not a photograph of one identifiable book,,
commons-64759202,2,rejected,Codex visual review of contact sheet: scan/drawing/page sample or book not primary; not a photograph of one identifiable book,,
commons-77128177,2,rejected,Codex visual review of contact sheet: scan/drawing/page sample or book not primary; not a photograph of one identifiable book,,
commons-113230116,2,rejected,Codex visual review of contact sheet: scan/drawing/page sample or book not primary; not a photograph of one identifiable book,,
commons-64287860,2,rejected,Codex visual review of contact sheet: scan/drawing/page sample or book not primary; not a photograph of one identifiable book,,
commons-64288599,2,rejected,Codex visual review of contact sheet: scan/drawing/page sample or book not primary; not a photograph of one identifiable book,,
commons-64514185,2,rejected,Codex visual review of contact sheet: scan/drawing/page sample or book not primary; not a photograph of one identifiable book,,
commons-64669375,2,rejected,Codex visual review of contact sheet: scan/drawing/page sample or book not primary; not a photograph of one identifiable book,,
commons-64669934,2,rejected,Codex visual review of contact sheet: scan/drawing/page sample or book not primary; not a photograph of one identifiable book,,
commons-64669949,2,rejected,Codex visual review of contact sheet: scan/drawing/page sample or book not primary; not a photograph of one identifiable book,,
commons-64759529,2,rejected,Codex visual review of contact sheet: scan/drawing/page sample or book not primary; not a photograph of one identifiable book,,
commons-64759937,2,rejected,Codex visual review of contact sheet: scan/drawing/page sample or book not primary; not a photograph of one identifiable book,,
commons-76021185,2,rejected,Codex visual review of contact sheet: scan/drawing/page sample or book not primary; not a photograph of one identifiable book,,
commons-90172870,2,rejected,Codex visual review of contact sheet: scan/drawing/page sample or book not primary; not a photograph of one identifiable book,,
commons-670307,2,rejected,Codex visual review of contact sheet: scan/drawing/page sample or book not primary; not a photograph of one identifiable book,,
commons-17789726,2,rejected,Codex visual review of contact sheet: scan/drawing/page sample or book not primary; not a photograph of one identifiable book,,
commons-64377532,2,rejected,Codex visual review of contact sheet: scan/drawing/page sample or book not primary; not a photograph of one identifiable book,,
commons-64377823,2,rejected,Codex visual review of contact sheet: scan/drawing/page sample or book not primary; not a photograph of one identifiable book,,
commons-64377976,2,rejected,Codex visual review of contact sheet: scan/drawing/page sample or book not primary; not a photograph of one identifiable book,,
commons-64378014,2,rejected,Codex visual review of contact sheet: scan/drawing/page sample or book not primary; not a photograph of one identifiable book,,
commons-64514115,2,rejected,Codex visual review of contact sheet: scan/drawing/page sample or book not primary; not a photograph of one identifiable book,,
commons-64514163,2,rejected,Codex visual review of contact sheet: scan/drawing/page sample or book not primary; not a photograph of one identifiable book,,
commons-64759068,2,rejected,Codex visual review of contact sheet: scan/drawing/page sample or book not primary; not a photograph of one identifiable book,,
commons-64759268,2,rejected,Codex visual review of contact sheet: scan/drawing/page sample or book not primary; not a photograph of one identifiable book,,
commons-64377444,2,rejected,Codex visual review of contact sheet: scan/drawing/page sample or book not primary; not a photograph of one identifiable book,,
commons-64377632,2,rejected,Codex visual review of contact sheet: scan/drawing/page sample or book not primary; not a photograph of one identifiable book,,
commons-64377691,2,rejected,Codex visual review of contact sheet: scan/drawing/page sample or book not primary; not a photograph of one identifiable book,,
commons-64377875,2,rejected,Codex visual review of contact sheet: scan/drawing/page sample or book not primary; not a photograph of one identifiable book,,
commons-64378148,2,rejected,Codex visual review of contact sheet: scan/drawing/page sample or book not primary; not a photograph of one identifiable book,,
commons-64378179,2,rejected,Codex visual review of contact sheet: scan/drawing/page sample or book not primary; not a photograph of one identifiable book,,
commons-64759033,2,rejected,Codex visual review of contact sheet: scan/drawing/page sample or book not primary; not a photograph of one identifiable book,,
commons-64759225,2,rejected,Codex visual review of contact sheet: scan/drawing/page sample or book not primary; not a photograph of one identifiable book,,
commons-64759811,2,rejected,Codex visual review of contact sheet: scan/drawing/page sample or book not primary; not a photograph of one identifiable book,,
commons-142552779,2,rejected,Codex visual review of contact sheet: scan/drawing/page sample or book not primary; not a photograph of one identifiable book,,
commons-12138,2,rejected,Codex visual review of contact sheet: scan/drawing/page sample or book not primary; not a photograph of one identifiable book,,
commons-64287933,2,rejected,Codex visual review of contact sheet: scan/drawing/page sample or book not primary; not a photograph of one identifiable book,,
commons-1707265,4,approved,Codex visual review of contact sheet: one identifiable target within frozen category definition,,
commons-5403665,4,approved,Codex visual review of contact sheet: one identifiable target within frozen category definition,,
commons-60396027,4,rejected,"Codex visual review of contact sheet: mouse not primary, disassembled detail, trackball, store scene, or unrelated subject",,
commons-84500943,4,rejected,"Codex visual review of contact sheet: mouse not primary, disassembled detail, trackball, store scene, or unrelated subject",,
commons-119218839,4,rejected,"Codex visual review of contact sheet: mouse not primary, disassembled detail, trackball, store scene, or unrelated subject",,
commons-128899453,4,rejected,"Codex visual review of contact sheet: mouse not primary, disassembled detail, trackball, store scene, or unrelated subject",,
commons-144502705,4,approved,Codex visual review of contact sheet: one identifiable target within frozen category definition,,
commons-191841135,4,rejected,"Codex visual review of contact sheet: mouse not primary, disassembled detail, trackball, store scene, or unrelated subject",,
commons-197220366,4,approved,Codex visual review of contact sheet: one identifiable target within frozen category definition,,
commons-14491840,4,approved,Codex visual review of contact sheet: one identifiable target within frozen category definition,,
commons-14491855,4,approved,Codex visual review of contact sheet: one identifiable target within frozen category definition,,
commons-14491865,4,approved,Codex visual review of contact sheet: one identifiable target within frozen category definition,visual-series-4-11,
commons-39316594,4,rejected,"Codex visual review of contact sheet: mouse not primary, disassembled detail, trackball, store scene, or unrelated subject",,
commons-77886715,4,approved,Codex visual review of contact sheet: one identifiable target within frozen category definition,,
commons-80677564,4,approved,Codex visual review of contact sheet: one identifiable target within frozen category definition,,
commons-117694315,4,approved,Codex visual review of contact sheet: one identifiable target within frozen category definition,visual-series-4-11,
commons-162711500,4,approved,Codex visual review of contact sheet: one identifiable target within frozen category definition,,
commons-201083743,4,rejected,"Codex visual review of contact sheet: mouse not primary, disassembled detail, trackball, store scene, or unrelated subject",,
commons-1576502,4,rejected,"Codex visual review of contact sheet: mouse not primary, disassembled detail, trackball, store scene, or unrelated subject",,
commons-21526231,4,rejected,"Codex visual review of contact sheet: mouse not primary, disassembled detail, trackball, store scene, or unrelated subject",,
commons-21526232,4,approved,Codex visual review of contact sheet: one identifiable target within frozen category definition,visual-series-4-20,
commons-21526233,4,approved,Codex visual review of contact sheet: one identifiable target within frozen category definition,visual-series-4-20,
commons-36537254,4,rejected,"Codex visual review of contact sheet: mouse not primary, disassembled detail, trackball, store scene, or unrelated subject",,
commons-81284315,4,approved,Codex visual review of contact sheet: one identifiable target within frozen category definition,,
commons-16007442,4,rejected,"Codex visual review of contact sheet: mouse not primary, disassembled detail, trackball, store scene, or unrelated subject",,
commons-17677059,4,rejected,"Codex visual review of contact sheet: mouse not primary, disassembled detail, trackball, store scene, or unrelated subject",,
commons-34699241,4,rejected,"Codex visual review of contact sheet: mouse not primary, disassembled detail, trackball, store scene, or unrelated subject",,
commons-52244502,4,rejected,"Codex visual review of contact sheet: mouse not primary, disassembled detail, trackball, store scene, or unrelated subject",,
commons-56772456,4,rejected,"Codex visual review of contact sheet: mouse not primary, disassembled detail, trackball, store scene, or unrelated subject",,
commons-113219574,4,rejected,"Codex visual review of contact sheet: mouse not primary, disassembled detail, trackball, store scene, or unrelated subject",,
commons-113219575,4,rejected,"Codex visual review of contact sheet: mouse not primary, disassembled detail, trackball, store scene, or unrelated subject",,
commons-113219576,4,rejected,"Codex visual review of contact sheet: mouse not primary, disassembled detail, trackball, store scene, or unrelated subject",,
commons-9025064,4,rejected,"Codex visual review of contact sheet: mouse not primary, disassembled detail, trackball, store scene, or unrelated subject",,
commons-18699686,4,approved,Codex visual review of contact sheet: one identifiable target within frozen category definition,,
commons-38010676,4,rejected,"Codex visual review of contact sheet: mouse not primary, disassembled detail, trackball, store scene, or unrelated subject",,
commons-53763095,4,rejected,"Codex visual review of contact sheet: mouse not primary, disassembled detail, trackball, store scene, or unrelated subject",,
commons-95606388,4,approved,Codex visual review of contact sheet: one identifiable target within frozen category definition,,
commons-95724544,4,approved,Codex visual review of contact sheet: one identifiable target within frozen category definition,,
commons-154056665,4,approved,Codex visual review of contact sheet: one identifiable target within frozen category definition,,
commons-173039571,4,approved,Codex visual review of contact sheet: one identifiable target within frozen category definition,,
commons-49018677,5,rejected,"Codex visual review of contact sheet: integrated computer/ATM keys, incomplete detail, multiple keyboards, or keyboard not primary",,
commons-86118021,5,rejected,"Codex visual review of contact sheet: integrated computer/ATM keys, incomplete detail, multiple keyboards, or keyboard not primary",,
commons-98675632,5,approved,Codex visual review of contact sheet: one identifiable target within frozen category definition,,
commons-109924099,5,approved,Codex visual review of contact sheet: one identifiable target within frozen category definition,,
commons-115132080,5,rejected,"Codex visual review of contact sheet: integrated computer/ATM keys, incomplete detail, multiple keyboards, or keyboard not primary",,
commons-115132091,5,approved,Codex visual review of contact sheet: one identifiable target within frozen category definition,,
commons-115213569,5,rejected,"Codex visual review of contact sheet: integrated computer/ATM keys, incomplete detail, multiple keyboards, or keyboard not primary",,
commons-125017696,5,rejected,"Codex visual review of contact sheet: integrated computer/ATM keys, incomplete detail, multiple keyboards, or keyboard not primary",,
commons-80471952,5,rejected,"Codex visual review of contact sheet: integrated computer/ATM keys, incomplete detail, multiple keyboards, or keyboard not primary",,
commons-86116532,5,rejected,"Codex visual review of contact sheet: integrated computer/ATM keys, incomplete detail, multiple keyboards, or keyboard not primary",,
commons-86116536,5,approved,Codex visual review of contact sheet: one identifiable target within frozen category definition,visual-series-5-10,
commons-92480629,5,rejected,"Codex visual review of contact sheet: integrated computer/ATM keys, incomplete detail, multiple keyboards, or keyboard not primary",,
commons-100067099,5,rejected,"Codex visual review of contact sheet: integrated computer/ATM keys, incomplete detail, multiple keyboards, or keyboard not primary",,
commons-115238953,5,approved,Codex visual review of contact sheet: one identifiable target within frozen category definition,,
commons-115238956,5,rejected,"Codex visual review of contact sheet: integrated computer/ATM keys, incomplete detail, multiple keyboards, or keyboard not primary",,
commons-119289938,5,approved,Codex visual review of contact sheet: one identifiable target within frozen category definition,,
commons-122799683,5,rejected,"Codex visual review of contact sheet: integrated computer/ATM keys, incomplete detail, multiple keyboards, or keyboard not primary",,
commons-8878592,5,rejected,"Codex visual review of contact sheet: integrated computer/ATM keys, incomplete detail, multiple keyboards, or keyboard not primary",,
commons-128834282,5,rejected,"Codex visual review of contact sheet: integrated computer/ATM keys, incomplete detail, multiple keyboards, or keyboard not primary",,
commons-137754357,5,approved,Codex visual review of contact sheet: one identifiable target within frozen category definition,,
commons-164726934,5,rejected,"Codex visual review of contact sheet: integrated computer/ATM keys, incomplete detail, multiple keyboards, or keyboard not primary",,
commons-190519514,5,rejected,"Codex visual review of contact sheet: integrated computer/ATM keys, incomplete detail, multiple keyboards, or keyboard not primary",,
commons-44389460,5,rejected,"Codex visual review of contact sheet: integrated computer/ATM keys, incomplete detail, multiple keyboards, or keyboard not primary",,
commons-105322261,5,rejected,"Codex visual review of contact sheet: integrated computer/ATM keys, incomplete detail, multiple keyboards, or keyboard not primary",,
commons-115238984,5,approved,Codex visual review of contact sheet: one identifiable target within frozen category definition,,
commons-157081856,5,rejected,"Codex visual review of contact sheet: integrated computer/ATM keys, incomplete detail, multiple keyboards, or keyboard not primary",,
commons-157081866,5,rejected,"Codex visual review of contact sheet: integrated computer/ATM keys, incomplete detail, multiple keyboards, or keyboard not primary",,
commons-157081872,5,approved,Codex visual review of contact sheet: one identifiable target within frozen category definition,,
commons-164980250,5,rejected,"Codex visual review of contact sheet: integrated computer/ATM keys, incomplete detail, multiple keyboards, or keyboard not primary",,
commons-12184825,5,rejected,"Codex visual review of contact sheet: integrated computer/ATM keys, incomplete detail, multiple keyboards, or keyboard not primary",,
commons-29471293,5,rejected,"Codex visual review of contact sheet: integrated computer/ATM keys, incomplete detail, multiple keyboards, or keyboard not primary",,
commons-49450289,5,approved,Codex visual review of contact sheet: one identifiable target within frozen category definition,,
commons-75817320,5,approved,Codex visual review of contact sheet: one identifiable target within frozen category definition,,
commons-91732994,5,rejected,"Codex visual review of contact sheet: integrated computer/ATM keys, incomplete detail, multiple keyboards, or keyboard not primary",,
commons-105320731,5,rejected,"Codex visual review of contact sheet: integrated computer/ATM keys, incomplete detail, multiple keyboards, or keyboard not primary",,
commons-112602361,5,approved,Codex visual review of contact sheet: one identifiable target within frozen category definition,visual-series-5-35,
commons-112602362,5,approved,Codex visual review of contact sheet: one identifiable target within frozen category definition,visual-series-5-35,
commons-12212164,5,rejected,"Codex visual review of contact sheet: integrated computer/ATM keys, incomplete detail, multiple keyboards, or keyboard not primary",,
commons-21909678,5,rejected,"Codex visual review of contact sheet: integrated computer/ATM keys, incomplete detail, multiple keyboards, or keyboard not primary",,
commons-86116533,5,rejected,"Codex visual review of contact sheet: integrated computer/ATM keys, incomplete detail, multiple keyboards, or keyboard not primary",,
commons-12099180,6,approved,Codex visual review of contact sheet: one identifiable target within frozen category definition,,
commons-45428658,6,rejected,"Codex visual review of contact sheet: person/scene, eartips alone, disassembled detail, or multiple main headphones",,
commons-73572187,6,rejected,"Codex visual review of contact sheet: person/scene, eartips alone, disassembled detail, or multiple main headphones",,
commons-83274288,6,rejected,"Codex visual review of contact sheet: person/scene, eartips alone, disassembled detail, or multiple main headphones",,
commons-106123089,6,rejected,"Codex visual review of contact sheet: person/scene, eartips alone, disassembled detail, or multiple main headphones",,
commons-110290270,6,rejected,"Codex visual review of contact sheet: person/scene, eartips alone, disassembled detail, or multiple main headphones",,
commons-118576356,6,approved,Codex visual review of contact sheet: one identifiable target within frozen category definition,visual-series-6-6,
commons-118576357,6,approved,Codex visual review of contact sheet: one identifiable target within frozen category definition,visual-series-6-6,
commons-2322222,6,rejected,"Codex visual review of contact sheet: person/scene, eartips alone, disassembled detail, or multiple main headphones",,
commons-12110023,6,approved,Codex visual review of contact sheet: one identifiable target within frozen category definition,,
commons-26811930,6,approved,Codex visual review of contact sheet: one identifiable target within frozen category definition,,
commons-74762808,6,approved,Codex visual review of contact sheet: one identifiable target within frozen category definition,,
commons-75429341,6,approved,Codex visual review of contact sheet: one identifiable target within frozen category definition,,
commons-115938199,6,approved,Codex visual review of contact sheet: one identifiable target within frozen category definition,,
commons-143822938,6,approved,Codex visual review of contact sheet: one identifiable target within frozen category definition,,
commons-186243697,6,approved,Codex visual review of contact sheet: one identifiable target within frozen category definition,visual-series-6-15,
commons-186243699,6,approved,Codex visual review of contact sheet: one identifiable target within frozen category definition,visual-series-6-15,
commons-25113081,6,rejected,"Codex visual review of contact sheet: person/scene, eartips alone, disassembled detail, or multiple main headphones",,
commons-34305912,6,rejected,"Codex visual review of contact sheet: person/scene, eartips alone, disassembled detail, or multiple main headphones",,
commons-41136262,6,approved,Codex visual review of contact sheet: one identifiable target within frozen category definition,,
commons-51440550,6,approved,Codex visual review of contact sheet: one identifiable target within frozen category definition,,
commons-64129122,6,approved,Codex visual review of contact sheet: one identifiable target within frozen category definition,,
commons-73831530,6,approved,Codex visual review of contact sheet: one identifiable target within frozen category definition,,
commons-114961967,6,rejected,"Codex visual review of contact sheet: person/scene, eartips alone, disassembled detail, or multiple main headphones",,
commons-114961968,6,rejected,"Codex visual review of contact sheet: person/scene, eartips alone, disassembled detail, or multiple main headphones",,
commons-9934467,6,approved,Codex visual review of contact sheet: one identifiable target within frozen category definition,,
commons-12110029,6,approved,Codex visual review of contact sheet: one identifiable target within frozen category definition,,
commons-23355709,6,approved,Codex visual review of contact sheet: one identifiable target within frozen category definition,,
commons-31072451,6,rejected,"Codex visual review of contact sheet: person/scene, eartips alone, disassembled detail, or multiple main headphones",,
commons-61196760,6,approved,Codex visual review of contact sheet: one identifiable target within frozen category definition,,
commons-116644674,6,rejected,"Codex visual review of contact sheet: person/scene, eartips alone, disassembled detail, or multiple main headphones",,
commons-1585929,6,rejected,"Codex visual review of contact sheet: person/scene, eartips alone, disassembled detail, or multiple main headphones",,
commons-15185145,6,rejected,"Codex visual review of contact sheet: person/scene, eartips alone, disassembled detail, or multiple main headphones",,
commons-47305699,6,approved,Codex visual review of contact sheet: one identifiable target within frozen category definition,,
commons-68507067,6,rejected,"Codex visual review of contact sheet: person/scene, eartips alone, disassembled detail, or multiple main headphones",,
commons-122501867,6,approved,Codex visual review of contact sheet: one identifiable target within frozen category definition,,
commons-137886372,6,rejected,"Codex visual review of contact sheet: person/scene, eartips alone, disassembled detail, or multiple main headphones",,
commons-142198426,6,approved,Codex visual review of contact sheet: one identifiable target within frozen category definition,,
commons-172403180,6,rejected,"Codex visual review of contact sheet: person/scene, eartips alone, disassembled detail, or multiple main headphones",,
commons-1170637,6,approved,Codex visual review of contact sheet: one identifiable target within frozen category definition,,
commons-30246082,7,rejected,"Codex visual review of contact sheet: charging station, socket, power bank, packaging, wireless stand, or multiple main adapters",,
commons-32918166,7,rejected,"Codex visual review of contact sheet: charging station, socket, power bank, packaging, wireless stand, or multiple main adapters",,
commons-61380835,7,rejected,"Codex visual review of contact sheet: charging station, socket, power bank, packaging, wireless stand, or multiple main adapters",,
commons-63726558,7,rejected,"Codex visual review of contact sheet: charging station, socket, power bank, packaging, wireless stand, or multiple main adapters",,
commons-63726564,7,rejected,"Codex visual review of contact sheet: charging station, socket, power bank, packaging, wireless stand, or multiple main adapters",,
commons-91166017,7,rejected,"Codex visual review of contact sheet: charging station, socket, power bank, packaging, wireless stand, or multiple main adapters",,
commons-92378231,7,rejected,"Codex visual review of contact sheet: charging station, socket, power bank, packaging, wireless stand, or multiple main adapters",,
commons-106318730,7,rejected,"Codex visual review of contact sheet: charging station, socket, power bank, packaging, wireless stand, or multiple main adapters",,
commons-59238899,7,rejected,"Codex visual review of contact sheet: charging station, socket, power bank, packaging, wireless stand, or multiple main adapters",,
commons-70729606,7,rejected,"Codex visual review of contact sheet: charging station, socket, power bank, packaging, wireless stand, or multiple main adapters",,
commons-97158659,7,approved,Codex visual review of contact sheet: one identifiable target within frozen category definition,,
commons-109470276,7,rejected,"Codex visual review of contact sheet: charging station, socket, power bank, packaging, wireless stand, or multiple main adapters",,
commons-123727814,7,rejected,"Codex visual review of contact sheet: charging station, socket, power bank, packaging, wireless stand, or multiple main adapters",,
commons-126530255,7,rejected,"Codex visual review of contact sheet: charging station, socket, power bank, packaging, wireless stand, or multiple main adapters",,
commons-141465068,7,approved,Codex visual review of contact sheet: one identifiable target within frozen category definition,,
commons-44831534,7,rejected,"Codex visual review of contact sheet: charging station, socket, power bank, packaging, wireless stand, or multiple main adapters",,
commons-34658519,7,rejected,"Codex visual review of contact sheet: charging station, socket, power bank, packaging, wireless stand, or multiple main adapters",,
commons-51892137,7,rejected,"Codex visual review of contact sheet: charging station, socket, power bank, packaging, wireless stand, or multiple main adapters",,
commons-51942051,7,rejected,"Codex visual review of contact sheet: charging station, socket, power bank, packaging, wireless stand, or multiple main adapters",,
commons-54150197,7,rejected,"Codex visual review of contact sheet: charging station, socket, power bank, packaging, wireless stand, or multiple main adapters",,
commons-34196224,7,rejected,"Codex visual review of contact sheet: charging station, socket, power bank, packaging, wireless stand, or multiple main adapters",,
commons-40378627,7,rejected,"Codex visual review of contact sheet: charging station, socket, power bank, packaging, wireless stand, or multiple main adapters",,
commons-186222418,7,approved,Codex visual review of contact sheet: one identifiable target within frozen category definition,adtec-multiport-product-series,
commons-186222419,7,approved,Codex visual review of contact sheet: one identifiable target within frozen category definition,adtec-multiport-product-series,
commons-186222420,7,approved,Codex visual review of contact sheet: one identifiable target within frozen category definition,adtec-multiport-product-series,
commons-186222425,7,approved,Codex visual review of contact sheet: one identifiable target within frozen category definition,adtec-multiport-product-series,
commons-186222426,7,approved,Codex visual review of contact sheet: one identifiable target within frozen category definition,adtec-multiport-product-series,
commons-186222427,7,approved,Codex visual review of contact sheet: one identifiable target within frozen category definition,adtec-multiport-product-series,
commons-186222435,7,approved,Codex visual review of contact sheet: one identifiable target within frozen category definition,adtec-multiport-product-series,
commons-26729391,7,rejected,"Codex visual review of contact sheet: charging station, socket, power bank, packaging, wireless stand, or multiple main adapters",,
commons-44998513,7,rejected,"Codex visual review of contact sheet: charging station, socket, power bank, packaging, wireless stand, or multiple main adapters",,
commons-45994761,7,rejected,"Codex visual review of contact sheet: charging station, socket, power bank, packaging, wireless stand, or multiple main adapters",,
commons-176817218,7,rejected,"Codex visual review of contact sheet: charging station, socket, power bank, packaging, wireless stand, or multiple main adapters",,
commons-176817224,7,rejected,"Codex visual review of contact sheet: charging station, socket, power bank, packaging, wireless stand, or multiple main adapters",,
commons-176817229,7,rejected,"Codex visual review of contact sheet: charging station, socket, power bank, packaging, wireless stand, or multiple main adapters",,
commons-176817231,7,rejected,"Codex visual review of contact sheet: charging station, socket, power bank, packaging, wireless stand, or multiple main adapters",,
commons-97886680,7,rejected,"Codex visual review of contact sheet: charging station, socket, power bank, packaging, wireless stand, or multiple main adapters",,
commons-97886681,7,rejected,"Codex visual review of contact sheet: charging station, socket, power bank, packaging, wireless stand, or multiple main adapters",,
commons-97886685,7,rejected,"Codex visual review of contact sheet: charging station, socket, power bank, packaging, wireless stand, or multiple main adapters",,
commons-97886686,7,rejected,"Codex visual review of contact sheet: charging station, socket, power bank, packaging, wireless stand, or multiple main adapters",,
commons-30629688,8,rejected,"Codex visual review of contact sheet: keychain without recognizable key, store/scene, multiple subjects, or illustration",,
commons-32309892,8,approved,Codex visual review of contact sheet: one identifiable target within frozen category definition,,
commons-37141009,8,approved,Codex visual review of contact sheet: one identifiable target within frozen category definition,,
commons-37141019,8,rejected,"Codex visual review of contact sheet: keychain without recognizable key, store/scene, multiple subjects, or illustration",,
commons-42213174,8,approved,Codex visual review of contact sheet: one identifiable target within frozen category definition,,
commons-45011014,8,rejected,"Codex visual review of contact sheet: keychain without recognizable key, store/scene, multiple subjects, or illustration",,
commons-57506581,8,approved,Codex visual review of contact sheet: one identifiable target within frozen category definition,,
commons-80010355,8,approved,Codex visual review of contact sheet: one identifiable target within frozen category definition,,
commons-80010360,8,rejected,"Codex visual review of contact sheet: keychain without recognizable key, store/scene, multiple subjects, or illustration",,
commons-94916542,8,rejected,"Codex visual review of contact sheet: keychain without recognizable key, store/scene, multiple subjects, or illustration",,
commons-2537166,8,rejected,"Codex visual review of contact sheet: keychain without recognizable key, store/scene, multiple subjects, or illustration",,
commons-4002209,8,approved,Codex visual review of contact sheet: one identifiable target within frozen category definition,,
commons-34572835,8,approved,Codex visual review of contact sheet: one identifiable target within frozen category definition,,
commons-67815054,8,rejected,"Codex visual review of contact sheet: keychain without recognizable key, store/scene, multiple subjects, or illustration",,
commons-67815055,8,rejected,"Codex visual review of contact sheet: keychain without recognizable key, store/scene, multiple subjects, or illustration",,
commons-67815059,8,rejected,"Codex visual review of contact sheet: keychain without recognizable key, store/scene, multiple subjects, or illustration",,
commons-67815064,8,rejected,"Codex visual review of contact sheet: keychain without recognizable key, store/scene, multiple subjects, or illustration",,
commons-78459389,8,approved,Codex visual review of contact sheet: one identifiable target within frozen category definition,,
commons-79672988,8,approved,Codex visual review of contact sheet: one identifiable target within frozen category definition,,
commons-29240238,8,approved,Codex visual review of contact sheet: one identifiable target within frozen category definition,,
commons-45065041,8,approved,Codex visual review of contact sheet: one identifiable target within frozen category definition,,
commons-50867774,8,approved,Codex visual review of contact sheet: one identifiable target within frozen category definition,,
commons-63523448,8,approved,Codex visual review of contact sheet: one identifiable target within frozen category definition,,
commons-77561929,8,approved,Codex visual review of contact sheet: one identifiable target within frozen category definition,,
commons-83474069,8,approved,Codex visual review of contact sheet: one identifiable target within frozen category definition,,
commons-123018621,8,rejected,"Codex visual review of contact sheet: keychain without recognizable key, store/scene, multiple subjects, or illustration",,
commons-125037354,8,approved,Codex visual review of contact sheet: one identifiable target within frozen category definition,,
commons-16395387,8,approved,Codex visual review of contact sheet: one identifiable target within frozen category definition,,
commons-17623569,8,rejected,"Codex visual review of contact sheet: keychain without recognizable key, store/scene, multiple subjects, or illustration",,
commons-27870179,8,approved,Codex visual review of contact sheet: one identifiable target within frozen category definition,,
commons-33633614,8,approved,Codex visual review of contact sheet: one identifiable target within frozen category definition,,
commons-59318655,8,approved,Codex visual review of contact sheet: one identifiable target within frozen category definition,,
commons-86501857,8,approved,Codex visual review of contact sheet: one identifiable target within frozen category definition,,
commons-116528379,8,rejected,"Codex visual review of contact sheet: keychain without recognizable key, store/scene, multiple subjects, or illustration",,
commons-123018622,8,rejected,"Codex visual review of contact sheet: keychain without recognizable key, store/scene, multiple subjects, or illustration",,
commons-43921766,8,approved,Codex visual review of contact sheet: one identifiable target within frozen category definition,,
commons-45438305,8,approved,Codex visual review of contact sheet: one identifiable target within frozen category definition,,
commons-47422787,8,approved,Codex visual review of contact sheet: one identifiable target within frozen category definition,,
commons-49427457,8,approved,Codex visual review of contact sheet: one identifiable target within frozen category definition,,
commons-65790130,8,approved,Codex visual review of contact sheet: one identifiable target within frozen category definition,,
commons-2319036,9,approved,Codex visual review of contact sheet: one identifiable target within frozen category definition,,
commons-6007099,9,rejected,"Codex visual review of contact sheet: multiple backpacks, scene/people dominate, unrelated item, or cluttered primary subject",,
commons-17845940,9,approved,Codex visual review of contact sheet: one identifiable target within frozen category definition,,
commons-23133650,9,approved,Codex visual review of contact sheet: one identifiable target within frozen category definition,,
commons-34081894,9,rejected,"Codex visual review of contact sheet: multiple backpacks, scene/people dominate, unrelated item, or cluttered primary subject",,
commons-61615555,9,rejected,"Codex visual review of contact sheet: multiple backpacks, scene/people dominate, unrelated item, or cluttered primary subject",,
commons-62251717,9,approved,Codex visual review of contact sheet: one identifiable target within frozen category definition,visual-series-9-6,
commons-62251718,9,approved,Codex visual review of contact sheet: one identifiable target within frozen category definition,visual-series-9-6,
commons-69102595,9,approved,Codex visual review of contact sheet: one identifiable target within frozen category definition,,
commons-32791227,9,approved,Codex visual review of contact sheet: one identifiable target within frozen category definition,,
commons-47870418,9,approved,Codex visual review of contact sheet: one identifiable target within frozen category definition,,
commons-56452438,9,rejected,"Codex visual review of contact sheet: multiple backpacks, scene/people dominate, unrelated item, or cluttered primary subject",,
commons-72005320,9,approved,Codex visual review of contact sheet: one identifiable target within frozen category definition,,
commons-101027337,9,approved,Codex visual review of contact sheet: one identifiable target within frozen category definition,visual-series-9-13,
commons-101027338,9,approved,Codex visual review of contact sheet: one identifiable target within frozen category definition,visual-series-9-13,
commons-117741352,9,rejected,"Codex visual review of contact sheet: multiple backpacks, scene/people dominate, unrelated item, or cluttered primary subject",,
commons-158466637,9,rejected,"Codex visual review of contact sheet: multiple backpacks, scene/people dominate, unrelated item, or cluttered primary subject",,
commons-179130886,9,rejected,"Codex visual review of contact sheet: multiple backpacks, scene/people dominate, unrelated item, or cluttered primary subject",,
commons-17944274,9,rejected,"Codex visual review of contact sheet: multiple backpacks, scene/people dominate, unrelated item, or cluttered primary subject",,
commons-25147867,9,rejected,"Codex visual review of contact sheet: multiple backpacks, scene/people dominate, unrelated item, or cluttered primary subject",,
commons-30588573,9,rejected,"Codex visual review of contact sheet: multiple backpacks, scene/people dominate, unrelated item, or cluttered primary subject",,
commons-52351453,9,rejected,"Codex visual review of contact sheet: multiple backpacks, scene/people dominate, unrelated item, or cluttered primary subject",,
commons-71307700,9,rejected,"Codex visual review of contact sheet: multiple backpacks, scene/people dominate, unrelated item, or cluttered primary subject",,
commons-71377301,9,rejected,"Codex visual review of contact sheet: multiple backpacks, scene/people dominate, unrelated item, or cluttered primary subject",,
commons-117992997,9,rejected,"Codex visual review of contact sheet: multiple backpacks, scene/people dominate, unrelated item, or cluttered primary subject",,
commons-129103290,9,approved,Codex visual review of contact sheet: one identifiable target within frozen category definition,,
commons-61886491,9,approved,Codex visual review of contact sheet: one identifiable target within frozen category definition,,
commons-75020016,9,rejected,"Codex visual review of contact sheet: multiple backpacks, scene/people dominate, unrelated item, or cluttered primary subject",,
commons-81594021,9,rejected,"Codex visual review of contact sheet: multiple backpacks, scene/people dominate, unrelated item, or cluttered primary subject",,
commons-112351079,9,rejected,"Codex visual review of contact sheet: multiple backpacks, scene/people dominate, unrelated item, or cluttered primary subject",,
commons-126812023,9,approved,Codex visual review of contact sheet: one identifiable target within frozen category definition,,
commons-132915131,9,rejected,"Codex visual review of contact sheet: multiple backpacks, scene/people dominate, unrelated item, or cluttered primary subject",,
commons-135565727,9,rejected,"Codex visual review of contact sheet: multiple backpacks, scene/people dominate, unrelated item, or cluttered primary subject",,
commons-27687902,9,approved,Codex visual review of contact sheet: one identifiable target within frozen category definition,visual-series-9-33,
commons-51703982,9,approved,Codex visual review of contact sheet: one identifiable target within frozen category definition,visual-series-9-33,
commons-75254563,9,approved,Codex visual review of contact sheet: one identifiable target within frozen category definition,,
commons-78778889,9,approved,Codex visual review of contact sheet: one identifiable target within frozen category definition,,
commons-113623402,9,rejected,"Codex visual review of contact sheet: multiple backpacks, scene/people dominate, unrelated item, or cluttered primary subject",,
commons-148028304,9,rejected,"Codex visual review of contact sheet: multiple backpacks, scene/people dominate, unrelated item, or cluttered primary subject",,
commons-148028479,9,rejected,"Codex visual review of contact sheet: multiple backpacks, scene/people dominate, unrelated item, or cluttered primary subject",,
commons-64603161,3,rejected,"Codex visual review: antique exhibit, packaging, scan, or unrelated object",,
commons-70577005,3,rejected,"Codex visual review: antique exhibit, packaging, scan, or unrelated object",,
commons-76133111,3,rejected,"Codex visual review: antique exhibit, packaging, scan, or unrelated object",,
commons-107979126,3,rejected,"Codex visual review: antique exhibit, packaging, scan, or unrelated object",,
commons-107979250,3,rejected,"Codex visual review: antique exhibit, packaging, scan, or unrelated object",,
commons-116774079,3,rejected,"Codex visual review: antique exhibit, packaging, scan, or unrelated object",,
commons-129410361,3,rejected,"Codex visual review: antique exhibit, packaging, scan, or unrelated object",,
commons-134247990,3,rejected,"Codex visual review: antique exhibit, packaging, scan, or unrelated object",,
commons-43962492,3,rejected,"Codex visual review: antique exhibit, packaging, scan, or unrelated object",,
commons-60914040,3,rejected,"Codex visual review: antique exhibit, packaging, scan, or unrelated object",,
commons-64603157,3,rejected,"Codex visual review: antique exhibit, packaging, scan, or unrelated object",,
commons-107979144,3,rejected,"Codex visual review: antique exhibit, packaging, scan, or unrelated object",,
commons-107979306,3,rejected,"Codex visual review: antique exhibit, packaging, scan, or unrelated object",,
commons-134605815,3,rejected,"Codex visual review: antique exhibit, packaging, scan, or unrelated object",,
oi-549af398f977f0b6,3,approved,Codex visual review: ordinary pencil case; primary target identifiable,,
oi-df09ee29afc30a75,3,rejected,"Codex visual review: multiple primary subjects, unrelated subject, partial case, or non-stationery case",,
oi-bf47c2198106d7b6,3,rejected,"Codex visual review: multiple primary subjects, unrelated subject, partial case, or non-stationery case",,
oi-012980c8711c8da1,3,rejected,"Codex visual review: multiple primary subjects, unrelated subject, partial case, or non-stationery case",,
oi-0d1a3e96c75140ef,3,approved,Codex visual review: ordinary pencil case; primary target identifiable,,
oi-e95400454f0c3023,3,rejected,"Codex visual review: multiple primary subjects, unrelated subject, partial case, or non-stationery case",,
oi-a9233bb0cdbdab4f,3,rejected,"Codex visual review: multiple primary subjects, unrelated subject, partial case, or non-stationery case",,
oi-29d1cb99da3b992a,3,approved,Codex visual review: ordinary pencil case; primary target identifiable,oi-visual-series-166,
oi-68a5fe53250722aa,3,approved,Codex visual review: ordinary pencil case; primary target identifiable,,
oi-1cf38b01181416f2,3,approved,Codex visual review: ordinary pencil case; primary target identifiable,,
oi-f4e9ee9ee903921d,3,rejected,"Codex visual review: multiple primary subjects, unrelated subject, partial case, or non-stationery case",,
oi-094d9e16dc15f628,3,approved,Codex visual review: ordinary pencil case; primary target identifiable,,
oi-462e844ab473444b,3,approved,Codex visual review: ordinary pencil case; primary target identifiable,,
oi-55a71aa2397de77b,3,approved,Codex visual review: ordinary pencil case; primary target identifiable,oi-visual-series-160,
oi-90d1e4a2ccacf7f8,3,approved,Codex visual review: ordinary pencil case; primary target identifiable,oi-visual-series-169,
oi-88eb2d7166dacd3b,3,rejected,"Codex visual review: multiple primary subjects, unrelated subject, partial case, or non-stationery case",,
oi-f2dfb5ad09e1922e,3,rejected,"Codex visual review: multiple primary subjects, unrelated subject, partial case, or non-stationery case",,
oi-02f226c5cc06dfb8,3,approved,Codex visual review: ordinary pencil case; primary target identifiable,,
oi-3dca452248af6c06,3,approved,Codex visual review: ordinary pencil case; primary target identifiable,,
oi-8bb4383d9c92dd20,3,rejected,"Codex visual review: multiple primary subjects, unrelated subject, partial case, or non-stationery case",,
oi-1adb4aa538ab0611,3,approved,Codex visual review: ordinary pencil case; primary target identifiable,,
oi-95e5006e0ecb8332,3,rejected,"Codex visual review: multiple primary subjects, unrelated subject, partial case, or non-stationery case",,
oi-191c21626b019a74,3,rejected,"Codex visual review: multiple primary subjects, unrelated subject, partial case, or non-stationery case",,
oi-d82b7a3b1884f917,3,rejected,"Codex visual review: multiple primary subjects, unrelated subject, partial case, or non-stationery case",,
oi-474636ff1697a6bc,3,rejected,"Codex visual review: multiple primary subjects, unrelated subject, partial case, or non-stationery case",,
oi-800ee74da18e4ed4,0,rejected,"Codex visual inspection: multiple primary subjects, scene/flowers dominate, can/packaging, or illustration",,
oi-de578e711d5d2712,0,rejected,"Codex visual inspection: multiple primary subjects, scene/flowers dominate, can/packaging, or illustration",,
oi-c533c5cf9e9558b5,0,rejected,"Codex visual inspection: multiple primary subjects, scene/flowers dominate, can/packaging, or illustration",,
oi-460475ca9d34e13e,0,rejected,"Codex visual inspection: multiple primary subjects, scene/flowers dominate, can/packaging, or illustration",,
oi-b60f5dde413fb23e,0,approved,Codex visual inspection: one identifiable target within frozen definition,,
oi-52072b5c865a4f30,0,approved,Codex visual inspection: one identifiable target within frozen definition,,
oi-e3847c796a5943b4,0,rejected,"Codex visual inspection: multiple primary subjects, scene/flowers dominate, can/packaging, or illustration",,
oi-780a4baa7c50d6e8,0,approved,Codex visual inspection: one identifiable target within frozen definition,,
oi-5e7860330b1ce233,0,approved,Codex visual inspection: one identifiable target within frozen definition,,
oi-838de5e8518cde16,0,rejected,"Codex visual inspection: multiple primary subjects, scene/flowers dominate, can/packaging, or illustration",,
oi-e12d3e0517297b73,0,approved,Codex visual inspection: one identifiable target within frozen definition,,
oi-be1d215b6513ccbd,0,rejected,"Codex visual inspection: multiple primary subjects, scene/flowers dominate, can/packaging, or illustration",,
oi-a459749f4e5769bd,0,rejected,"Codex visual inspection: multiple primary subjects, scene/flowers dominate, can/packaging, or illustration",,
oi-1e6104d5518cb3f9,0,approved,Codex visual inspection: one identifiable target within frozen definition,,
oi-8d279daa12ffc691,0,approved,Codex visual inspection: one identifiable target within frozen definition,,
oi-6bcfd656708d25e2,0,approved,Codex visual inspection: one identifiable target within frozen definition,,
oi-60c5d71f33765ee3,0,rejected,"Codex visual inspection: multiple primary subjects, scene/flowers dominate, can/packaging, or illustration",,
oi-4a987796c9c03037,0,rejected,"Codex visual inspection: multiple primary subjects, scene/flowers dominate, can/packaging, or illustration",,
oi-f65bae4da0211211,0,rejected,"Codex visual inspection: multiple primary subjects, scene/flowers dominate, can/packaging, or illustration",,
oi-ce1f66c25b26ac2e,0,approved,Codex visual inspection: one identifiable target within frozen definition,,
oi-42894a81eca95732,0,approved,Codex visual inspection: one identifiable target within frozen definition,,
oi-b9cf34215e297484,0,rejected,"Codex visual inspection: multiple primary subjects, scene/flowers dominate, can/packaging, or illustration",,
oi-f98bd2fa48070821,0,approved,Codex visual inspection: one identifiable target within frozen definition,,
oi-cd7f62ec61b117b6,0,approved,Codex visual inspection: one identifiable target within frozen definition,,
oi-34aebaebe39bfaf0,0,approved,Codex visual inspection: one identifiable target within frozen definition,,
oi-6e72dbc6e751522a,0,approved,Codex visual inspection: one identifiable target within frozen definition,,
oi-dcdbabe52cb921f4,0,approved,Codex visual inspection: one identifiable target within frozen definition,,
oi-6bc17e16228c12fb,0,rejected,"Codex visual inspection: multiple primary subjects, scene/flowers dominate, can/packaging, or illustration",,
oi-18c116997ddb662b,0,rejected,"Codex visual inspection: multiple primary subjects, scene/flowers dominate, can/packaging, or illustration",,
oi-a234b17c1813407c,0,approved,Codex visual inspection: one identifiable target within frozen definition,,
oi-4756eb5d588de749,0,rejected,"Codex visual inspection: multiple primary subjects, scene/flowers dominate, can/packaging, or illustration",,
oi-8f1ea5e11dbc40e5,0,rejected,"Codex visual inspection: multiple primary subjects, scene/flowers dominate, can/packaging, or illustration",,
oi-182c1f2bfa4b4280,0,rejected,"Codex visual inspection: multiple primary subjects, scene/flowers dominate, can/packaging, or illustration",,
oi-c88aa18f9fffa58d,0,approved,Codex visual inspection: one identifiable target within frozen definition,,
oi-d0bbfdd40af35fcc,0,rejected,"Codex visual inspection: multiple primary subjects, scene/flowers dominate, can/packaging, or illustration",,
oi-ed52f03ad1a8ef84,0,approved,Codex visual inspection: one identifiable target within frozen definition,,
oi-a32e3afe08e4a238,0,rejected,"Codex visual inspection: multiple primary subjects, scene/flowers dominate, can/packaging, or illustration",,
oi-f1f7ff1db85041ce,0,rejected,"Codex visual inspection: multiple primary subjects, scene/flowers dominate, can/packaging, or illustration",,
oi-1d7929b66a611ea8,0,rejected,"Codex visual inspection: multiple primary subjects, scene/flowers dominate, can/packaging, or illustration",,
oi-b31c712320a70ed1,0,approved,Codex visual inspection: one identifiable target within frozen definition,,
oi-dc24d0bfa98cc138,0,rejected,"Codex visual inspection: multiple primary subjects, scene/flowers dominate, can/packaging, or illustration",,
oi-1df6e430c821910b,0,approved,Codex visual inspection: one identifiable target within frozen definition,,
oi-e6da0447cf622db3,0,approved,Codex visual inspection: one identifiable target within frozen definition,,
oi-999bcc0c129d4f79,0,approved,Codex visual inspection: one identifiable target within frozen definition,,
oi-12ae3e29de392848,0,approved,Codex visual inspection: one identifiable target within frozen definition,,
oi-708de1ccd49b90ff,0,approved,Codex visual inspection: one identifiable target within frozen definition,,
oi-9e66e9a2bbc72972,0,approved,Codex visual inspection: one identifiable target within frozen definition,,
oi-d5ddefc8089d3c72,0,approved,Codex visual inspection: one identifiable target within frozen definition,,
oi-c347be877115df4b,0,approved,Codex visual inspection: one identifiable target within frozen definition,,
oi-c1f5cd6f7afd96ab,0,approved,Codex visual inspection: one identifiable target within frozen definition,,
oi-47497b996e58639d,0,approved,Codex visual inspection: one identifiable target within frozen definition,,
oi-7cd81ab642e8c21e,1,rejected,"Codex visual inspection: umbrella not primary, multiple umbrellas, cocktail miniature, patio shade, or scene",,
oi-e780a9712fc54fd2,1,rejected,"Codex visual inspection: umbrella not primary, multiple umbrellas, cocktail miniature, patio shade, or scene",,
oi-175aa1739edb9890,1,approved,Codex visual inspection: one identifiable target within frozen definition,,
oi-22009267df1eef43,1,rejected,"Codex visual inspection: umbrella not primary, multiple umbrellas, cocktail miniature, patio shade, or scene",,
oi-23a87f441fbef58b,1,rejected,"Codex visual inspection: umbrella not primary, multiple umbrellas, cocktail miniature, patio shade, or scene",,
oi-f8ca116285a527c4,1,approved,Codex visual inspection: one identifiable target within frozen definition,,
oi-bf002ecd75305f97,1,rejected,"Codex visual inspection: umbrella not primary, multiple umbrellas, cocktail miniature, patio shade, or scene",,
oi-12b999f7e3b75de1,1,rejected,"Codex visual inspection: umbrella not primary, multiple umbrellas, cocktail miniature, patio shade, or scene",,
oi-1992db553680cac6,1,rejected,"Codex visual inspection: umbrella not primary, multiple umbrellas, cocktail miniature, patio shade, or scene",,
oi-21c952b68141a87e,1,rejected,"Codex visual inspection: umbrella not primary, multiple umbrellas, cocktail miniature, patio shade, or scene",,
oi-2f7fde1527d592e5,1,rejected,"Codex visual inspection: umbrella not primary, multiple umbrellas, cocktail miniature, patio shade, or scene",,
oi-206983e330141abf,1,rejected,"Codex visual inspection: umbrella not primary, multiple umbrellas, cocktail miniature, patio shade, or scene",,
oi-e87f72d831ad7743,1,rejected,"Codex visual inspection: umbrella not primary, multiple umbrellas, cocktail miniature, patio shade, or scene",,
oi-e45b0a85a4cdb79c,1,rejected,"Codex visual inspection: umbrella not primary, multiple umbrellas, cocktail miniature, patio shade, or scene",,
oi-ebb3973705745056,1,rejected,"Codex visual inspection: umbrella not primary, multiple umbrellas, cocktail miniature, patio shade, or scene",,
oi-6e9ea1a16ef06bee,1,rejected,"Codex visual inspection: umbrella not primary, multiple umbrellas, cocktail miniature, patio shade, or scene",,
oi-c16a846baefae10f,1,rejected,"Codex visual inspection: umbrella not primary, multiple umbrellas, cocktail miniature, patio shade, or scene",,
oi-2dfb0cd7ac014fc1,1,rejected,"Codex visual inspection: umbrella not primary, multiple umbrellas, cocktail miniature, patio shade, or scene",,
oi-97e7b0a09e39d453,1,rejected,"Codex visual inspection: umbrella not primary, multiple umbrellas, cocktail miniature, patio shade, or scene",,
oi-ab2b3c365acadd96,1,rejected,"Codex visual inspection: umbrella not primary, multiple umbrellas, cocktail miniature, patio shade, or scene",,
oi-2ae47fa15fea397b,1,approved,Codex visual inspection: one identifiable target within frozen definition,,
oi-9ce6de026d0a4621,1,rejected,"Codex visual inspection: umbrella not primary, multiple umbrellas, cocktail miniature, patio shade, or scene",,
oi-623a7c5b74e0e574,1,rejected,"Codex visual inspection: umbrella not primary, multiple umbrellas, cocktail miniature, patio shade, or scene",,
oi-c1e3d0a2886a93c7,1,rejected,"Codex visual inspection: umbrella not primary, multiple umbrellas, cocktail miniature, patio shade, or scene",,
oi-41c7ee95543af458,1,rejected,"Codex visual inspection: umbrella not primary, multiple umbrellas, cocktail miniature, patio shade, or scene",,
oi-1b150af36d87a735,1,rejected,"Codex visual inspection: umbrella not primary, multiple umbrellas, cocktail miniature, patio shade, or scene",,
oi-25f64e9aca8971ea,1,rejected,"Codex visual inspection: umbrella not primary, multiple umbrellas, cocktail miniature, patio shade, or scene",,
oi-0a0aa9e4a5d037e5,1,approved,Codex visual inspection: one identifiable target within frozen definition,,
oi-8639930189a42868,1,rejected,"Codex visual inspection: umbrella not primary, multiple umbrellas, cocktail miniature, patio shade, or scene",,
oi-976ca910c239e2fc,2,rejected,"Codex visual inspection: library/bookstore scene, multiple books, disc, illustration, or person/other object is primary",,
oi-d009e02d8a1d2985,2,rejected,"Codex visual inspection: library/bookstore scene, multiple books, disc, illustration, or person/other object is primary",,
oi-eebecaf5f2eca0c3,2,rejected,"Codex visual inspection: library/bookstore scene, multiple books, disc, illustration, or person/other object is primary",,
oi-8d77172370c2d4b2,2,rejected,"Codex visual inspection: library/bookstore scene, multiple books, disc, illustration, or person/other object is primary",,
oi-19aa0e0ad2fa06b6,2,rejected,"Codex visual inspection: library/bookstore scene, multiple books, disc, illustration, or person/other object is primary",,
oi-9e6dcbec738debb7,2,rejected,"Codex visual inspection: library/bookstore scene, multiple books, disc, illustration, or person/other object is primary",,
oi-ca7eab093b5ae2cc,2,rejected,"Codex visual inspection: library/bookstore scene, multiple books, disc, illustration, or person/other object is primary",,
oi-0e5613a5e521f5c5,2,rejected,"Codex visual inspection: library/bookstore scene, multiple books, disc, illustration, or person/other object is primary",,
oi-aece65cdc2d9781b,2,rejected,"Codex visual inspection: library/bookstore scene, multiple books, disc, illustration, or person/other object is primary",,
oi-4b523b5b89444fcf,2,approved,Codex visual inspection: one identifiable target within frozen definition,,
oi-ac1d9f4001b2bb0e,2,rejected,"Codex visual inspection: library/bookstore scene, multiple books, disc, illustration, or person/other object is primary",,
oi-7c1447593acbcab4,2,rejected,"Codex visual inspection: library/bookstore scene, multiple books, disc, illustration, or person/other object is primary",,
oi-a84bb9fa754ec7d5,2,rejected,"Codex visual inspection: library/bookstore scene, multiple books, disc, illustration, or person/other object is primary",,
oi-a296fe25ecf3f7a8,2,rejected,"Codex visual inspection: library/bookstore scene, multiple books, disc, illustration, or person/other object is primary",,
oi-5936c50fd0e4f5c1,2,rejected,"Codex visual inspection: library/bookstore scene, multiple books, disc, illustration, or person/other object is primary",,
oi-db124081108638ea,2,approved,Codex visual inspection: one identifiable target within frozen definition,,
oi-a09ff3a4b88d6f97,2,rejected,"Codex visual inspection: library/bookstore scene, multiple books, disc, illustration, or person/other object is primary",,
oi-a815c88a0652f743,2,rejected,"Codex visual inspection: library/bookstore scene, multiple books, disc, illustration, or person/other object is primary",,
oi-eb4e5610ecbd134b,2,rejected,"Codex visual inspection: library/bookstore scene, multiple books, disc, illustration, or person/other object is primary",,
oi-505b4f9c1d24d83b,2,rejected,"Codex visual inspection: library/bookstore scene, multiple books, disc, illustration, or person/other object is primary",,
oi-e0d6f90eaaed08e7,2,rejected,"Codex visual inspection: library/bookstore scene, multiple books, disc, illustration, or person/other object is primary",,
oi-a4afbc7697bdf23c,2,rejected,"Codex visual inspection: library/bookstore scene, multiple books, disc, illustration, or person/other object is primary",,
oi-3a29f0b33894d4a6,2,rejected,"Codex visual inspection: library/bookstore scene, multiple books, disc, illustration, or person/other object is primary",,
oi-2a4a981209d491b5,2,rejected,"Codex visual inspection: library/bookstore scene, multiple books, disc, illustration, or person/other object is primary",,
oi-6e9dcdbee43b0346,2,rejected,"Codex visual inspection: library/bookstore scene, multiple books, disc, illustration, or person/other object is primary",,
oi-aebdb96fb1f4efe1,2,rejected,"Codex visual inspection: library/bookstore scene, multiple books, disc, illustration, or person/other object is primary",,
oi-a0e14c71c9a72b6b,2,rejected,"Codex visual inspection: library/bookstore scene, multiple books, disc, illustration, or person/other object is primary",,
oi-86a6366f57093823,2,rejected,"Codex visual inspection: library/bookstore scene, multiple books, disc, illustration, or person/other object is primary",,
oi-28f45b12ee25ae19,2,rejected,"Codex visual inspection: library/bookstore scene, multiple books, disc, illustration, or person/other object is primary",,
oi-d6eb18235d52898c,2,rejected,"Codex visual inspection: library/bookstore scene, multiple books, disc, illustration, or person/other object is primary",,
oi-a99155f23ba94544,2,rejected,"Codex visual inspection: library/bookstore scene, multiple books, disc, illustration, or person/other object is primary",,
oi-3edf7490a8c07e59,2,rejected,"Codex visual inspection: library/bookstore scene, multiple books, disc, illustration, or person/other object is primary",,
oi-d2c3cebf153a1de9,2,rejected,"Codex visual inspection: library/bookstore scene, multiple books, disc, illustration, or person/other object is primary",,
oi-eb0f36c7ce3366cc,2,rejected,"Codex visual inspection: library/bookstore scene, multiple books, disc, illustration, or person/other object is primary",,
oi-c0dea6f5a9da743e,2,rejected,"Codex visual inspection: library/bookstore scene, multiple books, disc, illustration, or person/other object is primary",,
oi-28c9331905cb8c5b,2,rejected,"Codex visual inspection: library/bookstore scene, multiple books, disc, illustration, or person/other object is primary",,
oi-ab884a20d9b01773,2,rejected,"Codex visual inspection: library/bookstore scene, multiple books, disc, illustration, or person/other object is primary",,
oi-f4f12ba16e9e93d5,2,rejected,"Codex visual inspection: library/bookstore scene, multiple books, disc, illustration, or person/other object is primary",,
oi-3a18c41d6a250c1a,2,rejected,"Codex visual inspection: library/bookstore scene, multiple books, disc, illustration, or person/other object is primary",,
oi-80140fbe2856945b,2,rejected,"Codex visual inspection: library/bookstore scene, multiple books, disc, illustration, or person/other object is primary",,
oi-b0670fed268da345,2,rejected,"Codex visual inspection: library/bookstore scene, multiple books, disc, illustration, or person/other object is primary",,
oi-04311ae05c027377,2,rejected,"Codex visual inspection: library/bookstore scene, multiple books, disc, illustration, or person/other object is primary",,
oi-0a3873442ad329c2,2,rejected,"Codex visual inspection: library/bookstore scene, multiple books, disc, illustration, or person/other object is primary",,
oi-9338ef15df611769,2,rejected,"Codex visual inspection: library/bookstore scene, multiple books, disc, illustration, or person/other object is primary",,
oi-fe32b6feffc6f5ac,2,rejected,"Codex visual inspection: library/bookstore scene, multiple books, disc, illustration, or person/other object is primary",,
oi-731173d27e06b210,2,rejected,"Codex visual inspection: library/bookstore scene, multiple books, disc, illustration, or person/other object is primary",,
oi-82e02465a9c48fd0,2,rejected,"Codex visual inspection: library/bookstore scene, multiple books, disc, illustration, or person/other object is primary",,
oi-831ef1ed000ea182,2,rejected,"Codex visual inspection: library/bookstore scene, multiple books, disc, illustration, or person/other object is primary",,
oi-2310a9d90806ca38,2,rejected,"Codex visual inspection: library/bookstore scene, multiple books, disc, illustration, or person/other object is primary",,
oi-4caa7f161916628e,2,rejected,"Codex visual inspection: library/bookstore scene, multiple books, disc, illustration, or person/other object is primary",,
oi-caec78807407ad5f,2,rejected,"Codex visual inspection: library/bookstore scene, multiple books, disc, illustration, or person/other object is primary",,
oi-796bd28e09de2124,2,rejected,"Codex visual inspection: library/bookstore scene, multiple books, disc, illustration, or person/other object is primary",,
oi-4aa5d7328d424408,2,rejected,"Codex visual inspection: library/bookstore scene, multiple books, disc, illustration, or person/other object is primary",,
oi-407f17aef1998eae,2,rejected,"Codex visual inspection: library/bookstore scene, multiple books, disc, illustration, or person/other object is primary",,
oi-270ddc1b90c7c8bb,2,rejected,"Codex visual inspection: library/bookstore scene, multiple books, disc, illustration, or person/other object is primary",,
oi-b63ef8e87f49cc03,2,rejected,"Codex visual inspection: library/bookstore scene, multiple books, disc, illustration, or person/other object is primary",,
oi-caa59ce4f210e906,2,rejected,"Codex visual inspection: library/bookstore scene, multiple books, disc, illustration, or person/other object is primary",,
oi-e823885c5fe5400a,2,rejected,"Codex visual inspection: library/bookstore scene, multiple books, disc, illustration, or person/other object is primary",,
oi-922d30b8769c19a1,2,rejected,"Codex visual inspection: library/bookstore scene, multiple books, disc, illustration, or person/other object is primary",,
oi-fc9221e13d8ebee1,2,rejected,"Codex visual inspection: library/bookstore scene, multiple books, disc, illustration, or person/other object is primary",,
oi-d19489c45985294b,2,rejected,"Codex visual inspection: library/bookstore scene, multiple books, disc, illustration, or person/other object is primary",,
oi-e8cb0ea3697ea480,2,rejected,"Codex visual inspection: library/bookstore scene, multiple books, disc, illustration, or person/other object is primary",,
oi-41bece651eeeb9bc,2,rejected,"Codex visual inspection: library/bookstore scene, multiple books, disc, illustration, or person/other object is primary",,
oi-dd8a7bf210628fd7,2,rejected,"Codex visual inspection: library/bookstore scene, multiple books, disc, illustration, or person/other object is primary",,
oi-1b5a2df8bba6d498,2,rejected,"Codex visual inspection: library/bookstore scene, multiple books, disc, illustration, or person/other object is primary",,
oi-22e77e58651810bf,2,rejected,"Codex visual inspection: library/bookstore scene, multiple books, disc, illustration, or person/other object is primary",,
oi-dacff59f9391a87b,2,rejected,"Codex visual inspection: library/bookstore scene, multiple books, disc, illustration, or person/other object is primary",,
oi-ba965d3fd74e1e61,2,approved,Codex visual inspection: one identifiable target within frozen definition,,
oi-1a00561698778497,2,rejected,"Codex visual inspection: library/bookstore scene, multiple books, disc, illustration, or person/other object is primary",,
oi-0b19fbf13f8296d6,2,rejected,"Codex visual inspection: library/bookstore scene, multiple books, disc, illustration, or person/other object is primary",,
oi-55d391da105421e9,2,approved,Codex visual inspection: one identifiable target within frozen definition,,
oi-6e58d8b2c269091b,2,rejected,"Codex visual inspection: library/bookstore scene, multiple books, disc, illustration, or person/other object is primary",,
oi-15e2134bf1363429,2,rejected,"Codex visual inspection: library/bookstore scene, multiple books, disc, illustration, or person/other object is primary",,
oi-a26732f58ceb12a7,2,rejected,"Codex visual inspection: library/bookstore scene, multiple books, disc, illustration, or person/other object is primary",,
oi-1ea0b813513a3a40,2,rejected,"Codex visual inspection: library/bookstore scene, multiple books, disc, illustration, or person/other object is primary",,
oi-12435d88b4504d3f,2,rejected,"Codex visual inspection: library/bookstore scene, multiple books, disc, illustration, or person/other object is primary",,
oi-4659ae93e8c76102,2,rejected,"Codex visual inspection: library/bookstore scene, multiple books, disc, illustration, or person/other object is primary",,
oi-333452abf04d1b2b,2,rejected,"Codex visual inspection: library/bookstore scene, multiple books, disc, illustration, or person/other object is primary",,
oi-19822f5f6db7de1f,2,rejected,"Codex visual inspection: library/bookstore scene, multiple books, disc, illustration, or person/other object is primary",,
oi-ad8a7dccd533e84e,2,rejected,"Codex visual inspection: library/bookstore scene, multiple books, disc, illustration, or person/other object is primary",,
oi-4e5a06da84daf5d8,4,approved,Codex visual inspection: one identifiable target within frozen definition,,
oi-6ee72e953b30a67b,4,approved,Codex visual inspection: one identifiable target within frozen definition,,
oi-c95d9c2d3db9c72c,4,rejected,"Codex visual inspection: multiple mice, other prominent subject, or game controller outside computer-mouse scope",,
oi-398328305b2ed3d7,4,approved,Codex visual inspection: one identifiable target within frozen definition,,
oi-e7bf630c163e9cbe,4,approved,Codex visual inspection: one identifiable target within frozen definition,,
oi-ed6fd1df89836efe,4,approved,Codex visual inspection: one identifiable target within frozen definition,,
oi-579a1a7868334127,4,approved,Codex visual inspection: one identifiable target within frozen definition,,
oi-a4c23a3629f31cd7,4,approved,Codex visual inspection: one identifiable target within frozen definition,,
oi-128f92487d754a0c,4,rejected,"Codex visual inspection: multiple mice, other prominent subject, or game controller outside computer-mouse scope",,
oi-6463145caf94b8a6,4,approved,Codex visual inspection: one identifiable target within frozen definition,,
oi-4fe2fb3816b91c44,4,rejected,"Codex visual inspection: multiple mice, other prominent subject, or game controller outside computer-mouse scope",,
oi-8509d5c40c40b78a,4,approved,Codex visual inspection: one identifiable target within frozen definition,,
oi-5907a0344543cd13,4,rejected,"Codex visual inspection: multiple mice, other prominent subject, or game controller outside computer-mouse scope",,
oi-a88cf9722f76deeb,4,approved,Codex visual inspection: one identifiable target within frozen definition,,
oi-a351fe3136692dcb,4,approved,Codex visual inspection: one identifiable target within frozen definition,,
oi-76d8919159c2a5c5,4,approved,Codex visual inspection: one identifiable target within frozen definition,,
oi-2117bc938d9d9ea4,6,rejected,"Codex visual inspection: person/scene dominates, multiple main headphones, accessories dominate, earmuffs, or screenshot",,
oi-db46e0a40b88e6ec,6,approved,Codex visual inspection: one identifiable target within frozen definition,,
oi-962db0c6634d0c26,6,approved,Codex visual inspection: one identifiable target within frozen definition,,
oi-d7d770f170f8f333,6,approved,Codex visual inspection: one identifiable target within frozen definition,,
oi-d871866d69f583d1,6,approved,Codex visual inspection: one identifiable target within frozen definition,,
oi-afbc7e1aac2dc61d,6,rejected,"Codex visual inspection: person/scene dominates, multiple main headphones, accessories dominate, earmuffs, or screenshot",,
oi-373c26ce480f8d29,6,rejected,"Codex visual inspection: person/scene dominates, multiple main headphones, accessories dominate, earmuffs, or screenshot",,
oi-681808035e8c6442,6,rejected,"Codex visual inspection: person/scene dominates, multiple main headphones, accessories dominate, earmuffs, or screenshot",,
oi-4f102a41ab8276b0,6,approved,Codex visual inspection: one identifiable target within frozen definition,,
oi-47376812f3fd3aa4,6,approved,Codex visual inspection: one identifiable target within frozen definition,,
oi-0908dd33cf950266,6,approved,Codex visual inspection: one identifiable target within frozen definition,,
oi-af77c5cfa195ea0c,6,approved,Codex visual inspection: one identifiable target within frozen definition,,
oi-5e831cbdbb666c0d,6,approved,Codex visual inspection: one identifiable target within frozen definition,,
oi-3c8454d0ff068b71,6,approved,Codex visual inspection: one identifiable target within frozen definition,,
oi-a8b164235b631065,6,rejected,"Codex visual inspection: person/scene dominates, multiple main headphones, accessories dominate, earmuffs, or screenshot",,
oi-1eeda2f2e8f31933,6,rejected,"Codex visual inspection: person/scene dominates, multiple main headphones, accessories dominate, earmuffs, or screenshot",,
oi-4879a8d9c8942d4f,6,rejected,"Codex visual inspection: person/scene dominates, multiple main headphones, accessories dominate, earmuffs, or screenshot",,
oi-edede358fde9f04a,6,rejected,"Codex visual inspection: person/scene dominates, multiple main headphones, accessories dominate, earmuffs, or screenshot",,
oi-980d86950a374b74,6,rejected,"Codex visual inspection: person/scene dominates, multiple main headphones, accessories dominate, earmuffs, or screenshot",,
oi-8e95a33ddc1c093d,6,approved,Codex visual inspection: one identifiable target within frozen definition,,
oi-9c99cf700c9de073,6,approved,Codex visual inspection: one identifiable target within frozen definition,,
oi-ea1f6d8b3ad4a5dd,6,rejected,"Codex visual inspection: person/scene dominates, multiple main headphones, accessories dominate, earmuffs, or screenshot",,
oi-b4c3b7b7d76b2bf2,6,approved,Codex visual inspection: one identifiable target within frozen definition,,
oi-462da63749fae994,6,rejected,"Codex visual inspection: person/scene dominates, multiple main headphones, accessories dominate, earmuffs, or screenshot",,
oi-d75cf2c450cfedf8,6,rejected,"Codex visual inspection: person/scene dominates, multiple main headphones, accessories dominate, earmuffs, or screenshot",,
oi-74d9c3ea2244fe8f,6,rejected,"Codex visual inspection: person/scene dominates, multiple main headphones, accessories dominate, earmuffs, or screenshot",,
oi-62c3a0c8ce3a6ac6,6,rejected,"Codex visual inspection: person/scene dominates, multiple main headphones, accessories dominate, earmuffs, or screenshot",,
oi-a2c3dedcab286534,6,rejected,"Codex visual inspection: person/scene dominates, multiple main headphones, accessories dominate, earmuffs, or screenshot",,
oi-c9d9cea323d50bae,6,rejected,"Codex visual inspection: person/scene dominates, multiple main headphones, accessories dominate, earmuffs, or screenshot",,
oi-f1ea6128c736f9cd,6,approved,Codex visual inspection: one identifiable target within frozen definition,,
oi-5154dcba9b9dfe0b,6,approved,Codex visual inspection: one identifiable target within frozen definition,,
oi-dc8857479b0c8d32,6,approved,Codex visual inspection: one identifiable target within frozen definition,,
oi-bc37ccba2857d1e7,6,rejected,"Codex visual inspection: person/scene dominates, multiple main headphones, accessories dominate, earmuffs, or screenshot",,
oi-25d9787f2ccde077,6,rejected,"Codex visual inspection: person/scene dominates, multiple main headphones, accessories dominate, earmuffs, or screenshot",,
oi-278625937aee5ee4,6,approved,Codex visual inspection: one identifiable target within frozen definition,,
oi-63f967b2b0da649d,6,approved,Codex visual inspection: one identifiable target within frozen definition,,
oi-802ea6a6898b0d8c,6,rejected,"Codex visual inspection: person/scene dominates, multiple main headphones, accessories dominate, earmuffs, or screenshot",,
oi-28e06ba3283aaa84,6,approved,Codex visual inspection: one identifiable target within frozen definition,,
oi-c50313ec973c3024,6,approved,Codex visual inspection: one identifiable target within frozen definition,,
oi-b9f301f5f569bd64,6,approved,Codex visual inspection: one identifiable target within frozen definition,,
commons-126113683,7,rejected,Codex visual inspection: station/socket/cable-only/standalone power bank/vehicle console/packaging; not one consumer power adapter,,
commons-93878991,7,rejected,Codex visual inspection: station/socket/cable-only/standalone power bank/vehicle console/packaging; not one consumer power adapter,,
commons-49048025,7,rejected,Codex visual inspection: station/socket/cable-only/standalone power bank/vehicle console/packaging; not one consumer power adapter,,
commons-97886687,7,rejected,Codex visual inspection: station/socket/cable-only/standalone power bank/vehicle console/packaging; not one consumer power adapter,,
commons-97887468,7,rejected,Codex visual inspection: station/socket/cable-only/standalone power bank/vehicle console/packaging; not one consumer power adapter,,
commons-97888932,7,rejected,Codex visual inspection: station/socket/cable-only/standalone power bank/vehicle console/packaging; not one consumer power adapter,,
commons-169875273,7,rejected,Codex visual inspection: station/socket/cable-only/standalone power bank/vehicle console/packaging; not one consumer power adapter,,
commons-64274915,7,rejected,Codex visual inspection: station/socket/cable-only/standalone power bank/vehicle console/packaging; not one consumer power adapter,,
commons-72184381,7,rejected,Codex visual inspection: station/socket/cable-only/standalone power bank/vehicle console/packaging; not one consumer power adapter,,
commons-81375686,7,rejected,Codex visual inspection: station/socket/cable-only/standalone power bank/vehicle console/packaging; not one consumer power adapter,,
commons-81375693,7,rejected,Codex visual inspection: station/socket/cable-only/standalone power bank/vehicle console/packaging; not one consumer power adapter,,
commons-84447433,7,rejected,Codex visual inspection: station/socket/cable-only/standalone power bank/vehicle console/packaging; not one consumer power adapter,,
commons-89030086,7,rejected,Codex visual inspection: station/socket/cable-only/standalone power bank/vehicle console/packaging; not one consumer power adapter,,
commons-99459451,7,rejected,Codex visual inspection: station/socket/cable-only/standalone power bank/vehicle console/packaging; not one consumer power adapter,,
commons-184080698,7,rejected,Codex visual inspection: station/socket/cable-only/standalone power bank/vehicle console/packaging; not one consumer power adapter,,
commons-52306131,7,rejected,Codex visual inspection: station/socket/cable-only/standalone power bank/vehicle console/packaging; not one consumer power adapter,,
commons-54778140,7,rejected,Codex visual inspection: station/socket/cable-only/standalone power bank/vehicle console/packaging; not one consumer power adapter,,
commons-59563263,7,rejected,Codex visual inspection: station/socket/cable-only/standalone power bank/vehicle console/packaging; not one consumer power adapter,,
commons-176817215,7,approved,Codex visual inspection: one identifiable target within frozen definition,,
commons-186222431,7,approved,Codex visual inspection: one identifiable target within frozen definition,adtec-multiport-product-series,
commons-186222432,7,approved,Codex visual inspection: one identifiable target within frozen definition,adtec-multiport-product-series,
commons-186222433,7,approved,Codex visual inspection: one identifiable target within frozen definition,adtec-multiport-product-series,
commons-186222434,7,approved,Codex visual inspection: one identifiable target within frozen definition,adtec-multiport-product-series,
commons-62288051,7,rejected,Codex visual inspection: station/socket/cable-only/standalone power bank/vehicle console/packaging; not one consumer power adapter,,
commons-62288052,7,rejected,Codex visual inspection: station/socket/cable-only/standalone power bank/vehicle console/packaging; not one consumer power adapter,,
commons-176817199,7,rejected,Codex visual inspection: station/socket/cable-only/standalone power bank/vehicle console/packaging; not one consumer power adapter,,
commons-176817204,7,rejected,Codex visual inspection: station/socket/cable-only/standalone power bank/vehicle console/packaging; not one consumer power adapter,,
commons-176817206,7,rejected,Codex visual inspection: station/socket/cable-only/standalone power bank/vehicle console/packaging; not one consumer power adapter,,
commons-176817208,7,rejected,Codex visual inspection: station/socket/cable-only/standalone power bank/vehicle console/packaging; not one consumer power adapter,,
commons-176817213,7,rejected,Codex visual inspection: station/socket/cable-only/standalone power bank/vehicle console/packaging; not one consumer power adapter,,
commons-176817216,7,rejected,Codex visual inspection: station/socket/cable-only/standalone power bank/vehicle console/packaging; not one consumer power adapter,,
commons-57412869,7,rejected,Codex visual inspection: station/socket/cable-only/standalone power bank/vehicle console/packaging; not one consumer power adapter,,
commons-61521099,7,rejected,Codex visual inspection: station/socket/cable-only/standalone power bank/vehicle console/packaging; not one consumer power adapter,,
commons-62288360,7,rejected,Codex visual inspection: station/socket/cable-only/standalone power bank/vehicle console/packaging; not one consumer power adapter,,
commons-65664940,7,rejected,Codex visual inspection: station/socket/cable-only/standalone power bank/vehicle console/packaging; not one consumer power adapter,,
commons-70558178,7,rejected,Codex visual inspection: station/socket/cable-only/standalone power bank/vehicle console/packaging; not one consumer power adapter,,
commons-90695057,7,rejected,Codex visual inspection: station/socket/cable-only/standalone power bank/vehicle console/packaging; not one consumer power adapter,,
commons-186222436,7,rejected,Codex visual inspection: station/socket/cable-only/standalone power bank/vehicle console/packaging; not one consumer power adapter,,
commons-4868992,7,rejected,Codex visual inspection: station/socket/cable-only/standalone power bank/vehicle console/packaging; not one consumer power adapter,,
commons-11356524,7,rejected,Codex visual inspection: station/socket/cable-only/standalone power bank/vehicle console/packaging; not one consumer power adapter,,
commons-61763582,7,rejected,Codex visual inspection: station/socket/cable-only/standalone power bank/vehicle console/packaging; not one consumer power adapter,,
commons-61936567,7,rejected,Codex visual inspection: station/socket/cable-only/standalone power bank/vehicle console/packaging; not one consumer power adapter,,
commons-85416579,7,rejected,Codex visual inspection: station/socket/cable-only/standalone power bank/vehicle console/packaging; not one consumer power adapter,,
commons-118403656,7,rejected,Codex visual inspection: station/socket/cable-only/standalone power bank/vehicle console/packaging; not one consumer power adapter,,
commons-141456218,7,rejected,Codex visual inspection: station/socket/cable-only/standalone power bank/vehicle console/packaging; not one consumer power adapter,,
commons-168777469,7,rejected,Codex visual inspection: station/socket/cable-only/standalone power bank/vehicle console/packaging; not one consumer power adapter,,
commons-186222440,7,rejected,Codex visual inspection: station/socket/cable-only/standalone power bank/vehicle console/packaging; not one consumer power adapter,,
commons-186222443,7,rejected,Codex visual inspection: station/socket/cable-only/standalone power bank/vehicle console/packaging; not one consumer power adapter,,
commons-43479184,7,rejected,Codex visual inspection: station/socket/cable-only/standalone power bank/vehicle console/packaging; not one consumer power adapter,,
commons-131024250,7,rejected,Codex visual inspection: station/socket/cable-only/standalone power bank/vehicle console/packaging; not one consumer power adapter,,
commons-131027237,7,rejected,Codex visual inspection: station/socket/cable-only/standalone power bank/vehicle console/packaging; not one consumer power adapter,,
commons-3578444,7,rejected,Codex visual inspection: station/socket/cable-only/standalone power bank/vehicle console/packaging; not one consumer power adapter,,
commons-44800142,7,rejected,Codex visual inspection: station/socket/cable-only/standalone power bank/vehicle console/packaging; not one consumer power adapter,,
commons-90507980,7,rejected,Codex visual inspection: station/socket/cable-only/standalone power bank/vehicle console/packaging; not one consumer power adapter,,
commons-44831537,7,rejected,Codex visual inspection: station/socket/cable-only/standalone power bank/vehicle console/packaging; not one consumer power adapter,,
commons-114076786,7,approved,Codex visual inspection: one identifiable target within frozen definition,,
commons-117025314,7,approved,Codex visual inspection: one identifiable target within frozen definition,,
commons-80927070,7,rejected,Codex visual inspection: station/socket/cable-only/standalone power bank/vehicle console/packaging; not one consumer power adapter,,
commons-114096479,7,approved,Codex visual inspection: one identifiable target within frozen definition,,
commons-137327835,7,rejected,Codex visual inspection: station/socket/cable-only/standalone power bank/vehicle console/packaging; not one consumer power adapter,,
commons-140790624,7,approved,Codex visual inspection: one identifiable target within frozen definition,,
commons-199976343,7,rejected,Codex visual inspection: station/socket/cable-only/standalone power bank/vehicle console/packaging; not one consumer power adapter,,
commons-28322126,7,rejected,Codex visual inspection: station/socket/cable-only/standalone power bank/vehicle console/packaging; not one consumer power adapter,,
commons-61751620,7,rejected,Codex visual inspection: station/socket/cable-only/standalone power bank/vehicle console/packaging; not one consumer power adapter,,
commons-67391444,7,rejected,Codex visual inspection: station/socket/cable-only/standalone power bank/vehicle console/packaging; not one consumer power adapter,,
commons-74693735,7,rejected,Codex visual inspection: station/socket/cable-only/standalone power bank/vehicle console/packaging; not one consumer power adapter,,
commons-113738259,7,rejected,Codex visual inspection: station/socket/cable-only/standalone power bank/vehicle console/packaging; not one consumer power adapter,,
commons-145938149,7,rejected,Codex visual inspection: station/socket/cable-only/standalone power bank/vehicle console/packaging; not one consumer power adapter,,
commons-6199036,7,rejected,Codex visual inspection: station/socket/cable-only/standalone power bank/vehicle console/packaging; not one consumer power adapter,,
commons-81986044,7,rejected,Codex visual inspection: station/socket/cable-only/standalone power bank/vehicle console/packaging; not one consumer power adapter,,
commons-44831544,7,rejected,Codex visual inspection: station/socket/cable-only/standalone power bank/vehicle console/packaging; not one consumer power adapter,,
commons-105261966,7,rejected,Codex visual inspection: station/socket/cable-only/standalone power bank/vehicle console/packaging; not one consumer power adapter,,
commons-105261968,7,rejected,Codex visual inspection: station/socket/cable-only/standalone power bank/vehicle console/packaging; not one consumer power adapter,,
commons-64668740,7,rejected,Codex visual inspection: station/socket/cable-only/standalone power bank/vehicle console/packaging; not one consumer power adapter,,
commons-80892078,7,rejected,Codex visual inspection: station/socket/cable-only/standalone power bank/vehicle console/packaging; not one consumer power adapter,,
commons-109471119,7,rejected,Codex visual inspection: station/socket/cable-only/standalone power bank/vehicle console/packaging; not one consumer power adapter,,
commons-149073588,7,rejected,Codex visual inspection: station/socket/cable-only/standalone power bank/vehicle console/packaging; not one consumer power adapter,,
commons-172756662,7,rejected,Codex visual inspection: station/socket/cable-only/standalone power bank/vehicle console/packaging; not one consumer power adapter,,
commons-176431402,7,rejected,Codex visual inspection: station/socket/cable-only/standalone power bank/vehicle console/packaging; not one consumer power adapter,,
commons-192911358,7,approved,Codex visual inspection: one identifiable target within frozen definition,,
oi-2edc0212721c4f22,9,approved,Codex visual inspection: one identifiable target within frozen definition,,
oi-ad6c671913df1a7d,9,approved,Codex visual inspection: one identifiable target within frozen definition,,
oi-82b26dd4a353f9e8,9,approved,Codex visual inspection: one identifiable target within frozen definition,,
oi-14d65997600bb7cd,9,rejected,"Codex visual inspection: multiple backpacks, collage, scene dominates, baby carrier, messenger/duffel bag, or ambiguous bag type",,
oi-56a7cff15cdb2009,9,rejected,"Codex visual inspection: multiple backpacks, collage, scene dominates, baby carrier, messenger/duffel bag, or ambiguous bag type",,
oi-2ab108bbaa221cd7,9,approved,Codex visual inspection: one identifiable target within frozen definition,,
oi-bf6233a2802c96c8,9,rejected,"Codex visual inspection: multiple backpacks, collage, scene dominates, baby carrier, messenger/duffel bag, or ambiguous bag type",,
oi-1c6cef0118791af9,9,rejected,"Codex visual inspection: multiple backpacks, collage, scene dominates, baby carrier, messenger/duffel bag, or ambiguous bag type",,
oi-15a16396c6dd9b84,9,rejected,"Codex visual inspection: multiple backpacks, collage, scene dominates, baby carrier, messenger/duffel bag, or ambiguous bag type",,
oi-f46abc3b39b2f1e4,9,approved,Codex visual inspection: one identifiable target within frozen definition,,
oi-159c27c3fcf6e267,9,rejected,"Codex visual inspection: multiple backpacks, collage, scene dominates, baby carrier, messenger/duffel bag, or ambiguous bag type",,
oi-886b0014dcc373a3,9,rejected,"Codex visual inspection: multiple backpacks, collage, scene dominates, baby carrier, messenger/duffel bag, or ambiguous bag type",,
oi-19a0aafe6ab92d0e,9,rejected,"Codex visual inspection: multiple backpacks, collage, scene dominates, baby carrier, messenger/duffel bag, or ambiguous bag type",,
oi-dc747e1d542bf243,9,approved,Codex visual inspection: one identifiable target within frozen definition,,
oi-8caa9569fcd835ad,9,rejected,"Codex visual inspection: multiple backpacks, collage, scene dominates, baby carrier, messenger/duffel bag, or ambiguous bag type",,
oi-9b94a2e364786610,9,rejected,"Codex visual inspection: multiple backpacks, collage, scene dominates, baby carrier, messenger/duffel bag, or ambiguous bag type",,
oi-6142543e417e4688,9,rejected,"Codex visual inspection: multiple backpacks, collage, scene dominates, baby carrier, messenger/duffel bag, or ambiguous bag type",,
oi-854bbae71c1315f0,9,approved,Codex visual inspection: one identifiable target within frozen definition,,
oi-f9ecba243c6b8a07,9,approved,Codex visual inspection: one identifiable target within frozen definition,,
oi-b0d8a43b3c65a582,9,rejected,"Codex visual inspection: multiple backpacks, collage, scene dominates, baby carrier, messenger/duffel bag, or ambiguous bag type",,
oi-89b1e7d636e0c5f8,9,approved,Codex visual inspection: one identifiable target within frozen definition,,
oi-9e0d20b6184e1da5,9,rejected,"Codex visual inspection: multiple backpacks, collage, scene dominates, baby carrier, messenger/duffel bag, or ambiguous bag type",,
oi-3184492d5235d598,9,approved,Codex visual inspection: one identifiable target within frozen definition,,
oi-7491dc5b881626cd,9,approved,Codex visual inspection: one identifiable target within frozen definition,,
oi-649331e7565dd249,9,rejected,"Codex visual inspection: multiple backpacks, collage, scene dominates, baby carrier, messenger/duffel bag, or ambiguous bag type",,
oi-42ff928c38bdfcae,9,approved,Codex visual inspection: one identifiable target within frozen definition,,
oi-ec141bdfee0b4711,5,rejected,"Codex visual inspection: built-in laptop/integrated computer keyboard, whole computer/scene, dismantled part, ambiguous crop, or multiple primary subjects; external-only scope confirmed by user",,
oi-d38e1365450ab89e,5,rejected,"Codex visual inspection: built-in laptop/integrated computer keyboard, whole computer/scene, dismantled part, ambiguous crop, or multiple primary subjects; external-only scope confirmed by user",,
oi-ee3d2c89a8ff0ce4,5,rejected,"Codex visual inspection: built-in laptop/integrated computer keyboard, whole computer/scene, dismantled part, ambiguous crop, or multiple primary subjects; external-only scope confirmed by user",,
oi-e918ca45aa73171c,5,approved,Codex visual inspection: one identifiable physical target within confirmed definition,,
oi-d540c2a75cbb78ea,5,rejected,"Codex visual inspection: built-in laptop/integrated computer keyboard, whole computer/scene, dismantled part, ambiguous crop, or multiple primary subjects; external-only scope confirmed by user",,
oi-e4de4f4143491a9d,5,rejected,"Codex visual inspection: built-in laptop/integrated computer keyboard, whole computer/scene, dismantled part, ambiguous crop, or multiple primary subjects; external-only scope confirmed by user",,
oi-e3d9a16b0b22bb6f,5,rejected,"Codex visual inspection: built-in laptop/integrated computer keyboard, whole computer/scene, dismantled part, ambiguous crop, or multiple primary subjects; external-only scope confirmed by user",,
oi-7f23e1de7320aebd,5,rejected,"Codex visual inspection: built-in laptop/integrated computer keyboard, whole computer/scene, dismantled part, ambiguous crop, or multiple primary subjects; external-only scope confirmed by user",,
oi-ed4fcc1defe53f54,5,rejected,"Codex visual inspection: built-in laptop/integrated computer keyboard, whole computer/scene, dismantled part, ambiguous crop, or multiple primary subjects; external-only scope confirmed by user",,
oi-a7e5d2727af4299d,5,rejected,"Codex visual inspection: built-in laptop/integrated computer keyboard, whole computer/scene, dismantled part, ambiguous crop, or multiple primary subjects; external-only scope confirmed by user",,
oi-14be91e9e9170798,5,rejected,"Codex visual inspection: built-in laptop/integrated computer keyboard, whole computer/scene, dismantled part, ambiguous crop, or multiple primary subjects; external-only scope confirmed by user",,
oi-96dac0044fbddc36,5,rejected,"Codex visual inspection: built-in laptop/integrated computer keyboard, whole computer/scene, dismantled part, ambiguous crop, or multiple primary subjects; external-only scope confirmed by user",,
oi-20d72fbd291c1f84,5,approved,Codex visual inspection: one identifiable physical target within confirmed definition,,
oi-9179c65d79619957,5,rejected,"Codex visual inspection: built-in laptop/integrated computer keyboard, whole computer/scene, dismantled part, ambiguous crop, or multiple primary subjects; external-only scope confirmed by user",,
oi-0e09767b7dab9237,5,rejected,"Codex visual inspection: built-in laptop/integrated computer keyboard, whole computer/scene, dismantled part, ambiguous crop, or multiple primary subjects; external-only scope confirmed by user",,
oi-afb9e722b91f70da,5,rejected,"Codex visual inspection: built-in laptop/integrated computer keyboard, whole computer/scene, dismantled part, ambiguous crop, or multiple primary subjects; external-only scope confirmed by user",,
oi-b7640a870db80373,5,rejected,"Codex visual inspection: built-in laptop/integrated computer keyboard, whole computer/scene, dismantled part, ambiguous crop, or multiple primary subjects; external-only scope confirmed by user",,
oi-a350fd1b187d4244,5,rejected,"Codex visual inspection: built-in laptop/integrated computer keyboard, whole computer/scene, dismantled part, ambiguous crop, or multiple primary subjects; external-only scope confirmed by user",,
oi-8f2e423a486c893b,5,rejected,"Codex visual inspection: built-in laptop/integrated computer keyboard, whole computer/scene, dismantled part, ambiguous crop, or multiple primary subjects; external-only scope confirmed by user",,
oi-8d0b1e22cc02c96a,5,rejected,"Codex visual inspection: built-in laptop/integrated computer keyboard, whole computer/scene, dismantled part, ambiguous crop, or multiple primary subjects; external-only scope confirmed by user",,
oi-eb99cee1f01b08ff,5,rejected,"Codex visual inspection: built-in laptop/integrated computer keyboard, whole computer/scene, dismantled part, ambiguous crop, or multiple primary subjects; external-only scope confirmed by user",,
oi-46b3ee69cede9f7c,5,rejected,"Codex visual inspection: built-in laptop/integrated computer keyboard, whole computer/scene, dismantled part, ambiguous crop, or multiple primary subjects; external-only scope confirmed by user",,
oi-bfe4e92a6abafe46,5,rejected,"Codex visual inspection: built-in laptop/integrated computer keyboard, whole computer/scene, dismantled part, ambiguous crop, or multiple primary subjects; external-only scope confirmed by user",,
oi-98f25c64461ba4a2,5,rejected,"Codex visual inspection: built-in laptop/integrated computer keyboard, whole computer/scene, dismantled part, ambiguous crop, or multiple primary subjects; external-only scope confirmed by user",,
oi-fed5ef790d653fde,5,rejected,"Codex visual inspection: built-in laptop/integrated computer keyboard, whole computer/scene, dismantled part, ambiguous crop, or multiple primary subjects; external-only scope confirmed by user",,
oi-91050cbd94f33e90,5,rejected,"Codex visual inspection: built-in laptop/integrated computer keyboard, whole computer/scene, dismantled part, ambiguous crop, or multiple primary subjects; external-only scope confirmed by user",,
oi-09ea349ee555b61d,5,rejected,"Codex visual inspection: built-in laptop/integrated computer keyboard, whole computer/scene, dismantled part, ambiguous crop, or multiple primary subjects; external-only scope confirmed by user",,
oi-8b031007bf62947a,5,rejected,"Codex visual inspection: built-in laptop/integrated computer keyboard, whole computer/scene, dismantled part, ambiguous crop, or multiple primary subjects; external-only scope confirmed by user",,
oi-1735d6aa0d62cb00,5,approved,Codex visual inspection: one identifiable physical target within confirmed definition,,
oi-9b7b64ac71066255,5,rejected,"Codex visual inspection: built-in laptop/integrated computer keyboard, whole computer/scene, dismantled part, ambiguous crop, or multiple primary subjects; external-only scope confirmed by user",,
oi-695b4fc14d56e32c,5,rejected,"Codex visual inspection: built-in laptop/integrated computer keyboard, whole computer/scene, dismantled part, ambiguous crop, or multiple primary subjects; external-only scope confirmed by user",,
oi-843b65da2d2f213e,5,rejected,"Codex visual inspection: built-in laptop/integrated computer keyboard, whole computer/scene, dismantled part, ambiguous crop, or multiple primary subjects; external-only scope confirmed by user",,
oi-f5f77d3a50ea6e21,5,rejected,"Codex visual inspection: built-in laptop/integrated computer keyboard, whole computer/scene, dismantled part, ambiguous crop, or multiple primary subjects; external-only scope confirmed by user",,
oi-61ad317ddcfdb148,5,rejected,"Codex visual inspection: built-in laptop/integrated computer keyboard, whole computer/scene, dismantled part, ambiguous crop, or multiple primary subjects; external-only scope confirmed by user",,
oi-1f5cf6e96f0e0690,5,rejected,"Codex visual inspection: built-in laptop/integrated computer keyboard, whole computer/scene, dismantled part, ambiguous crop, or multiple primary subjects; external-only scope confirmed by user",,
oi-b79ee19cc605140a,5,approved,Codex visual inspection: one identifiable physical target within confirmed definition,,
oi-55709f00b158ee38,5,rejected,"Codex visual inspection: built-in laptop/integrated computer keyboard, whole computer/scene, dismantled part, ambiguous crop, or multiple primary subjects; external-only scope confirmed by user",,
oi-cfbd0ea8d3acc635,5,rejected,"Codex visual inspection: built-in laptop/integrated computer keyboard, whole computer/scene, dismantled part, ambiguous crop, or multiple primary subjects; external-only scope confirmed by user",,
oi-b0a6eb74f9722e8b,5,approved,Codex visual inspection: one identifiable physical target within confirmed definition,,
oi-507d5beadbfbb1b4,5,approved,Codex visual inspection: one identifiable physical target within confirmed definition,,
oi-b6ab01e24cac855b,5,rejected,"Codex visual inspection: built-in laptop/integrated computer keyboard, whole computer/scene, dismantled part, ambiguous crop, or multiple primary subjects; external-only scope confirmed by user",,
oi-74fe00dcf307c42e,5,rejected,"Codex visual inspection: built-in laptop/integrated computer keyboard, whole computer/scene, dismantled part, ambiguous crop, or multiple primary subjects; external-only scope confirmed by user",,
oi-a3196fa577444985,5,approved,Codex visual inspection: one identifiable physical target within confirmed definition,,
oi-82ec287514404742,5,rejected,"Codex visual inspection: built-in laptop/integrated computer keyboard, whole computer/scene, dismantled part, ambiguous crop, or multiple primary subjects; external-only scope confirmed by user",,
oi-4bd22ced20a97685,5,rejected,"Codex visual inspection: built-in laptop/integrated computer keyboard, whole computer/scene, dismantled part, ambiguous crop, or multiple primary subjects; external-only scope confirmed by user",,
oi-f3b046e9144b39e9,5,rejected,"Codex visual inspection: built-in laptop/integrated computer keyboard, whole computer/scene, dismantled part, ambiguous crop, or multiple primary subjects; external-only scope confirmed by user",,
oi-eb86d7c511ddeb02,5,rejected,"Codex visual inspection: built-in laptop/integrated computer keyboard, whole computer/scene, dismantled part, ambiguous crop, or multiple primary subjects; external-only scope confirmed by user",,
oi-defb4911c2df3880,5,approved,Codex visual inspection: one identifiable physical target within confirmed definition,,
oi-caede041e92b55c7,5,approved,Codex visual inspection: one identifiable physical target within confirmed definition,,
oi-cf5a7db2da4df56c,5,approved,Codex visual inspection: one identifiable physical target within confirmed definition,,
oi-dab2223483fd7b34,5,rejected,"Codex visual inspection: built-in laptop/integrated computer keyboard, whole computer/scene, dismantled part, ambiguous crop, or multiple primary subjects; external-only scope confirmed by user",,
oi-4948a8d435d70f7d,5,rejected,"Codex visual inspection: built-in laptop/integrated computer keyboard, whole computer/scene, dismantled part, ambiguous crop, or multiple primary subjects; external-only scope confirmed by user",,
oi-a3a73afe097efbfa,5,rejected,"Codex visual inspection: built-in laptop/integrated computer keyboard, whole computer/scene, dismantled part, ambiguous crop, or multiple primary subjects; external-only scope confirmed by user",,
oi-749bd801be2b5be7,5,rejected,"Codex visual inspection: built-in laptop/integrated computer keyboard, whole computer/scene, dismantled part, ambiguous crop, or multiple primary subjects; external-only scope confirmed by user",,
oi-ba246c102bf13a92,5,rejected,"Codex visual inspection: built-in laptop/integrated computer keyboard, whole computer/scene, dismantled part, ambiguous crop, or multiple primary subjects; external-only scope confirmed by user",,
oi-d0f4244d04835dc4,5,rejected,"Codex visual inspection: built-in laptop/integrated computer keyboard, whole computer/scene, dismantled part, ambiguous crop, or multiple primary subjects; external-only scope confirmed by user",,
oi-6261fb5e6bc208be,5,rejected,"Codex visual inspection: built-in laptop/integrated computer keyboard, whole computer/scene, dismantled part, ambiguous crop, or multiple primary subjects; external-only scope confirmed by user",,
oi-16bb316c7c76b5a5,5,rejected,"Codex visual inspection: built-in laptop/integrated computer keyboard, whole computer/scene, dismantled part, ambiguous crop, or multiple primary subjects; external-only scope confirmed by user",,
oi-bc052e81ba63c54b,5,rejected,"Codex visual inspection: built-in laptop/integrated computer keyboard, whole computer/scene, dismantled part, ambiguous crop, or multiple primary subjects; external-only scope confirmed by user",,
oi-58f5cc70f6264226,5,approved,Codex visual inspection: one identifiable physical target within confirmed definition,,
oi-a26b928945b612fc,5,approved,Codex visual inspection: one identifiable physical target within confirmed definition,,
oi-4ee30f20fd17e8da,5,approved,Codex visual inspection: one identifiable physical target within confirmed definition,,
oi-a3b0084de0f643d5,5,rejected,"Codex visual inspection: built-in laptop/integrated computer keyboard, whole computer/scene, dismantled part, ambiguous crop, or multiple primary subjects; external-only scope confirmed by user",,
oi-49df299b42dace72,5,rejected,"Codex visual inspection: built-in laptop/integrated computer keyboard, whole computer/scene, dismantled part, ambiguous crop, or multiple primary subjects; external-only scope confirmed by user",,
oi-c9624f343f44f25c,5,approved,Codex visual inspection: one identifiable physical target within confirmed definition,,
oi-523fc8459792d811,5,rejected,"Codex visual inspection: built-in laptop/integrated computer keyboard, whole computer/scene, dismantled part, ambiguous crop, or multiple primary subjects; external-only scope confirmed by user",,
oi-134ceb5c6908059c,5,approved,Codex visual inspection: one identifiable physical target within confirmed definition,,
oi-3c36839f4b54a72e,5,approved,Codex visual inspection: one identifiable physical target within confirmed definition,,
oi-22ff8a252588f3d7,5,rejected,"Codex visual inspection: built-in laptop/integrated computer keyboard, whole computer/scene, dismantled part, ambiguous crop, or multiple primary subjects; external-only scope confirmed by user",,
oi-02ca56a928857d93,5,rejected,"Codex visual inspection: built-in laptop/integrated computer keyboard, whole computer/scene, dismantled part, ambiguous crop, or multiple primary subjects; external-only scope confirmed by user",,
oi-d8f1783c5e99de8e,5,approved,Codex visual inspection: one identifiable physical target within confirmed definition,,
oi-acb9019c9ae6c5ea,5,approved,Codex visual inspection: one identifiable physical target within confirmed definition,,
oi-6e1f1d40d59771ec,5,rejected,"Codex visual inspection: built-in laptop/integrated computer keyboard, whole computer/scene, dismantled part, ambiguous crop, or multiple primary subjects; external-only scope confirmed by user",,
oi-2a8880a420841a19,5,rejected,"Codex visual inspection: built-in laptop/integrated computer keyboard, whole computer/scene, dismantled part, ambiguous crop, or multiple primary subjects; external-only scope confirmed by user",,
oi-9ff2b91c4f6885d1,5,approved,Codex visual inspection: one identifiable physical target within confirmed definition,,
oi-b095c8620e7070f4,5,rejected,"Codex visual inspection: built-in laptop/integrated computer keyboard, whole computer/scene, dismantled part, ambiguous crop, or multiple primary subjects; external-only scope confirmed by user",,
oi-2680e39d5bf92952,5,rejected,"Codex visual inspection: built-in laptop/integrated computer keyboard, whole computer/scene, dismantled part, ambiguous crop, or multiple primary subjects; external-only scope confirmed by user",,
oi-9570e0d6d77386cc,5,rejected,"Codex visual inspection: built-in laptop/integrated computer keyboard, whole computer/scene, dismantled part, ambiguous crop, or multiple primary subjects; external-only scope confirmed by user",,
oi-7f29156f43bdfd49,5,approved,Codex visual inspection: one identifiable physical target within confirmed definition,,
oi-5fd2be53e962258f,5,rejected,"Codex visual inspection: built-in laptop/integrated computer keyboard, whole computer/scene, dismantled part, ambiguous crop, or multiple primary subjects; external-only scope confirmed by user",,
oi-22fa860f70c6f856,5,rejected,"Codex visual inspection: built-in laptop/integrated computer keyboard, whole computer/scene, dismantled part, ambiguous crop, or multiple primary subjects; external-only scope confirmed by user",,
oi-a43934f16b2db997,5,approved,Codex visual inspection: one identifiable physical target within confirmed definition,,
oi-53bb6b5aa8f33d1a,5,approved,Codex visual inspection: one identifiable physical target within confirmed definition,,
oi-5e829a55d775a599,5,rejected,"Codex visual inspection: built-in laptop/integrated computer keyboard, whole computer/scene, dismantled part, ambiguous crop, or multiple primary subjects; external-only scope confirmed by user",,
oi-62ea443ac4888d11,5,rejected,"Codex visual inspection: built-in laptop/integrated computer keyboard, whole computer/scene, dismantled part, ambiguous crop, or multiple primary subjects; external-only scope confirmed by user",,
oi-2b73260fcddd14d9,5,rejected,"Codex visual inspection: built-in laptop/integrated computer keyboard, whole computer/scene, dismantled part, ambiguous crop, or multiple primary subjects; external-only scope confirmed by user",,
oi-fa23a3e9c9459f2a,5,rejected,"Codex visual inspection: built-in laptop/integrated computer keyboard, whole computer/scene, dismantled part, ambiguous crop, or multiple primary subjects; external-only scope confirmed by user",,
oi-4f514936ece6fc3a,5,rejected,"Codex visual inspection: built-in laptop/integrated computer keyboard, whole computer/scene, dismantled part, ambiguous crop, or multiple primary subjects; external-only scope confirmed by user",,
oi-fefeea12c3751c06,5,rejected,"Codex visual inspection: built-in laptop/integrated computer keyboard, whole computer/scene, dismantled part, ambiguous crop, or multiple primary subjects; external-only scope confirmed by user",,
oi-d7bdde0ccf91fef5,5,approved,Codex visual inspection: one identifiable physical target within confirmed definition,,
oi-5d71d98e6ca58173,5,rejected,"Codex visual inspection: built-in laptop/integrated computer keyboard, whole computer/scene, dismantled part, ambiguous crop, or multiple primary subjects; external-only scope confirmed by user",,
oi-fb5b186da77fd980,5,rejected,"Codex visual inspection: built-in laptop/integrated computer keyboard, whole computer/scene, dismantled part, ambiguous crop, or multiple primary subjects; external-only scope confirmed by user",,
oi-7cbb92c2094f8da4,5,approved,Codex visual inspection: one identifiable physical target within confirmed definition,,
oi-bfe66da6cd62f60d,2,rejected,Codex visual inspection: person/library/other subject dominates or flat cover/scan without clear physical-book evidence,,
oi-9e15f41999541180,2,rejected,Codex visual inspection: person/library/other subject dominates or flat cover/scan without clear physical-book evidence,,
oi-ca42379cb4c7701c,2,rejected,Codex visual inspection: person/library/other subject dominates or flat cover/scan without clear physical-book evidence,,
oi-6b3ee8f9ce12c766,2,approved,Codex visual inspection: one identifiable physical target within confirmed definition,,
oi-48dfa3049039bdc3,2,approved,Codex visual inspection: one identifiable physical target within confirmed definition,,
oi-e5ddb82a545bd3cb,2,rejected,Codex visual inspection: person/library/other subject dominates or flat cover/scan without clear physical-book evidence,,
oi-ad0b84fa69dbb904,2,approved,Codex visual inspection: one identifiable physical target within confirmed definition,,
oi-d68f85d27f38f4ae,2,approved,Codex visual inspection: one identifiable physical target within confirmed definition,,
oi-932afd11bcf070e1,2,rejected,Codex visual inspection: person/library/other subject dominates or flat cover/scan without clear physical-book evidence,,
oi-c3dcc0dee554947d,2,rejected,Codex visual inspection: person/library/other subject dominates or flat cover/scan without clear physical-book evidence,,
oi-c6890a19df2dcbf3,2,rejected,Codex visual inspection: person/library/other subject dominates or flat cover/scan without clear physical-book evidence,,
oi-4d95b874bc7801ef,2,rejected,Codex visual inspection: person/library/other subject dominates or flat cover/scan without clear physical-book evidence,,
oi-a1300bd90ba889d4,2,approved,Codex visual inspection: one identifiable physical target within confirmed definition,,
oi-3c380b4716ae11a9,2,rejected,Codex visual inspection: person/library/other subject dominates or flat cover/scan without clear physical-book evidence,,
oi-a13ad60d2ae08729,2,approved,Codex visual inspection: one identifiable physical target within confirmed definition,,
oi-396a525890209734,2,approved,Codex visual inspection: one identifiable physical target within confirmed definition,,
oi-75b561324eacfb96,2,approved,Codex visual inspection: one identifiable physical target within confirmed definition,,
oi-e20d12d009b24504,2,approved,Codex visual inspection: one identifiable physical target within confirmed definition,,
oi-c31aac45ea17d3f4,2,approved,Codex visual inspection: one identifiable physical target within confirmed definition,,
oi-c320f6ce63e54c2e,2,approved,Codex visual inspection: one identifiable physical target within confirmed definition,,
oi-c2562b46badf8f24,2,rejected,Codex visual inspection: person/library/other subject dominates or flat cover/scan without clear physical-book evidence,,
oi-07048ea0ca4d5e4f,2,rejected,Codex visual inspection: person/library/other subject dominates or flat cover/scan without clear physical-book evidence,,
oi-42219b28724c0f07,2,rejected,Codex visual inspection: person/library/other subject dominates or flat cover/scan without clear physical-book evidence,,
oi-174921b674eec449,2,approved,Codex visual inspection: one identifiable physical target within confirmed definition,,
oi-c6891474b1432598,2,rejected,Codex visual inspection: person/library/other subject dominates or flat cover/scan without clear physical-book evidence,,
oi-aa8eff0c3ac6046a,2,rejected,Codex visual inspection: person/library/other subject dominates or flat cover/scan without clear physical-book evidence,,
oi-7a1a3c57093f0653,2,approved,Codex visual inspection: one identifiable physical target within confirmed definition,,
oi-34d24329ff8adfeb,2,approved,Codex visual inspection: one identifiable physical target within confirmed definition,,
oi-d5bbc03da4938635,0,approved,Codex visual inspection: one identifiable physical target within confirmed definition,,
oi-f864f023cb5cf02d,0,approved,Codex visual inspection: one identifiable physical target within confirmed definition,,
oi-bcb52a962e3bed87,0,approved,Codex visual inspection: one identifiable physical target within confirmed definition,,
oi-78a0d9d601573285,0,approved,Codex visual inspection: one identifiable physical target within confirmed definition,,
oi-50bb62d664042d33,0,rejected,"Codex visual inspection: composite/illustration, multiple primary vessels, tureen or pouring pitcher outside drinking-cup scope",,
oi-050631743357d5f0,0,approved,Codex visual inspection: one identifiable physical target within confirmed definition,,
oi-e0a775234f9c2d01,0,approved,Codex visual inspection: one identifiable physical target within confirmed definition,,
oi-a9dbe21059c9bc99,0,approved,Codex visual inspection: one identifiable physical target within confirmed definition,,
oi-7331dc00776c06a3,0,approved,Codex visual inspection: one identifiable physical target within confirmed definition,,
oi-0ea1549299380eec,0,approved,Codex visual inspection: one identifiable physical target within confirmed definition,,
oi-731e999acdb6ae99,0,approved,Codex visual inspection: one identifiable physical target within confirmed definition,,
oi-ef02d574fcec8ae1,0,approved,Codex visual inspection: one identifiable physical target within confirmed definition,,
oi-227cfd9f3a0fbead,0,approved,Codex visual inspection: one identifiable physical target within confirmed definition,,
oi-0fb3b09b91685b46,0,approved,Codex visual inspection: one identifiable physical target within confirmed definition,,
oi-30d38acdacfe06d0,0,approved,Codex visual inspection: one identifiable physical target within confirmed definition,,
oi-fe7753e4c7e0d556,0,approved,Codex visual inspection: one identifiable physical target within confirmed definition,,
oi-7e956a04c4e6f886,0,approved,Codex visual inspection: one identifiable physical target within confirmed definition,,
oi-40f1d85dd5e2f505,0,rejected,"Codex visual inspection: composite/illustration, multiple primary vessels, tureen or pouring pitcher outside drinking-cup scope",,
oi-4dda76f455c64d61,0,approved,Codex visual inspection: one identifiable physical target within confirmed definition,,
oi-96fd4d8bc6631dee,0,approved,Codex visual inspection: one identifiable physical target within confirmed definition,,
oi-2a28a37db2df5465,0,approved,Codex visual inspection: one identifiable physical target within confirmed definition,,
oi-5c4332cd0d3bf4a4,0,rejected,"Codex visual inspection: composite/illustration, multiple primary vessels, tureen or pouring pitcher outside drinking-cup scope",,
oi-e68fdc0e1599c679,0,approved,Codex visual inspection: one identifiable physical target within confirmed definition,,
oi-27e46f5f25ce1d6a,0,approved,Codex visual inspection: one identifiable physical target within confirmed definition,,
oi-20fcb54990387431,0,approved,Codex visual inspection: one identifiable physical target within confirmed definition,,
oi-b8ab60e81b8b3ab3,0,approved,Codex visual inspection: one identifiable physical target within confirmed definition,,
oi-d728be97da33a806,0,approved,Codex visual inspection: one identifiable physical target within confirmed definition,,
oi-6dcbbfe9c57a7944,0,approved,Codex visual inspection: one identifiable physical target within confirmed definition,,
oi-f5f7f727c98e2554,0,rejected,"Codex visual inspection: composite/illustration, multiple primary vessels, tureen or pouring pitcher outside drinking-cup scope",,
oi-f9ff30103bfbff7e,0,approved,Codex visual inspection: one identifiable physical target within confirmed definition,,
oi-a0e4f1b5b3a876fd,0,approved,Codex visual inspection: one identifiable physical target within confirmed definition,,
oi-ef8ab729f1850d16,0,approved,Codex visual inspection: one identifiable physical target within confirmed definition,,
oi-b322d0102768fb7f,0,approved,Codex visual inspection: one identifiable physical target within confirmed definition,,
oi-afaf8927dde6af1d,0,approved,Codex visual inspection: one identifiable physical target within confirmed definition,,
oi-618356c17451b50f,0,approved,Codex visual inspection: one identifiable physical target within confirmed definition,,
oi-2ae5575f39119c7d,0,approved,Codex visual inspection: one identifiable physical target within confirmed definition,,
oi-b71a63b9c3a6bde3,0,approved,Codex visual inspection: one identifiable physical target within confirmed definition,,
oi-bce902c227b435da,0,approved,Codex visual inspection: one identifiable physical target within confirmed definition,,
oi-2fdb1683aef581cf,0,approved,Codex visual inspection: one identifiable physical target within confirmed definition,,
oi-17a108a78c12f568,0,approved,Codex visual inspection: one identifiable physical target within confirmed definition,,
oi-62fc277894fa3150,0,approved,Codex visual inspection: one identifiable physical target within confirmed definition,,
oi-4ef03696007ad64f,0,approved,Codex visual inspection: one identifiable physical target within confirmed definition,,
oi-4e719f59d2411d9b,0,approved,Codex visual inspection: one identifiable physical target within confirmed definition,,
oi-596de74177faef2d,0,approved,Codex visual inspection: one identifiable physical target within confirmed definition,,
oi-18a1a789a0efb41b,0,rejected,"Codex visual inspection: composite/illustration, multiple primary vessels, tureen or pouring pitcher outside drinking-cup scope",,
oi-e6b69ceea4952ad5,0,approved,Codex visual inspection: one identifiable physical target within confirmed definition,,
oi-32b341a5d4167519,0,rejected,"Codex visual inspection: composite/illustration, multiple primary vessels, tureen or pouring pitcher outside drinking-cup scope",,
oi-f11d5d1588572cd1,0,approved,Codex visual inspection: one identifiable physical target within confirmed definition,,
oi-e52acedd24eeabd9,0,approved,Codex visual inspection: one identifiable physical target within confirmed definition,,
oi-bff7108553d5ca53,0,approved,Codex visual inspection: one identifiable physical target within confirmed definition,,
oi-81f1bf204d4edf0b,0,approved,Codex visual inspection: one identifiable physical target within confirmed definition,,
oi-9ed24a2f128a52b0,0,rejected,"Codex visual inspection: composite/illustration, multiple primary vessels, tureen or pouring pitcher outside drinking-cup scope",,
oi-968288c82e121f36,1,approved,Codex visual inspection: one identifiable physical target within confirmed definition,,
oi-04332abb4e4ea1ea,1,rejected,"Codex visual inspection: patio/beach shade, portrait/scene dominates or no single primary handheld umbrella",,
oi-bb0309bef6abcdf3,1,rejected,"Codex visual inspection: patio/beach shade, portrait/scene dominates or no single primary handheld umbrella",,
oi-1fa24b13f85436dc,1,rejected,"Codex visual inspection: patio/beach shade, portrait/scene dominates or no single primary handheld umbrella",,
oi-8f6f2abe13fa8abf,1,rejected,"Codex visual inspection: patio/beach shade, portrait/scene dominates or no single primary handheld umbrella",,
oi-14280aff9a37fc8e,1,rejected,"Codex visual inspection: patio/beach shade, portrait/scene dominates or no single primary handheld umbrella",,
oi-003b350846f7bdf5,1,rejected,"Codex visual inspection: patio/beach shade, portrait/scene dominates or no single primary handheld umbrella",,
oi-6a1d2ca243e0c7f0,1,rejected,"Codex visual inspection: patio/beach shade, portrait/scene dominates or no single primary handheld umbrella",,
oi-1a98e8eb29133e4a,1,rejected,"Codex visual inspection: patio/beach shade, portrait/scene dominates or no single primary handheld umbrella",,
oi-fb934a9e61fcc8dd,1,approved,Codex visual inspection: one identifiable physical target within confirmed definition,,
oi-0d5af6c966512522,1,approved,Codex visual inspection: one identifiable physical target within confirmed definition,,
oi-18fbdce60f948fbb,1,rejected,"Codex visual inspection: patio/beach shade, portrait/scene dominates or no single primary handheld umbrella",,
oi-64f51a50c1aff6f7,1,approved,Codex visual inspection: one identifiable physical target within confirmed definition,,
oi-1348e6f01df2c79a,4,approved,Codex visual inspection: one identifiable physical target within confirmed definition,,
oi-b033c3642fc4e9cd,4,approved,Codex visual inspection: one identifiable physical target within confirmed definition,,
oi-2bc941fac87f3826,4,approved,Codex visual inspection: one identifiable physical target within confirmed definition,,
oi-f4581c5e117f45dd,4,approved,Codex visual inspection: one identifiable physical target within confirmed definition,,
oi-4bab8bcfb47b0986,4,approved,Codex visual inspection: one identifiable physical target within confirmed definition,,
oi-3ef18d437afa1e76,4,approved,Codex visual inspection: one identifiable physical target within confirmed definition,,
oi-be96346af6d930ef,4,approved,Codex visual inspection: one identifiable physical target within confirmed definition,,
oi-5979c88c0717ebfd,4,approved,Codex visual inspection: one identifiable physical target within confirmed definition,,
oi-4a59b15a948b3965,4,approved,Codex visual inspection: one identifiable physical target within confirmed definition,,
oi-1cbeb03e6efca760,4,approved,Codex visual inspection: one identifiable physical target within confirmed definition,,
oi-e88cf5acfa238847,4,approved,Codex visual inspection: one identifiable physical target within confirmed definition,,
oi-ee3ca9ff374d5212,4,approved,Codex visual inspection: one identifiable physical target within confirmed definition,,
oi-bb8d86c7a7e02093,4,approved,Codex visual inspection: one identifiable physical target within confirmed definition,,
oi-0e27c9b0593260d2,4,approved,Codex visual inspection: one identifiable physical target within confirmed definition,,
oi-65312e4ca5a6f947,4,approved,Codex visual inspection: one identifiable physical target within confirmed definition,,
oi-7a2d59287bc751ee,4,approved,Codex visual inspection: one identifiable physical target within confirmed definition,,
oi-af1af3062d04c7b6,4,approved,Codex visual inspection: one identifiable physical target within confirmed definition,,
oi-65eb9b425f8a99e1,4,approved,Codex visual inspection: one identifiable physical target within confirmed definition,,
oi-914617aee0e735d4,4,approved,Codex visual inspection: one identifiable physical target within confirmed definition,,
oi-0a51fd1a18528f7f,4,approved,Codex visual inspection: one identifiable physical target within confirmed definition,,
oi-dd878b1089326be1,4,approved,Codex visual inspection: one identifiable physical target within confirmed definition,,
oi-954cd52679d0c86f,4,approved,Codex visual inspection: one identifiable physical target within confirmed definition,,
oi-8cc10b3985bc8379,4,approved,Codex visual inspection: one identifiable physical target within confirmed definition,,
oi-3bb1e3442830880a,4,approved,Codex visual inspection: one identifiable physical target within confirmed definition,,
oi-3ef9c4e030a413b8,4,approved,Codex visual inspection: one identifiable physical target within confirmed definition,,
oi-33917ea7a4885da5,4,approved,Codex visual inspection: one identifiable physical target within confirmed definition,,
oi-45069d7de7100c0d,4,approved,Codex visual inspection: one identifiable physical target within confirmed definition,,
oi-27a42265dc273376,4,approved,Codex visual inspection: one identifiable physical target within confirmed definition,,
oi-0e01043680c40c32,4,approved,Codex visual inspection: one identifiable physical target within confirmed definition,,
oi-a5bf08c72857c68b,4,rejected,Codex visual inspection: dismantled mouse with prominent other subject,,
oi-85b572241d10e14c,4,approved,Codex visual inspection: one identifiable physical target within confirmed definition,,
oi-608d813c31750c8b,4,approved,Codex visual inspection: one identifiable physical target within confirmed definition,,
oi-4dc1f23946c2d47c,4,approved,Codex visual inspection: one identifiable physical target within confirmed definition,,
oi-8ce355f47f0d1c45,4,approved,Codex visual inspection: one identifiable physical target within confirmed definition,,
oi-34da803c6cae973c,6,approved,Codex visual inspection: one identifiable physical target within confirmed definition,,
oi-e7c519cd1695f3dd,6,approved,Codex visual inspection: one identifiable physical target within confirmed definition,,
oi-3e71a31b6796cf1e,6,rejected,"Codex visual inspection: illustration/cushion, non-earphone respirator or receiver accessory, multiple headphones, or portrait/flower/player dominates",,
oi-c1352c20757a8be1,6,approved,Codex visual inspection: one identifiable physical target within confirmed definition,,
oi-846b1618b324bd91,6,approved,Codex visual inspection: one identifiable physical target within confirmed definition,,
oi-f52485a73734f1eb,6,approved,Codex visual inspection: one identifiable physical target within confirmed definition,,
oi-3b8bee1b571394ae,6,approved,Codex visual inspection: one identifiable physical target within confirmed definition,,
oi-da264d5601673774,6,approved,Codex visual inspection: one identifiable physical target within confirmed definition,,
oi-04148d451d34d720,6,approved,Codex visual inspection: one identifiable physical target within confirmed definition,,
oi-aefbe8e355b22942,6,rejected,"Codex visual inspection: illustration/cushion, non-earphone respirator or receiver accessory, multiple headphones, or portrait/flower/player dominates",,
oi-5198c820d3b83737,6,approved,Codex visual inspection: one identifiable physical target within confirmed definition,,
oi-0f92aa6babdb5149,6,rejected,"Codex visual inspection: illustration/cushion, non-earphone respirator or receiver accessory, multiple headphones, or portrait/flower/player dominates",,
oi-14eaab08037c5b17,6,approved,Codex visual inspection: one identifiable physical target within confirmed definition,,
oi-67c98db8cf15467f,6,rejected,"Codex visual inspection: illustration/cushion, non-earphone respirator or receiver accessory, multiple headphones, or portrait/flower/player dominates",,
oi-4fabd72ee9dc6983,6,approved,Codex visual inspection: one identifiable physical target within confirmed definition,,
oi-874f4719c5ec6c9d,6,approved,Codex visual inspection: one identifiable physical target within confirmed definition,,
oi-40bc03bdddd567c3,6,rejected,"Codex visual inspection: illustration/cushion, non-earphone respirator or receiver accessory, multiple headphones, or portrait/flower/player dominates",,
oi-7fa782668c95918d,6,rejected,"Codex visual inspection: illustration/cushion, non-earphone respirator or receiver accessory, multiple headphones, or portrait/flower/player dominates",,
oi-577dd20d0d47b917,6,approved,Codex visual inspection: one identifiable physical target within confirmed definition,,
oi-de2f2a51c82273bb,6,rejected,"Codex visual inspection: illustration/cushion, non-earphone respirator or receiver accessory, multiple headphones, or portrait/flower/player dominates",,
oi-8e9714f21542b375,6,approved,Codex visual inspection: one identifiable physical target within confirmed definition,,
oi-456554233f51cb14,6,approved,Codex visual inspection: one identifiable physical target within confirmed definition,,
oi-c7849e47a699da45,6,approved,Codex visual inspection: one identifiable physical target within confirmed definition,,
oi-f69353547a79cac3,6,approved,Codex visual inspection: one identifiable physical target within confirmed definition,,
oi-75ee3538a05ce6e9,6,approved,Codex visual inspection: one identifiable physical target within confirmed definition,,
oi-bfbf54bb17188d89,6,approved,Codex visual inspection: one identifiable physical target within confirmed definition,,
oi-ed345747678d591c,6,approved,Codex visual inspection: one identifiable physical target within confirmed definition,,
oi-d824d0ff84462029,6,approved,Codex visual inspection: one identifiable physical target within confirmed definition,,
oi-c432eaa1c9288ab7,6,approved,Codex visual inspection: one identifiable physical target within confirmed definition,,
oi-afb1f38678e2f2f8,6,approved,Codex visual inspection: one identifiable physical target within confirmed definition,,
oi-eb78ca30296803d9,6,approved,Codex visual inspection: one identifiable physical target within confirmed definition,,
oi-f2d94a7ec3b1993f,6,approved,Codex visual inspection: one identifiable physical target within confirmed definition,,
oi-b5108b5b47b42463,6,approved,Codex visual inspection: one identifiable physical target within confirmed definition,,
oi-35fc9c29ed8fb5f6,6,approved,Codex visual inspection: one identifiable physical target within confirmed definition,,
oi-b2c56dfafde0b51f,6,approved,Codex visual inspection: one identifiable physical target within confirmed definition,,
oi-0afed95b79ac15e3,6,approved,Codex visual inspection: one identifiable physical target within confirmed definition,,
oi-43780b475de45751,6,approved,Codex visual inspection: one identifiable physical target within confirmed definition,,
oi-6eb03384f25d3f01,6,approved,Codex visual inspection: one identifiable physical target within confirmed definition,,
oi-27bb3dc172948f53,6,rejected,"Codex visual inspection: illustration/cushion, non-earphone respirator or receiver accessory, multiple headphones, or portrait/flower/player dominates",,
oi-055b3b56ed924815,6,approved,Codex visual inspection: one identifiable physical target within confirmed definition,,
oi-62ffca65d5090bad,9,approved,Codex visual inspection: one identifiable physical target within confirmed definition,,
oi-a89977d946eebbac,9,rejected,"Codex visual inspection: multiple bags/contents dominate, messenger bag/baby carrier, uncertain type or person dominates",,
oi-a38c22a8c2a186c4,9,rejected,"Codex visual inspection: multiple bags/contents dominate, messenger bag/baby carrier, uncertain type or person dominates",,
oi-42eeaccfcc8ed10a,9,rejected,"Codex visual inspection: multiple bags/contents dominate, messenger bag/baby carrier, uncertain type or person dominates",,
oi-dd41a62f2347d53d,9,approved,Codex visual inspection: one identifiable physical target within confirmed definition,,
oi-5b286cb11a433cf2,9,approved,Codex visual inspection: one identifiable physical target within confirmed definition,,
oi-ba17a42100323ba3,9,approved,Codex visual inspection: one identifiable physical target within confirmed definition,,
oi-c028944212bdc80c,9,approved,Codex visual inspection: one identifiable physical target within confirmed definition,,
oi-99c396d655c7f4bb,9,approved,Codex visual inspection: one identifiable physical target within confirmed definition,,
oi-84984fb110316646,9,rejected,"Codex visual inspection: multiple bags/contents dominate, messenger bag/baby carrier, uncertain type or person dominates",,
oi-4046869aa7ca8fc7,9,rejected,"Codex visual inspection: multiple bags/contents dominate, messenger bag/baby carrier, uncertain type or person dominates",,
oi-f1fe2f31d80089f3,9,rejected,"Codex visual inspection: multiple bags/contents dominate, messenger bag/baby carrier, uncertain type or person dominates",,
oi-4491ce28dbbaf88d,9,approved,Codex visual inspection: one identifiable physical target within confirmed definition,,
oi-23487f4bf993138c,9,rejected,"Codex visual inspection: multiple bags/contents dominate, messenger bag/baby carrier, uncertain type or person dominates",,
oi-a3ffd4ecf28e61e4,9,approved,Codex visual inspection: one identifiable physical target within confirmed definition,,
oi-177f23404855017b,9,approved,Codex visual inspection: one identifiable physical target within confirmed definition,,
oi-719fb10bd1cab470,9,approved,Codex visual inspection: one identifiable physical target within confirmed definition,,
oi-a3f5df138f442544,9,rejected,"Codex visual inspection: multiple bags/contents dominate, messenger bag/baby carrier, uncertain type or person dominates",,
oi-8eb63dd5f3f7b7f4,9,approved,Codex visual inspection: one identifiable physical target within confirmed definition,,
oi-b47df0cfa900475a,9,approved,Codex visual inspection: one identifiable physical target within confirmed definition,,
oi-838932fef9f0d687,9,rejected,"Codex visual inspection: multiple bags/contents dominate, messenger bag/baby carrier, uncertain type or person dominates",,
oi-6ea3590bdc6f214a,9,approved,Codex visual inspection: one identifiable physical target within confirmed definition,,
oi-5a6a4b7bb3362ff0,9,approved,Codex visual inspection: one identifiable physical target within confirmed definition,,
oi-3a8eacfce3f15a7a,9,approved,Codex visual inspection: one identifiable physical target within confirmed definition,,
oi-425e746b1b3ff4d8,9,approved,Codex visual inspection: one identifiable physical target within confirmed definition,,
oi-ffa382be7e2deb98,9,approved,Codex visual inspection: one identifiable physical target within confirmed definition,,
oi-2fdfbd153b29517b,9,approved,Codex visual inspection: one identifiable physical target within confirmed definition,,
oi-841af3a6415c3144,9,rejected,"Codex visual inspection: multiple bags/contents dominate, messenger bag/baby carrier, uncertain type or person dominates",,
oi-fe5a65073bd23137,9,rejected,"Codex visual inspection: multiple bags/contents dominate, messenger bag/baby carrier, uncertain type or person dominates",,
oi-8f0dbb0ef168dc46,9,approved,Codex visual inspection: one identifiable physical target within confirmed definition,,
oi-560a2687acc7642d,9,approved,Codex visual inspection: one identifiable physical target within confirmed definition,,
oi-76b8f1a90bcf997d,9,rejected,"Codex visual inspection: multiple bags/contents dominate, messenger bag/baby carrier, uncertain type or person dominates",,
oi-77acbc0bc2c53f28,9,approved,Codex visual inspection: one identifiable physical target within confirmed definition,,
oi-c5a63dc05121e7d4,9,approved,Codex visual inspection: one identifiable physical target within confirmed definition,,
oi-26ab3b2dc3c7826e,9,approved,Codex visual inspection: one identifiable physical target within confirmed definition,,
commons-34342225,8,approved,Codex visual inspection: one identifiable physical target within confirmed definition,,
commons-43197161,8,approved,Codex visual inspection: one identifiable physical target within confirmed definition,,
commons-41558352,8,approved,Codex visual inspection: one identifiable physical target within confirmed definition,,
commons-68543818,8,rejected,Codex visual inspection: multiple separate key sets or keychain accessory/scene dominates; not a clear primary door/car key or key ring,,
commons-79977746,8,approved,Codex visual inspection: one identifiable physical target within confirmed definition,,
commons-5043936,8,rejected,Codex visual inspection: multiple separate key sets or keychain accessory/scene dominates; not a clear primary door/car key or key ring,,
commons-7364689,8,rejected,Codex visual inspection: multiple separate key sets or keychain accessory/scene dominates; not a clear primary door/car key or key ring,,
commons-11201344,8,rejected,Codex visual inspection: multiple separate key sets or keychain accessory/scene dominates; not a clear primary door/car key or key ring,,
commons-15680188,8,approved,Codex visual inspection: one identifiable physical target within confirmed definition,,
commons-18157629,8,approved,Codex visual inspection: one identifiable physical target within confirmed definition,,
commons-33346121,8,approved,Codex visual inspection: one identifiable physical target within confirmed definition,,
commons-78329934,8,rejected,Codex visual inspection: multiple separate key sets or keychain accessory/scene dominates; not a clear primary door/car key or key ring,,
commons-80970791,8,rejected,Codex visual inspection: multiple separate key sets or keychain accessory/scene dominates; not a clear primary door/car key or key ring,,
commons-87654675,8,rejected,Codex visual inspection: multiple separate key sets or keychain accessory/scene dominates; not a clear primary door/car key or key ring,,
commons-3521416,8,rejected,Codex visual inspection: multiple separate key sets or keychain accessory/scene dominates; not a clear primary door/car key or key ring,,
commons-16805185,8,rejected,Codex visual inspection: multiple separate key sets or keychain accessory/scene dominates; not a clear primary door/car key or key ring,,
commons-17046761,8,approved,Codex visual inspection: one identifiable physical target within confirmed definition,,
commons-19878268,8,rejected,Codex visual inspection: multiple separate key sets or keychain accessory/scene dominates; not a clear primary door/car key or key ring,,
commons-25083439,8,rejected,Codex visual inspection: multiple separate key sets or keychain accessory/scene dominates; not a clear primary door/car key or key ring,,
commons-34870531,8,approved,Codex visual inspection: one identifiable physical target within confirmed definition,,
commons-69365615,8,rejected,"Codex visual inspection: accessory/scene/museum display dominates, many separate subjects, hardware/utility key outside scope, severe blur, or ambiguous label",,
commons-73814652,8,rejected,"Codex visual inspection: accessory/scene/museum display dominates, many separate subjects, hardware/utility key outside scope, severe blur, or ambiguous label",,
commons-114075328,8,rejected,"Codex visual inspection: accessory/scene/museum display dominates, many separate subjects, hardware/utility key outside scope, severe blur, or ambiguous label",,
commons-8372162,8,approved,Codex visual inspection: identifiable primary door/car key or one key ring,,
commons-18139240,8,rejected,"Codex visual inspection: accessory/scene/museum display dominates, many separate subjects, hardware/utility key outside scope, severe blur, or ambiguous label",,
commons-80014246,8,approved,Codex visual inspection: identifiable primary door/car key or one key ring,,
commons-97463045,8,approved,Codex visual inspection: identifiable primary door/car key or one key ring,gewofag-key-ring-series,
commons-117731539,8,rejected,"Codex visual inspection: accessory/scene/museum display dominates, many separate subjects, hardware/utility key outside scope, severe blur, or ambiguous label",,
commons-118635872,8,approved,Codex visual inspection: identifiable primary door/car key or one key ring,three-cylinder-keys-grey-background,
commons-118635875,8,approved,Codex visual inspection: identifiable primary door/car key or one key ring,three-cylinder-keys-grey-background,
commons-139747656,8,rejected,"Codex visual inspection: accessory/scene/museum display dominates, many separate subjects, hardware/utility key outside scope, severe blur, or ambiguous label",,
commons-167440638,8,approved,Codex visual inspection: identifiable primary door/car key or one key ring,,
commons-3191708,8,rejected,"Codex visual inspection: accessory/scene/museum display dominates, many separate subjects, hardware/utility key outside scope, severe blur, or ambiguous label",,
commons-5150417,8,rejected,"Codex visual inspection: accessory/scene/museum display dominates, many separate subjects, hardware/utility key outside scope, severe blur, or ambiguous label",,
commons-7289674,8,rejected,"Codex visual inspection: accessory/scene/museum display dominates, many separate subjects, hardware/utility key outside scope, severe blur, or ambiguous label",,
commons-27563768,8,approved,Codex visual inspection: identifiable primary door/car key or one key ring,,
commons-97463044,8,approved,Codex visual inspection: identifiable primary door/car key or one key ring,gewofag-key-ring-series,
commons-145838090,8,approved,Codex visual inspection: identifiable primary door/car key or one key ring,,
commons-152064964,8,rejected,"Codex visual inspection: accessory/scene/museum display dominates, many separate subjects, hardware/utility key outside scope, severe blur, or ambiguous label",,
commons-152064975,8,rejected,"Codex visual inspection: accessory/scene/museum display dominates, many separate subjects, hardware/utility key outside scope, severe blur, or ambiguous label",,
commons-8524425,8,rejected,"Codex visual inspection: accessory/scene/museum display dominates, many separate subjects, hardware/utility key outside scope, severe blur, or ambiguous label",,
commons-23355327,8,approved,Codex visual inspection: identifiable primary door/car key or one key ring,,
commons-30904614,8,approved,Codex visual inspection: identifiable primary door/car key or one key ring,,
commons-33132988,8,approved,Codex visual inspection: identifiable primary door/car key or one key ring,,
commons-76178174,8,rejected,"Codex visual inspection: accessory/scene/museum display dominates, many separate subjects, hardware/utility key outside scope, severe blur, or ambiguous label",,
commons-79430231,8,approved,Codex visual inspection: identifiable primary door/car key or one key ring,,
commons-80017237,8,approved,Codex visual inspection: identifiable primary door/car key or one key ring,,
commons-125499540,8,rejected,"Codex visual inspection: accessory/scene/museum display dominates, many separate subjects, hardware/utility key outside scope, severe blur, or ambiguous label",,
commons-125499542,8,rejected,"Codex visual inspection: accessory/scene/museum display dominates, many separate subjects, hardware/utility key outside scope, severe blur, or ambiguous label",,
commons-125499544,8,rejected,"Codex visual inspection: accessory/scene/museum display dominates, many separate subjects, hardware/utility key outside scope, severe blur, or ambiguous label",,
commons-32385922,8,approved,Codex visual inspection: identifiable primary door/car key or one key ring,,
commons-39779746,8,rejected,"Codex visual inspection: accessory/scene/museum display dominates, many separate subjects, hardware/utility key outside scope, severe blur, or ambiguous label",,
commons-42617517,8,approved,Codex visual inspection: identifiable primary door/car key or one key ring,,
commons-47481467,8,rejected,"Codex visual inspection: accessory/scene/museum display dominates, many separate subjects, hardware/utility key outside scope, severe blur, or ambiguous label",,
commons-49708524,8,rejected,"Codex visual inspection: accessory/scene/museum display dominates, many separate subjects, hardware/utility key outside scope, severe blur, or ambiguous label",,
commons-60187415,8,rejected,"Codex visual inspection: accessory/scene/museum display dominates, many separate subjects, hardware/utility key outside scope, severe blur, or ambiguous label",,
commons-64763291,8,approved,Codex visual inspection: identifiable primary door/car key or one key ring,,
commons-79622349,8,rejected,"Codex visual inspection: accessory/scene/museum display dominates, many separate subjects, hardware/utility key outside scope, severe blur, or ambiguous label",,
commons-15770841,8,rejected,"Codex visual inspection: accessory/scene/museum display dominates, many separate subjects, hardware/utility key outside scope, severe blur, or ambiguous label",,
commons-58520118,8,rejected,"Codex visual inspection: accessory/scene/museum display dominates, many separate subjects, hardware/utility key outside scope, severe blur, or ambiguous label",,
commons-108305733,8,rejected,"Codex visual inspection: accessory/scene/museum display dominates, many separate subjects, hardware/utility key outside scope, severe blur, or ambiguous label",,
commons-110917219,8,rejected,"Codex visual inspection: accessory/scene/museum display dominates, many separate subjects, hardware/utility key outside scope, severe blur, or ambiguous label",,
commons-112372723,8,rejected,"Codex visual inspection: accessory/scene/museum display dominates, many separate subjects, hardware/utility key outside scope, severe blur, or ambiguous label",,
commons-115282068,8,approved,Codex visual inspection: identifiable primary door/car key or one key ring,,
commons-150150876,8,rejected,"Codex visual inspection: accessory/scene/museum display dominates, many separate subjects, hardware/utility key outside scope, severe blur, or ambiguous label",,
commons-195957988,8,approved,Codex visual inspection: identifiable primary door/car key or one key ring,,
commons-195998077,8,approved,Codex visual inspection: identifiable primary door/car key or one key ring,,
commons-22029501,8,rejected,"Codex visual inspection: accessory/scene/museum display dominates, many separate subjects, hardware/utility key outside scope, severe blur, or ambiguous label",,
commons-22775630,8,rejected,"Codex visual inspection: accessory/scene/museum display dominates, many separate subjects, hardware/utility key outside scope, severe blur, or ambiguous label",,
commons-26405802,8,rejected,"Codex visual inspection: accessory/scene/museum display dominates, many separate subjects, hardware/utility key outside scope, severe blur, or ambiguous label",,
commons-113555723,8,rejected,"Codex visual inspection: accessory/scene/museum display dominates, many separate subjects, hardware/utility key outside scope, severe blur, or ambiguous label",,
commons-118537480,8,rejected,"Codex visual inspection: accessory/scene/museum display dominates, many separate subjects, hardware/utility key outside scope, severe blur, or ambiguous label",,
commons-161708873,8,rejected,"Codex visual inspection: accessory/scene/museum display dominates, many separate subjects, hardware/utility key outside scope, severe blur, or ambiguous label",,
commons-197293183,8,approved,Codex visual inspection: identifiable primary door/car key or one key ring,,
commons-197293304,8,rejected,"Codex visual inspection: accessory/scene/museum display dominates, many separate subjects, hardware/utility key outside scope, severe blur, or ambiguous label",,
commons-197293305,8,approved,Codex visual inspection: identifiable primary door/car key or one key ring,,
commons-61843092,8,rejected,"Codex visual inspection: accessory/scene/museum display dominates, many separate subjects, hardware/utility key outside scope, severe blur, or ambiguous label",,
commons-103945510,8,approved,Codex visual inspection: identifiable primary door/car key or one key ring,,
commons-106862903,8,approved,Codex visual inspection: identifiable primary door/car key or one key ring,,
commons-125770085,8,rejected,"Codex visual inspection: accessory/scene/museum display dominates, many separate subjects, hardware/utility key outside scope, severe blur, or ambiguous label",,
oi-9560082fdd029217,5,rejected,Codex visual inspection: hard disk dominates laptop keyboard background,,
commons-1015165,2,rejected,"Codex visual inspection: multiple books, painting/scan, library/portrait/scene or another object dominates",,
commons-4790976,2,rejected,"Codex visual inspection: multiple books, painting/scan, library/portrait/scene or another object dominates",,
commons-4882172,2,approved,Codex visual inspection: one recognizable physical book is the primary subject,,
commons-19912806,2,approved,Codex visual inspection: one recognizable physical book is the primary subject,,
commons-21560250,2,rejected,"Codex visual inspection: multiple books, painting/scan, library/portrait/scene or another object dominates",,
commons-22812375,2,rejected,"Codex visual inspection: multiple books, painting/scan, library/portrait/scene or another object dominates",,
commons-25840420,2,rejected,"Codex visual inspection: multiple books, painting/scan, library/portrait/scene or another object dominates",,
commons-35054282,2,rejected,"Codex visual inspection: multiple books, painting/scan, library/portrait/scene or another object dominates",,
commons-61802602,2,rejected,"Codex visual inspection: multiple books, painting/scan, library/portrait/scene or another object dominates",,
commons-65187687,2,rejected,"Codex visual inspection: multiple books, painting/scan, library/portrait/scene or another object dominates",,
commons-490908,2,rejected,"Codex visual inspection: multiple books, painting/scan, library/portrait/scene or another object dominates",,
commons-1015161,2,rejected,"Codex visual inspection: multiple books, painting/scan, library/portrait/scene or another object dominates",,
commons-9141967,2,rejected,"Codex visual inspection: multiple books, painting/scan, library/portrait/scene or another object dominates",,
commons-10220806,2,rejected,"Codex visual inspection: multiple books, painting/scan, library/portrait/scene or another object dominates",,
commons-10220827,2,rejected,"Codex visual inspection: multiple books, painting/scan, library/portrait/scene or another object dominates",,
commons-26198449,2,rejected,"Codex visual inspection: multiple books, painting/scan, library/portrait/scene or another object dominates",,
commons-27828389,2,approved,Codex visual inspection: one recognizable physical book is the primary subject,,
commons-90675711,2,rejected,"Codex visual inspection: multiple books, painting/scan, library/portrait/scene or another object dominates",,
commons-106674410,2,rejected,"Codex visual inspection: multiple books, painting/scan, library/portrait/scene or another object dominates",,
commons-107332339,2,rejected,"Codex visual inspection: multiple books, painting/scan, library/portrait/scene or another object dominates",,
commons-1015167,2,rejected,"Codex visual inspection: multiple books, painting/scan, library/portrait/scene or another object dominates",,
commons-21000556,2,rejected,"Codex visual inspection: multiple books, painting/scan, library/portrait/scene or another object dominates",,
commons-30626526,2,rejected,"Codex visual inspection: multiple books, painting/scan, library/portrait/scene or another object dominates",,
commons-58399502,2,rejected,"Codex visual inspection: multiple books, painting/scan, library/portrait/scene or another object dominates",,
commons-61739578,2,rejected,"Codex visual inspection: multiple books, painting/scan, library/portrait/scene or another object dominates",,
commons-68543250,2,rejected,"Codex visual inspection: multiple books, painting/scan, library/portrait/scene or another object dominates",,
commons-116757638,2,rejected,"Codex visual inspection: multiple books, painting/scan, library/portrait/scene or another object dominates",,
commons-133072992,2,rejected,"Codex visual inspection: multiple books, painting/scan, library/portrait/scene or another object dominates",,
commons-160954093,2,rejected,"Codex visual inspection: multiple books, painting/scan, library/portrait/scene or another object dominates",,
commons-5824135,2,rejected,"Codex visual inspection: multiple books, painting/scan, library/portrait/scene or another object dominates",,
commons-7776072,2,rejected,"Codex visual inspection: multiple books, painting/scan, library/portrait/scene or another object dominates",,
commons-15248722,2,rejected,"Codex visual inspection: multiple books, painting/scan, library/portrait/scene or another object dominates",,
commons-20690570,2,rejected,"Codex visual inspection: multiple books, painting/scan, library/portrait/scene or another object dominates",,
commons-24323267,2,rejected,"Codex visual inspection: multiple books, painting/scan, library/portrait/scene or another object dominates",,
commons-40899974,2,approved,Codex visual inspection: one recognizable physical book is the primary subject,,
commons-46155475,2,rejected,"Codex visual inspection: multiple books, painting/scan, library/portrait/scene or another object dominates",,
commons-126073268,2,approved,Codex visual inspection: one recognizable physical book is the primary subject,,
commons-139607889,2,rejected,"Codex visual inspection: multiple books, painting/scan, library/portrait/scene or another object dominates",,
commons-139607890,2,rejected,"Codex visual inspection: multiple books, painting/scan, library/portrait/scene or another object dominates",,
commons-1496271,2,rejected,"Codex visual inspection: multiple books, painting/scan, library/portrait/scene or another object dominates",,
commons-11127695,2,rejected,"Codex visual inspection: multiple books, painting/scan, library/portrait/scene or another object dominates",,
commons-30712323,2,rejected,Codex visual inspection: many books on table or text-only crop without book shape,,
commons-30712329,2,rejected,Codex visual inspection: many books on table or text-only crop without book shape,,
commons-36214633,2,approved,Codex visual inspection: one clearly physical open book with visible binding/page curvature,,
commons-36214699,2,approved,Codex visual inspection: one clearly physical open book with visible binding/page curvature,,
commons-51616009,2,approved,Codex visual inspection: one clearly physical open book with visible binding/page curvature,,
commons-58585352,2,approved,Codex visual inspection: one clearly physical open book with visible binding/page curvature,,
commons-162967821,2,approved,Codex visual inspection: one clearly physical open book with visible binding/page curvature,,
commons-32309905,2,rejected,Codex visual inspection: many books on table or text-only crop without book shape,,
commons-40513727,2,rejected,"Codex visual inspection: single scanned/cropped page, multiple primary books, portrait/ritual, or another object dominates",,
commons-40513729,2,approved,Codex visual inspection: one recognizable physical book with binding/page curvature,,
commons-41851716,2,rejected,"Codex visual inspection: single scanned/cropped page, multiple primary books, portrait/ritual, or another object dominates",,
commons-41851719,2,rejected,"Codex visual inspection: single scanned/cropped page, multiple primary books, portrait/ritual, or another object dominates",,
commons-41851722,2,rejected,"Codex visual inspection: single scanned/cropped page, multiple primary books, portrait/ritual, or another object dominates",,
commons-41851724,2,rejected,"Codex visual inspection: single scanned/cropped page, multiple primary books, portrait/ritual, or another object dominates",,
commons-66784747,2,rejected,"Codex visual inspection: single scanned/cropped page, multiple primary books, portrait/ritual, or another object dominates",,
commons-123370825,2,approved,Codex visual inspection: one recognizable physical book with binding/page curvature,,
commons-561628,2,approved,Codex visual inspection: one recognizable physical book with binding/page curvature,,
commons-52801122,2,approved,Codex visual inspection: one recognizable physical book with binding/page curvature,,
commons-52802575,2,approved,Codex visual inspection: one recognizable physical book with binding/page curvature,,
commons-53289770,2,approved,Codex visual inspection: one recognizable physical book with binding/page curvature,,
commons-79814346,2,rejected,"Codex visual inspection: single scanned/cropped page, multiple primary books, portrait/ritual, or another object dominates",,
commons-90922993,2,approved,Codex visual inspection: one recognizable physical book with binding/page curvature,,
commons-92324223,2,approved,Codex visual inspection: one recognizable physical book with binding/page curvature,,
commons-135330987,2,approved,Codex visual inspection: one recognizable physical book with binding/page curvature,,
commons-186184922,2,approved,Codex visual inspection: one recognizable physical book with binding/page curvature,,
commons-2987257,2,approved,Codex visual inspection: one recognizable physical book with binding/page curvature,,
commons-4145082,2,rejected,"Codex visual inspection: single scanned/cropped page, multiple primary books, portrait/ritual, or another object dominates",,
commons-5638758,2,approved,Codex visual inspection: one recognizable physical book with binding/page curvature,,
commons-8729747,2,approved,Codex visual inspection: one recognizable physical book with binding/page curvature,,
commons-9805869,2,rejected,"Codex visual inspection: single scanned/cropped page, multiple primary books, portrait/ritual, or another object dominates",,
commons-59380055,2,approved,Codex visual inspection: one recognizable physical book with binding/page curvature,,
commons-61714980,2,rejected,"Codex visual inspection: single scanned/cropped page, multiple primary books, portrait/ritual, or another object dominates",,
commons-92752740,2,approved,Codex visual inspection: one recognizable physical book with binding/page curvature,,
commons-166150973,2,approved,Codex visual inspection: one identifiable physical target within confirmed definition,,
commons-30214634,2,rejected,"Codex visual inspection: flat scan, collage/multiple books, extreme umbrella detail/accessory, multiple umbrellas or scene dominates",,
commons-33796289,2,approved,Codex visual inspection: one identifiable physical target within confirmed definition,,
commons-62069454,2,approved,Codex visual inspection: one identifiable physical target within confirmed definition,,
commons-62297008,2,approved,Codex visual inspection: one identifiable physical target within confirmed definition,,
commons-116207408,2,approved,Codex visual inspection: one identifiable physical target within confirmed definition,,
commons-187285037,2,approved,Codex visual inspection: one identifiable physical target within confirmed definition,bruni-dante-petrarch-1476-bnf-series,
commons-187285039,2,approved,Codex visual inspection: one identifiable physical target within confirmed definition,bruni-dante-petrarch-1476-bnf-series,
commons-187285042,2,approved,Codex visual inspection: one identifiable physical target within confirmed definition,bruni-dante-petrarch-1476-bnf-series,
commons-187285044,2,approved,Codex visual inspection: one identifiable physical target within confirmed definition,bruni-dante-petrarch-1476-bnf-series,
commons-197293353,2,approved,Codex visual inspection: one identifiable physical target within confirmed definition,,
commons-3930574,2,rejected,"Codex visual inspection: flat scan, collage/multiple books, extreme umbrella detail/accessory, multiple umbrellas or scene dominates",,
commons-8664468,2,approved,Codex visual inspection: one identifiable physical target within confirmed definition,asklipio-museum-book-series,
commons-8664471,2,approved,Codex visual inspection: one identifiable physical target within confirmed definition,asklipio-museum-book-series,
commons-8664475,2,approved,Codex visual inspection: one identifiable physical target within confirmed definition,asklipio-museum-book-series,
commons-8664480,2,approved,Codex visual inspection: one identifiable physical target within confirmed definition,asklipio-museum-book-series,
commons-17838759,2,approved,Codex visual inspection: one identifiable physical target within confirmed definition,,
commons-28767666,2,approved,Codex visual inspection: one identifiable physical target within confirmed definition,,
commons-98706930,1,approved,Codex visual inspection: one identifiable physical target within confirmed definition,,
commons-115058856,1,rejected,"Codex visual inspection: flat scan, collage/multiple books, extreme umbrella detail/accessory, multiple umbrellas or scene dominates",black-automatic-umbrella-details,
commons-115058857,1,rejected,"Codex visual inspection: flat scan, collage/multiple books, extreme umbrella detail/accessory, multiple umbrellas or scene dominates",black-automatic-umbrella-details,
commons-115059584,1,rejected,"Codex visual inspection: flat scan, collage/multiple books, extreme umbrella detail/accessory, multiple umbrellas or scene dominates",black-automatic-umbrella-details,
commons-115059585,1,rejected,"Codex visual inspection: flat scan, collage/multiple books, extreme umbrella detail/accessory, multiple umbrellas or scene dominates",black-automatic-umbrella-details,
commons-115059586,1,rejected,"Codex visual inspection: flat scan, collage/multiple books, extreme umbrella detail/accessory, multiple umbrellas or scene dominates",black-automatic-umbrella-details,
commons-115059588,1,rejected,"Codex visual inspection: flat scan, collage/multiple books, extreme umbrella detail/accessory, multiple umbrellas or scene dominates",blue-automatic-umbrella-series,
commons-115059590,1,approved,Codex visual inspection: one identifiable physical target within confirmed definition,blue-automatic-umbrella-series,
commons-115059591,1,rejected,"Codex visual inspection: flat scan, collage/multiple books, extreme umbrella detail/accessory, multiple umbrellas or scene dominates",blue-automatic-umbrella-series,
commons-179100674,1,rejected,"Codex visual inspection: flat scan, collage/multiple books, extreme umbrella detail/accessory, multiple umbrellas or scene dominates",,
commons-29738808,1,approved,Codex visual inspection: one identifiable physical target within confirmed definition,,
commons-39659884,1,rejected,"Codex visual inspection: flat scan, collage/multiple books, extreme umbrella detail/accessory, multiple umbrellas or scene dominates",,
commons-67041477,1,rejected,"Codex visual inspection: flat scan, collage/multiple books, extreme umbrella detail/accessory, multiple umbrellas or scene dominates",,
commons-74260142,1,rejected,"Codex visual inspection: flat scan, collage/multiple books, extreme umbrella detail/accessory, multiple umbrellas or scene dominates",,
commons-98706934,1,rejected,"Codex visual inspection: flat scan, collage/multiple books, extreme umbrella detail/accessory, multiple umbrellas or scene dominates",,
commons-128323996,1,approved,Codex visual inspection: one identifiable physical target within confirmed definition,patterned-folded-umbrella-series,
commons-128328535,1,approved,Codex visual inspection: one identifiable physical target within confirmed definition,patterned-folded-umbrella-series,
commons-135053226,1,rejected,"Codex visual inspection: flat scan, collage/multiple books, extreme umbrella detail/accessory, multiple umbrellas or scene dominates",,
commons-148058589,1,rejected,"Codex visual inspection: flat scan, collage/multiple books, extreme umbrella detail/accessory, multiple umbrellas or scene dominates",,
commons-170447402,1,approved,Codex visual inspection: one identifiable physical target within confirmed definition,,
commons-16738828,1,rejected,"Codex visual inspection: multiple umbrellas, empty frame/detail, patio shade, drawing/collage, vending/display, portrait or scene dominates",,
commons-48261975,1,rejected,"Codex visual inspection: multiple umbrellas, empty frame/detail, patio shade, drawing/collage, vending/display, portrait or scene dominates",,
commons-54683809,1,rejected,"Codex visual inspection: multiple umbrellas, empty frame/detail, patio shade, drawing/collage, vending/display, portrait or scene dominates",,
commons-66521754,1,rejected,"Codex visual inspection: multiple umbrellas, empty frame/detail, patio shade, drawing/collage, vending/display, portrait or scene dominates",,
commons-74260333,1,rejected,"Codex visual inspection: multiple umbrellas, empty frame/detail, patio shade, drawing/collage, vending/display, portrait or scene dominates",,
commons-83729759,1,rejected,"Codex visual inspection: multiple umbrellas, empty frame/detail, patio shade, drawing/collage, vending/display, portrait or scene dominates",,
commons-126979484,1,approved,Codex visual inspection: one clear portable umbrella is primary,,
commons-146446738,1,rejected,"Codex visual inspection: multiple umbrellas, empty frame/detail, patio shade, drawing/collage, vending/display, portrait or scene dominates",,
commons-183488325,1,rejected,"Codex visual inspection: multiple umbrellas, empty frame/detail, patio shade, drawing/collage, vending/display, portrait or scene dominates",,
commons-16096066,1,rejected,"Codex visual inspection: multiple umbrellas, empty frame/detail, patio shade, drawing/collage, vending/display, portrait or scene dominates",,
commons-10965255,1,rejected,"Codex visual inspection: multiple umbrellas, empty frame/detail, patio shade, drawing/collage, vending/display, portrait or scene dominates",,
commons-58435863,1,rejected,"Codex visual inspection: multiple umbrellas, empty frame/detail, patio shade, drawing/collage, vending/display, portrait or scene dominates",,
commons-160288814,1,rejected,"Codex visual inspection: multiple umbrellas, empty frame/detail, patio shade, drawing/collage, vending/display, portrait or scene dominates",,
commons-178639998,1,rejected,"Codex visual inspection: multiple umbrellas, empty frame/detail, patio shade, drawing/collage, vending/display, portrait or scene dominates",,
commons-190206388,1,rejected,"Codex visual inspection: multiple umbrellas, empty frame/detail, patio shade, drawing/collage, vending/display, portrait or scene dominates",,
commons-66417616,1,rejected,"Codex visual inspection: multiple umbrellas, empty frame/detail, patio shade, drawing/collage, vending/display, portrait or scene dominates",,
commons-71288186,1,rejected,"Codex visual inspection: multiple umbrellas, empty frame/detail, patio shade, drawing/collage, vending/display, portrait or scene dominates",,
commons-71288189,1,rejected,"Codex visual inspection: multiple umbrellas, empty frame/detail, patio shade, drawing/collage, vending/display, portrait or scene dominates",,
commons-71288327,1,rejected,"Codex visual inspection: multiple umbrellas, empty frame/detail, patio shade, drawing/collage, vending/display, portrait or scene dominates",,
commons-73690293,1,rejected,"Codex visual inspection: multiple umbrellas, empty frame/detail, patio shade, drawing/collage, vending/display, portrait or scene dominates",,
commons-142628717,1,approved,Codex visual inspection: one clear portable umbrella is primary,,
commons-40075114,1,rejected,"Codex visual inspection: multiple umbrellas, empty frame/detail, patio shade, drawing/collage, vending/display, portrait or scene dominates",,
commons-162641614,1,approved,Codex visual inspection: one clear portable umbrella is primary,,
commons-38886858,1,rejected,"Codex visual inspection: multiple umbrellas, empty frame/detail, patio shade, drawing/collage, vending/display, portrait or scene dominates",,
commons-40075119,1,rejected,"Codex visual inspection: multiple umbrellas, empty frame/detail, patio shade, drawing/collage, vending/display, portrait or scene dominates",,
commons-40075120,1,rejected,"Codex visual inspection: multiple umbrellas, empty frame/detail, patio shade, drawing/collage, vending/display, portrait or scene dominates",,
commons-40075122,1,rejected,"Codex visual inspection: multiple umbrellas, empty frame/detail, patio shade, drawing/collage, vending/display, portrait or scene dominates",,
commons-45578636,1,rejected,"Codex visual inspection: multiple umbrellas, empty frame/detail, patio shade, drawing/collage, vending/display, portrait or scene dominates",,
commons-64309795,1,rejected,"Codex visual inspection: multiple umbrellas, empty frame/detail, patio shade, drawing/collage, vending/display, portrait or scene dominates",,
commons-65461399,1,rejected,"Codex visual inspection: multiple umbrellas, empty frame/detail, patio shade, drawing/collage, vending/display, portrait or scene dominates",,
commons-15025903,1,rejected,"Codex visual inspection: multiple umbrellas, empty frame/detail, patio shade, drawing/collage, vending/display, portrait or scene dominates",,
commons-24470470,1,rejected,"Codex visual inspection: multiple umbrellas, empty frame/detail, patio shade, drawing/collage, vending/display, portrait or scene dominates",,
commons-24470473,1,rejected,"Codex visual inspection: multiple umbrellas, empty frame/detail, patio shade, drawing/collage, vending/display, portrait or scene dominates",,
commons-24554462,1,rejected,"Codex visual inspection: multiple umbrellas, empty frame/detail, patio shade, drawing/collage, vending/display, portrait or scene dominates",,
commons-25327988,1,rejected,"Codex visual inspection: multiple umbrellas, empty frame/detail, patio shade, drawing/collage, vending/display, portrait or scene dominates",,
commons-49536193,1,rejected,"Codex visual inspection: multiple umbrellas, empty frame/detail, patio shade, drawing/collage, vending/display, portrait or scene dominates",,
commons-110355324,1,rejected,"Codex visual inspection: multiple umbrellas, empty frame/detail, patio shade, drawing/collage, vending/display, portrait or scene dominates",,
commons-119158595,1,rejected,"Codex visual inspection: multiple umbrellas, empty frame/detail, patio shade, drawing/collage, vending/display, portrait or scene dominates",,
commons-27570889,1,rejected,"Codex visual inspection: multiple umbrellas, empty frame/detail, patio shade, drawing/collage, vending/display, portrait or scene dominates",,
commons-48494564,1,rejected,"Codex visual inspection: multiple umbrellas, empty frame/detail, patio shade, drawing/collage, vending/display, portrait or scene dominates",,
commons-53547995,1,rejected,"Codex visual inspection: multiple umbrellas, empty frame/detail, patio shade, drawing/collage, vending/display, portrait or scene dominates",,
commons-61757605,1,rejected,"Codex visual inspection: multiple umbrellas, empty frame/detail, patio shade, drawing/collage, vending/display, portrait or scene dominates",,
commons-97975337,1,rejected,"Codex visual inspection: multiple umbrellas, empty frame/detail, patio shade, drawing/collage, vending/display, portrait or scene dominates",,
commons-114076284,1,approved,Codex visual inspection: one clear portable umbrella is primary,,
commons-117414911,1,rejected,"Codex visual inspection: multiple umbrellas, empty frame/detail, patio shade, drawing/collage, vending/display, portrait or scene dominates",,
commons-123440070,1,rejected,"Codex visual inspection: multiple umbrellas, empty frame/detail, patio shade, drawing/collage, vending/display, portrait or scene dominates",,
commons-150368345,1,rejected,"Codex visual inspection: multiple umbrellas, empty frame/detail, patio shade, drawing/collage, vending/display, portrait or scene dominates",,
commons-194784496,1,approved,Codex visual inspection: one clear portable umbrella is primary,rain-black-umbrella-194-series,
commons-15166556,1,rejected,"Codex visual inspection: multiple umbrellas, empty frame/detail, patio shade, drawing/collage, vending/display, portrait or scene dominates",,
commons-25903342,1,rejected,"Codex visual inspection: multiple umbrellas, empty frame/detail, patio shade, drawing/collage, vending/display, portrait or scene dominates",,
commons-46746966,1,rejected,"Codex visual inspection: multiple umbrellas, empty frame/detail, patio shade, drawing/collage, vending/display, portrait or scene dominates",,
commons-76525734,1,rejected,"Codex visual inspection: multiple umbrellas, empty frame/detail, patio shade, drawing/collage, vending/display, portrait or scene dominates",,
commons-76525735,1,rejected,"Codex visual inspection: multiple umbrellas, empty frame/detail, patio shade, drawing/collage, vending/display, portrait or scene dominates",,
commons-76525736,1,rejected,"Codex visual inspection: multiple umbrellas, empty frame/detail, patio shade, drawing/collage, vending/display, portrait or scene dominates",,
commons-76826717,1,rejected,"Codex visual inspection: fixed patio shade, diagram, multiple umbrellas, detail only, or human/scene dominates",,
commons-85202741,1,rejected,"Codex visual inspection: fixed patio shade, diagram, multiple umbrellas, detail only, or human/scene dominates",,
commons-105205892,1,approved,Codex visual inspection: one clear portable umbrella is primary,,
commons-113396278,1,rejected,"Codex visual inspection: fixed patio shade, diagram, multiple umbrellas, detail only, or human/scene dominates",,
commons-18540850,1,rejected,"Codex visual inspection: fixed patio shade, diagram, multiple umbrellas, detail only, or human/scene dominates",,
commons-25904287,1,rejected,"Codex visual inspection: fixed patio shade, diagram, multiple umbrellas, detail only, or human/scene dominates",,
commons-35003094,1,rejected,"Codex visual inspection: fixed patio shade, diagram, multiple umbrellas, detail only, or human/scene dominates",,
commons-38755891,1,rejected,"Codex visual inspection: fixed patio shade, diagram, multiple umbrellas, detail only, or human/scene dominates",,
commons-38755892,1,rejected,"Codex visual inspection: fixed patio shade, diagram, multiple umbrellas, detail only, or human/scene dominates",,
commons-51235085,1,rejected,"Codex visual inspection: fixed patio shade, diagram, multiple umbrellas, detail only, or human/scene dominates",,
commons-75641135,1,rejected,"Codex visual inspection: fixed patio shade, diagram, multiple umbrellas, detail only, or human/scene dominates",,
commons-105204916,1,rejected,"Codex visual inspection: fixed patio shade, diagram, multiple umbrellas, detail only, or human/scene dominates",,
commons-109660847,1,rejected,"Codex visual inspection: fixed patio shade, diagram, multiple umbrellas, detail only, or human/scene dominates",,
commons-2951238,1,rejected,"Codex visual inspection: fixed patio shade, diagram, multiple umbrellas, detail only, or human/scene dominates",,
commons-71783244,1,rejected,"Codex visual inspection: fixed patio shade, diagram, multiple umbrellas, detail only, or human/scene dominates",,
commons-71783247,1,rejected,"Codex visual inspection: fixed patio shade, diagram, multiple umbrellas, detail only, or human/scene dominates",,
commons-75706922,1,approved,Codex visual inspection: one clear portable umbrella is primary,,
commons-81385216,1,rejected,"Codex visual inspection: fixed patio shade, diagram, multiple umbrellas, detail only, or human/scene dominates",,
commons-98559924,1,rejected,"Codex visual inspection: fixed patio shade, diagram, multiple umbrellas, detail only, or human/scene dominates",,
commons-135331294,1,rejected,"Codex visual inspection: fixed patio shade, diagram, multiple umbrellas, detail only, or human/scene dominates",,
commons-151969032,1,rejected,"Codex visual inspection: fixed patio shade, diagram, multiple umbrellas, detail only, or human/scene dominates",,
commons-165010254,1,rejected,"Codex visual inspection: fixed patio shade, diagram, multiple umbrellas, detail only, or human/scene dominates",,
commons-194443088,1,rejected,"Codex visual inspection: fixed patio shade, diagram, multiple umbrellas, detail only, or human/scene dominates",,
commons-17825048,1,rejected,"Codex visual inspection: fixed patio shade, diagram, multiple umbrellas, detail only, or human/scene dominates",,
commons-71783246,1,rejected,"Codex visual inspection: fixed patio shade, diagram, multiple umbrellas, detail only, or human/scene dominates",,
commons-71783249,1,rejected,"Codex visual inspection: fixed patio shade, diagram, multiple umbrellas, detail only, or human/scene dominates",,
commons-71783251,1,rejected,"Codex visual inspection: fixed patio shade, diagram, multiple umbrellas, detail only, or human/scene dominates",,
commons-71783252,1,rejected,"Codex visual inspection: fixed patio shade, diagram, multiple umbrellas, detail only, or human/scene dominates",,
commons-71783253,1,rejected,"Codex visual inspection: fixed patio shade, diagram, multiple umbrellas, detail only, or human/scene dominates",,
commons-71783257,1,rejected,"Codex visual inspection: fixed patio shade, diagram, multiple umbrellas, detail only, or human/scene dominates",,
commons-71783258,1,rejected,"Codex visual inspection: fixed patio shade, diagram, multiple umbrellas, detail only, or human/scene dominates",,
commons-81365030,1,approved,Codex visual inspection: one clear portable umbrella is primary,,
commons-154565228,1,rejected,"Codex visual inspection: fixed patio shade, diagram, multiple umbrellas, detail only, or human/scene dominates",,
commons-17458048,1,rejected,"Codex visual inspection: fixed patio shade, diagram, multiple umbrellas, detail only, or human/scene dominates",,
commons-67246943,1,rejected,"Codex visual inspection: fixed patio shade, diagram, multiple umbrellas, detail only, or human/scene dominates",,
commons-81365949,1,rejected,"Codex visual inspection: fixed patio shade, diagram, multiple umbrellas, detail only, or human/scene dominates",,
commons-81366501,1,rejected,"Codex visual inspection: fixed patio shade, diagram, multiple umbrellas, detail only, or human/scene dominates",,
commons-98860571,1,rejected,"Codex visual inspection: fixed patio shade, diagram, multiple umbrellas, detail only, or human/scene dominates",,
commons-99450921,1,rejected,"Codex visual inspection: fixed patio shade, diagram, multiple umbrellas, detail only, or human/scene dominates",,
commons-11749985,1,rejected,"Codex visual inspection: fixed patio shade, diagram, multiple umbrellas, detail only, or human/scene dominates",,
commons-11750022,1,approved,Codex visual inspection: one clear portable umbrella is primary,,
commons-17898987,1,rejected,"Codex visual inspection: fixed patio shade, diagram, multiple umbrellas, detail only, or human/scene dominates",,
commons-23607015,1,rejected,"Codex visual inspection: fixed patio shade, diagram, multiple umbrellas, detail only, or human/scene dominates",,
commons-40531791,1,rejected,"Codex visual inspection: fixed patio shade, diagram, multiple umbrellas, detail only, or human/scene dominates",,
commons-53164259,1,rejected,"Codex visual inspection: fixed patio shade, diagram, multiple umbrellas, detail only, or human/scene dominates",,
commons-97598010,1,rejected,"Codex visual inspection: fixed patio shade, diagram, multiple umbrellas, detail only, or human/scene dominates",,
commons-134159576,1,rejected,"Codex visual inspection: fixed patio shade, diagram, multiple umbrellas, detail only, or human/scene dominates",,
commons-149594141,1,rejected,"Codex visual inspection: fixed patio shade, diagram, multiple umbrellas, detail only, or human/scene dominates",,
commons-149627846,1,rejected,"Codex visual inspection: fixed patio shade, diagram, multiple umbrellas, detail only, or human/scene dominates",,
commons-25839036,1,rejected,"Codex visual inspection: fixed patio shade, diagram, multiple umbrellas, detail only, or human/scene dominates",,
commons-27827178,1,rejected,"Codex visual inspection: fixed patio shade, diagram, multiple umbrellas, detail only, or human/scene dominates",,
commons-29767148,1,rejected,"Codex visual inspection: fixed patio shade, diagram, multiple umbrellas, detail only, or human/scene dominates",,
commons-45020690,1,approved,Codex visual inspection: one clear portable umbrella is primary,,
commons-64697634,1,rejected,"Codex visual inspection: fixed patio shade, diagram, multiple umbrellas, detail only, or human/scene dominates",,
commons-64697635,1,rejected,"Codex visual inspection: fixed patio shade, diagram, multiple umbrellas, detail only, or human/scene dominates",,
commons-87518039,1,rejected,"Codex visual inspection: fixed patio shade, diagram, multiple umbrellas, detail only, or human/scene dominates",,
commons-99387585,1,approved,Codex visual inspection: one clear portable umbrella is primary,,
commons-112358316,1,rejected,"Codex visual inspection: fixed patio shade, diagram, multiple umbrellas, detail only, or human/scene dominates",,
commons-190849432,1,rejected,"Codex visual inspection: fixed patio shade, diagram, multiple umbrellas, detail only, or human/scene dominates",,
commons-12074402,1,rejected,"Codex visual inspection: fixed patio shade, diagram, multiple umbrellas, detail only, or human/scene dominates",,
commons-49174689,1,rejected,"Codex visual inspection: fixed patio shade, diagram, multiple umbrellas, detail only, or human/scene dominates",,
commons-50994647,1,rejected,"Codex visual inspection: fixed patio shade, diagram, multiple umbrellas, detail only, or human/scene dominates",,
commons-51182377,1,rejected,"Codex visual inspection: fixed patio shade, diagram, multiple umbrellas, detail only, or human/scene dominates",,
commons-53543114,1,rejected,"Codex visual inspection: fixed patio shade, diagram, multiple umbrellas, detail only, or human/scene dominates",,
commons-64204508,1,rejected,"Codex visual inspection: fixed patio shade, diagram, multiple umbrellas, detail only, or human/scene dominates",,
commons-79169072,1,rejected,"Codex visual inspection: fixed patio shade, diagram, multiple umbrellas, detail only, or human/scene dominates",,
commons-95902287,1,rejected,"Codex visual inspection: fixed patio shade, diagram, multiple umbrellas, detail only, or human/scene dominates",,
commons-145359876,1,rejected,"Codex visual inspection: fixed patio shade, diagram, multiple umbrellas, detail only, or human/scene dominates",,
commons-145401138,1,rejected,"Codex visual inspection: fixed patio shade, diagram, multiple umbrellas, detail only, or human/scene dominates",,
commons-3506537,1,rejected,"Codex visual inspection: fixed patio shade, diagram, multiple umbrellas, detail only, or human/scene dominates",,
commons-30150469,1,rejected,"Codex visual inspection: fixed patio shade, diagram, multiple umbrellas, detail only, or human/scene dominates",,
commons-35915767,1,rejected,"Codex visual inspection: fixed patio shade, diagram, multiple umbrellas, detail only, or human/scene dominates",,
commons-51987351,1,rejected,"Codex visual inspection: fixed patio shade, diagram, multiple umbrellas, detail only, or human/scene dominates",,
commons-98719155,1,rejected,"Codex visual inspection: fixed patio shade, diagram, multiple umbrellas, detail only, or human/scene dominates",,
commons-99449839,1,rejected,"Codex visual inspection: fixed patio shade, diagram, multiple umbrellas, detail only, or human/scene dominates",,
commons-117563427,1,rejected,"Codex visual inspection: fixed patio shade, diagram, multiple umbrellas, detail only, or human/scene dominates",,
commons-146016532,1,rejected,"Codex visual inspection: fixed patio shade, diagram, multiple umbrellas, detail only, or human/scene dominates",,
commons-163653881,1,rejected,"Codex visual inspection: fixed patio shade, diagram, multiple umbrellas, detail only, or human/scene dominates",,
commons-22700187,1,approved,Codex visual inspection: one clear portable umbrella is primary,,
commons-36739148,1,rejected,"Codex visual inspection: fixed patio shade, diagram, multiple umbrellas, detail only, or human/scene dominates",,
commons-50089579,1,rejected,"Codex visual inspection: fixed patio shade, diagram, multiple umbrellas, detail only, or human/scene dominates",,
commons-86727721,1,rejected,"Codex visual inspection: fixed patio shade, diagram, multiple umbrellas, detail only, or human/scene dominates",,
commons-87580503,1,rejected,"Codex visual inspection: fixed patio shade, diagram, multiple umbrellas, detail only, or human/scene dominates",,
commons-793926,7,rejected,"Codex visual inspection: out-of-scope camera/printer/game/music/general supply, disassembly, diagram, label detail, multiple objects or unclear identity",,
commons-13640856,7,approved,Codex visual inspection: clear phone or laptop power adapter is primary,,
commons-16497050,7,approved,Codex visual inspection: clear phone or laptop power adapter is primary,,
commons-39873558,7,rejected,"Codex visual inspection: out-of-scope camera/printer/game/music/general supply, disassembly, diagram, label detail, multiple objects or unclear identity",,
commons-39873559,7,rejected,"Codex visual inspection: out-of-scope camera/printer/game/music/general supply, disassembly, diagram, label detail, multiple objects or unclear identity",,
commons-40552316,7,rejected,"Codex visual inspection: out-of-scope camera/printer/game/music/general supply, disassembly, diagram, label detail, multiple objects or unclear identity",,
commons-57507759,7,rejected,"Codex visual inspection: out-of-scope camera/printer/game/music/general supply, disassembly, diagram, label detail, multiple objects or unclear identity",,
commons-89582870,7,rejected,"Codex visual inspection: out-of-scope camera/printer/game/music/general supply, disassembly, diagram, label detail, multiple objects or unclear identity",,
commons-101387281,7,rejected,"Codex visual inspection: out-of-scope camera/printer/game/music/general supply, disassembly, diagram, label detail, multiple objects or unclear identity",,
commons-127258845,7,rejected,"Codex visual inspection: out-of-scope camera/printer/game/music/general supply, disassembly, diagram, label detail, multiple objects or unclear identity",,
commons-3623228,7,rejected,"Codex visual inspection: out-of-scope camera/printer/game/music/general supply, disassembly, diagram, label detail, multiple objects or unclear identity",,
commons-15403106,7,approved,Codex visual inspection: clear phone or laptop power adapter is primary,,
commons-26716449,7,rejected,"Codex visual inspection: out-of-scope camera/printer/game/music/general supply, disassembly, diagram, label detail, multiple objects or unclear identity",,
commons-33536278,7,rejected,"Codex visual inspection: out-of-scope camera/printer/game/music/general supply, disassembly, diagram, label detail, multiple objects or unclear identity",,
commons-66765509,7,rejected,"Codex visual inspection: out-of-scope camera/printer/game/music/general supply, disassembly, diagram, label detail, multiple objects or unclear identity",,
commons-83645978,7,rejected,"Codex visual inspection: out-of-scope camera/printer/game/music/general supply, disassembly, diagram, label detail, multiple objects or unclear identity",,
commons-84791752,7,approved,Codex visual inspection: clear phone or laptop power adapter is primary,,
commons-95321586,7,rejected,"Codex visual inspection: out-of-scope camera/printer/game/music/general supply, disassembly, diagram, label detail, multiple objects or unclear identity",,
commons-150202056,7,rejected,"Codex visual inspection: out-of-scope camera/printer/game/music/general supply, disassembly, diagram, label detail, multiple objects or unclear identity",,
commons-8964608,7,rejected,"Codex visual inspection: out-of-scope camera/printer/game/music/general supply, disassembly, diagram, label detail, multiple objects or unclear identity",,
commons-41931675,7,rejected,"Codex visual inspection: out-of-scope camera/printer/game/music/general supply, disassembly, diagram, label detail, multiple objects or unclear identity",,
commons-50986000,7,rejected,"Codex visual inspection: out-of-scope camera/printer/game/music/general supply, disassembly, diagram, label detail, multiple objects or unclear identity",,
commons-83717844,7,rejected,"Codex visual inspection: out-of-scope camera/printer/game/music/general supply, disassembly, diagram, label detail, multiple objects or unclear identity",,
commons-93966934,7,rejected,"Codex visual inspection: out-of-scope camera/printer/game/music/general supply, disassembly, diagram, label detail, multiple objects or unclear identity",,
commons-113953968,7,rejected,"Codex visual inspection: out-of-scope camera/printer/game/music/general supply, disassembly, diagram, label detail, multiple objects or unclear identity",,
commons-148182840,7,rejected,"Codex visual inspection: out-of-scope camera/printer/game/music/general supply, disassembly, diagram, label detail, multiple objects or unclear identity",,
commons-44479612,7,rejected,"Codex visual inspection: out-of-scope camera/printer/game/music/general supply, disassembly, diagram, label detail, multiple objects or unclear identity",,
commons-45362051,7,rejected,"Codex visual inspection: out-of-scope camera/printer/game/music/general supply, disassembly, diagram, label detail, multiple objects or unclear identity",,
commons-82549955,7,rejected,"Codex visual inspection: out-of-scope camera/printer/game/music/general supply, disassembly, diagram, label detail, multiple objects or unclear identity",,
commons-82549956,7,rejected,"Codex visual inspection: out-of-scope camera/printer/game/music/general supply, disassembly, diagram, label detail, multiple objects or unclear identity",,
commons-82549957,7,rejected,"Codex visual inspection: out-of-scope camera/printer/game/music/general supply, disassembly, diagram, label detail, multiple objects or unclear identity",,
commons-82549959,7,rejected,"Codex visual inspection: out-of-scope camera/printer/game/music/general supply, disassembly, diagram, label detail, multiple objects or unclear identity",,
commons-97936372,7,approved,Codex visual inspection: clear phone or laptop power adapter is primary,,
commons-113953966,7,rejected,"Codex visual inspection: out-of-scope camera/printer/game/music/general supply, disassembly, diagram, label detail, multiple objects or unclear identity",,
commons-113953967,7,rejected,"Codex visual inspection: out-of-scope camera/printer/game/music/general supply, disassembly, diagram, label detail, multiple objects or unclear identity",,
commons-18654321,7,rejected,"Codex visual inspection: out-of-scope camera/printer/game/music/general supply, disassembly, diagram, label detail, multiple objects or unclear identity",,
commons-25174165,7,rejected,"Codex visual inspection: out-of-scope camera/printer/game/music/general supply, disassembly, diagram, label detail, multiple objects or unclear identity",,
commons-27207659,7,rejected,"Codex visual inspection: out-of-scope camera/printer/game/music/general supply, disassembly, diagram, label detail, multiple objects or unclear identity",,
commons-42196142,7,rejected,"Codex visual inspection: out-of-scope camera/printer/game/music/general supply, disassembly, diagram, label detail, multiple objects or unclear identity",,
commons-81661800,7,rejected,"Codex visual inspection: out-of-scope camera/printer/game/music/general supply, disassembly, diagram, label detail, multiple objects or unclear identity",,
commons-82549960,7,rejected,"Codex visual inspection: out-of-scope camera/printer/game/music/general supply, disassembly, diagram, label detail, multiple objects or unclear identity",,
commons-82549964,7,rejected,"Codex visual inspection: out-of-scope camera/printer/game/music/general supply, disassembly, diagram, label detail, multiple objects or unclear identity",,
commons-191074065,7,approved,Codex visual inspection: clear phone or laptop power adapter is primary,,
commons-3542642,7,rejected,"Codex visual inspection: out-of-scope camera/printer/game/music/general supply, disassembly, diagram, label detail, multiple objects or unclear identity",,
commons-6237601,7,rejected,"Codex visual inspection: out-of-scope camera/printer/game/music/general supply, disassembly, diagram, label detail, multiple objects or unclear identity",,
commons-29858746,7,rejected,"Codex visual inspection: out-of-scope camera/printer/game/music/general supply, disassembly, diagram, label detail, multiple objects or unclear identity",,
commons-29858747,7,rejected,"Codex visual inspection: out-of-scope camera/printer/game/music/general supply, disassembly, diagram, label detail, multiple objects or unclear identity",,
commons-29858748,7,rejected,"Codex visual inspection: out-of-scope camera/printer/game/music/general supply, disassembly, diagram, label detail, multiple objects or unclear identity",,
commons-46880632,7,rejected,"Codex visual inspection: out-of-scope camera/printer/game/music/general supply, disassembly, diagram, label detail, multiple objects or unclear identity",,
commons-88562533,7,rejected,"Codex visual inspection: out-of-scope camera/printer/game/music/general supply, disassembly, diagram, label detail, multiple objects or unclear identity",,
commons-88562719,7,rejected,"Codex visual inspection: out-of-scope camera/printer/game/music/general supply, disassembly, diagram, label detail, multiple objects or unclear identity",,
commons-95149579,7,rejected,"Codex visual inspection: out-of-scope camera/printer/game/music/general supply, disassembly, diagram, label detail, multiple objects or unclear identity",,
commons-119943826,7,rejected,"Codex visual inspection: out-of-scope camera/printer/game/music/general supply, disassembly, diagram, label detail, multiple objects or unclear identity",,
commons-5553537,7,approved,Codex visual inspection: clear phone or laptop power adapter is primary,,
commons-11754667,7,approved,Codex visual inspection: clear phone or laptop power adapter is primary,,
commons-16115997,7,approved,Codex visual inspection: clear phone or laptop power adapter is primary,,
commons-26546072,7,rejected,"Codex visual inspection: out-of-scope camera/printer/game/music/general supply, disassembly, diagram, label detail, multiple objects or unclear identity",,
commons-29516441,7,rejected,"Codex visual inspection: out-of-scope camera/printer/game/music/general supply, disassembly, diagram, label detail, multiple objects or unclear identity",,
commons-56269145,7,approved,Codex visual inspection: clear phone or laptop power adapter is primary,,
commons-121117254,7,approved,Codex visual inspection: clear phone or laptop power adapter is primary,,
commons-128429835,7,rejected,"Codex visual inspection: out-of-scope camera/printer/game/music/general supply, disassembly, diagram, label detail, multiple objects or unclear identity",,
commons-13632280,7,rejected,"Codex visual inspection: out-of-scope camera/printer/game/music/general supply, disassembly, diagram, label detail, multiple objects or unclear identity",,
commons-27949244,7,rejected,"Codex visual inspection: out-of-scope camera/printer/game/music/general supply, disassembly, diagram, label detail, multiple objects or unclear identity",,
commons-41931792,7,approved,Codex visual inspection: clear phone or laptop power adapter is primary,,
commons-41931807,7,rejected,"Codex visual inspection: out-of-scope camera/printer/game/music/general supply, disassembly, diagram, label detail, multiple objects or unclear identity",,
commons-60239636,7,approved,Codex visual inspection: clear phone or laptop power adapter is primary,,
commons-60311163,7,approved,Codex visual inspection: clear phone or laptop power adapter is primary,,
commons-122018946,7,approved,Codex visual inspection: clear phone or laptop power adapter is primary,,
commons-155909105,7,rejected,"Codex visual inspection: out-of-scope camera/printer/game/music/general supply, disassembly, diagram, label detail, multiple objects or unclear identity",,
commons-178326919,7,approved,Codex visual inspection: clear phone or laptop power adapter is primary,,
commons-9400155,7,approved,Codex visual inspection: clear phone or laptop power adapter is primary,,
commons-12010733,7,rejected,"Codex visual inspection: out-of-scope camera/printer/game/music/general supply, disassembly, diagram, label detail, multiple objects or unclear identity",,
commons-15495524,7,rejected,"Codex visual inspection: out-of-scope camera/printer/game/music/general supply, disassembly, diagram, label detail, multiple objects or unclear identity",,
commons-16128583,7,approved,Codex visual inspection: clear phone or laptop power adapter is primary,,
commons-33150344,7,rejected,"Codex visual inspection: out-of-scope camera/printer/game/music/general supply, disassembly, diagram, label detail, multiple objects or unclear identity",,
commons-50664752,7,rejected,"Codex visual inspection: out-of-scope camera/printer/game/music/general supply, disassembly, diagram, label detail, multiple objects or unclear identity",,
commons-64205463,7,rejected,"Codex visual inspection: out-of-scope camera/printer/game/music/general supply, disassembly, diagram, label detail, multiple objects or unclear identity",,
commons-74011357,7,rejected,"Codex visual inspection: out-of-scope camera/printer/game/music/general supply, disassembly, diagram, label detail, multiple objects or unclear identity",,
commons-119371248,7,approved,Codex visual inspection: clear phone or laptop power adapter is primary,,
commons-147124371,7,rejected,"Codex visual inspection: out-of-scope camera/printer/game/music/general supply, disassembly, diagram, label detail, multiple objects or unclear identity",,
commons-8312891,7,rejected,"Codex visual inspection: out-of-scope camera/printer/game/music/general supply, disassembly, diagram, label detail, multiple objects or unclear identity",,
commons-8749268,7,rejected,"Codex visual inspection: out-of-scope camera/printer/game/music/general supply, disassembly, diagram, label detail, multiple objects or unclear identity",,
commons-15495512,7,rejected,"Codex visual inspection: out-of-scope camera/printer/game/music/general supply, disassembly, diagram, label detail, multiple objects or unclear identity",,
commons-25342162,7,rejected,"Codex visual inspection: out-of-scope camera/printer/game/music/general supply, disassembly, diagram, label detail, multiple objects or unclear identity",,
commons-32135729,7,rejected,"Codex visual inspection: out-of-scope camera/printer/game/music/general supply, disassembly, diagram, label detail, multiple objects or unclear identity",,
commons-75907120,7,rejected,"Codex visual inspection: out-of-scope camera/printer/game/music/general supply, disassembly, diagram, label detail, multiple objects or unclear identity",,
commons-77406405,7,rejected,"Codex visual inspection: out-of-scope camera/printer/game/music/general supply, disassembly, diagram, label detail, multiple objects or unclear identity",,
commons-98752354,7,rejected,"Codex visual inspection: out-of-scope camera/printer/game/music/general supply, disassembly, diagram, label detail, multiple objects or unclear identity",,
commons-120855298,7,rejected,"Codex visual inspection: out-of-scope camera/printer/game/music/general supply, disassembly, diagram, label detail, multiple objects or unclear identity",,
commons-196293007,7,approved,Codex visual inspection: clear phone or laptop power adapter is primary,,
commons-1530536,7,rejected,"Codex visual inspection: out-of-scope camera/printer/game/music/general supply, disassembly, diagram, label detail, multiple objects or unclear identity",,
commons-8937046,7,rejected,"Codex visual inspection: out-of-scope camera/printer/game/music/general supply, disassembly, diagram, label detail, multiple objects or unclear identity",,
commons-27949240,7,rejected,"Codex visual inspection: out-of-scope camera/printer/game/music/general supply, disassembly, diagram, label detail, multiple objects or unclear identity",,
commons-30137067,7,rejected,"Codex visual inspection: out-of-scope camera/printer/game/music/general supply, disassembly, diagram, label detail, multiple objects or unclear identity",,
commons-40685397,7,rejected,"Codex visual inspection: out-of-scope camera/printer/game/music/general supply, disassembly, diagram, label detail, multiple objects or unclear identity",,
commons-44780407,7,rejected,"Codex visual inspection: out-of-scope camera/printer/game/music/general supply, disassembly, diagram, label detail, multiple objects or unclear identity",,
commons-68133837,7,rejected,"Codex visual inspection: out-of-scope camera/printer/game/music/general supply, disassembly, diagram, label detail, multiple objects or unclear identity",,
commons-101494179,7,rejected,"Codex visual inspection: out-of-scope camera/printer/game/music/general supply, disassembly, diagram, label detail, multiple objects or unclear identity",,
commons-8630454,7,rejected,"Codex visual inspection: out-of-scope camera/printer/game/music/general supply, disassembly, diagram, label detail, multiple objects or unclear identity",,
commons-30542211,7,approved,Codex visual inspection: clear phone or laptop power adapter is primary,,
commons-35192527,7,rejected,"Codex visual inspection: out-of-scope camera/printer/game/music/general supply, disassembly, diagram, label detail, multiple objects or unclear identity",,
commons-35192596,7,rejected,"Codex visual inspection: out-of-scope camera/printer/game/music/general supply, disassembly, diagram, label detail, multiple objects or unclear identity",,
commons-39906338,7,rejected,"Codex visual inspection: out-of-scope camera/printer/game/music/general supply, disassembly, diagram, label detail, multiple objects or unclear identity",,
commons-40685128,7,rejected,"Codex visual inspection: out-of-scope camera/printer/game/music/general supply, disassembly, diagram, label detail, multiple objects or unclear identity",,
commons-123658029,7,rejected,"Codex visual inspection: out-of-scope camera/printer/game/music/general supply, disassembly, diagram, label detail, multiple objects or unclear identity",,
commons-123658030,7,rejected,"Codex visual inspection: out-of-scope camera/printer/game/music/general supply, disassembly, diagram, label detail, multiple objects or unclear identity",,
commons-179878408,7,rejected,"Codex visual inspection: out-of-scope camera/printer/game/music/general supply, disassembly, diagram, label detail, multiple objects or unclear identity",,
commons-184423385,7,rejected,"Codex visual inspection: out-of-scope camera/printer/game/music/general supply, disassembly, diagram, label detail, multiple objects or unclear identity",,
commons-1227003,7,rejected,"Codex visual inspection: out-of-scope camera/printer/game/music/general supply, disassembly, diagram, label detail, multiple objects or unclear identity",,
commons-29641364,7,approved,Codex visual inspection: clear phone or laptop power adapter is primary,,
commons-44769964,7,rejected,"Codex visual inspection: out-of-scope camera/printer/game/music/general supply, disassembly, diagram, label detail, multiple objects or unclear identity",,
commons-44771788,7,rejected,"Codex visual inspection: out-of-scope camera/printer/game/music/general supply, disassembly, diagram, label detail, multiple objects or unclear identity",,
commons-82825621,5,rejected,"Codex visual inspection: built-in/integrated computer, remote, diagram, disassembly/detail, multiple keyboards or other scene dominates",,
commons-129169245,5,approved,Codex visual inspection: independent external computer keyboard is principal,,
commons-131035176,5,rejected,"Codex visual inspection: built-in/integrated computer, remote, diagram, disassembly/detail, multiple keyboards or other scene dominates",,
commons-24298515,5,rejected,"Codex visual inspection: built-in/integrated computer, remote, diagram, disassembly/detail, multiple keyboards or other scene dominates",,
commons-6568190,5,rejected,"Codex visual inspection: built-in/integrated computer, remote, diagram, disassembly/detail, multiple keyboards or other scene dominates",,
commons-60558175,5,rejected,"Codex visual inspection: built-in/integrated computer, remote, diagram, disassembly/detail, multiple keyboards or other scene dominates",,
commons-147359942,5,rejected,"Codex visual inspection: built-in/integrated computer, remote, diagram, disassembly/detail, multiple keyboards or other scene dominates",,
commons-68081241,5,rejected,"Codex visual inspection: built-in/integrated computer, remote, diagram, disassembly/detail, multiple keyboards or other scene dominates",,
commons-115244184,5,approved,Codex visual inspection: independent external computer keyboard is principal,gen2-at-product,
commons-115244185,5,rejected,"Codex visual inspection: built-in/integrated computer, remote, diagram, disassembly/detail, multiple keyboards or other scene dominates",gen2-at-product,
commons-115783235,5,rejected,"Codex visual inspection: built-in/integrated computer, remote, diagram, disassembly/detail, multiple keyboards or other scene dominates",,
commons-138098008,5,rejected,"Codex visual inspection: built-in/integrated computer, remote, diagram, disassembly/detail, multiple keyboards or other scene dominates",,
commons-165038381,5,approved,Codex visual inspection: independent external computer keyboard is principal,,
commons-3773219,5,rejected,"Codex visual inspection: built-in/integrated computer, remote, diagram, disassembly/detail, multiple keyboards or other scene dominates",,
commons-82451409,5,rejected,"Codex visual inspection: built-in/integrated computer, remote, diagram, disassembly/detail, multiple keyboards or other scene dominates",,
commons-83269993,5,rejected,"Codex visual inspection: built-in/integrated computer, remote, diagram, disassembly/detail, multiple keyboards or other scene dominates",,
commons-95825046,5,rejected,"Codex visual inspection: built-in/integrated computer, remote, diagram, disassembly/detail, multiple keyboards or other scene dominates",,
commons-95825047,5,rejected,"Codex visual inspection: built-in/integrated computer, remote, diagram, disassembly/detail, multiple keyboards or other scene dominates",,
commons-96215450,5,rejected,"Codex visual inspection: built-in/integrated computer, remote, diagram, disassembly/detail, multiple keyboards or other scene dominates",,
commons-97408436,5,rejected,"Codex visual inspection: built-in/integrated computer, remote, diagram, disassembly/detail, multiple keyboards or other scene dominates",,
commons-104792355,5,rejected,"Codex visual inspection: built-in/integrated computer, remote, diagram, disassembly/detail, multiple keyboards or other scene dominates",,
commons-174204364,5,rejected,"Codex visual inspection: built-in/integrated computer, remote, diagram, disassembly/detail, multiple keyboards or other scene dominates",,
commons-109930664,5,rejected,"Codex visual inspection: built-in/integrated computer, remote, diagram, disassembly/detail, multiple keyboards or other scene dominates",intel-ipds-series,
commons-187783654,5,rejected,"Codex visual inspection: built-in/integrated computer, remote, diagram, disassembly/detail, multiple keyboards or other scene dominates",,
commons-187783660,5,rejected,"Codex visual inspection: built-in/integrated computer, remote, diagram, disassembly/detail, multiple keyboards or other scene dominates",,
commons-187783663,5,rejected,"Codex visual inspection: built-in/integrated computer, remote, diagram, disassembly/detail, multiple keyboards or other scene dominates",,
commons-187783664,5,rejected,"Codex visual inspection: built-in/integrated computer, remote, diagram, disassembly/detail, multiple keyboards or other scene dominates",,
commons-187783668,5,rejected,"Codex visual inspection: built-in/integrated computer, remote, diagram, disassembly/detail, multiple keyboards or other scene dominates",,
commons-187783672,5,rejected,"Codex visual inspection: built-in/integrated computer, remote, diagram, disassembly/detail, multiple keyboards or other scene dominates",,
commons-187783675,5,rejected,"Codex visual inspection: built-in/integrated computer, remote, diagram, disassembly/detail, multiple keyboards or other scene dominates",,
commons-187783678,5,rejected,"Codex visual inspection: built-in/integrated computer, remote, diagram, disassembly/detail, multiple keyboards or other scene dominates",,
commons-187783680,5,rejected,"Codex visual inspection: built-in/integrated computer, remote, diagram, disassembly/detail, multiple keyboards or other scene dominates",,
commons-10791203,5,rejected,"Codex visual inspection: built-in/integrated computer, remote, diagram, disassembly/detail, multiple keyboards or other scene dominates",,
commons-100222624,5,rejected,"Codex visual inspection: built-in/integrated computer, remote, diagram, disassembly/detail, multiple keyboards or other scene dominates",,
commons-109930719,5,rejected,"Codex visual inspection: built-in/integrated computer, remote, diagram, disassembly/detail, multiple keyboards or other scene dominates",intel-ipds-series,
commons-109930764,5,rejected,"Codex visual inspection: built-in/integrated computer, remote, diagram, disassembly/detail, multiple keyboards or other scene dominates",intel-ipds-series,
commons-109930799,5,rejected,"Codex visual inspection: built-in/integrated computer, remote, diagram, disassembly/detail, multiple keyboards or other scene dominates",intel-ipds-series,
commons-109930829,5,rejected,"Codex visual inspection: built-in/integrated computer, remote, diagram, disassembly/detail, multiple keyboards or other scene dominates",intel-ipds-series,
commons-109930862,5,approved,Codex visual inspection: independent external computer keyboard is principal,intel-ipds-series,
commons-115219092,5,rejected,"Codex visual inspection: built-in/integrated computer, remote, diagram, disassembly/detail, multiple keyboards or other scene dominates",juki-datum-fk201,
commons-115219094,5,approved,Codex visual inspection: independent external computer keyboard is principal,juki-datum-fk201,
commons-1259047,5,rejected,"Codex visual inspection: built-in/integrated computer, remote, diagram, disassembly/detail, multiple keyboards or other scene dominates",,
commons-62700057,5,rejected,"Codex visual inspection: built-in/integrated computer, remote, diagram, disassembly/detail, multiple keyboards or other scene dominates",,
commons-91203517,5,approved,Codex visual inspection: independent external computer keyboard is principal,,
commons-97480328,5,approved,Codex visual inspection: independent external computer keyboard is principal,,
commons-105322298,5,approved,Codex visual inspection: independent external computer keyboard is principal,,
commons-119134578,5,rejected,"Codex visual inspection: built-in/integrated computer, remote, diagram, disassembly/detail, multiple keyboards or other scene dominates",,
commons-185909418,5,rejected,"Codex visual inspection: built-in/integrated computer, remote, diagram, disassembly/detail, multiple keyboards or other scene dominates",,
commons-56429879,5,rejected,"Codex visual inspection: built-in/integrated computer, remote, diagram, disassembly/detail, multiple keyboards or other scene dominates",,
commons-114648807,5,rejected,"Codex visual inspection: built-in/integrated computer, remote, diagram, disassembly/detail, multiple keyboards or other scene dominates",,
commons-114648809,5,rejected,"Codex visual inspection: built-in/integrated computer, remote, diagram, disassembly/detail, multiple keyboards or other scene dominates",,
commons-129899773,5,rejected,"Codex visual inspection: built-in/integrated computer, remote, diagram, disassembly/detail, multiple keyboards or other scene dominates",,
commons-129899774,5,rejected,"Codex visual inspection: built-in/integrated computer, remote, diagram, disassembly/detail, multiple keyboards or other scene dominates",,
commons-144261316,5,rejected,"Codex visual inspection: built-in/integrated computer, remote, diagram, disassembly/detail, multiple keyboards or other scene dominates",klaviatura-dismantled-series,
commons-144261318,5,approved,Codex visual inspection: independent external computer keyboard is principal,klaviatura-dismantled-series,
commons-144261321,5,rejected,"Codex visual inspection: built-in/integrated computer, remote, diagram, disassembly/detail, multiple keyboards or other scene dominates",klaviatura-dismantled-series,
commons-144261322,5,approved,Codex visual inspection: independent external computer keyboard is principal,klaviatura-dismantled-series,
commons-166662198,5,rejected,"Codex visual inspection: built-in/integrated computer, remote, diagram, disassembly/detail, multiple keyboards or other scene dominates",,
commons-37315969,5,rejected,"Codex visual inspection: built-in/integrated computer, remote, diagram, disassembly/detail, multiple keyboards or other scene dominates",,
commons-112770547,5,rejected,"Codex visual inspection: built-in/integrated computer, remote, diagram, disassembly/detail, multiple keyboards or other scene dominates",,
commons-112822003,5,approved,Codex visual inspection: independent external computer keyboard is principal,rotterdam-color-keyboard,
commons-112822004,5,rejected,"Codex visual inspection: built-in/integrated computer, remote, diagram, disassembly/detail, multiple keyboards or other scene dominates",rotterdam-color-keyboard,
commons-115220146,5,rejected,"Codex visual inspection: built-in/integrated computer, remote, diagram, disassembly/detail, multiple keyboards or other scene dominates",,
commons-115239062,5,rejected,"Codex visual inspection: built-in/integrated computer, remote, diagram, disassembly/detail, multiple keyboards or other scene dominates",,
commons-136840120,5,rejected,"Codex visual inspection: built-in/integrated computer, remote, diagram, disassembly/detail, multiple keyboards or other scene dominates",,
commons-144261324,5,approved,Codex visual inspection: independent external computer keyboard is principal,klaviatura-dismantled-series,
commons-148282810,5,approved,Codex visual inspection: independent external computer keyboard is principal,,
commons-165612586,5,approved,Codex visual inspection: independent external computer keyboard is principal,,
commons-3992653,5,rejected,"Codex visual inspection: built-in/integrated computer, remote, diagram, disassembly/detail, multiple keyboards or other scene dominates",,
commons-5877763,5,rejected,"Codex visual inspection: built-in/integrated computer, remote, diagram, disassembly/detail, multiple keyboards or other scene dominates",maestro-series,
commons-5881528,5,approved,Codex visual inspection: independent external computer keyboard is principal,maestro-series,
commons-15247999,5,rejected,"Codex visual inspection: built-in/integrated computer, remote, diagram, disassembly/detail, multiple keyboards or other scene dominates",assistive-glove-series,
commons-17078836,5,approved,Codex visual inspection: independent external computer keyboard is principal,assistive-glove-series,
commons-69471574,5,rejected,"Codex visual inspection: built-in/integrated computer, remote, diagram, disassembly/detail, multiple keyboards or other scene dominates",,
commons-81524682,5,rejected,"Codex visual inspection: built-in/integrated computer, remote, diagram, disassembly/detail, multiple keyboards or other scene dominates",,
commons-121252336,5,approved,Codex visual inspection: independent external computer keyboard is principal,mars-mk6-series,
commons-195167594,5,rejected,"Codex visual inspection: built-in/integrated computer, remote, diagram, disassembly/detail, multiple keyboards or other scene dominates",,
commons-19610909,5,rejected,"Codex visual inspection: built-in/integrated computer, remote, diagram, disassembly/detail, multiple keyboards or other scene dominates",,
commons-46085359,5,rejected,"Codex visual inspection: built-in/integrated computer, remote, diagram, disassembly/detail, multiple keyboards or other scene dominates",,
commons-57086623,5,rejected,"Codex visual inspection: built-in/integrated computer, remote, diagram, disassembly/detail, multiple keyboards or other scene dominates",,
commons-74895614,5,rejected,"Codex visual inspection: built-in/integrated computer, remote, diagram, disassembly/detail, multiple keyboards or other scene dominates",,
commons-106072237,5,approved,Codex visual inspection: independent external computer keyboard is principal,,
commons-113434680,5,approved,Codex visual inspection: independent external computer keyboard is principal,,
commons-115177887,5,approved,Codex visual inspection: independent external computer keyboard is principal,,
commons-115220515,5,approved,Codex visual inspection: independent external computer keyboard is principal,,
commons-121252340,5,approved,Codex visual inspection: independent external computer keyboard is principal,mars-mk6-series,
commons-169954030,5,rejected,"Codex visual inspection: built-in/integrated computer, remote, diagram, disassembly/detail, multiple keyboards or other scene dominates",,
commons-7044115,5,rejected,"Codex visual inspection: built-in/integrated computer, remote, diagram, disassembly/detail, multiple keyboards or other scene dominates",,
commons-10661614,5,rejected,"Codex visual inspection: built-in/integrated computer, remote, diagram, disassembly/detail, multiple keyboards or other scene dominates",,
commons-48788099,5,rejected,"Codex visual inspection: built-in/integrated computer, remote, diagram, disassembly/detail, multiple keyboards or other scene dominates",,
commons-63859891,5,rejected,"Codex visual inspection: built-in/integrated computer, remote, diagram, disassembly/detail, multiple keyboards or other scene dominates",,
commons-66917253,5,rejected,"Codex visual inspection: built-in/integrated computer, remote, diagram, disassembly/detail, multiple keyboards or other scene dominates",,
commons-80165814,5,rejected,"Codex visual inspection: built-in/integrated computer, remote, diagram, disassembly/detail, multiple keyboards or other scene dominates",,
commons-91644745,5,approved,Codex visual inspection: independent external computer keyboard is principal,,
commons-130416052,5,rejected,"Codex visual inspection: built-in/integrated computer, remote, diagram, disassembly/detail, multiple keyboards or other scene dominates",,
commons-1349436,5,approved,Codex visual inspection: independent external computer keyboard is principal,,
commons-25239352,5,rejected,"Codex visual inspection: built-in/integrated computer, remote, diagram, disassembly/detail, multiple keyboards or other scene dominates",,
commons-115180400,5,rejected,"Codex visual inspection: built-in/integrated computer, remote, diagram, disassembly/detail, multiple keyboards or other scene dominates",optimus-6251-series,
commons-115180401,5,rejected,"Codex visual inspection: built-in/integrated computer, remote, diagram, disassembly/detail, multiple keyboards or other scene dominates",optimus-6251-series,
commons-115180402,5,approved,Codex visual inspection: independent external computer keyboard is principal,optimus-6251-series,
commons-115216659,5,rejected,"Codex visual inspection: built-in/integrated computer, remote, diagram, disassembly/detail, multiple keyboards or other scene dominates",,
commons-115216666,5,rejected,"Codex visual inspection: built-in/integrated computer, remote, diagram, disassembly/detail, multiple keyboards or other scene dominates",,
commons-115239066,5,approved,Codex visual inspection: independent external computer keyboard is principal,ok101-series,
commons-115239067,5,rejected,"Codex visual inspection: built-in/integrated computer, remote, diagram, disassembly/detail, multiple keyboards or other scene dominates",ok101-series,
commons-115239070,5,approved,Codex visual inspection: independent external computer keyboard is principal,ok101-series,
commons-40484525,5,rejected,"Codex visual inspection: built-in/integrated computer, remote, diagram, disassembly/detail, multiple keyboards or other scene dominates",,
commons-10697352,8,approved,Codex visual inspection: one door/car key or connected keyring is primary,,
commons-5735613,8,rejected,"Codex visual inspection: diagram, cuff/tool/fire-alarm/cabinet/ceremonial key, separate sets, lock/scene dominates or key too small",,
commons-990784,8,rejected,"Codex visual inspection: diagram, cuff/tool/fire-alarm/cabinet/ceremonial key, separate sets, lock/scene dominates or key too small",,
commons-19340378,8,approved,Codex visual inspection: one door/car key or connected keyring is primary,,
commons-63545233,8,approved,Codex visual inspection: one door/car key or connected keyring is primary,,
commons-43116100,8,approved,Codex visual inspection: one door/car key or connected keyring is primary,,
commons-47841363,8,rejected,"Codex visual inspection: diagram, cuff/tool/fire-alarm/cabinet/ceremonial key, separate sets, lock/scene dominates or key too small",,
commons-5721478,8,approved,Codex visual inspection: one door/car key or connected keyring is primary,,
commons-30394003,8,approved,Codex visual inspection: one door/car key or connected keyring is primary,,
commons-17603276,8,rejected,"Codex visual inspection: diagram, cuff/tool/fire-alarm/cabinet/ceremonial key, separate sets, lock/scene dominates or key too small",,
commons-103943018,8,rejected,"Codex visual inspection: diagram, cuff/tool/fire-alarm/cabinet/ceremonial key, separate sets, lock/scene dominates or key too small",,
commons-156599701,8,approved,Codex visual inspection: one door/car key or connected keyring is primary,,
commons-186624316,8,rejected,"Codex visual inspection: diagram, cuff/tool/fire-alarm/cabinet/ceremonial key, separate sets, lock/scene dominates or key too small",,
commons-48236688,8,rejected,"Codex visual inspection: diagram, cuff/tool/fire-alarm/cabinet/ceremonial key, separate sets, lock/scene dominates or key too small",,
commons-110353914,8,approved,Codex visual inspection: one door/car key or connected keyring is primary,,
commons-115901018,8,rejected,"Codex visual inspection: diagram, cuff/tool/fire-alarm/cabinet/ceremonial key, separate sets, lock/scene dominates or key too small",,
commons-127108997,8,approved,Codex visual inspection: one door/car key or connected keyring is primary,,
commons-131388514,8,rejected,"Codex visual inspection: diagram, cuff/tool/fire-alarm/cabinet/ceremonial key, separate sets, lock/scene dominates or key too small",,
commons-139566716,8,approved,Codex visual inspection: one door/car key or connected keyring is primary,broken-key-series,
commons-139566726,8,approved,Codex visual inspection: one door/car key or connected keyring is primary,broken-key-series,
commons-141539898,8,approved,Codex visual inspection: one door/car key or connected keyring is primary,broken-key-series,
commons-148232881,8,rejected,"Codex visual inspection: diagram, cuff/tool/fire-alarm/cabinet/ceremonial key, separate sets, lock/scene dominates or key too small",,
commons-1156472,8,rejected,"Codex visual inspection: diagram, cuff/tool/fire-alarm/cabinet/ceremonial key, separate sets, lock/scene dominates or key too small",,
commons-14881522,8,rejected,"Codex visual inspection: diagram, cuff/tool/fire-alarm/cabinet/ceremonial key, separate sets, lock/scene dominates or key too small",,
commons-32394029,8,approved,Codex visual inspection: one door/car key or connected keyring is primary,,
commons-43197004,8,rejected,"Codex visual inspection: diagram, cuff/tool/fire-alarm/cabinet/ceremonial key, separate sets, lock/scene dominates or key too small",,
commons-71474663,8,approved,Codex visual inspection: one door/car key or connected keyring is primary,italian-keyring-series,
commons-138202640,8,rejected,"Codex visual inspection: diagram, cuff/tool/fire-alarm/cabinet/ceremonial key, separate sets, lock/scene dominates or key too small",,
commons-154580218,8,rejected,"Codex visual inspection: diagram, cuff/tool/fire-alarm/cabinet/ceremonial key, separate sets, lock/scene dominates or key too small",,
commons-194784505,8,approved,Codex visual inspection: one door/car key or connected keyring is primary,,
commons-197807256,8,approved,Codex visual inspection: one door/car key or connected keyring is primary,,
commons-36323380,8,rejected,"Codex visual inspection: diagram, cuff/tool/fire-alarm/cabinet/ceremonial key, separate sets, lock/scene dominates or key too small",,
commons-47404974,8,rejected,"Codex visual inspection: diagram, cuff/tool/fire-alarm/cabinet/ceremonial key, separate sets, lock/scene dominates or key too small",,
commons-50748484,8,rejected,"Codex visual inspection: diagram, cuff/tool/fire-alarm/cabinet/ceremonial key, separate sets, lock/scene dominates or key too small",,
commons-81152584,8,rejected,"Codex visual inspection: diagram, cuff/tool/fire-alarm/cabinet/ceremonial key, separate sets, lock/scene dominates or key too small",,
commons-125463368,8,rejected,"Codex visual inspection: diagram, cuff/tool/fire-alarm/cabinet/ceremonial key, separate sets, lock/scene dominates or key too small",,
commons-163854497,8,rejected,"Codex visual inspection: diagram, cuff/tool/fire-alarm/cabinet/ceremonial key, separate sets, lock/scene dominates or key too small",,
commons-54595023,8,rejected,"Codex visual inspection: diagram, cuff/tool/fire-alarm/cabinet/ceremonial key, separate sets, lock/scene dominates or key too small",,
commons-61891150,8,approved,Codex visual inspection: one door/car key or connected keyring is primary,,
commons-76086465,8,approved,Codex visual inspection: one door/car key or connected keyring is primary,,
commons-113021342,8,approved,Codex visual inspection: one door/car key or connected keyring is primary,,
commons-136711970,8,rejected,"Codex visual inspection: diagram, cuff/tool/fire-alarm/cabinet/ceremonial key, separate sets, lock/scene dominates or key too small",,
commons-148130282,8,approved,Codex visual inspection: one door/car key or connected keyring is primary,,
commons-190519542,8,approved,Codex visual inspection: one door/car key or connected keyring is primary,,
commons-196010792,8,rejected,"Codex visual inspection: diagram, cuff/tool/fire-alarm/cabinet/ceremonial key, separate sets, lock/scene dominates or key too small",,
commons-14745949,8,rejected,"Codex visual inspection: diagram, cuff/tool/fire-alarm/cabinet/ceremonial key, separate sets, lock/scene dominates or key too small",,
commons-33178315,8,rejected,"Codex visual inspection: diagram, cuff/tool/fire-alarm/cabinet/ceremonial key, separate sets, lock/scene dominates or key too small",,
commons-72123562,8,rejected,"Codex visual inspection: diagram, cuff/tool/fire-alarm/cabinet/ceremonial key, separate sets, lock/scene dominates or key too small",,
commons-81355886,8,approved,Codex visual inspection: one door/car key or connected keyring is primary,,
commons-91378730,8,rejected,"Codex visual inspection: diagram, cuff/tool/fire-alarm/cabinet/ceremonial key, separate sets, lock/scene dominates or key too small",,
commons-91590004,8,approved,Codex visual inspection: one door/car key or connected keyring is primary,suzuki-keychain-frontback,
commons-91590190,8,approved,Codex visual inspection: one door/car key or connected keyring is primary,suzuki-keychain-frontback,
commons-92135098,8,rejected,"Codex visual inspection: diagram, cuff/tool/fire-alarm/cabinet/ceremonial key, separate sets, lock/scene dominates or key too small",,
commons-119920247,8,rejected,"Codex visual inspection: diagram, cuff/tool/fire-alarm/cabinet/ceremonial key, separate sets, lock/scene dominates or key too small",,
commons-188894143,8,approved,Codex visual inspection: one door/car key or connected keyring is primary,,
commons-64263427,8,approved,Codex visual inspection: one door/car key or connected keyring is primary,,
commons-74147535,8,rejected,"Codex visual inspection: diagram, cuff/tool/fire-alarm/cabinet/ceremonial key, separate sets, lock/scene dominates or key too small",,
commons-80620899,8,approved,Codex visual inspection: one door/car key or connected keyring is primary,,
commons-90578179,8,rejected,"Codex visual inspection: diagram, cuff/tool/fire-alarm/cabinet/ceremonial key, separate sets, lock/scene dominates or key too small",,
commons-114078382,8,approved,Codex visual inspection: one door/car key or connected keyring is primary,old-key-114-series,
commons-114081585,8,approved,Codex visual inspection: one door/car key or connected keyring is primary,old-key-114-series,
commons-129161819,8,rejected,"Codex visual inspection: diagram, cuff/tool/fire-alarm/cabinet/ceremonial key, separate sets, lock/scene dominates or key too small",,
commons-138904687,8,rejected,"Codex visual inspection: diagram, cuff/tool/fire-alarm/cabinet/ceremonial key, separate sets, lock/scene dominates or key too small",,
commons-141448835,8,approved,Codex visual inspection: one door/car key or connected keyring is primary,,
commons-143764815,8,approved,Codex visual inspection: one door/car key or connected keyring is primary,,
commons-251588,8,approved,Codex visual inspection: one door/car key or connected keyring is primary,,
commons-71354507,8,approved,Codex visual inspection: one door/car key or connected keyring is primary,,
commons-111557290,8,rejected,"Codex visual inspection: diagram, cuff/tool/fire-alarm/cabinet/ceremonial key, separate sets, lock/scene dominates or key too small",,
commons-111557372,8,rejected,"Codex visual inspection: multiple unrelated objects, diagram/collection/art, padlock/tool key, camera/game supply or unresolved phone/computer identity",,
commons-111557375,8,rejected,"Codex visual inspection: multiple unrelated objects, diagram/collection/art, padlock/tool key, camera/game supply or unresolved phone/computer identity",,
commons-111557380,8,rejected,"Codex visual inspection: multiple unrelated objects, diagram/collection/art, padlock/tool key, camera/game supply or unresolved phone/computer identity",,
commons-111557399,8,rejected,"Codex visual inspection: multiple unrelated objects, diagram/collection/art, padlock/tool key, camera/game supply or unresolved phone/computer identity",,
commons-114075329,8,approved,Codex visual inspection: door/car key or connected keyring is primary,,
commons-141433486,8,rejected,"Codex visual inspection: multiple unrelated objects, diagram/collection/art, padlock/tool key, camera/game supply or unresolved phone/computer identity",,
commons-7834581,8,rejected,"Codex visual inspection: multiple unrelated objects, diagram/collection/art, padlock/tool key, camera/game supply or unresolved phone/computer identity",,
commons-27929551,8,rejected,"Codex visual inspection: multiple unrelated objects, diagram/collection/art, padlock/tool key, camera/game supply or unresolved phone/computer identity",,
commons-51440629,8,rejected,"Codex visual inspection: multiple unrelated objects, diagram/collection/art, padlock/tool key, camera/game supply or unresolved phone/computer identity",,
commons-72328600,8,rejected,"Codex visual inspection: multiple unrelated objects, diagram/collection/art, padlock/tool key, camera/game supply or unresolved phone/computer identity",,
commons-105535011,8,rejected,"Codex visual inspection: multiple unrelated objects, diagram/collection/art, padlock/tool key, camera/game supply or unresolved phone/computer identity",,
commons-110352829,8,rejected,"Codex visual inspection: multiple unrelated objects, diagram/collection/art, padlock/tool key, camera/game supply or unresolved phone/computer identity",,
commons-111557339,8,approved,Codex visual inspection: door/car key or connected keyring is primary,,
commons-113193054,8,approved,Codex visual inspection: door/car key or connected keyring is primary,,
commons-152061284,8,rejected,"Codex visual inspection: multiple unrelated objects, diagram/collection/art, padlock/tool key, camera/game supply or unresolved phone/computer identity",,
commons-166847470,8,approved,Codex visual inspection: door/car key or connected keyring is primary,,
commons-5494434,8,rejected,"Codex visual inspection: multiple unrelated objects, diagram/collection/art, padlock/tool key, camera/game supply or unresolved phone/computer identity",,
commons-71475991,8,approved,Codex visual inspection: door/car key or connected keyring is primary,italian-keyring-series,
commons-77381856,8,rejected,"Codex visual inspection: multiple unrelated objects, diagram/collection/art, padlock/tool key, camera/game supply or unresolved phone/computer identity",,
commons-79718113,8,approved,Codex visual inspection: door/car key or connected keyring is primary,,
commons-91190073,8,rejected,"Codex visual inspection: multiple unrelated objects, diagram/collection/art, padlock/tool key, camera/game supply or unresolved phone/computer identity",,
commons-97413256,8,rejected,"Codex visual inspection: multiple unrelated objects, diagram/collection/art, padlock/tool key, camera/game supply or unresolved phone/computer identity",,
commons-104588442,8,approved,Codex visual inspection: door/car key or connected keyring is primary,,
commons-109571179,8,rejected,"Codex visual inspection: multiple unrelated objects, diagram/collection/art, padlock/tool key, camera/game supply or unresolved phone/computer identity",,
commons-122586330,8,rejected,"Codex visual inspection: multiple unrelated objects, diagram/collection/art, padlock/tool key, camera/game supply or unresolved phone/computer identity",,
commons-185328250,8,rejected,"Codex visual inspection: multiple unrelated objects, diagram/collection/art, padlock/tool key, camera/game supply or unresolved phone/computer identity",,
commons-17404329,8,approved,Codex visual inspection: door/car key or connected keyring is primary,,
commons-67102660,8,rejected,"Codex visual inspection: multiple unrelated objects, diagram/collection/art, padlock/tool key, camera/game supply or unresolved phone/computer identity",,
commons-68465017,8,rejected,"Codex visual inspection: multiple unrelated objects, diagram/collection/art, padlock/tool key, camera/game supply or unresolved phone/computer identity",,
commons-74663713,8,approved,Codex visual inspection: door/car key or connected keyring is primary,,
commons-80060085,8,rejected,"Codex visual inspection: multiple unrelated objects, diagram/collection/art, padlock/tool key, camera/game supply or unresolved phone/computer identity",,
commons-111557406,8,rejected,"Codex visual inspection: multiple unrelated objects, diagram/collection/art, padlock/tool key, camera/game supply or unresolved phone/computer identity",,
commons-112481185,8,approved,Codex visual inspection: door/car key or connected keyring is primary,,
commons-124544451,8,rejected,"Codex visual inspection: multiple unrelated objects, diagram/collection/art, padlock/tool key, camera/game supply or unresolved phone/computer identity",,
commons-126473274,8,rejected,"Codex visual inspection: multiple unrelated objects, diagram/collection/art, padlock/tool key, camera/game supply or unresolved phone/computer identity",,
commons-5594587,8,rejected,"Codex visual inspection: multiple unrelated objects, diagram/collection/art, padlock/tool key, camera/game supply or unresolved phone/computer identity",,
commons-9884055,8,rejected,"Codex visual inspection: multiple unrelated objects, diagram/collection/art, padlock/tool key, camera/game supply or unresolved phone/computer identity",,
commons-17759676,8,rejected,"Codex visual inspection: multiple unrelated objects, diagram/collection/art, padlock/tool key, camera/game supply or unresolved phone/computer identity",,
commons-51194567,8,rejected,"Codex visual inspection: multiple unrelated objects, diagram/collection/art, padlock/tool key, camera/game supply or unresolved phone/computer identity",,
commons-53137915,8,approved,Codex visual inspection: door/car key or connected keyring is primary,,
commons-53137921,8,rejected,"Codex visual inspection: multiple unrelated objects, diagram/collection/art, padlock/tool key, camera/game supply or unresolved phone/computer identity",,
commons-53137929,8,rejected,"Codex visual inspection: multiple unrelated objects, diagram/collection/art, padlock/tool key, camera/game supply or unresolved phone/computer identity",,
commons-75239784,8,rejected,"Codex visual inspection: multiple unrelated objects, diagram/collection/art, padlock/tool key, camera/game supply or unresolved phone/computer identity",,
commons-96042989,8,rejected,"Codex visual inspection: multiple unrelated objects, diagram/collection/art, padlock/tool key, camera/game supply or unresolved phone/computer identity",,
commons-122604377,8,rejected,"Codex visual inspection: multiple unrelated objects, diagram/collection/art, padlock/tool key, camera/game supply or unresolved phone/computer identity",,
commons-53137946,8,rejected,"Codex visual inspection: multiple unrelated objects, diagram/collection/art, padlock/tool key, camera/game supply or unresolved phone/computer identity",,
commons-56952748,8,rejected,"Codex visual inspection: multiple unrelated objects, diagram/collection/art, padlock/tool key, camera/game supply or unresolved phone/computer identity",,
commons-85202902,8,approved,Codex visual inspection: door/car key or connected keyring is primary,,
commons-114360982,8,rejected,"Codex visual inspection: multiple unrelated objects, diagram/collection/art, padlock/tool key, camera/game supply or unresolved phone/computer identity",,
commons-114360984,8,rejected,"Codex visual inspection: multiple unrelated objects, diagram/collection/art, padlock/tool key, camera/game supply or unresolved phone/computer identity",,
commons-114360985,8,rejected,"Codex visual inspection: multiple unrelated objects, diagram/collection/art, padlock/tool key, camera/game supply or unresolved phone/computer identity",,
commons-114360987,8,rejected,"Codex visual inspection: multiple unrelated objects, diagram/collection/art, padlock/tool key, camera/game supply or unresolved phone/computer identity",,
commons-45170483,7,rejected,"Codex visual inspection: multiple unrelated objects, diagram/collection/art, padlock/tool key, camera/game supply or unresolved phone/computer identity",,
commons-58607712,7,rejected,"Codex visual inspection: multiple unrelated objects, diagram/collection/art, padlock/tool key, camera/game supply or unresolved phone/computer identity",,
commons-75942085,7,rejected,"Codex visual inspection: multiple unrelated objects, diagram/collection/art, padlock/tool key, camera/game supply or unresolved phone/computer identity",,
commons-83366889,7,rejected,"Codex visual inspection: multiple unrelated objects, diagram/collection/art, padlock/tool key, camera/game supply or unresolved phone/computer identity",,
commons-83366910,7,rejected,"Codex visual inspection: multiple unrelated objects, diagram/collection/art, padlock/tool key, camera/game supply or unresolved phone/computer identity",,
commons-123908529,7,rejected,"Codex visual inspection: multiple unrelated objects, diagram/collection/art, padlock/tool key, camera/game supply or unresolved phone/computer identity",,
commons-75900251,7,rejected,"Codex visual inspection: multiple unrelated objects, diagram/collection/art, padlock/tool key, camera/game supply or unresolved phone/computer identity",,
commons-105670856,7,rejected,"Codex visual inspection: multiple unrelated objects, diagram/collection/art, padlock/tool key, camera/game supply or unresolved phone/computer identity",,
commons-173039573,4,approved,Codex visual inspection: one identifiable computer mouse/trackball is principal,hoco-gm29-series,
commons-173039574,4,approved,Codex visual inspection: one identifiable computer mouse/trackball is principal,hoco-gm29-series,
commons-39517742,4,rejected,"Codex visual inspection: packaging/scan, multiple main objects, keyboard/computer/person dominates or only accessory/detail",,
commons-43427069,4,approved,Codex visual inspection: one identifiable computer mouse/trackball is principal,,
commons-56772453,4,rejected,"Codex visual inspection: packaging/scan, multiple main objects, keyboard/computer/person dominates or only accessory/detail",,
commons-101279400,4,approved,Codex visual inspection: one identifiable computer mouse/trackball is principal,male-hand-mouse-crop-series,
commons-101279468,4,approved,Codex visual inspection: one identifiable computer mouse/trackball is principal,male-hand-mouse-crop-series,
commons-101280203,4,rejected,"Codex visual inspection: packaging/scan, multiple main objects, keyboard/computer/person dominates or only accessory/detail",male-hand-mouse-crop-series,
commons-134711495,4,rejected,"Codex visual inspection: packaging/scan, multiple main objects, keyboard/computer/person dominates or only accessory/detail",,
commons-154056660,4,approved,Codex visual inspection: one identifiable computer mouse/trackball is principal,kompyuter-black-mouse-series,
commons-154056674,4,approved,Codex visual inspection: one identifiable computer mouse/trackball is principal,kompyuter-black-mouse-series,
commons-166400208,4,approved,Codex visual inspection: one identifiable computer mouse/trackball is principal,,
commons-52995,4,approved,Codex visual inspection: one identifiable computer mouse/trackball is principal,,
commons-2038658,4,approved,Codex visual inspection: one identifiable computer mouse/trackball is principal,,
commons-7253867,4,rejected,"Codex visual inspection: packaging/scan, multiple main objects, keyboard/computer/person dominates or only accessory/detail",,
commons-12880481,4,approved,Codex visual inspection: one identifiable computer mouse/trackball is principal,,
commons-24925437,4,approved,Codex visual inspection: one identifiable computer mouse/trackball is principal,,
commons-100039443,4,approved,Codex visual inspection: one identifiable computer mouse/trackball is principal,,
commons-149110217,4,approved,Codex visual inspection: one identifiable computer mouse/trackball is principal,,
commons-156382625,4,approved,Codex visual inspection: one identifiable computer mouse/trackball is principal,,
commons-166086355,4,rejected,"Codex visual inspection: packaging/scan, multiple main objects, keyboard/computer/person dominates or only accessory/detail",,
commons-10960592,4,approved,Codex visual inspection: one identifiable computer mouse/trackball is principal,,
commons-52054912,4,approved,Codex visual inspection: one identifiable computer mouse/trackball is principal,,
commons-95918461,4,rejected,"Codex visual inspection: packaging/scan, multiple main objects, keyboard/computer/person dominates or only accessory/detail",,
commons-95918462,4,rejected,"Codex visual inspection: packaging/scan, multiple main objects, keyboard/computer/person dominates or only accessory/detail",,
commons-95918463,4,rejected,"Codex visual inspection: packaging/scan, multiple main objects, keyboard/computer/person dominates or only accessory/detail",,
commons-124256853,4,rejected,"Codex visual inspection: packaging/scan, multiple main objects, keyboard/computer/person dominates or only accessory/detail",,
commons-142202973,4,rejected,"Codex visual inspection: packaging/scan, multiple main objects, keyboard/computer/person dominates or only accessory/detail",,
commons-172469464,4,approved,Codex visual inspection: one identifiable computer mouse/trackball is principal,,
commons-176302699,4,approved,Codex visual inspection: one identifiable computer mouse/trackball is principal,,
commons-1971541,4,approved,Codex visual inspection: one identifiable computer mouse/trackball is principal,,
commons-6381063,4,rejected,"Codex visual inspection: packaging/scan, multiple main objects, keyboard/computer/person dominates or only accessory/detail",,
commons-8976558,4,rejected,"Codex visual inspection: packaging/scan, multiple main objects, keyboard/computer/person dominates or only accessory/detail",,
commons-19814533,4,rejected,"Codex visual inspection: packaging/scan, multiple main objects, keyboard/computer/person dominates or only accessory/detail",,
commons-26341812,4,rejected,"Codex visual inspection: packaging/scan, multiple main objects, keyboard/computer/person dominates or only accessory/detail",,
commons-32789638,4,rejected,"Codex visual inspection: packaging/scan, multiple main objects, keyboard/computer/person dominates or only accessory/detail",,
commons-85716498,4,rejected,"Codex visual inspection: packaging/scan, multiple main objects, keyboard/computer/person dominates or only accessory/detail",,
commons-142203597,4,rejected,"Codex visual inspection: packaging/scan, multiple main objects, keyboard/computer/person dominates or only accessory/detail",,
commons-145198750,4,rejected,"Codex visual inspection: packaging/scan, multiple main objects, keyboard/computer/person dominates or only accessory/detail",,
commons-162577652,4,approved,Codex visual inspection: one identifiable computer mouse/trackball is principal,,
commons-1736445,4,rejected,"Codex visual inspection: packaging/scan, multiple main objects, keyboard/computer/person dominates or only accessory/detail",,
commons-1859398,4,approved,Codex visual inspection: one identifiable computer mouse/trackball is principal,,
commons-34179585,4,rejected,"Codex visual inspection: packaging/scan, multiple main objects, keyboard/computer/person dominates or only accessory/detail",,
commons-42548854,4,approved,Codex visual inspection: one identifiable computer mouse/trackball is principal,,
commons-77283466,4,approved,Codex visual inspection: one identifiable computer mouse/trackball is principal,,
commons-84368408,4,approved,Codex visual inspection: one identifiable computer mouse/trackball is principal,,
commons-163159918,4,approved,Codex visual inspection: one identifiable computer mouse/trackball is principal,syberia-gm680-series,
commons-163159924,4,approved,Codex visual inspection: one identifiable computer mouse/trackball is principal,syberia-gm680-series,
commons-1453753,4,approved,Codex visual inspection: one identifiable computer mouse/trackball is principal,,
commons-6495762,4,rejected,"Codex visual inspection: packaging/scan, multiple main objects, keyboard/computer/person dominates or only accessory/detail",,
commons-24706776,4,approved,Codex visual inspection: one identifiable computer mouse/trackball is principal,telefunken-rollkugel-series,
commons-24706994,4,rejected,"Codex visual inspection: packaging/scan, multiple main objects, keyboard/computer/person dominates or only accessory/detail",telefunken-rollkugel-series,
commons-38217746,4,rejected,"Codex visual inspection: packaging/scan, multiple main objects, keyboard/computer/person dominates or only accessory/detail",,
commons-107766082,4,approved,Codex visual inspection: one identifiable computer mouse/trackball is principal,,
commons-141015694,4,rejected,"Codex visual inspection: packaging/scan, multiple main objects, keyboard/computer/person dominates or only accessory/detail",,
commons-176030688,4,approved,Codex visual inspection: one identifiable computer mouse/trackball is principal,swan-tech-series,
commons-176030689,4,approved,Codex visual inspection: one identifiable computer mouse/trackball is principal,swan-tech-series,
commons-3621655,4,approved,Codex visual inspection: one identifiable computer mouse/trackball is principal,,
commons-5513780,4,approved,Codex visual inspection: one identifiable computer mouse/trackball is principal,xerox-alto-mouse-series,
commons-16989046,4,rejected,"Codex visual inspection: packaging/scan, multiple main objects, keyboard/computer/person dominates or only accessory/detail",,
commons-16989098,4,rejected,"Codex visual inspection: packaging/scan, multiple main objects, keyboard/computer/person dominates or only accessory/detail",,
commons-32789318,4,rejected,"Codex visual inspection: packaging/scan, multiple main objects, keyboard/computer/person dominates or only accessory/detail",,
commons-32789323,4,approved,Codex visual inspection: one identifiable computer mouse/trackball is principal,xerox-alto-mouse-series,
commons-53384877,4,approved,Codex visual inspection: one identifiable computer mouse/trackball is principal,,
commons-156601590,4,rejected,"Codex visual inspection: packaging/scan, multiple main objects, keyboard/computer/person dominates or only accessory/detail",,
commons-158666668,4,rejected,"Codex visual inspection: packaging/scan, multiple main objects, keyboard/computer/person dominates or only accessory/detail",,
commons-350965,4,rejected,"Codex visual inspection: packaging/scan, multiple main objects, keyboard/computer/person dominates or only accessory/detail",,
commons-11292911,4,rejected,"Codex visual inspection: packaging/scan, multiple main objects, keyboard/computer/person dominates or only accessory/detail",,
commons-16989149,4,rejected,"Codex visual inspection: packaging/scan, multiple main objects, keyboard/computer/person dominates or only accessory/detail",,
commons-25187556,4,rejected,"Codex visual inspection: packaging/scan, multiple main objects, keyboard/computer/person dominates or only accessory/detail",,
commons-39981764,4,approved,Codex visual inspection: one identifiable computer mouse/trackball is principal,,
commons-40465865,4,approved,Codex visual inspection: one identifiable computer mouse/trackball is principal,,
commons-75605790,4,approved,Codex visual inspection: one identifiable computer mouse/trackball is principal,,
commons-115252831,4,rejected,"Codex visual inspection: packaging/scan, multiple main objects, keyboard/computer/person dominates or only accessory/detail",,
commons-127824590,4,approved,Codex visual inspection: one identifiable computer mouse/trackball is principal,,
commons-169952439,4,approved,Codex visual inspection: one identifiable computer mouse/trackball is principal,,
commons-696767,4,approved,Codex visual inspection: one identifiable computer mouse/trackball is principal,,
commons-14321631,4,approved,Codex visual inspection: one identifiable computer mouse/trackball is principal,,
commons-38656132,4,approved,Codex visual inspection: one identifiable computer mouse/trackball is principal,,
commons-91024502,4,rejected,"Codex visual inspection: packaging/scan, multiple main objects, keyboard/computer/person dominates or only accessory/detail",xerox-alto-mouse-series,
commons-91646758,4,approved,Codex visual inspection: one recognizable computer mouse is main subject,,
commons-94670104,4,approved,Codex visual inspection: one recognizable computer mouse is main subject,,
commons-128368470,4,rejected,"Codex visual inspection: classroom/desk/person/computer dominates, packaging/drawing, disassembly/accessory or multiple main objects",,
commons-141478281,4,approved,Codex visual inspection: one recognizable computer mouse is main subject,,
commons-142081118,4,approved,Codex visual inspection: one recognizable computer mouse is main subject,,
commons-146056761,4,approved,Codex visual inspection: one recognizable computer mouse is main subject,,
commons-15794,4,rejected,"Codex visual inspection: classroom/desk/person/computer dominates, packaging/drawing, disassembly/accessory or multiple main objects",,
commons-37630156,4,rejected,"Codex visual inspection: classroom/desk/person/computer dominates, packaging/drawing, disassembly/accessory or multiple main objects",,
commons-50282391,4,approved,Codex visual inspection: one recognizable computer mouse is main subject,,
commons-66737893,4,rejected,"Codex visual inspection: classroom/desk/person/computer dominates, packaging/drawing, disassembly/accessory or multiple main objects",,
commons-77884838,4,rejected,"Codex visual inspection: classroom/desk/person/computer dominates, packaging/drawing, disassembly/accessory or multiple main objects",,
commons-83718308,4,approved,Codex visual inspection: one recognizable computer mouse is main subject,83718-black-mouse-series,
commons-122440152,4,rejected,"Codex visual inspection: classroom/desk/person/computer dominates, packaging/drawing, disassembly/accessory or multiple main objects",,
commons-154112002,4,rejected,"Codex visual inspection: classroom/desk/person/computer dominates, packaging/drawing, disassembly/accessory or multiple main objects",,
commons-170510645,4,rejected,"Codex visual inspection: classroom/desk/person/computer dominates, packaging/drawing, disassembly/accessory or multiple main objects",,
commons-477650,4,rejected,"Codex visual inspection: classroom/desk/person/computer dominates, packaging/drawing, disassembly/accessory or multiple main objects",,
commons-1529125,4,rejected,"Codex visual inspection: classroom/desk/person/computer dominates, packaging/drawing, disassembly/accessory or multiple main objects",,
commons-44730480,4,rejected,"Codex visual inspection: classroom/desk/person/computer dominates, packaging/drawing, disassembly/accessory or multiple main objects",,
commons-63275324,4,rejected,"Codex visual inspection: classroom/desk/person/computer dominates, packaging/drawing, disassembly/accessory or multiple main objects",,
commons-88225017,4,rejected,"Codex visual inspection: classroom/desk/person/computer dominates, packaging/drawing, disassembly/accessory or multiple main objects",,
commons-95403275,4,rejected,"Codex visual inspection: classroom/desk/person/computer dominates, packaging/drawing, disassembly/accessory or multiple main objects",,
commons-145566576,4,rejected,"Codex visual inspection: classroom/desk/person/computer dominates, packaging/drawing, disassembly/accessory or multiple main objects",,
commons-158281270,4,rejected,"Codex visual inspection: classroom/desk/person/computer dominates, packaging/drawing, disassembly/accessory or multiple main objects",,
commons-166282487,4,rejected,"Codex visual inspection: classroom/desk/person/computer dominates, packaging/drawing, disassembly/accessory or multiple main objects",,
commons-173155603,4,rejected,"Codex visual inspection: classroom/desk/person/computer dominates, packaging/drawing, disassembly/accessory or multiple main objects",,
commons-64325768,4,rejected,"Codex visual inspection: classroom/desk/person/computer dominates, packaging/drawing, disassembly/accessory or multiple main objects",,
commons-77054865,4,rejected,"Codex visual inspection: classroom/desk/person/computer dominates, packaging/drawing, disassembly/accessory or multiple main objects",,
commons-99766418,4,approved,Codex visual inspection: one recognizable computer mouse is main subject,,
commons-116815918,4,approved,Codex visual inspection: one recognizable computer mouse is main subject,,
commons-139634694,4,rejected,"Codex visual inspection: classroom/desk/person/computer dominates, packaging/drawing, disassembly/accessory or multiple main objects",,
commons-144197993,4,rejected,"Codex visual inspection: classroom/desk/person/computer dominates, packaging/drawing, disassembly/accessory or multiple main objects",,
commons-149629069,4,rejected,"Codex visual inspection: classroom/desk/person/computer dominates, packaging/drawing, disassembly/accessory or multiple main objects",,
commons-150273943,4,rejected,"Codex visual inspection: classroom/desk/person/computer dominates, packaging/drawing, disassembly/accessory or multiple main objects",,
commons-157337813,4,rejected,"Codex visual inspection: classroom/desk/person/computer dominates, packaging/drawing, disassembly/accessory or multiple main objects",,
commons-192563158,4,rejected,"Codex visual inspection: classroom/desk/person/computer dominates, packaging/drawing, disassembly/accessory or multiple main objects",,
commons-991367,4,rejected,"Codex visual inspection: classroom/desk/person/computer dominates, packaging/drawing, disassembly/accessory or multiple main objects",,
commons-29933178,4,rejected,"Codex visual inspection: classroom/desk/person/computer dominates, packaging/drawing, disassembly/accessory or multiple main objects",,
commons-83618770,4,rejected,"Codex visual inspection: classroom/desk/person/computer dominates, packaging/drawing, disassembly/accessory or multiple main objects",,
commons-86731158,4,rejected,"Codex visual inspection: classroom/desk/person/computer dominates, packaging/drawing, disassembly/accessory or multiple main objects",,
commons-90266533,4,approved,Codex visual inspection: one recognizable computer mouse is main subject,,
commons-116397743,4,rejected,"Codex visual inspection: classroom/desk/person/computer dominates, packaging/drawing, disassembly/accessory or multiple main objects",,
commons-116399326,4,rejected,"Codex visual inspection: classroom/desk/person/computer dominates, packaging/drawing, disassembly/accessory or multiple main objects",,
commons-116737466,4,rejected,"Codex visual inspection: classroom/desk/person/computer dominates, packaging/drawing, disassembly/accessory or multiple main objects",,
commons-161549977,4,rejected,"Codex visual inspection: classroom/desk/person/computer dominates, packaging/drawing, disassembly/accessory or multiple main objects",,
commons-180744171,4,rejected,"Codex visual inspection: classroom/desk/person/computer dominates, packaging/drawing, disassembly/accessory or multiple main objects",,
commons-88091247,4,rejected,"Codex visual inspection: classroom/desk/person/computer dominates, packaging/drawing, disassembly/accessory or multiple main objects",,
commons-96050940,4,rejected,"Codex visual inspection: classroom/desk/person/computer dominates, packaging/drawing, disassembly/accessory or multiple main objects",,
commons-97256671,4,rejected,"Codex visual inspection: classroom/desk/person/computer dominates, packaging/drawing, disassembly/accessory or multiple main objects",,
commons-105203324,4,approved,Codex visual inspection: one recognizable computer mouse is main subject,,
commons-121106047,4,approved,Codex visual inspection: one recognizable computer mouse is main subject,,
commons-128368389,4,rejected,"Codex visual inspection: classroom/desk/person/computer dominates, packaging/drawing, disassembly/accessory or multiple main objects",,
commons-134272132,4,rejected,"Codex visual inspection: classroom/desk/person/computer dominates, packaging/drawing, disassembly/accessory or multiple main objects",,
commons-146211619,4,rejected,"Codex visual inspection: classroom/desk/person/computer dominates, packaging/drawing, disassembly/accessory or multiple main objects",,
commons-146717714,4,rejected,"Codex visual inspection: classroom/desk/person/computer dominates, packaging/drawing, disassembly/accessory or multiple main objects",,
commons-153750194,4,rejected,"Codex visual inspection: classroom/desk/person/computer dominates, packaging/drawing, disassembly/accessory or multiple main objects",,
commons-63680577,4,rejected,"Codex visual inspection: classroom/desk/person/computer dominates, packaging/drawing, disassembly/accessory or multiple main objects",,
commons-83718168,4,approved,Codex visual inspection: one recognizable computer mouse is main subject,83718-black-mouse-series,
commons-94844632,4,approved,Codex visual inspection: one recognizable computer mouse is main subject,,
commons-95106481,4,rejected,"Codex visual inspection: classroom/desk/person/computer dominates, packaging/drawing, disassembly/accessory or multiple main objects",,
commons-107323097,4,approved,Codex visual inspection: one recognizable computer mouse is main subject,,
commons-115696479,4,rejected,"Codex visual inspection: classroom/desk/person/computer dominates, packaging/drawing, disassembly/accessory or multiple main objects",,
commons-116397748,4,rejected,"Codex visual inspection: classroom/desk/person/computer dominates, packaging/drawing, disassembly/accessory or multiple main objects",,
commons-117332254,4,rejected,"Codex visual inspection: classroom/desk/person/computer dominates, packaging/drawing, disassembly/accessory or multiple main objects",,
commons-163817782,4,rejected,"Codex visual inspection: classroom/desk/person/computer dominates, packaging/drawing, disassembly/accessory or multiple main objects",,
commons-182842528,4,rejected,"Codex visual inspection: classroom/desk/person/computer dominates, packaging/drawing, disassembly/accessory or multiple main objects",,
commons-17294412,4,rejected,"Codex visual inspection: classroom/desk/person/computer dominates, packaging/drawing, disassembly/accessory or multiple main objects",,
commons-102885433,4,rejected,"Codex visual inspection: classroom/desk/person/computer dominates, packaging/drawing, disassembly/accessory or multiple main objects",,
commons-117563134,4,rejected,"Codex visual inspection: classroom/desk/person/computer dominates, packaging/drawing, disassembly/accessory or multiple main objects",,
commons-139453357,4,approved,Codex visual inspection: one recognizable computer mouse is main subject,,
commons-147680068,4,rejected,"Codex visual inspection: classroom/desk/person/computer dominates, packaging/drawing, disassembly/accessory or multiple main objects",,
commons-12468349,9,approved,Codex visual inspection: one identifiable backpack is principal,,
commons-8628409,9,rejected,"Codex visual inspection: drawing, case/shoulder bag/accessory, multiple bags or scene/person dominates",,
commons-22656363,9,rejected,"Codex visual inspection: drawing, case/shoulder bag/accessory, multiple bags or scene/person dominates",,
commons-141379742,9,rejected,"Codex visual inspection: drawing, case/shoulder bag/accessory, multiple bags or scene/person dominates",,
commons-57937043,9,approved,Codex visual inspection: one identifiable backpack is principal,,
commons-148731768,9,rejected,"Codex visual inspection: drawing, case/shoulder bag/accessory, multiple bags or scene/person dominates",,
commons-1415847,9,approved,Codex visual inspection: one identifiable backpack is principal,,
commons-3018327,9,approved,Codex visual inspection: one identifiable backpack is principal,,
commons-63223720,9,rejected,"Codex visual inspection: drawing, case/shoulder bag/accessory, multiple bags or scene/person dominates",,
commons-66775366,9,rejected,"Codex visual inspection: drawing, case/shoulder bag/accessory, multiple bags or scene/person dominates",,
commons-86130316,9,approved,Codex visual inspection: one identifiable backpack is principal,,
commons-119098848,9,approved,Codex visual inspection: one identifiable backpack is principal,,
commons-126697098,9,approved,Codex visual inspection: one identifiable backpack is principal,,
commons-175526161,9,rejected,"Codex visual inspection: drawing, case/shoulder bag/accessory, multiple bags or scene/person dominates",,
commons-18637890,9,rejected,"Codex visual inspection: drawing, case/shoulder bag/accessory, multiple bags or scene/person dominates",,
commons-32607324,9,approved,Codex visual inspection: one identifiable backpack is principal,,
commons-35582938,9,rejected,"Codex visual inspection: drawing, case/shoulder bag/accessory, multiple bags or scene/person dominates",,
commons-49256872,9,rejected,"Codex visual inspection: drawing, case/shoulder bag/accessory, multiple bags or scene/person dominates",,
commons-65425993,9,rejected,"Codex visual inspection: drawing, case/shoulder bag/accessory, multiple bags or scene/person dominates",,
commons-70920934,9,rejected,"Codex visual inspection: drawing, case/shoulder bag/accessory, multiple bags or scene/person dominates",,
commons-79974845,9,rejected,"Codex visual inspection: drawing, case/shoulder bag/accessory, multiple bags or scene/person dominates",,
commons-88390991,9,rejected,"Codex visual inspection: drawing, case/shoulder bag/accessory, multiple bags or scene/person dominates",,
commons-120191736,9,approved,Codex visual inspection: one identifiable backpack is principal,,
commons-38834597,9,approved,Codex visual inspection: one identifiable backpack is principal,,
commons-47504738,9,rejected,"Codex visual inspection: drawing, case/shoulder bag/accessory, multiple bags or scene/person dominates",,
commons-51441347,9,rejected,"Codex visual inspection: drawing, case/shoulder bag/accessory, multiple bags or scene/person dominates",,
commons-72029520,9,approved,Codex visual inspection: one identifiable backpack is principal,,
commons-106938529,9,rejected,"Codex visual inspection: drawing, case/shoulder bag/accessory, multiple bags or scene/person dominates",,
commons-141117441,9,approved,Codex visual inspection: one identifiable backpack is principal,,
commons-141117448,9,approved,Codex visual inspection: one identifiable backpack is principal,,
commons-146548204,9,rejected,"Codex visual inspection: drawing, case/shoulder bag/accessory, multiple bags or scene/person dominates",,
commons-151145651,9,rejected,"Codex visual inspection: drawing, case/shoulder bag/accessory, multiple bags or scene/person dominates",,
commons-35108927,9,rejected,"Codex visual inspection: drawing, case/shoulder bag/accessory, multiple bags or scene/person dominates",,
commons-50804441,9,rejected,"Codex visual inspection: drawing, case/shoulder bag/accessory, multiple bags or scene/person dominates",,
commons-60528441,9,approved,Codex visual inspection: one identifiable backpack is principal,,
commons-67147800,9,rejected,"Codex visual inspection: carrier/frame or unclear bag type, multiple subjects, store/landscape/person dominates",,
commons-75019544,9,rejected,"Codex visual inspection: carrier/frame or unclear bag type, multiple subjects, store/landscape/person dominates",,
commons-80521024,9,approved,Codex visual inspection: one clearly identifiable backpack is primary,,
commons-90590968,9,rejected,"Codex visual inspection: carrier/frame or unclear bag type, multiple subjects, store/landscape/person dominates",,
commons-110976836,9,rejected,"Codex visual inspection: carrier/frame or unclear bag type, multiple subjects, store/landscape/person dominates",,
commons-120221284,9,approved,Codex visual inspection: one clearly identifiable backpack is primary,,
commons-178332621,9,rejected,"Codex visual inspection: carrier/frame or unclear bag type, multiple subjects, store/landscape/person dominates",,
commons-11728000,9,rejected,"Codex visual inspection: carrier/frame or unclear bag type, multiple subjects, store/landscape/person dominates",,
commons-22659165,9,rejected,"Codex visual inspection: carrier/frame or unclear bag type, multiple subjects, store/landscape/person dominates",,
commons-45574528,9,rejected,"Codex visual inspection: carrier/frame or unclear bag type, multiple subjects, store/landscape/person dominates",,
commons-49609400,9,rejected,"Codex visual inspection: carrier/frame or unclear bag type, multiple subjects, store/landscape/person dominates",,
commons-53744813,9,approved,Codex visual inspection: one clearly identifiable backpack is primary,,
commons-85498952,9,approved,Codex visual inspection: one clearly identifiable backpack is primary,,
commons-86329624,9,approved,Codex visual inspection: one clearly identifiable backpack is primary,,
commons-121394918,9,rejected,"Codex visual inspection: carrier/frame or unclear bag type, multiple subjects, store/landscape/person dominates",,
commons-129439813,9,approved,Codex visual inspection: one clearly identifiable backpack is primary,,
commons-148028677,9,rejected,"Codex visual inspection: carrier/frame or unclear bag type, multiple subjects, store/landscape/person dominates",,
commons-46405520,9,approved,Codex visual inspection: one clearly identifiable backpack is primary,,
commons-53744814,9,approved,Codex visual inspection: one clearly identifiable backpack is primary,,
commons-61828644,9,rejected,"Codex visual inspection: carrier/frame or unclear bag type, multiple subjects, store/landscape/person dominates",,
commons-61847829,9,rejected,"Codex visual inspection: carrier/frame or unclear bag type, multiple subjects, store/landscape/person dominates",,
commons-76973072,9,rejected,"Codex visual inspection: carrier/frame or unclear bag type, multiple subjects, store/landscape/person dominates",,
commons-78254218,9,rejected,"Codex visual inspection: carrier/frame or unclear bag type, multiple subjects, store/landscape/person dominates",,
commons-88399381,9,approved,Codex visual inspection: one clearly identifiable backpack is primary,,
commons-88966868,9,rejected,"Codex visual inspection: carrier/frame or unclear bag type, multiple subjects, store/landscape/person dominates",,
commons-157426133,9,rejected,"Codex visual inspection: carrier/frame or unclear bag type, multiple subjects, store/landscape/person dominates",,
commons-5027568,9,rejected,"Codex visual inspection: carrier/frame or unclear bag type, multiple subjects, store/landscape/person dominates",,
commons-10776221,9,rejected,"Codex visual inspection: carrier/frame or unclear bag type, multiple subjects, store/landscape/person dominates",,
commons-98317684,9,rejected,"Codex visual inspection: carrier/frame or unclear bag type, multiple subjects, store/landscape/person dominates",,
commons-98326845,9,rejected,"Codex visual inspection: carrier/frame or unclear bag type, multiple subjects, store/landscape/person dominates",,
commons-113715214,9,rejected,"Codex visual inspection: carrier/frame or unclear bag type, multiple subjects, store/landscape/person dominates",,
commons-123443314,9,approved,Codex visual inspection: one clearly identifiable backpack is primary,xd-bobby-urban-grey-series,
commons-123443315,9,approved,Codex visual inspection: one clearly identifiable backpack is primary,xd-bobby-urban-grey-series,
commons-123690571,9,approved,Codex visual inspection: one clearly identifiable backpack is primary,,
commons-126512447,9,rejected,"Codex visual inspection: carrier/frame or unclear bag type, multiple subjects, store/landscape/person dominates",,
commons-137443342,9,approved,Codex visual inspection: one clearly identifiable backpack is primary,,
commons-13193145,9,rejected,"Codex visual inspection: carrier/frame or unclear bag type, multiple subjects, store/landscape/person dominates",,
commons-46918150,9,rejected,"Codex visual inspection: carrier/frame or unclear bag type, multiple subjects, store/landscape/person dominates",,
commons-46918155,9,rejected,"Codex visual inspection: carrier/frame or unclear bag type, multiple subjects, store/landscape/person dominates",,
commons-58250391,9,rejected,"Codex visual inspection: carrier/frame or unclear bag type, multiple subjects, store/landscape/person dominates",,
commons-72285930,9,approved,Codex visual inspection: one clearly identifiable backpack is primary,,
commons-97757205,9,rejected,"Codex visual inspection: carrier/frame or unclear bag type, multiple subjects, store/landscape/person dominates",,
commons-97757246,9,rejected,"Codex visual inspection: carrier/frame or unclear bag type, multiple subjects, store/landscape/person dominates",,
commons-99805743,9,rejected,"Codex visual inspection: carrier/frame or unclear bag type, multiple subjects, store/landscape/person dominates",,
commons-121295453,9,rejected,"Codex visual inspection: carrier/frame or unclear bag type, multiple subjects, store/landscape/person dominates",,
oi-ad2d1728376d6167,1,rejected,Codex individual image inspection: child portrait and furniture dominate; umbrella is secondary,,
commons-139957783,9,rejected,"Codex visual inspection: painting/collage/illustration, store/display/people dominate, frame, unclear bag type or multiple main objects",,
commons-8793173,9,rejected,"Codex visual inspection: painting/collage/illustration, store/display/people dominate, frame, unclear bag type or multiple main objects",,
commons-56578112,9,rejected,"Codex visual inspection: painting/collage/illustration, store/display/people dominate, frame, unclear bag type or multiple main objects",,
commons-61844594,9,approved,Codex visual inspection: one clear backpack is principal,,
commons-66120189,9,approved,Codex visual inspection: one clear backpack is principal,,
commons-77152417,9,approved,Codex visual inspection: one clear backpack is principal,jansport-blue-backpack-series,
commons-93759462,9,approved,Codex visual inspection: one clear backpack is principal,jam-session-product-series,
commons-93759463,9,approved,Codex visual inspection: one clear backpack is principal,jam-session-product-series,
commons-93759464,9,approved,Codex visual inspection: one clear backpack is principal,jam-session-product-series,
commons-93759467,9,approved,Codex visual inspection: one clear backpack is principal,jam-session-product-series,
commons-93759469,9,approved,Codex visual inspection: one clear backpack is principal,jam-session-product-series,
commons-7151563,9,approved,Codex visual inspection: one clear backpack is principal,,
commons-25692103,9,rejected,"Codex visual inspection: painting/collage/illustration, store/display/people dominate, frame, unclear bag type or multiple main objects",,
commons-27749548,9,rejected,"Codex visual inspection: painting/collage/illustration, store/display/people dominate, frame, unclear bag type or multiple main objects",,
commons-57165029,9,rejected,"Codex visual inspection: painting/collage/illustration, store/display/people dominate, frame, unclear bag type or multiple main objects",,
commons-60483736,9,rejected,"Codex visual inspection: painting/collage/illustration, store/display/people dominate, frame, unclear bag type or multiple main objects",,
commons-77152423,9,approved,Codex visual inspection: one clear backpack is principal,jansport-blue-backpack-series,
commons-77152446,9,approved,Codex visual inspection: one clear backpack is principal,jansport-blue-backpack-series,
commons-77152459,9,approved,Codex visual inspection: one clear backpack is principal,jansport-blue-backpack-series,
commons-91677457,9,approved,Codex visual inspection: one clear backpack is principal,,
commons-94124791,9,approved,Codex visual inspection: one clear backpack is principal,karrimor-blue-outward-series,
commons-77962442,9,approved,Codex visual inspection: one clear backpack is principal,,
commons-91984032,9,rejected,"Codex visual inspection: painting/collage/illustration, store/display/people dominate, frame, unclear bag type or multiple main objects",,
commons-94124650,9,approved,Codex visual inspection: one clear backpack is principal,karrimor-blue-outward-series,
commons-116465588,9,rejected,"Codex visual inspection: painting/collage/illustration, store/display/people dominate, frame, unclear bag type or multiple main objects",,
commons-133896335,9,rejected,"Codex visual inspection: painting/collage/illustration, store/display/people dominate, frame, unclear bag type or multiple main objects",,
commons-147628688,9,approved,Codex visual inspection: one clear backpack is principal,karrimor-camo-shoot,
commons-147628689,9,approved,Codex visual inspection: one clear backpack is principal,karrimor-camo-shoot,
commons-163870993,9,rejected,"Codex visual inspection: painting/collage/illustration, store/display/people dominate, frame, unclear bag type or multiple main objects",,
commons-175182557,9,approved,Codex visual inspection: one clear backpack is principal,karrimor-camo-shoot,
commons-175182582,9,approved,Codex visual inspection: one clear backpack is principal,karrimor-camo-shoot,
commons-7333601,9,approved,Codex visual inspection: one clear backpack is principal,,
commons-9465424,9,rejected,"Codex visual inspection: painting/collage/illustration, store/display/people dominate, frame, unclear bag type or multiple main objects",,
commons-9759382,9,approved,Codex visual inspection: one clear backpack is principal,,
commons-21102854,9,rejected,"Codex visual inspection: painting/collage/illustration, store/display/people dominate, frame, unclear bag type or multiple main objects",,
commons-32791228,9,rejected,"Codex visual inspection: painting/collage/illustration, store/display/people dominate, frame, unclear bag type or multiple main objects",,
commons-37136373,9,approved,Codex visual inspection: one clear backpack is principal,liviya-color-series,
commons-37136374,9,approved,Codex visual inspection: one clear backpack is principal,liviya-color-series,
commons-40888125,9,rejected,"Codex visual inspection: painting/collage/illustration, store/display/people dominate, frame, unclear bag type or multiple main objects",,
commons-61904856,9,approved,Codex visual inspection: one clear backpack is principal,,
commons-124019041,9,rejected,"Codex visual inspection: painting/collage/illustration, store/display/people dominate, frame, unclear bag type or multiple main objects",,
commons-3992550,9,rejected,"Codex visual inspection: painting/collage/illustration, store/display/people dominate, frame, unclear bag type or multiple main objects",,
commons-20219693,9,rejected,"Codex visual inspection: painting/collage/illustration, store/display/people dominate, frame, unclear bag type or multiple main objects",,
commons-46405519,9,approved,Codex visual inspection: one clear backpack is principal,,
commons-69996282,9,rejected,"Codex visual inspection: painting/collage/illustration, store/display/people dominate, frame, unclear bag type or multiple main objects",,
commons-72656462,9,rejected,"Codex visual inspection: painting/collage/illustration, store/display/people dominate, frame, unclear bag type or multiple main objects",,
commons-88477766,9,approved,Codex visual inspection: one clear backpack is principal,,
commons-112864991,9,rejected,"Codex visual inspection: painting/collage/illustration, store/display/people dominate, frame, unclear bag type or multiple main objects",,
commons-112864998,9,rejected,"Codex visual inspection: painting/collage/illustration, store/display/people dominate, frame, unclear bag type or multiple main objects",,
commons-113368074,9,rejected,"Codex visual inspection: painting/collage/illustration, store/display/people dominate, frame, unclear bag type or multiple main objects",,
commons-139981432,9,rejected,"Codex visual inspection: painting/collage/illustration, store/display/people dominate, frame, unclear bag type or multiple main objects",,
commons-7788332,9,approved,Codex visual inspection: one clear backpack is principal,,
commons-15062457,9,approved,Codex visual inspection: one clear backpack is principal,,
commons-45115981,9,approved,Codex visual inspection: one clear backpack is principal,,
commons-53116195,9,approved,Codex visual inspection: one clear backpack is principal,,
commons-68594580,9,approved,Codex visual inspection: one clear backpack is principal,,
commons-91441204,9,rejected,"Codex visual inspection: painting/collage/illustration, store/display/people dominate, frame, unclear bag type or multiple main objects",,
commons-112864999,9,rejected,"Codex visual inspection: painting/collage/illustration, store/display/people dominate, frame, unclear bag type or multiple main objects",,
commons-139356417,9,approved,Codex visual inspection: one clear backpack is principal,,
commons-42437480,6,approved,Codex visual inspection: one earphone pair/unit or listening set is primary,,
commons-122524905,6,approved,Codex visual inspection: one earphone pair/unit or listening set is primary,,
commons-129008210,6,rejected,"Codex visual inspection: portrait/singer dominates, multiple sets/accessories, earplug/speaker/microphone, packaging only or unclear tiny detail",,
commons-40666151,6,approved,Codex visual inspection: one earphone pair/unit or listening set is primary,,
commons-119848128,6,approved,Codex visual inspection: one earphone pair/unit or listening set is primary,,
commons-4736586,6,approved,Codex visual inspection: one earphone pair/unit or listening set is primary,,
commons-63878936,6,approved,Codex visual inspection: one earphone pair/unit or listening set is primary,,
commons-64662943,6,rejected,"Codex visual inspection: portrait/singer dominates, multiple sets/accessories, earplug/speaker/microphone, packaging only or unclear tiny detail",,
commons-126773395,6,approved,Codex visual inspection: one earphone pair/unit or listening set is primary,,
commons-527585,6,approved,Codex visual inspection: one earphone pair/unit or listening set is primary,,
commons-18516905,6,rejected,"Codex visual inspection: portrait/singer dominates, multiple sets/accessories, earplug/speaker/microphone, packaging only or unclear tiny detail",,
commons-21702835,6,approved,Codex visual inspection: one earphone pair/unit or listening set is primary,,
commons-43883310,6,approved,Codex visual inspection: one earphone pair/unit or listening set is primary,,
commons-55119701,6,approved,Codex visual inspection: one earphone pair/unit or listening set is primary,,
commons-61802299,6,rejected,"Codex visual inspection: portrait/singer dominates, multiple sets/accessories, earplug/speaker/microphone, packaging only or unclear tiny detail",,
commons-123914624,6,approved,Codex visual inspection: one earphone pair/unit or listening set is primary,jbl-endurance-peak3-series,
commons-123914625,6,rejected,"Codex visual inspection: portrait/singer dominates, multiple sets/accessories, earplug/speaker/microphone, packaging only or unclear tiny detail",jbl-endurance-peak3-series,
commons-123914626,6,approved,Codex visual inspection: one earphone pair/unit or listening set is primary,jbl-endurance-peak3-series,
commons-9666786,6,rejected,"Codex visual inspection: portrait/singer dominates, multiple sets/accessories, earplug/speaker/microphone, packaging only or unclear tiny detail",,
commons-17491726,6,rejected,"Codex visual inspection: portrait/singer dominates, multiple sets/accessories, earplug/speaker/microphone, packaging only or unclear tiny detail",,
commons-23355965,6,rejected,"Codex visual inspection: portrait/singer dominates, multiple sets/accessories, earplug/speaker/microphone, packaging only or unclear tiny detail",,
commons-25827646,6,approved,Codex visual inspection: one earphone pair/unit or listening set is primary,,
commons-38925439,6,approved,Codex visual inspection: one earphone pair/unit or listening set is primary,,
commons-63016363,6,approved,Codex visual inspection: one earphone pair/unit or listening set is primary,,
commons-87266566,6,approved,Codex visual inspection: one earphone pair/unit or listening set is primary,,
commons-127835367,6,rejected,"Codex visual inspection: portrait/singer dominates, multiple sets/accessories, earplug/speaker/microphone, packaging only or unclear tiny detail",,
commons-127835369,6,rejected,"Codex visual inspection: portrait/singer dominates, multiple sets/accessories, earplug/speaker/microphone, packaging only or unclear tiny detail",,
commons-127835372,6,rejected,"Codex visual inspection: portrait/singer dominates, multiple sets/accessories, earplug/speaker/microphone, packaging only or unclear tiny detail",,
commons-127553352,6,rejected,"Codex visual inspection: portrait/singer dominates, multiple sets/accessories, earplug/speaker/microphone, packaging only or unclear tiny detail",,
commons-127835370,6,rejected,"Codex visual inspection: portrait/singer dominates, multiple sets/accessories, earplug/speaker/microphone, packaging only or unclear tiny detail",,
commons-127835373,6,rejected,"Codex visual inspection: portrait/singer dominates, multiple sets/accessories, earplug/speaker/microphone, packaging only or unclear tiny detail",,
commons-127835375,6,rejected,"Codex visual inspection: portrait/singer dominates, multiple sets/accessories, earplug/speaker/microphone, packaging only or unclear tiny detail",,
commons-127835376,6,rejected,"Codex visual inspection: portrait/singer dominates, multiple sets/accessories, earplug/speaker/microphone, packaging only or unclear tiny detail",,
commons-127835377,6,rejected,"Codex visual inspection: portrait/singer dominates, multiple sets/accessories, earplug/speaker/microphone, packaging only or unclear tiny detail",,
commons-127835382,6,rejected,"Codex visual inspection: portrait/singer dominates, multiple sets/accessories, earplug/speaker/microphone, packaging only or unclear tiny detail",,
commons-127835383,6,rejected,"Codex visual inspection: portrait/singer dominates, multiple sets/accessories, earplug/speaker/microphone, packaging only or unclear tiny detail",,
commons-127835387,6,rejected,"Codex visual inspection: portrait/singer dominates, multiple sets/accessories, earplug/speaker/microphone, packaging only or unclear tiny detail",,
commons-127835388,6,rejected,"Codex visual inspection: portrait/singer dominates, multiple sets/accessories, earplug/speaker/microphone, packaging only or unclear tiny detail",,
commons-9093076,6,approved,Codex visual inspection: one earphone pair/unit or listening set is primary,,
commons-9380075,6,rejected,"Codex visual inspection: portrait/singer dominates, multiple sets/accessories, earplug/speaker/microphone, packaging only or unclear tiny detail",,
commons-30606023,6,rejected,"Codex visual inspection: portrait/singer dominates, multiple sets/accessories, earplug/speaker/microphone, packaging only or unclear tiny detail",,
commons-36638943,6,approved,Codex visual inspection: one earphone pair/unit or listening set is primary,phonak-pfe112-series,
commons-127553350,6,rejected,"Codex visual inspection: portrait/singer dominates, multiple sets/accessories, earplug/speaker/microphone, packaging only or unclear tiny detail",,
commons-127835384,6,rejected,"Codex visual inspection: portrait/singer dominates, multiple sets/accessories, earplug/speaker/microphone, packaging only or unclear tiny detail",,
commons-127835386,6,rejected,"Codex visual inspection: portrait/singer dominates, multiple sets/accessories, earplug/speaker/microphone, packaging only or unclear tiny detail",,
commons-127835390,6,rejected,"Codex visual inspection: portrait/singer dominates, multiple sets/accessories, earplug/speaker/microphone, packaging only or unclear tiny detail",,
commons-142200384,6,rejected,"Codex visual inspection: portrait/singer dominates, multiple sets/accessories, earplug/speaker/microphone, packaging only or unclear tiny detail",,
commons-164996886,6,rejected,"Codex visual inspection: portrait/singer dominates, multiple sets/accessories, earplug/speaker/microphone, packaging only or unclear tiny detail",,
commons-1982089,6,rejected,"Codex visual inspection: portrait/singer dominates, multiple sets/accessories, earplug/speaker/microphone, packaging only or unclear tiny detail",,
commons-36638944,6,approved,Codex visual inspection: one earphone pair/unit or listening set is primary,phonak-pfe112-series,
commons-36638945,6,rejected,"Codex visual inspection: portrait/singer dominates, multiple sets/accessories, earplug/speaker/microphone, packaging only or unclear tiny detail",phonak-pfe112-series,
commons-88552477,6,rejected,"Codex visual inspection: portrait/singer dominates, multiple sets/accessories, earplug/speaker/microphone, packaging only or unclear tiny detail",rdw-in-ear-product-series,
commons-88552478,6,rejected,"Codex visual inspection: portrait/singer dominates, multiple sets/accessories, earplug/speaker/microphone, packaging only or unclear tiny detail",rdw-in-ear-product-series,
commons-88552480,6,approved,Codex visual inspection: one earphone pair/unit or listening set is primary,rdw-in-ear-product-series,
commons-88552488,6,rejected,"Codex visual inspection: portrait/singer dominates, multiple sets/accessories, earplug/speaker/microphone, packaging only or unclear tiny detail",rdw-in-ear-product-series,
commons-88552489,6,approved,Codex visual inspection: one earphone pair/unit or listening set is primary,rdw-in-ear-product-series,
commons-98576064,6,rejected,"Codex visual inspection: portrait/singer dominates, multiple sets/accessories, earplug/speaker/microphone, packaging only or unclear tiny detail",,
commons-176372892,6,approved,Codex visual inspection: one earphone pair/unit or listening set is primary,,
commons-633129,6,approved,Codex visual inspection: one earphone pair/unit or listening set is primary,,
commons-5182973,6,rejected,"Codex visual inspection: portrait/singer dominates, multiple sets/accessories, earplug/speaker/microphone, packaging only or unclear tiny detail",,
commons-9651301,6,rejected,"Codex visual inspection: phone/player/person/accessory dominates, multiple pairs, package/plug only, disassembly or out-of-scope ear cuff",,
commons-75136915,6,approved,Codex visual inspection: one identifiable complete earphone unit/pair/listening set is principal,,
commons-88152968,6,approved,Codex visual inspection: one identifiable complete earphone unit/pair/listening set is principal,,
commons-88552490,6,rejected,"Codex visual inspection: phone/player/person/accessory dominates, multiple pairs, package/plug only, disassembly or out-of-scope ear cuff",rdw-in-ear-product-series,
commons-90453007,6,rejected,"Codex visual inspection: phone/player/person/accessory dominates, multiple pairs, package/plug only, disassembly or out-of-scope ear cuff",,
commons-176968995,6,rejected,"Codex visual inspection: phone/player/person/accessory dominates, multiple pairs, package/plug only, disassembly or out-of-scope ear cuff",,
commons-176968998,6,rejected,"Codex visual inspection: phone/player/person/accessory dominates, multiple pairs, package/plug only, disassembly or out-of-scope ear cuff",,
commons-5581959,6,approved,Codex visual inspection: one identifiable complete earphone unit/pair/listening set is principal,,
commons-7329195,6,approved,Codex visual inspection: one identifiable complete earphone unit/pair/listening set is principal,,
commons-8988972,6,approved,Codex visual inspection: one identifiable complete earphone unit/pair/listening set is principal,,
commons-35082850,6,approved,Codex visual inspection: one identifiable complete earphone unit/pair/listening set is principal,,
commons-44837916,6,approved,Codex visual inspection: one identifiable complete earphone unit/pair/listening set is principal,,
commons-61196684,6,approved,Codex visual inspection: one identifiable complete earphone unit/pair/listening set is principal,,
commons-124017770,6,approved,Codex visual inspection: one identifiable complete earphone unit/pair/listening set is principal,,
commons-131503467,6,approved,Codex visual inspection: one identifiable complete earphone unit/pair/listening set is principal,,
commons-176968996,6,rejected,"Codex visual inspection: phone/player/person/accessory dominates, multiple pairs, package/plug only, disassembly or out-of-scope ear cuff",,
commons-176968997,6,rejected,"Codex visual inspection: phone/player/person/accessory dominates, multiple pairs, package/plug only, disassembly or out-of-scope ear cuff",,
commons-744225,6,approved,Codex visual inspection: one identifiable complete earphone unit/pair/listening set is principal,,
commons-14723373,6,approved,Codex visual inspection: one identifiable complete earphone unit/pair/listening set is principal,,
commons-21337605,6,approved,Codex visual inspection: one identifiable complete earphone unit/pair/listening set is principal,,
commons-47742331,6,approved,Codex visual inspection: one identifiable complete earphone unit/pair/listening set is principal,,
commons-64774657,6,rejected,"Codex visual inspection: phone/player/person/accessory dominates, multiple pairs, package/plug only, disassembly or out-of-scope ear cuff",,
commons-71792357,6,rejected,"Codex visual inspection: phone/player/person/accessory dominates, multiple pairs, package/plug only, disassembly or out-of-scope ear cuff",,
commons-72283106,6,rejected,"Codex visual inspection: phone/player/person/accessory dominates, multiple pairs, package/plug only, disassembly or out-of-scope ear cuff",,
commons-72283140,6,approved,Codex visual inspection: one identifiable complete earphone unit/pair/listening set is principal,,
commons-158289992,6,rejected,"Codex visual inspection: phone/player/person/accessory dominates, multiple pairs, package/plug only, disassembly or out-of-scope ear cuff",,
commons-196010971,6,rejected,"Codex visual inspection: phone/player/person/accessory dominates, multiple pairs, package/plug only, disassembly or out-of-scope ear cuff",,
commons-104271185,6,approved,Codex visual inspection: one identifiable complete earphone unit/pair/listening set is principal,yamaha-twe3a-customize-series,
commons-104271186,6,approved,Codex visual inspection: one identifiable complete earphone unit/pair/listening set is principal,yamaha-twe3a-customize-series,
commons-104271188,6,approved,Codex visual inspection: one identifiable complete earphone unit/pair/listening set is principal,yamaha-twe3a-customize-series,
commons-104271192,6,approved,Codex visual inspection: one identifiable complete earphone unit/pair/listening set is principal,yamaha-twe3a-customize-series,
commons-104271194,6,rejected,"Codex visual inspection: phone/player/person/accessory dominates, multiple pairs, package/plug only, disassembly or out-of-scope ear cuff",yamaha-twe3a-customize-series,
commons-104271195,6,approved,Codex visual inspection: one identifiable complete earphone unit/pair/listening set is principal,yamaha-twe3a-customize-series,
commons-104271197,6,approved,Codex visual inspection: one identifiable complete earphone unit/pair/listening set is principal,yamaha-twe3a-customize-series,
commons-104271199,6,approved,Codex visual inspection: one identifiable complete earphone unit/pair/listening set is principal,yamaha-twe3a-customize-series,
commons-104271202,6,rejected,"Codex visual inspection: phone/player/person/accessory dominates, multiple pairs, package/plug only, disassembly or out-of-scope ear cuff",yamaha-twe3a-customize-series,
commons-104271204,6,rejected,"Codex visual inspection: phone/player/person/accessory dominates, multiple pairs, package/plug only, disassembly or out-of-scope ear cuff",yamaha-twe3a-customize-series,
commons-30476603,6,rejected,"Codex visual inspection: phone/player/person/accessory dominates, multiple pairs, package/plug only, disassembly or out-of-scope ear cuff",,
commons-48856047,6,approved,Codex visual inspection: one identifiable complete earphone unit/pair/listening set is principal,custom-iem-catalog-4885-series,
commons-48856049,6,rejected,"Codex visual inspection: phone/player/person/accessory dominates, multiple pairs, package/plug only, disassembly or out-of-scope ear cuff",custom-iem-catalog-4885-series,
commons-48856050,6,approved,Codex visual inspection: one identifiable complete earphone unit/pair/listening set is principal,custom-iem-catalog-4885-series,
commons-48856051,6,rejected,"Codex visual inspection: phone/player/person/accessory dominates, multiple pairs, package/plug only, disassembly or out-of-scope ear cuff",custom-iem-catalog-4885-series,
commons-48856052,6,approved,Codex visual inspection: one identifiable complete earphone unit/pair/listening set is principal,custom-iem-catalog-4885-series,
commons-48856053,6,approved,Codex visual inspection: one identifiable complete earphone unit/pair/listening set is principal,custom-iem-catalog-4885-series,
commons-48856054,6,approved,Codex visual inspection: one identifiable complete earphone unit/pair/listening set is principal,custom-iem-catalog-4885-series,
commons-74081685,6,rejected,"Codex visual inspection: phone/player/person/accessory dominates, multiple pairs, package/plug only, disassembly or out-of-scope ear cuff",,
commons-48856046,6,approved,Codex visual inspection: one identifiable complete earphone unit/pair/listening set is principal,custom-iem-catalog-4885-series,
commons-48856048,6,approved,Codex visual inspection: one identifiable complete earphone unit/pair/listening set is principal,custom-iem-catalog-4885-series,
commons-48856055,6,approved,Codex visual inspection: one identifiable complete earphone unit/pair/listening set is principal,custom-iem-catalog-4885-series,
commons-48856056,6,approved,Codex visual inspection: one identifiable complete earphone unit/pair/listening set is principal,custom-iem-catalog-4885-series,
commons-48856057,6,approved,Codex visual inspection: one identifiable complete earphone unit/pair/listening set is principal,custom-iem-catalog-4885-series,
commons-48856059,6,approved,Codex visual inspection: one identifiable complete earphone unit/pair/listening set is principal,custom-iem-catalog-4885-series,
commons-48856060,6,approved,Codex visual inspection: one identifiable complete earphone unit/pair/listening set is principal,custom-iem-catalog-4885-series,
commons-48856061,6,approved,Codex visual inspection: one identifiable complete earphone unit/pair/listening set is principal,custom-iem-catalog-4885-series,
commons-48856062,6,approved,Codex visual inspection: one identifiable complete earphone unit/pair/listening set is principal,custom-iem-catalog-4885-series,
commons-48856063,6,approved,Codex visual inspection: one identifiable complete earphone unit/pair/listening set is principal,custom-iem-catalog-4885-series,
commons-48856058,6,approved,Codex visual inspection: one identifiable complete earphone unit/pair/listening set is principal,custom-iem-catalog-4885-series,
commons-59429327,6,approved,Codex visual inspection: one identifiable complete earphone unit/pair/listening set is principal,,
commons-111898763,6,approved,Codex visual inspection: one identifiable complete earphone unit/pair/listening set is principal,,
commons-119848132,6,approved,Codex visual inspection: one identifiable complete earphone unit/pair/listening set is principal,,
